ply
format ascii 1.0
comment Created in Blender version 4.2.0 Alpha
element vertex 5432
property float x
property float y
property float z
property float nx
property float ny
property float nz
property uchar red
property uchar green
property uchar blue
property uchar alpha
element face 10486
property list uchar uint vertex_indices
end_header
-1.0573506 2.0610117e-12 2.7298927e-05 0 -1 7.54979e-08 233 158 111 255
-1.0373507 2.0610117e-12 2.7298927e-05 0 -1 7.54979e-08 239 165 117 255
-1.0173507 2.0610117e-12 2.7298927e-05 0 -1 7.54979e-08 242 167 120 255
-0.99735075 2.0610117e-12 2.7298927e-05 0 -1 7.54979e-08 243 171 127 255
-0.9773508 2.0610117e-12 2.7298927e-05 0 -1 7.54979e-08 247 180 140 255
-0.95735073 2.0610117e-12 2.7298927e-05 0 -1 7.54979e-08 247 180 140 255
-0.93735075 2.0610117e-12 2.7298927e-05 0 -1 7.54979e-08 247 177 133 255
-0.9173507 2.0610117e-12 2.7298927e-05 0 -1 7.54979e-08 247 178 137 255
-0.8973507 2.0610117e-12 2.7298927e-05 0 -1 7.54979e-08 247 178 135 255
-0.87735075 2.0610117e-12 2.7298927e-05 0 -1 7.54979e-08 241 171 128 255
-0.85735077 2.0610117e-12 2.7298927e-05 0 -1 7.54979e-08 235 160 113 255
-0.8373508 2.0610117e-12 2.7298927e-05 0 -1 7.54979e-08 238 163 116 255
-0.81735075 2.0610117e-12 2.7298927e-05 0 -1 7.54979e-08 230 155 108 255
-0.7973507 2.0610117e-12 2.7298927e-05 0 -1 7.54979e-08 226 151 104 255
-0.7773507 2.0610117e-12 2.7298927e-05 0 -1 7.54979e-08 219 144 97 255
-0.75735074 2.0610117e-12 2.7298927e-05 0 -1 7.54979e-08 209 135 87 255
-0.73735076 2.0610117e-12 2.7298927e-05 0 -1 7.54979e-08 208 133 86 255
-0.7173508 2.0610117e-12 2.7298927e-05 0 -1 7.54979e-08 203 128 81 255
-0.69735074 2.0610117e-12 2.7298927e-05 0 -1 7.54979e-08 199 124 77 255
-0.67735076 2.0610117e-12 2.7298927e-05 0 -1 7.54979e-08 194 122 74 255
-0.6573507 2.0610117e-12 2.7298927e-05 0 -1 7.54979e-08 193 121 74 255
-0.63735074 2.0610117e-12 2.7298927e-05 0 -1 7.54979e-08 191 120 72 255
-0.61735076 2.0610117e-12 2.7298927e-05 0 -1 7.54979e-08 178 113 68 255
-0.5973508 2.0610117e-12 2.7298927e-05 0 -1 7.54979e-08 173 110 66 255
-0.57735074 2.0610117e-12 2.7298927e-05 0 -1 7.54979e-08 166 106 63 255
-0.55735075 2.0610117e-12 2.7298927e-05 0 -1 7.54979e-08 171 110 65 255
-0.5373508 2.0610117e-12 2.7298927e-05 0 -1 7.54979e-08 188 118 71 255
-0.51735073 2.0610117e-12 2.7298927e-05 0 -1 7.54979e-08 172 110 65 255
-0.49735075 2.0610117e-12 2.7298927e-05 0 -1 7.54979e-08 156 99 58 255
-0.47735077 2.0610117e-12 2.7298927e-05 0 -1 7.54979e-08 128 83 46 255
-0.45735073 2.0610117e-12 2.7298927e-05 0 -1 7.54979e-08 93 64 32 255
-0.43735075 2.0610117e-12 2.7298927e-05 0 -1 7.54979e-08 89 62 30 255
-0.41735077 2.0610117e-12 2.7298927e-05 0 -1 7.54979e-08 75 55 25 255
-0.39735073 2.0610117e-12 2.7298927e-05 0 -1 7.54979e-08 63 46 20 255
-0.37735075 2.0610117e-12 2.7298927e-05 0 -1 7.54979e-08 55 41 18 255
-0.35735077 2.0610117e-12 2.7298927e-05 0 -1 7.54979e-08 58 43 19 255
-0.3373508 2.0610117e-12 2.7298927e-05 0 -1 7.54979e-08 45 34 13 255
-0.31735075 2.0610117e-12 2.7298927e-05 0 -1 7.54979e-08 25 17 6 255
-0.29735076 2.0610117e-12 2.7298927e-05 0 -1 7.54979e-08 13 14 3 255
-0.27735078 2.0610117e-12 2.7298927e-05 0 -1 7.54979e-08 8 5 1 255
-0.25735074 2.0610117e-12 2.7298927e-05 0 -1 7.54979e-08 5 3 1 255
-0.23735075 2.0610117e-12 2.7298927e-05 0 -1 7.54979e-08 0 0 0 255
-0.21735077 2.0610117e-12 2.7298927e-05 0 -1 7.54979e-08 0 0 0 255
-0.19735073 2.0610117e-12 2.7298927e-05 0 -1 7.54979e-08 0 0 0 255
-0.17735074 2.0610117e-12 2.7298927e-05 0 -1 7.54979e-08 0 0 0 255
-0.15735076 2.0610117e-12 2.7298927e-05 0 -1 7.54979e-08 0 0 0 255
-0.13735072 2.0610117e-12 2.7298927e-05 0 -1 7.54979e-08 0 0 0 255
-0.117350735 2.0610117e-12 2.7298927e-05 0 -1 7.54979e-08 7 4 1 255
-0.097350754 2.0610117e-12 2.7298927e-05 0 -1 7.54979e-08 35 27 10 255
-0.07735077 2.0610117e-12 2.7298927e-05 0 -1 7.54979e-08 39 31 11 255
-0.057350796 2.0610117e-12 2.7298927e-05 0 -1 7.54979e-08 46 36 15 255
-0.037350696 2.0610117e-12 2.7298927e-05 0 -1 7.54979e-08 27 19 7 255
-0.017350713 2.0610117e-12 2.7298927e-05 0 -1 7.54979e-08 27 19 7 255
0.0026492677 2.0610117e-12 2.7298927e-05 0 -1 7.54979e-08 27 19 7 255
0.022649249 2.0610117e-12 2.7298927e-05 0 -1 7.54979e-08 19 12 4 255
0.042649228 2.0610117e-12 2.7298927e-05 0 -1 7.54979e-08 26 18 7 255
0.06264921 2.0610117e-12 2.7298927e-05 0 -1 7.54979e-08 19 11 3 255
0.08264931 2.0610117e-12 2.7298927e-05 0 -1 7.54979e-08 23 15 5 255
0.102649294 2.0610117e-12 2.7298927e-05 0 -1 7.54979e-08 42 34 21 255
0.122649275 2.0610117e-12 2.7298927e-05 0 -1 7.54979e-08 20 15 9 255
0.14264925 2.0610117e-12 2.7298927e-05 0 -1 7.54979e-08 40 37 26 255
0.16264923 2.0610117e-12 2.7298927e-05 0 -1 7.54979e-08 52 41 18 255
0.18264921 2.0610117e-12 2.7298927e-05 0 -1 7.54979e-08 45 35 14 255
0.20264919 2.0610117e-12 2.7298927e-05 0 -1 7.54979e-08 74 58 37 255
0.22264929 2.0610117e-12 2.7298927e-05 0 -1 7.54979e-08 81 61 45 255
0.24264927 2.0610117e-12 2.7298927e-05 0 -1 7.54979e-08 64 47 24 255
0.26264924 2.0610117e-12 2.7298927e-05 0 -1 7.54979e-08 104 82 51 255
0.28264922 2.0610117e-12 2.7298927e-05 0 -1 7.54979e-08 84 61 32 255
0.3026492 2.0610117e-12 2.7298927e-05 0 -1 7.54979e-08 73 55 32 255
0.32264918 2.0610117e-12 2.7298927e-05 0 -1 7.54979e-08 47 36 15 255
0.34264928 2.0610117e-12 2.7298927e-05 0 -1 7.54979e-08 39 31 11 255
0.36264926 2.0610117e-12 2.7298927e-05 0 -1 7.54979e-08 46 39 15 255
0.38264924 2.0610117e-12 2.7298927e-05 0 -1 7.54979e-08 27 19 7 255
0.40264922 2.0610117e-12 2.7298927e-05 0 -1 7.54979e-08 27 19 7 255
0.4226492 2.0610117e-12 2.7298927e-05 0 -1 7.54979e-08 23 15 5 255
0.4426492 2.0610117e-12 2.7298927e-05 0 -1 7.54979e-08 19 11 3 255
0.46264917 2.0610117e-12 2.7298927e-05 0 -1 7.54979e-08 19 11 3 255
0.48264927 2.0610117e-12 2.7298927e-05 0 -1 7.54979e-08 0 0 0 255
0.50264925 2.0610117e-12 2.7298927e-05 0 -1 7.54979e-08 0 0 0 255
0.5226492 2.0610117e-12 2.7298927e-05 0 -1 7.54979e-08 0 0 0 255
0.5426492 2.0610117e-12 2.7298927e-05 0 -1 7.54979e-08 0 0 0 255
0.5626492 2.0610117e-12 2.7298927e-05 0 -1 7.54979e-08 0 0 0 255
0.5826492 2.0610117e-12 2.7298927e-05 0 -1 7.54979e-08 0 0 0 255
0.6026493 2.0610117e-12 2.7298927e-05 0 -1 7.54979e-08 0 0 0 255
0.62264925 2.0610117e-12 2.7298927e-05 0 -1 7.54979e-08 0 0 0 255
0.64264923 2.0610117e-12 2.7298927e-05 0 -1 7.54979e-08 0 0 0 255
0.6626492 2.0610117e-12 2.7298927e-05 0 -1 7.54979e-08 0 0 0 255
-1.0573506 1.5120176e-09 0.02002728 0 -1 7.54979e-08 127 85 59 255
-1.0373507 1.5120176e-09 0.02002728 0 -1 7.54979e-08 232 158 110 255
-1.0173507 1.5120176e-09 0.02002728 0 -1 7.54979e-08 240 165 118 255
-0.99735075 1.5120176e-09 0.02002728 0 -1 7.54979e-08 244 169 122 255
-0.9773508 1.5120176e-09 0.02002728 0 -1 7.54979e-08 247 176 132 255
-0.95735073 1.5120176e-09 0.02002728 0 -1 7.54979e-08 247 177 133 255
-0.93735075 1.5120176e-09 0.02002728 0 -1 7.54979e-08 247 179 139 255
-0.9173507 1.5120176e-09 0.02002728 0 -1 7.54979e-08 247 179 137 255
-0.8973507 1.5120176e-09 0.02002728 0 -1 7.54979e-08 241 169 125 255
-0.87735075 1.5120176e-09 0.02002728 0 -1 7.54979e-08 246 174 130 255
-0.85735077 1.5120176e-09 0.02002728 0 -1 7.54979e-08 240 170 127 255
-0.8373508 1.5120176e-09 0.02002728 0 -1 7.54979e-08 242 167 120 255
-0.81735075 1.5120176e-09 0.02002728 0 -1 7.54979e-08 238 165 119 255
-0.7973507 1.5120176e-09 0.02002728 0 -1 7.54979e-08 235 163 117 255
-0.7773507 1.5120176e-09 0.02002728 0 -1 7.54979e-08 229 154 107 255
-0.75735074 1.5120176e-09 0.02002728 0 -1 7.54979e-08 221 146 99 255
-0.73735076 1.5120176e-09 0.02002728 0 -1 7.54979e-08 212 138 90 255
-0.7173508 1.5120176e-09 0.02002728 0 -1 7.54979e-08 210 135 88 255
-0.69735074 1.5120176e-09 0.02002728 0 -1 7.54979e-08 204 130 82 255
-0.67735076 1.5120176e-09 0.02002728 0 -1 7.54979e-08 203 129 81 255
-0.6573507 1.5120176e-09 0.02002728 0 -1 7.54979e-08 199 124 77 255
-0.63735074 1.5120176e-09 0.02002728 0 -1 7.54979e-08 198 124 76 255
-0.61735076 1.5120176e-09 0.02002728 0 -1 7.54979e-08 189 119 72 255
-0.5973508 1.5120176e-09 0.02002728 0 -1 7.54979e-08 177 112 68 255
-0.57735074 1.5120176e-09 0.02002728 0 -1 7.54979e-08 174 111 66 255
-0.55735075 1.5120176e-09 0.02002728 0 -1 7.54979e-08 188 119 72 255
-0.5373508 1.5120176e-09 0.02002728 0 -1 7.54979e-08 175 112 67 255
-0.51735073 1.5120176e-09 0.02002728 0 -1 7.54979e-08 164 105 62 255
-0.49735075 1.5120176e-09 0.02002728 0 -1 7.54979e-08 153 98 56 255
-0.47735077 1.5120176e-09 0.02002728 0 -1 7.54979e-08 147 95 54 255
-0.45735073 1.5120176e-09 0.02002728 0 -1 7.54979e-08 120 79 43 255
-0.43735075 1.5120176e-09 0.02002728 0 -1 7.54979e-08 88 62 30 255
-0.41735077 1.5120176e-09 0.02002728 0 -1 7.54979e-08 85 61 29 255
-0.39735073 1.5120176e-09 0.02002728 0 -1 7.54979e-08 73 54 24 255
-0.37735075 1.5120176e-09 0.02002728 0 -1 7.54979e-08 60 45 20 255
-0.35735077 1.5120176e-09 0.02002728 0 -1 7.54979e-08 52 40 17 255
-0.3373508 1.5120176e-09 0.02002728 0 -1 7.54979e-08 43 34 13 255
-0.31735075 1.5120176e-09 0.02002728 0 -1 7.54979e-08 26 22 15 255
-0.29735076 1.5120176e-09 0.02002728 0 -1 7.54979e-08 7 4 1 255
-0.27735078 1.5120176e-09 0.02002728 0 -1 7.54979e-08 5 4 1 255
-0.25735074 1.5120176e-09 0.02002728 0 -1 7.54979e-08 12 9 3 255
-0.23735075 1.5120176e-09 0.02002728 0 -1 7.54979e-08 0 0 0 255
-0.21735077 1.5120176e-09 0.02002728 0 -1 7.54979e-08 0 0 0 255
-0.19735073 1.5120176e-09 0.02002728 0 -1 7.54979e-08 0 0 0 255
-0.17735074 1.5120176e-09 0.02002728 0 -1 7.54979e-08 0 0 0 255
-0.15735076 1.5120176e-09 0.02002728 0 -1 7.54979e-08 0 0 0 255
-0.13735072 1.5120176e-09 0.02002728 0 -1 7.54979e-08 0 0 0 255
-0.117350735 1.5120176e-09 0.02002728 0 -1 7.54979e-08 13 7 2 255
-0.097350754 1.5120176e-09 0.02002728 0 -1 7.54979e-08 36 28 10 255
-0.07735077 1.5120176e-09 0.02002728 0 -1 7.54979e-08 39 31 11 255
-0.057350796 1.5120176e-09 0.02002728 0 -1 7.54979e-08 42 34 13 255
-0.037350696 1.5120176e-09 0.02002728 0 -1 7.54979e-08 27 19 7 255
-0.017350713 1.5120176e-09 0.02002728 0 -1 7.54979e-08 27 19 7 255
0.0026492677 1.5120176e-09 0.02002728 0 -1 7.54979e-08 27 19 7 255
0.022649249 1.5120176e-09 0.02002728 0 -1 7.54979e-08 24 16 6 255
0.042649228 1.5120176e-09 0.02002728 0 -1 7.54979e-08 26 18 7 255
0.06264921 1.5120176e-09 0.02002728 0 -1 7.54979e-08 19 11 3 255
0.08264931 1.5120176e-09 0.02002728 0 -1 7.54979e-08 23 15 5 255
0.102649294 1.5120176e-09 0.02002728 0 -1 7.54979e-08 50 37 18 255
0.122649275 1.5120176e-09 0.02002728 0 -1 7.54979e-08 20 14 6 255
0.14264925 1.5120176e-09 0.02002728 0 -1 7.54979e-08 50 41 28 255
0.16264923 1.5120176e-09 0.02002728 0 -1 7.54979e-08 58 43 21 255
0.18264921 1.5120176e-09 0.02002728 0 -1 7.54979e-08 43 33 13 255
0.20264919 1.5120176e-09 0.02002728 0 -1 7.54979e-08 70 54 35 255
0.22264929 1.5120176e-09 0.02002728 0 -1 7.54979e-08 74 56 36 255
0.24264927 1.5120176e-09 0.02002728 0 -1 7.54979e-08 63 47 24 255
0.26264924 1.5120176e-09 0.02002728 0 -1 7.54979e-08 112 88 63 255
0.28264922 1.5120176e-09 0.02002728 0 -1 7.54979e-08 92 70 44 255
0.3026492 1.5120176e-09 0.02002728 0 -1 7.54979e-08 75 57 31 255
0.32264918 1.5120176e-09 0.02002728 0 -1 7.54979e-08 47 36 15 255
0.34264928 1.5120176e-09 0.02002728 0 -1 7.54979e-08 39 31 11 255
0.36264926 1.5120176e-09 0.02002728 0 -1 7.54979e-08 46 39 15 255
0.38264924 1.5120176e-09 0.02002728 0 -1 7.54979e-08 27 19 7 255
0.40264922 1.5120176e-09 0.02002728 0 -1 7.54979e-08 27 19 7 255
0.4226492 1.5120176e-09 0.02002728 0 -1 7.54979e-08 23 15 5 255
0.4426492 1.5120176e-09 0.02002728 0 -1 7.54979e-08 13 8 3 255
0.46264917 1.5120176e-09 0.02002728 0 -1 7.54979e-08 8 5 1 255
0.48264927 1.5120176e-09 0.02002728 0 -1 7.54979e-08 0 0 0 255
0.50264925 1.5120176e-09 0.02002728 0 -1 7.54979e-08 0 0 0 255
0.5226492 1.5120176e-09 0.02002728 0 -1 7.54979e-08 0 0 0 255
0.5426492 1.5120176e-09 0.02002728 0 -1 7.54979e-08 0 0 0 255
0.5626492 1.5120176e-09 0.02002728 0 -1 7.54979e-08 0 0 0 255
0.5826492 1.5120176e-09 0.02002728 0 -1 7.54979e-08 0 0 0 255
0.6026493 1.5120176e-09 0.02002728 0 -1 7.54979e-08 0 0 0 255
0.62264925 1.5120176e-09 0.02002728 0 -1 7.54979e-08 0 0 0 255
0.64264923 1.5120176e-09 0.02002728 0 -1 7.54979e-08 0 0 0 255
0.6626492 1.5120176e-09 0.02002728 0 -1 7.54979e-08 0 0 0 255
-1.0373507 3.0219742e-09 0.04002726 0 -1 7.54979e-08 97 65 45 255
-1.0173507 3.0219742e-09 0.04002726 0 -1 7.54979e-08 175 119 83 255
-0.99735075 3.0219742e-09 0.04002726 0 -1 7.54979e-08 236 162 114 255
-0.9773508 3.0219742e-09 0.04002726 0 -1 7.54979e-08 243 168 121 255
-0.95735073 3.0219742e-09 0.04002726 0 -1 7.54979e-08 247 173 127 255
-0.93735075 3.0219742e-09 0.04002726 0 -1 7.54979e-08 247 180 141 255
-0.9173507 3.0219742e-09 0.04002726 0 -1 7.54979e-08 247 180 141 255
-0.8973507 3.0219742e-09 0.04002726 0 -1 7.54979e-08 243 174 132 255
-0.87735075 3.0219742e-09 0.04002726 0 -1 7.54979e-08 246 176 133 255
-0.85735077 3.0219742e-09 0.04002726 0 -1 7.54979e-08 247 180 141 255
-0.8373508 3.0219742e-09 0.04002726 0 -1 7.54979e-08 247 172 125 255
-0.81735075 3.0219742e-09 0.04002726 0 -1 7.54979e-08 245 172 126 255
-0.7973507 3.0219742e-09 0.04002726 0 -1 7.54979e-08 243 170 124 255
-0.7773507 3.0219742e-09 0.04002726 0 -1 7.54979e-08 241 166 118 255
-0.75735074 3.0219742e-09 0.04002726 0 -1 7.54979e-08 229 154 107 255
-0.73735076 3.0219742e-09 0.04002726 0 -1 7.54979e-08 224 150 102 255
-0.7173508 3.0219742e-09 0.04002726 0 -1 7.54979e-08 219 145 97 255
-0.69735074 3.0219742e-09 0.04002726 0 -1 7.54979e-08 215 140 93 255
-0.67735076 3.0219742e-09 0.04002726 0 -1 7.54979e-08 210 135 88 255
-0.6573507 3.0219742e-09 0.04002726 0 -1 7.54979e-08 207 133 85 255
-0.63735074 3.0219742e-09 0.04002726 0 -1 7.54979e-08 209 134 87 255
-0.61735076 3.0219742e-09 0.04002726 0 -1 7.54979e-08 197 123 76 255
-0.5973508 3.0219742e-09 0.04002726 0 -1 7.54979e-08 188 119 72 255
-0.57735074 3.0219742e-09 0.04002726 0 -1 7.54979e-08 189 121 74 255
-0.55735075 3.0219742e-09 0.04002726 0 -1 7.54979e-08 193 122 75 255
-0.5373508 3.0219742e-09 0.04002726 0 -1 7.54979e-08 167 107 63 255
-0.51735073 3.0219742e-09 0.04002726 0 -1 7.54979e-08 164 105 62 255
-0.49735075 3.0219742e-09 0.04002726 0 -1 7.54979e-08 160 103 60 255
-0.47735077 3.0219742e-09 0.04002726 0 -1 7.54979e-08 157 101 59 255
-0.45735073 3.0219742e-09 0.04002726 0 -1 7.54979e-08 147 95 54 255
-0.43735075 3.0219742e-09 0.04002726 0 -1 7.54979e-08 107 72 37 255
-0.41735077 3.0219742e-09 0.04002726 0 -1 7.54979e-08 83 60 29 255
-0.39735073 3.0219742e-09 0.04002726 0 -1 7.54979e-08 82 59 28 255
-0.37735075 3.0219742e-09 0.04002726 0 -1 7.54979e-08 62 46 20 255
-0.35735077 3.0219742e-09 0.04002726 0 -1 7.54979e-08 44 36 14 255
-0.3373508 3.0219742e-09 0.04002726 0 -1 7.54979e-08 40 32 12 255
-0.31735075 3.0219742e-09 0.04002726 0 -1 7.54979e-08 25 24 21 255
-0.29735076 3.0219742e-09 0.04002726 0 -1 7.54979e-08 1 1 0 255
-0.27735078 3.0219742e-09 0.04002726 0 -1 7.54979e-08 26 20 7 255
-0.25735074 3.0219742e-09 0.04002726 0 -1 7.54979e-08 22 18 6 255
-0.23735075 3.0219742e-09 0.04002726 0 -1 7.54979e-08 0 0 0 255
-0.21735077 3.0219742e-09 0.04002726 0 -1 7.54979e-08 0 0 0 255
-0.19735073 3.0219742e-09 0.04002726 0 -1 7.54979e-08 0 0 0 255
-0.17735074 3.0219742e-09 0.04002726 0 -1 7.54979e-08 0 0 0 255
-0.15735076 3.0219742e-09 0.04002726 0 -1 7.54979e-08 0 0 0 255
-0.13735072 3.0219742e-09 0.04002726 0 -1 7.54979e-08 0 0 0 255
-0.117350735 3.0219742e-09 0.04002726 0 -1 7.54979e-08 8 10 2 255
-0.097350754 3.0219742e-09 0.04002726 0 -1 7.54979e-08 25 19 6 255
-0.07735077 3.0219742e-09 0.04002726 0 -1 7.54979e-08 39 31 11 255
-0.057350796 3.0219742e-09 0.04002726 0 -1 7.54979e-08 47 36 15 255
-0.037350696 3.0219742e-09 0.04002726 0 -1 7.54979e-08 25 17 6 255
-0.017350713 3.0219742e-09 0.04002726 0 -1 7.54979e-08 25 17 6 255
0.0026492677 3.0219742e-09 0.04002726 0 -1 7.54979e-08 27 19 7 255
0.022649249 3.0219742e-09 0.04002726 0 -1 7.54979e-08 27 19 7 255
0.042649228 3.0219742e-09 0.04002726 0 -1 7.54979e-08 26 18 7 255
0.06264921 3.0219742e-09 0.04002726 0 -1 7.54979e-08 19 11 3 255
0.08264931 3.0219742e-09 0.04002726 0 -1 7.54979e-08 23 15 5 255
0.102649294 3.0219742e-09 0.04002726 0 -1 7.54979e-08 50 37 18 255
0.122649275 3.0219742e-09 0.04002726 0 -1 7.54979e-08 35 26 10 255
0.14264925 3.0219742e-09 0.04002726 0 -1 7.54979e-08 62 46 23 255
0.16264923 3.0219742e-09 0.04002726 0 -1 7.54979e-08 49 38 17 255
0.18264921 3.0219742e-09 0.04002726 0 -1 7.54979e-08 47 36 15 255
0.20264919 3.0219742e-09 0.04002726 0 -1 7.54979e-08 67 53 30 255
0.22264929 3.0219742e-09 0.04002726 0 -1 7.54979e-08 76 57 30 255
0.24264927 3.0219742e-09 0.04002726 0 -1 7.54979e-08 63 47 23 255
0.26264924 3.0219742e-09 0.04002726 0 -1 7.54979e-08 113 89 70 255
0.28264922 3.0219742e-09 0.04002726 0 -1 7.54979e-08 103 81 61 255
0.3026492 3.0219742e-09 0.04002726 0 -1 7.54979e-08 82 63 40 255
0.32264918 3.0219742e-09 0.04002726 0 -1 7.54979e-08 52 41 18 255
0.34264928 3.0219742e-09 0.04002726 0 -1 7.54979e-08 39 32 11 255
0.36264926 3.0219742e-09 0.04002726 0 -1 7.54979e-08 42 34 13 255
0.38264924 3.0219742e-09 0.04002726 0 -1 7.54979e-08 27 19 7 255
0.40264922 3.0219742e-09 0.04002726 0 -1 7.54979e-08 27 19 7 255
0.4226492 3.0219742e-09 0.04002726 0 -1 7.54979e-08 23 15 5 255
0.4426492 3.0219742e-09 0.04002726 0 -1 7.54979e-08 6 4 2 255
0.46264917 3.0219742e-09 0.04002726 0 -1 7.54979e-08 0 0 0 255
0.48264927 3.0219742e-09 0.04002726 0 -1 7.54979e-08 0 0 0 255
0.50264925 3.0219742e-09 0.04002726 0 -1 7.54979e-08 0 0 0 255
0.5226492 3.0219742e-09 0.04002726 0 -1 7.54979e-08 0 0 0 255
0.5426492 3.0219742e-09 0.04002726 0 -1 7.54979e-08 0 0 0 255
0.5626492 3.0219742e-09 0.04002726 0 -1 7.54979e-08 0 0 0 255
0.5826492 3.0219742e-09 0.04002726 0 -1 7.54979e-08 0 0 0 255
0.6026493 3.0219742e-09 0.04002726 0 -1 7.54979e-08 0 0 0 255
0.62264925 3.0219742e-09 0.04002726 0 -1 7.54979e-08 0 0 0 255
0.64264923 3.0219742e-09 0.04002726 0 -1 7.54979e-08 0 0 0 255
0.6626492 3.0219742e-09 0.04002726 0 -1 7.54979e-08 0 0 0 255
-1.0173507 4.531931e-09 0.06002724 0 -1 7.54979e-08 54 36 24 255
-0.99735075 4.531931e-09 0.06002724 0 -1 7.54979e-08 195 131 90 255
-0.9773508 4.531931e-09 0.06002724 0 -1 7.54979e-08 230 155 108 255
-0.95735073 4.531931e-09 0.06002724 0 -1 7.54979e-08 239 165 118 255
-0.93735075 4.531931e-09 0.06002724 0 -1 7.54979e-08 247 177 135 255
-0.9173507 4.531931e-09 0.06002724 0 -1 7.54979e-08 247 180 141 255
-0.8973507 4.531931e-09 0.06002724 0 -1 7.54979e-08 247 182 144 255
-0.87735075 4.531931e-09 0.06002724 0 -1 7.54979e-08 247 181 142 255
-0.85735077 4.531931e-09 0.06002724 0 -1 7.54979e-08 247 180 141 255
-0.8373508 4.531931e-09 0.06002724 0 -1 7.54979e-08 247 176 133 255
-0.81735075 4.531931e-09 0.06002724 0 -1 7.54979e-08 247 175 130 255
-0.7973507 4.531931e-09 0.06002724 0 -1 7.54979e-08 247 176 131 255
-0.7773507 4.531931e-09 0.06002724 0 -1 7.54979e-08 247 173 125 255
-0.75735074 4.531931e-09 0.06002724 0 -1 7.54979e-08 237 162 115 255
-0.73735076 4.531931e-09 0.06002724 0 -1 7.54979e-08 235 160 113 255
-0.7173508 4.531931e-09 0.06002724 0 -1 7.54979e-08 225 150 103 255
-0.69735074 4.531931e-09 0.06002724 0 -1 7.54979e-08 223 148 100 255
-0.67735076 4.531931e-09 0.06002724 0 -1 7.54979e-08 214 139 92 255
-0.6573507 4.531931e-09 0.06002724 0 -1 7.54979e-08 215 140 93 255
-0.63735074 4.531931e-09 0.06002724 0 -1 7.54979e-08 216 141 94 255
-0.61735076 4.531931e-09 0.06002724 0 -1 7.54979e-08 202 128 81 255
-0.5973508 4.531931e-09 0.06002724 0 -1 7.54979e-08 191 120 73 255
-0.57735074 4.531931e-09 0.06002724 0 -1 7.54979e-08 200 127 80 255
-0.55735075 4.531931e-09 0.06002724 0 -1 7.54979e-08 183 117 71 255
-0.5373508 4.531931e-09 0.06002724 0 -1 7.54979e-08 165 106 63 255
-0.51735073 4.531931e-09 0.06002724 0 -1 7.54979e-08 169 108 65 255
-0.49735075 4.531931e-09 0.06002724 0 -1 7.54979e-08 169 108 65 255
-0.47735077 4.531931e-09 0.06002724 0 -1 7.54979e-08 168 107 64 255
-0.45735073 4.531931e-09 0.06002724 0 -1 7.54979e-08 160 103 60 255
-0.43735075 4.531931e-09 0.06002724 0 -1 7.54979e-08 139 89 50 255
-0.41735077 4.531931e-09 0.06002724 0 -1 7.54979e-08 86 61 29 255
-0.39735073 4.531931e-09 0.06002724 0 -1 7.54979e-08 78 55 26 255
-0.37735075 4.531931e-09 0.06002724 0 -1 7.54979e-08 67 50 22 255
-0.35735077 4.531931e-09 0.06002724 0 -1 7.54979e-08 46 36 14 255
-0.3373508 4.531931e-09 0.06002724 0 -1 7.54979e-08 32 28 16 255
-0.31735075 4.531931e-09 0.06002724 0 -1 7.54979e-08 12 11 10 255
-0.29735076 4.531931e-09 0.06002724 0 -1 7.54979e-08 23 18 6 255
-0.27735078 4.531931e-09 0.06002724 0 -1 7.54979e-08 39 31 11 255
-0.25735074 4.531931e-09 0.06002724 0 -1 7.54979e-08 22 18 6 255
-0.23735075 4.531931e-09 0.06002724 0 -1 7.54979e-08 0 0 0 255
-0.21735077 4.531931e-09 0.06002724 0 -1 7.54979e-08 0 0 0 255
-0.19735073 4.531931e-09 0.06002724 0 -1 7.54979e-08 0 0 0 255
-0.17735074 4.531931e-09 0.06002724 0 -1 7.54979e-08 0 0 0 255
-0.15735076 4.531931e-09 0.06002724 0 -1 7.54979e-08 0 0 0 255
-0.13735072 4.531931e-09 0.06002724 0 -1 7.54979e-08 0 0 0 255
-0.117350735 4.531931e-09 0.06002724 0 -1 7.54979e-08 2 5 1 255
-0.097350754 4.531931e-09 0.06002724 0 -1 7.54979e-08 36 26 11 255
-0.07735077 4.531931e-09 0.06002724 0 -1 7.54979e-08 39 31 11 255
-0.057350796 4.531931e-09 0.06002724 0 -1 7.54979e-08 51 37 16 255
-0.037350696 4.531931e-09 0.06002724 0 -1 7.54979e-08 26 18 7 255
-0.017350713 4.531931e-09 0.06002724 0 -1 7.54979e-08 25 18 7 255
0.0026492677 4.531931e-09 0.06002724 0 -1 7.54979e-08 27 19 7 255
0.022649249 4.531931e-09 0.06002724 0 -1 7.54979e-08 27 19 7 255
0.042649228 4.531931e-09 0.06002724 0 -1 7.54979e-08 26 18 7 255
0.06264921 4.531931e-09 0.06002724 0 -1 7.54979e-08 19 11 3 255
0.08264931 4.531931e-09 0.06002724 0 -1 7.54979e-08 23 15 5 255
0.102649294 4.531931e-09 0.06002724 0 -1 7.54979e-08 56 42 25 255
0.122649275 4.531931e-09 0.06002724 0 -1 7.54979e-08 63 48 30 255
0.14264925 4.531931e-09 0.06002724 0 -1 7.54979e-08 62 46 23 255
0.16264923 4.531931e-09 0.06002724 0 -1 7.54979e-08 40 30 14 255
0.18264921 4.531931e-09 0.06002724 0 -1 7.54979e-08 61 47 26 255
0.20264919 4.531931e-09 0.06002724 0 -1 7.54979e-08 79 63 36 255
0.22264929 4.531931e-09 0.06002724 0 -1 7.54979e-08 94 74 47 255
0.24264927 4.531931e-09 0.06002724 0 -1 7.54979e-08 83 65 37 255
0.26264924 4.531931e-09 0.06002724 0 -1 7.54979e-08 140 116 95 255
0.28264922 4.531931e-09 0.06002724 0 -1 7.54979e-08 126 102 80 255
0.3026492 4.531931e-09 0.06002724 0 -1 7.54979e-08 92 71 46 255
0.32264918 4.531931e-09 0.06002724 0 -1 7.54979e-08 56 44 21 255
0.34264928 4.531931e-09 0.06002724 0 -1 7.54979e-08 40 32 12 255
0.36264926 4.531931e-09 0.06002724 0 -1 7.54979e-08 39 31 11 255
0.38264924 4.531931e-09 0.06002724 0 -1 7.54979e-08 27 19 7 255
0.40264922 4.531931e-09 0.06002724 0 -1 7.54979e-08 27 19 7 255
0.4226492 4.531931e-09 0.06002724 0 -1 7.54979e-08 23 15 5 255
0.4426492 4.531931e-09 0.06002724 0 -1 7.54979e-08 5 3 1 255
0.46264917 4.531931e-09 0.06002724 0 -1 7.54979e-08 0 0 0 255
0.48264927 4.531931e-09 0.06002724 0 -1 7.54979e-08 0 0 0 255
0.50264925 4.531931e-09 0.06002724 0 -1 7.54979e-08 0 0 0 255
0.5226492 4.531931e-09 0.06002724 0 -1 7.54979e-08 0 0 0 255
0.5426492 4.531931e-09 0.06002724 0 -1 7.54979e-08 0 0 0 255
0.5626492 4.531931e-09 0.06002724 0 -1 7.54979e-08 0 0 0 255
0.5826492 4.531931e-09 0.06002724 0 -1 7.54979e-08 0 0 0 255
0.6026493 4.531931e-09 0.06002724 0 -1 7.54979e-08 0 0 0 255
0.62264925 4.531931e-09 0.06002724 0 -1 7.54979e-08 0 0 0 255
0.64264923 4.531931e-09 0.06002724 0 -1 7.54979e-08 0 0 0 255
0.6626492 4.531931e-09 0.06002724 0 -1 7.54979e-08 0 0 0 255
-0.99735075 6.041892e-09 0.08002728 0 -1 7.54979e-08 69 46 31 255
-0.9773508 6.041892e-09 0.08002728 0 -1 7.54979e-08 216 144 98 255
-0.95735073 6.041892e-09 0.08002728 0 -1 7.54979e-08 228 153 106 255
-0.93735075 6.041892e-09 0.08002728 0 -1 7.54979e-08 241 167 121 255
-0.9173507 6.041892e-09 0.08002728 0 -1 7.54979e-08 247 179 138 255
-0.8973507 6.041892e-09 0.08002728 0 -1 7.54979e-08 247 184 148 255
-0.87735075 6.041892e-09 0.08002728 0 -1 7.54979e-08 247 183 146 255
-0.85735077 6.041892e-09 0.08002728 0 -1 7.54979e-08 247 183 146 255
-0.8373508 6.041892e-09 0.08002728 0 -1 7.54979e-08 247 180 140 255
-0.81735075 6.041892e-09 0.08002728 0 -1 7.54979e-08 247 179 138 255
-0.7973507 6.041892e-09 0.08002728 0 -1 7.54979e-08 247 177 134 255
-0.7773507 6.041892e-09 0.08002728 0 -1 7.54979e-08 247 176 132 255
-0.75735074 6.041892e-09 0.08002728 0 -1 7.54979e-08 244 170 123 255
-0.73735076 6.041892e-09 0.08002728 0 -1 7.54979e-08 239 164 117 255
-0.7173508 6.041892e-09 0.08002728 0 -1 7.54979e-08 231 156 109 255
-0.69735074 6.041892e-09 0.08002728 0 -1 7.54979e-08 226 151 104 255
-0.67735076 6.041892e-09 0.08002728 0 -1 7.54979e-08 225 150 103 255
-0.6573507 6.041892e-09 0.08002728 0 -1 7.54979e-08 225 150 103 255
-0.63735074 6.041892e-09 0.08002728 0 -1 7.54979e-08 225 150 103 255
-0.61735076 6.041892e-09 0.08002728 0 -1 7.54979e-08 210 136 89 255
-0.5973508 6.041892e-09 0.08002728 0 -1 7.54979e-08 203 131 83 255
-0.57735074 6.041892e-09 0.08002728 0 -1 7.54979e-08 202 130 83 255
-0.55735075 6.041892e-09 0.08002728 0 -1 7.54979e-08 176 112 68 255
-0.5373508 6.041892e-09 0.08002728 0 -1 7.54979e-08 165 106 63 255
-0.51735073 6.041892e-09 0.08002728 0 -1 7.54979e-08 168 107 64 255
-0.49735075 6.041892e-09 0.08002728 0 -1 7.54979e-08 164 105 62 255
-0.47735077 6.041892e-09 0.08002728 0 -1 7.54979e-08 168 107 64 255
-0.45735073 6.041892e-09 0.08002728 0 -1 7.54979e-08 167 107 63 255
-0.43735075 6.041892e-09 0.08002728 0 -1 7.54979e-08 152 96 56 255
-0.41735077 6.041892e-09 0.08002728 0 -1 7.54979e-08 80 56 27 255
-0.39735073 6.041892e-09 0.08002728 0 -1 7.54979e-08 64 46 21 255
-0.37735075 6.041892e-09 0.08002728 0 -1 7.54979e-08 61 46 20 255
-0.35735077 6.041892e-09 0.08002728 0 -1 7.54979e-08 45 35 14 255
-0.3373508 6.041892e-09 0.08002728 0 -1 7.54979e-08 18 16 10 255
-0.31735075 6.041892e-09 0.08002728 0 -1 7.54979e-08 21 17 7 255
-0.29735076 6.041892e-09 0.08002728 0 -1 7.54979e-08 39 31 11 255
-0.27735078 6.041892e-09 0.08002728 0 -1 7.54979e-08 39 31 11 255
-0.25735074 6.041892e-09 0.08002728 0 -1 7.54979e-08 22 18 6 255
-0.23735075 6.041892e-09 0.08002728 0 -1 7.54979e-08 0 0 0 255
-0.21735077 6.041892e-09 0.08002728 0 -1 7.54979e-08 0 0 0 255
-0.19735073 6.041892e-09 0.08002728 0 -1 7.54979e-08 0 0 0 255
-0.17735074 6.041892e-09 0.08002728 0 -1 7.54979e-08 0 0 0 255
-0.15735076 6.041892e-09 0.08002728 0 -1 7.54979e-08 0 0 0 255
-0.13735072 6.041892e-09 0.08002728 0 -1 7.54979e-08 0 0 0 255
-0.117350735 6.041892e-09 0.08002728 0 -1 7.54979e-08 3 7 1 255
-0.097350754 6.041892e-09 0.08002728 0 -1 7.54979e-08 41 32 13 255
-0.07735077 6.041892e-09 0.08002728 0 -1 7.54979e-08 39 31 11 255
-0.057350796 6.041892e-09 0.08002728 0 -1 7.54979e-08 50 36 16 255
-0.037350696 6.041892e-09 0.08002728 0 -1 7.54979e-08 24 16 6 255
-0.017350713 6.041892e-09 0.08002728 0 -1 7.54979e-08 27 19 7 255
0.0026492677 6.041892e-09 0.08002728 0 -1 7.54979e-08 27 19 7 255
0.022649249 6.041892e-09 0.08002728 0 -1 7.54979e-08 27 19 7 255
0.042649228 6.041892e-09 0.08002728 0 -1 7.54979e-08 26 18 7 255
0.06264921 6.041892e-09 0.08002728 0 -1 7.54979e-08 20 12 4 255
0.08264931 6.041892e-09 0.08002728 0 -1 7.54979e-08 25 17 6 255
0.102649294 6.041892e-09 0.08002728 0 -1 7.54979e-08 55 40 23 255
0.122649275 6.041892e-09 0.08002728 0 -1 7.54979e-08 77 57 41 255
0.14264925 6.041892e-09 0.08002728 0 -1 7.54979e-08 71 53 34 255
0.16264923 6.041892e-09 0.08002728 0 -1 7.54979e-08 37 27 12 255
0.18264921 6.041892e-09 0.08002728 0 -1 7.54979e-08 70 53 28 255
0.20264919 6.041892e-09 0.08002728 0 -1 7.54979e-08 86 67 43 255
0.22264929 6.041892e-09 0.08002728 0 -1 7.54979e-08 107 85 59 255
0.24264927 6.041892e-09 0.08002728 0 -1 7.54979e-08 107 85 54 255
0.26264924 6.041892e-09 0.08002728 0 -1 7.54979e-08 162 139 115 255
0.28264922 6.041892e-09 0.08002728 0 -1 7.54979e-08 133 108 84 255
0.3026492 6.041892e-09 0.08002728 0 -1 7.54979e-08 103 81 52 255
0.32264918 6.041892e-09 0.08002728 0 -1 7.54979e-08 56 44 21 255
0.34264928 6.041892e-09 0.08002728 0 -1 7.54979e-08 40 32 12 255
0.36264926 6.041892e-09 0.08002728 0 -1 7.54979e-08 43 35 13 255
0.38264924 6.041892e-09 0.08002728 0 -1 7.54979e-08 27 19 7 255
0.40264922 6.041892e-09 0.08002728 0 -1 7.54979e-08 27 19 7 255
0.4226492 6.041892e-09 0.08002728 0 -1 7.54979e-08 23 15 5 255
0.4426492 6.041892e-09 0.08002728 0 -1 7.54979e-08 5 3 1 255
0.46264917 6.041892e-09 0.08002728 0 -1 7.54979e-08 0 0 0 255
0.48264927 6.041892e-09 0.08002728 0 -1 7.54979e-08 0 0 0 255
0.50264925 6.041892e-09 0.08002728 0 -1 7.54979e-08 0 0 0 255
0.5226492 6.041892e-09 0.08002728 0 -1 7.54979e-08 0 0 0 255
0.5426492 6.041892e-09 0.08002728 0 -1 7.54979e-08 0 0 0 255
0.5626492 6.041892e-09 0.08002728 0 -1 7.54979e-08 0 0 0 255
0.5826492 6.041892e-09 0.08002728 0 -1 7.54979e-08 0 0 0 255
0.6026493 6.041892e-09 0.08002728 0 -1 7.54979e-08 0 0 0 255
0.62264925 6.041892e-09 0.08002728 0 -1 7.54979e-08 0 0 0 255
0.64264923 6.041892e-09 0.08002728 0 -1 7.54979e-08 0 0 0 255
0.6626492 6.041892e-09 0.08002728 0 -1 7.54979e-08 0 0 0 255
-0.9773508 7.551848e-09 0.10002726 0 -1 7.54979e-08 84 56 38 255
-0.95735073 7.551848e-09 0.10002726 0 -1 7.54979e-08 106 70 48 255
-0.93735075 7.551848e-09 0.10002726 0 -1 7.54979e-08 230 155 108 255
-0.9173507 7.551848e-09 0.10002726 0 -1 7.54979e-08 242 170 125 255
-0.8973507 7.551848e-09 0.10002726 0 -1 7.54979e-08 247 177 135 255
-0.87735075 7.551848e-09 0.10002726 0 -1 7.54979e-08 247 183 147 255
-0.85735077 7.551848e-09 0.10002726 0 -1 7.54979e-08 247 184 149 255
-0.8373508 7.551848e-09 0.10002726 0 -1 7.54979e-08 247 183 146 255
-0.81735075 7.551848e-09 0.10002726 0 -1 7.54979e-08 247 183 146 255
-0.7973507 7.551848e-09 0.10002726 0 -1 7.54979e-08 247 180 140 255
-0.7773507 7.551848e-09 0.10002726 0 -1 7.54979e-08 247 176 132 255
-0.75735074 7.551848e-09 0.10002726 0 -1 7.54979e-08 247 173 126 255
-0.73735076 7.551848e-09 0.10002726 0 -1 7.54979e-08 244 169 122 255
-0.7173508 7.551848e-09 0.10002726 0 -1 7.54979e-08 241 166 119 255
-0.69735074 7.551848e-09 0.10002726 0 -1 7.54979e-08 237 162 115 255
-0.67735076 7.551848e-09 0.10002726 0 -1 7.54979e-08 235 160 113 255
-0.6573507 7.551848e-09 0.10002726 0 -1 7.54979e-08 232 157 110 255
-0.63735074 7.551848e-09 0.10002726 0 -1 7.54979e-08 227 152 105 255
-0.61735076 7.551848e-09 0.10002726 0 -1 7.54979e-08 218 143 96 255
-0.5973508 7.551848e-09 0.10002726 0 -1 7.54979e-08 222 147 100 255
-0.57735074 7.551848e-09 0.10002726 0 -1 7.54979e-08 198 128 80 255
-0.55735075 7.551848e-09 0.10002726 0 -1 7.54979e-08 181 115 69 255
-0.5373508 7.551848e-09 0.10002726 0 -1 7.54979e-08 170 109 65 255
-0.51735073 7.551848e-09 0.10002726 0 -1 7.54979e-08 164 105 62 255
-0.49735075 7.551848e-09 0.10002726 0 -1 7.54979e-08 164 105 62 255
-0.47735077 7.551848e-09 0.10002726 0 -1 7.54979e-08 169 108 65 255
-0.45735073 7.551848e-09 0.10002726 0 -1 7.54979e-08 176 112 67 255
-0.43735075 7.551848e-09 0.10002726 0 -1 7.54979e-08 142 90 52 255
-0.41735077 7.551848e-09 0.10002726 0 -1 7.54979e-08 76 56 26 255
-0.39735073 7.551848e-09 0.10002726 0 -1 7.54979e-08 50 39 16 255
-0.37735075 7.551848e-09 0.10002726 0 -1 7.54979e-08 45 35 14 255
-0.35735077 7.551848e-09 0.10002726 0 -1 7.54979e-08 36 29 11 255
-0.3373508 7.551848e-09 0.10002726 0 -1 7.54979e-08 25 20 7 255
-0.31735075 7.551848e-09 0.10002726 0 -1 7.54979e-08 47 36 15 255
-0.29735076 7.551848e-09 0.10002726 0 -1 7.54979e-08 50 37 16 255
-0.27735078 7.551848e-09 0.10002726 0 -1 7.54979e-08 39 31 11 255
-0.25735074 7.551848e-09 0.10002726 0 -1 7.54979e-08 22 18 6 255
-0.23735075 7.551848e-09 0.10002726 0 -1 7.54979e-08 0 0 0 255
-0.21735077 7.551848e-09 0.10002726 0 -1 7.54979e-08 0 0 0 255
-0.19735073 7.551848e-09 0.10002726 0 -1 7.54979e-08 0 0 0 255
-0.17735074 7.551848e-09 0.10002726 0 -1 7.54979e-08 0 0 0 255
-0.15735076 7.551848e-09 0.10002726 0 -1 7.54979e-08 0 0 0 255
-0.13735072 7.551848e-09 0.10002726 0 -1 7.54979e-08 0 0 0 255
-0.117350735 7.551848e-09 0.10002726 0 -1 7.54979e-08 5 13 2 255
-0.097350754 7.551848e-09 0.10002726 0 -1 7.54979e-08 14 13 4 255
-0.07735077 7.551848e-09 0.10002726 0 -1 7.54979e-08 39 31 11 255
-0.057350796 7.551848e-09 0.10002726 0 -1 7.54979e-08 51 37 16 255
-0.037350696 7.551848e-09 0.10002726 0 -1 7.54979e-08 25 17 6 255
-0.017350713 7.551848e-09 0.10002726 0 -1 7.54979e-08 24 16 6 255
0.0026492677 7.551848e-09 0.10002726 0 -1 7.54979e-08 26 18 7 255
0.022649249 7.551848e-09 0.10002726 0 -1 7.54979e-08 27 19 7 255
0.042649228 7.551848e-09 0.10002726 0 -1 7.54979e-08 32 24 9 255
0.06264921 7.551848e-09 0.10002726 0 -1 7.54979e-08 20 12 4 255
0.08264931 7.551848e-09 0.10002726 0 -1 7.54979e-08 24 17 6 255
0.102649294 7.551848e-09 0.10002726 0 -1 7.54979e-08 50 37 18 255
0.122649275 7.551848e-09 0.10002726 0 -1 7.54979e-08 76 56 39 255
0.14264925 7.551848e-09 0.10002726 0 -1 7.54979e-08 68 51 30 255
0.16264923 7.551848e-09 0.10002726 0 -1 7.54979e-08 56 42 22 255
0.18264921 7.551848e-09 0.10002726 0 -1 7.54979e-08 79 61 37 255
0.20264919 7.551848e-09 0.10002726 0 -1 7.54979e-08 89 69 44 255
0.22264929 7.551848e-09 0.10002726 0 -1 7.54979e-08 123 99 67 255
0.24264927 7.551848e-09 0.10002726 0 -1 7.54979e-08 121 97 66 255
0.26264924 7.551848e-09 0.10002726 0 -1 7.54979e-08 173 149 125 255
0.28264922 7.551848e-09 0.10002726 0 -1 7.54979e-08 127 103 74 255
0.3026492 7.551848e-09 0.10002726 0 -1 7.54979e-08 104 82 54 255
0.32264918 7.551848e-09 0.10002726 0 -1 7.54979e-08 56 44 21 255
0.34264928 7.551848e-09 0.10002726 0 -1 7.54979e-08 40 32 12 255
0.36264926 7.551848e-09 0.10002726 0 -1 7.54979e-08 42 34 13 255
0.38264924 7.551848e-09 0.10002726 0 -1 7.54979e-08 27 19 7 255
0.40264922 7.551848e-09 0.10002726 0 -1 7.54979e-08 27 19 7 255
0.4226492 7.551848e-09 0.10002726 0 -1 7.54979e-08 23 15 5 255
0.4426492 7.551848e-09 0.10002726 0 -1 7.54979e-08 5 3 1 255
0.46264917 7.551848e-09 0.10002726 0 -1 7.54979e-08 0 0 0 255
0.48264927 7.551848e-09 0.10002726 0 -1 7.54979e-08 0 0 0 255
0.50264925 7.551848e-09 0.10002726 0 -1 7.54979e-08 0 0 0 255
0.5226492 7.551848e-09 0.10002726 0 -1 7.54979e-08 0 0 0 255
0.5426492 7.551848e-09 0.10002726 0 -1 7.54979e-08 0 0 0 255
0.5626492 7.551848e-09 0.10002726 0 -1 7.54979e-08 0 0 0 255
0.5826492 7.551848e-09 0.10002726 0 -1 7.54979e-08 0 0 0 255
0.6026493 7.551848e-09 0.10002726 0 -1 7.54979e-08 0 0 0 255
0.62264925 7.551848e-09 0.10002726 0 -1 7.54979e-08 0 0 0 255
0.64264923 7.551848e-09 0.10002726 0 -1 7.54979e-08 0 0 0 255
0.6626492 7.551848e-09 0.10002726 0 -1 7.54979e-08 0 0 0 255
-0.95735073 9.061809e-09 0.1200273 0 -1 7.54979e-08 10 6 4 255
-0.93735075 9.061809e-09 0.1200273 0 -1 7.54979e-08 129 86 59 255
-0.9173507 9.061809e-09 0.1200273 0 -1 7.54979e-08 232 157 110 255
-0.8973507 9.061809e-09 0.1200273 0 -1 7.54979e-08 244 169 122 255
-0.87735075 9.061809e-09 0.1200273 0 -1 7.54979e-08 247 180 141 255
-0.85735077 9.061809e-09 0.1200273 0 -1 7.54979e-08 247 177 135 255
-0.8373508 9.061809e-09 0.1200273 0 -1 7.54979e-08 247 184 149 255
-0.81735075 9.061809e-09 0.1200273 0 -1 7.54979e-08 247 184 149 255
-0.7973507 9.061809e-09 0.1200273 0 -1 7.54979e-08 247 183 147 255
-0.7773507 9.061809e-09 0.1200273 0 -1 7.54979e-08 247 179 138 255
-0.75735074 9.061809e-09 0.1200273 0 -1 7.54979e-08 247 177 135 255
-0.73735076 9.061809e-09 0.1200273 0 -1 7.54979e-08 247 177 134 255
-0.7173508 9.061809e-09 0.1200273 0 -1 7.54979e-08 246 172 124 255
-0.69735074 9.061809e-09 0.1200273 0 -1 7.54979e-08 243 169 121 255
-0.67735076 9.061809e-09 0.1200273 0 -1 7.54979e-08 235 161 113 255
-0.6573507 9.061809e-09 0.1200273 0 -1 7.54979e-08 232 157 110 255
-0.63735074 9.061809e-09 0.1200273 0 -1 7.54979e-08 228 154 106 255
-0.61735076 9.061809e-09 0.1200273 0 -1 7.54979e-08 228 154 106 255
-0.5973508 9.061809e-09 0.1200273 0 -1 7.54979e-08 214 139 92 255
-0.57735074 9.061809e-09 0.1200273 0 -1 7.54979e-08 198 125 78 255
-0.55735075 9.061809e-09 0.1200273 0 -1 7.54979e-08 187 119 71 255
-0.5373508 9.061809e-09 0.1200273 0 -1 7.54979e-08 180 115 69 255
-0.51735073 9.061809e-09 0.1200273 0 -1 7.54979e-08 169 108 64 255
-0.49735075 9.061809e-09 0.1200273 0 -1 7.54979e-08 165 106 63 255
-0.47735077 9.061809e-09 0.1200273 0 -1 7.54979e-08 173 110 66 255
-0.45735073 9.061809e-09 0.1200273 0 -1 7.54979e-08 175 112 67 255
-0.43735075 9.061809e-09 0.1200273 0 -1 7.54979e-08 116 77 41 255
-0.41735077 9.061809e-09 0.1200273 0 -1 7.54979e-08 74 54 25 255
-0.39735073 9.061809e-09 0.1200273 0 -1 7.54979e-08 41 33 12 255
-0.37735075 9.061809e-09 0.1200273 0 -1 7.54979e-08 39 31 11 255
-0.35735077 9.061809e-09 0.1200273 0 -1 7.54979e-08 32 25 9 255
-0.3373508 9.061809e-09 0.1200273 0 -1 7.54979e-08 35 27 10 255
-0.31735075 9.061809e-09 0.1200273 0 -1 7.54979e-08 56 41 18 255
-0.29735076 9.061809e-09 0.1200273 0 -1 7.54979e-08 57 42 18 255
-0.27735078 9.061809e-09 0.1200273 0 -1 7.54979e-08 39 31 11 255
-0.25735074 9.061809e-09 0.1200273 0 -1 7.54979e-08 22 18 6 255
-0.23735075 9.061809e-09 0.1200273 0 -1 7.54979e-08 0 0 0 255
-0.21735077 9.061809e-09 0.1200273 0 -1 7.54979e-08 0 0 0 255
-0.19735073 9.061809e-09 0.1200273 0 -1 7.54979e-08 0 0 0 255
-0.17735074 9.061809e-09 0.1200273 0 -1 7.54979e-08 0 0 0 255
-0.15735076 9.061809e-09 0.1200273 0 -1 7.54979e-08 0 0 0 255
-0.13735072 9.061809e-09 0.1200273 0 -1 7.54979e-08 2 5 1 255
-0.117350735 9.061809e-09 0.1200273 0 -1 7.54979e-08 6 17 3 255
-0.097350754 9.061809e-09 0.1200273 0 -1 7.54979e-08 1 2 0 255
-0.07735077 9.061809e-09 0.1200273 0 -1 7.54979e-08 39 31 11 255
-0.057350796 9.061809e-09 0.1200273 0 -1 7.54979e-08 51 37 16 255
-0.037350696 9.061809e-09 0.1200273 0 -1 7.54979e-08 27 19 7 255
-0.017350713 9.061809e-09 0.1200273 0 -1 7.54979e-08 22 14 5 255
0.0026492677 9.061809e-09 0.1200273 0 -1 7.54979e-08 25 17 6 255
0.022649249 9.061809e-09 0.1200273 0 -1 7.54979e-08 27 19 7 255
0.042649228 9.061809e-09 0.1200273 0 -1 7.54979e-08 36 28 10 255
0.06264921 9.061809e-09 0.1200273 0 -1 7.54979e-08 19 11 3 255
0.08264931 9.061809e-09 0.1200273 0 -1 7.54979e-08 23 15 5 255
0.102649294 9.061809e-09 0.1200273 0 -1 7.54979e-08 50 37 18 255
0.122649275 9.061809e-09 0.1200273 0 -1 7.54979e-08 94 73 54 255
0.14264925 9.061809e-09 0.1200273 0 -1 7.54979e-08 62 47 23 255
0.16264923 9.061809e-09 0.1200273 0 -1 7.54979e-08 64 61 38 255
0.18264921 9.061809e-09 0.1200273 0 -1 7.54979e-08 81 73 49 255
0.20264919 9.061809e-09 0.1200273 0 -1 7.54979e-08 91 73 45 255
0.22264929 9.061809e-09 0.1200273 0 -1 7.54979e-08 127 104 71 255
0.24264927 9.061809e-09 0.1200273 0 -1 7.54979e-08 119 95 64 255
0.26264924 9.061809e-09 0.1200273 0 -1 7.54979e-08 160 137 112 255
0.28264922 9.061809e-09 0.1200273 0 -1 7.54979e-08 120 96 65 255
0.3026492 9.061809e-09 0.1200273 0 -1 7.54979e-08 102 80 52 255
0.32264918 9.061809e-09 0.1200273 0 -1 7.54979e-08 56 44 21 255
0.34264928 9.061809e-09 0.1200273 0 -1 7.54979e-08 40 32 12 255
0.36264926 9.061809e-09 0.1200273 0 -1 7.54979e-08 39 31 11 255
0.38264924 9.061809e-09 0.1200273 0 -1 7.54979e-08 27 19 7 255
0.40264922 9.061809e-09 0.1200273 0 -1 7.54979e-08 27 19 7 255
0.4226492 9.061809e-09 0.1200273 0 -1 7.54979e-08 23 15 5 255
0.4426492 9.061809e-09 0.1200273 0 -1 7.54979e-08 5 3 1 255
0.46264917 9.061809e-09 0.1200273 0 -1 7.54979e-08 0 0 0 255
0.48264927 9.061809e-09 0.1200273 0 -1 7.54979e-08 0 0 0 255
0.50264925 9.061809e-09 0.1200273 0 -1 7.54979e-08 0 0 0 255
0.5226492 9.061809e-09 0.1200273 0 -1 7.54979e-08 0 0 0 255
0.5426492 9.061809e-09 0.1200273 0 -1 7.54979e-08 0 0 0 255
0.5626492 9.061809e-09 0.1200273 0 -1 7.54979e-08 0 0 0 255
0.5826492 9.061809e-09 0.1200273 0 -1 7.54979e-08 0 0 0 255
0.6026493 9.061809e-09 0.1200273 0 -1 7.54979e-08 0 0 0 255
0.62264925 9.061809e-09 0.1200273 0 -1 7.54979e-08 0 0 0 255
0.64264923 9.061809e-09 0.1200273 0 -1 7.54979e-08 0 0 0 255
0.6626492 9.061809e-09 0.1200273 0 -1 7.54979e-08 0 0 0 255
-0.93735075 1.0571766e-08 0.14002728 0 -1 7.54979e-08 25 16 11 255
-0.9173507 1.0571766e-08 0.14002728 0 -1 7.54979e-08 153 102 70 255
-0.8973507 1.0571766e-08 0.14002728 0 -1 7.54979e-08 234 159 112 255
-0.87735075 1.0571766e-08 0.14002728 0 -1 7.54979e-08 246 173 129 255
-0.85735077 1.0571766e-08 0.14002728 0 -1 7.54979e-08 247 177 135 255
-0.8373508 1.0571766e-08 0.14002728 0 -1 7.54979e-08 247 182 144 255
-0.81735075 1.0571766e-08 0.14002728 0 -1 7.54979e-08 247 182 144 255
-0.7973507 1.0571766e-08 0.14002728 0 -1 7.54979e-08 247 182 144 255
-0.7773507 1.0571766e-08 0.14002728 0 -1 7.54979e-08 247 183 145 255
-0.75735074 1.0571766e-08 0.14002728 0 -1 7.54979e-08 247 181 141 255
-0.73735076 1.0571766e-08 0.14002728 0 -1 7.54979e-08 247 176 132 255
-0.7173508 1.0571766e-08 0.14002728 0 -1 7.54979e-08 247 176 132 255
-0.69735074 1.0571766e-08 0.14002728 0 -1 7.54979e-08 246 171 124 255
-0.67735076 1.0571766e-08 0.14002728 0 -1 7.54979e-08 239 164 117 255
-0.6573507 1.0571766e-08 0.14002728 0 -1 7.54979e-08 232 158 110 255
-0.63735074 1.0571766e-08 0.14002728 0 -1 7.54979e-08 232 157 110 255
-0.61735076 1.0571766e-08 0.14002728 0 -1 7.54979e-08 227 152 105 255
-0.5973508 1.0571766e-08 0.14002728 0 -1 7.54979e-08 210 135 88 255
-0.57735074 1.0571766e-08 0.14002728 0 -1 7.54979e-08 202 127 80 255
-0.55735075 1.0571766e-08 0.14002728 0 -1 7.54979e-08 196 123 76 255
-0.5373508 1.0571766e-08 0.14002728 0 -1 7.54979e-08 185 118 71 255
-0.51735073 1.0571766e-08 0.14002728 0 -1 7.54979e-08 179 114 68 255
-0.49735075 1.0571766e-08 0.14002728 0 -1 7.54979e-08 166 106 63 255
-0.47735077 1.0571766e-08 0.14002728 0 -1 7.54979e-08 179 113 68 255
-0.45735073 1.0571766e-08 0.14002728 0 -1 7.54979e-08 164 105 62 255
-0.43735075 1.0571766e-08 0.14002728 0 -1 7.54979e-08 107 71 38 255
-0.41735077 1.0571766e-08 0.14002728 0 -1 7.54979e-08 71 51 23 255
-0.39735073 1.0571766e-08 0.14002728 0 -1 7.54979e-08 39 31 11 255
-0.37735075 1.0571766e-08 0.14002728 0 -1 7.54979e-08 36 28 10 255
-0.35735077 1.0571766e-08 0.14002728 0 -1 7.54979e-08 33 25 9 255
-0.3373508 1.0571766e-08 0.14002728 0 -1 7.54979e-08 46 35 14 255
-0.31735075 1.0571766e-08 0.14002728 0 -1 7.54979e-08 57 42 19 255
-0.29735076 1.0571766e-08 0.14002728 0 -1 7.54979e-08 46 35 14 255
-0.27735078 1.0571766e-08 0.14002728 0 -1 7.54979e-08 42 33 12 255
-0.25735074 1.0571766e-08 0.14002728 0 -1 7.54979e-08 29 22 9 255
-0.23735075 1.0571766e-08 0.14002728 0 -1 7.54979e-08 0 0 0 255
-0.21735077 1.0571766e-08 0.14002728 0 -1 7.54979e-08 0 0 0 255
-0.19735073 1.0571766e-08 0.14002728 0 -1 7.54979e-08 0 0 0 255
-0.17735074 1.0571766e-08 0.14002728 0 -1 7.54979e-08 0 0 0 255
-0.15735076 1.0571766e-08 0.14002728 0 -1 7.54979e-08 0 0 0 255
-0.13735072 1.0571766e-08 0.14002728 0 -1 7.54979e-08 1 3 0 255
-0.117350735 1.0571766e-08 0.14002728 0 -1 7.54979e-08 2 7 1 255
-0.097350754 1.0571766e-08 0.14002728 0 -1 7.54979e-08 0 1 0 255
-0.07735077 1.0571766e-08 0.14002728 0 -1 7.54979e-08 39 31 11 255
-0.057350796 1.0571766e-08 0.14002728 0 -1 7.54979e-08 51 37 16 255
-0.037350696 1.0571766e-08 0.14002728 0 -1 7.54979e-08 30 22 8 255
-0.017350713 1.0571766e-08 0.14002728 0 -1 7.54979e-08 25 17 6 255
0.0026492677 1.0571766e-08 0.14002728 0 -1 7.54979e-08 31 23 8 255
0.022649249 1.0571766e-08 0.14002728 0 -1 7.54979e-08 27 19 7 255
0.042649228 1.0571766e-08 0.14002728 0 -1 7.54979e-08 36 28 10 255
0.06264921 1.0571766e-08 0.14002728 0 -1 7.54979e-08 19 11 3 255
0.08264931 1.0571766e-08 0.14002728 0 -1 7.54979e-08 20 13 4 255
0.102649294 1.0571766e-08 0.14002728 0 -1 7.54979e-08 49 36 17 255
0.122649275 1.0571766e-08 0.14002728 0 -1 7.54979e-08 79 60 38 255
0.14264925 1.0571766e-08 0.14002728 0 -1 7.54979e-08 62 47 23 255
0.16264923 1.0571766e-08 0.14002728 0 -1 7.54979e-08 77 67 46 255
0.18264921 1.0571766e-08 0.14002728 0 -1 7.54979e-08 87 76 49 255
0.20264919 1.0571766e-08 0.14002728 0 -1 7.54979e-08 84 68 41 255
0.22264929 1.0571766e-08 0.14002728 0 -1 7.54979e-08 123 100 68 255
0.24264927 1.0571766e-08 0.14002728 0 -1 7.54979e-08 121 97 66 255
0.26264924 1.0571766e-08 0.14002728 0 -1 7.54979e-08 132 108 80 255
0.28264922 1.0571766e-08 0.14002728 0 -1 7.54979e-08 107 85 54 255
0.3026492 1.0571766e-08 0.14002728 0 -1 7.54979e-08 106 84 55 255
0.32264918 1.0571766e-08 0.14002728 0 -1 7.54979e-08 53 41 19 255
0.34264928 1.0571766e-08 0.14002728 0 -1 7.54979e-08 39 31 11 255
0.36264926 1.0571766e-08 0.14002728 0 -1 7.54979e-08 39 31 11 255
0.38264924 1.0571766e-08 0.14002728 0 -1 7.54979e-08 27 19 7 255
0.40264922 1.0571766e-08 0.14002728 0 -1 7.54979e-08 27 19 7 255
0.4226492 1.0571766e-08 0.14002728 0 -1 7.54979e-08 23 15 5 255
0.4426492 1.0571766e-08 0.14002728 0 -1 7.54979e-08 5 3 1 255
0.46264917 1.0571766e-08 0.14002728 0 -1 7.54979e-08 0 0 0 255
0.48264927 1.0571766e-08 0.14002728 0 -1 7.54979e-08 0 0 0 255
0.50264925 1.0571766e-08 0.14002728 0 -1 7.54979e-08 0 0 0 255
0.5226492 1.0571766e-08 0.14002728 0 -1 7.54979e-08 0 0 0 255
0.5426492 1.0571766e-08 0.14002728 0 -1 7.54979e-08 0 0 0 255
0.5626492 1.0571766e-08 0.14002728 0 -1 7.54979e-08 0 0 0 255
0.5826492 1.0571766e-08 0.14002728 0 -1 7.54979e-08 0 0 0 255
0.6026493 1.0571766e-08 0.14002728 0 -1 7.54979e-08 0 0 0 255
0.62264925 1.0571766e-08 0.14002728 0 -1 7.54979e-08 0 0 0 255
0.64264923 1.0571766e-08 0.14002728 0 -1 7.54979e-08 0 0 0 255
0.6626492 1.0571766e-08 0.14002728 0 -1 7.54979e-08 0 0 0 255
-0.9173507 1.2081722e-08 0.16002727 0 -1 7.54979e-08 39 26 18 255
-0.8973507 1.2081722e-08 0.16002727 0 -1 7.54979e-08 178 119 82 255
-0.87735075 1.2081722e-08 0.16002727 0 -1 7.54979e-08 236 161 114 255
-0.85735077 1.2081722e-08 0.16002727 0 -1 7.54979e-08 247 175 131 255
-0.8373508 1.2081722e-08 0.16002727 0 -1 7.54979e-08 247 176 133 255
-0.81735075 1.2081722e-08 0.16002727 0 -1 7.54979e-08 247 178 137 255
-0.7973507 1.2081722e-08 0.16002727 0 -1 7.54979e-08 247 175 131 255
-0.7773507 1.2081722e-08 0.16002727 0 -1 7.54979e-08 247 180 141 255
-0.75735074 1.2081722e-08 0.16002727 0 -1 7.54979e-08 247 180 141 255
-0.73735076 1.2081722e-08 0.16002727 0 -1 7.54979e-08 247 178 136 255
-0.7173508 1.2081722e-08 0.16002727 0 -1 7.54979e-08 247 178 137 255
-0.69735074 1.2081722e-08 0.16002727 0 -1 7.54979e-08 247 173 125 255
-0.67735076 1.2081722e-08 0.16002727 0 -1 7.54979e-08 245 171 123 255
-0.6573507 1.2081722e-08 0.16002727 0 -1 7.54979e-08 242 167 120 255
-0.63735074 1.2081722e-08 0.16002727 0 -1 7.54979e-08 232 157 110 255
-0.61735076 1.2081722e-08 0.16002727 0 -1 7.54979e-08 227 152 105 255
-0.5973508 1.2081722e-08 0.16002727 0 -1 7.54979e-08 218 143 96 255
-0.57735074 1.2081722e-08 0.16002727 0 -1 7.54979e-08 209 134 87 255
-0.55735075 1.2081722e-08 0.16002727 0 -1 7.54979e-08 201 127 79 255
-0.5373508 1.2081722e-08 0.16002727 0 -1 7.54979e-08 186 118 71 255
-0.51735073 1.2081722e-08 0.16002727 0 -1 7.54979e-08 176 112 67 255
-0.49735075 1.2081722e-08 0.16002727 0 -1 7.54979e-08 170 108 65 255
-0.47735077 1.2081722e-08 0.16002727 0 -1 7.54979e-08 176 111 67 255
-0.45735073 1.2081722e-08 0.16002727 0 -1 7.54979e-08 151 96 56 255
-0.43735075 1.2081722e-08 0.16002727 0 -1 7.54979e-08 114 74 39 255
-0.41735077 1.2081722e-08 0.16002727 0 -1 7.54979e-08 71 51 23 255
-0.39735073 1.2081722e-08 0.16002727 0 -1 7.54979e-08 37 30 11 255
-0.37735075 1.2081722e-08 0.16002727 0 -1 7.54979e-08 39 29 11 255
-0.35735077 1.2081722e-08 0.16002727 0 -1 7.54979e-08 56 41 18 255
-0.3373508 1.2081722e-08 0.16002727 0 -1 7.54979e-08 64 46 21 255
-0.31735075 1.2081722e-08 0.16002727 0 -1 7.54979e-08 59 43 19 255
-0.29735076 1.2081722e-08 0.16002727 0 -1 7.54979e-08 39 31 11 255
-0.27735078 1.2081722e-08 0.16002727 0 -1 7.54979e-08 44 34 14 255
-0.25735074 1.2081722e-08 0.16002727 0 -1 7.54979e-08 35 26 12 255
-0.23735075 1.2081722e-08 0.16002727 0 -1 7.54979e-08 0 0 0 255
-0.21735077 1.2081722e-08 0.16002727 0 -1 7.54979e-08 0 0 0 255
-0.19735073 1.2081722e-08 0.16002727 0 -1 7.54979e-08 0 0 0 255
-0.17735074 1.2081722e-08 0.16002727 0 -1 7.54979e-08 0 0 0 255
-0.15735076 1.2081722e-08 0.16002727 0 -1 7.54979e-08 0 0 0 255
-0.13735072 1.2081722e-08 0.16002727 0 -1 7.54979e-08 0 0 0 255
-0.117350735 1.2081722e-08 0.16002727 0 -1 7.54979e-08 0 0 0 255
-0.097350754 1.2081722e-08 0.16002727 0 -1 7.54979e-08 0 0 0 255
-0.07735077 1.2081722e-08 0.16002727 0 -1 7.54979e-08 39 31 11 255
-0.057350796 1.2081722e-08 0.16002727 0 -1 7.54979e-08 51 37 16 255
-0.037350696 1.2081722e-08 0.16002727 0 -1 7.54979e-08 32 24 9 255
-0.017350713 1.2081722e-08 0.16002727 0 -1 7.54979e-08 27 19 7 255
0.0026492677 1.2081722e-08 0.16002727 0 -1 7.54979e-08 34 26 9 255
0.022649249 1.2081722e-08 0.16002727 0 -1 7.54979e-08 28 20 7 255
0.042649228 1.2081722e-08 0.16002727 0 -1 7.54979e-08 41 33 12 255
0.06264921 1.2081722e-08 0.16002727 0 -1 7.54979e-08 19 11 3 255
0.08264931 1.2081722e-08 0.16002727 0 -1 7.54979e-08 19 11 3 255
0.102649294 1.2081722e-08 0.16002727 0 -1 7.54979e-08 48 34 16 255
0.122649275 1.2081722e-08 0.16002727 0 -1 7.54979e-08 50 38 17 255
0.14264925 1.2081722e-08 0.16002727 0 -1 7.54979e-08 63 47 23 255
0.16264923 1.2081722e-08 0.16002727 0 -1 7.54979e-08 82 62 45 255
0.18264921 1.2081722e-08 0.16002727 0 -1 7.54979e-08 79 61 39 255
0.20264919 1.2081722e-08 0.16002727 0 -1 7.54979e-08 94 75 47 255
0.22264929 1.2081722e-08 0.16002727 0 -1 7.54979e-08 132 108 74 255
0.24264927 1.2081722e-08 0.16002727 0 -1 7.54979e-08 126 102 71 255
0.26264924 1.2081722e-08 0.16002727 0 -1 7.54979e-08 115 91 60 255
0.28264922 1.2081722e-08 0.16002727 0 -1 7.54979e-08 93 73 46 255
0.3026492 1.2081722e-08 0.16002727 0 -1 7.54979e-08 95 74 50 255
0.32264918 1.2081722e-08 0.16002727 0 -1 7.54979e-08 51 39 18 255
0.34264928 1.2081722e-08 0.16002727 0 -1 7.54979e-08 39 31 11 255
0.36264926 1.2081722e-08 0.16002727 0 -1 7.54979e-08 39 31 11 255
0.38264924 1.2081722e-08 0.16002727 0 -1 7.54979e-08 27 19 7 255
0.40264922 1.2081722e-08 0.16002727 0 -1 7.54979e-08 27 19 7 255
0.4226492 1.2081722e-08 0.16002727 0 -1 7.54979e-08 23 15 5 255
0.4426492 1.2081722e-08 0.16002727 0 -1 7.54979e-08 5 3 1 255
0.46264917 1.2081722e-08 0.16002727 0 -1 7.54979e-08 0 0 0 255
0.48264927 1.2081722e-08 0.16002727 0 -1 7.54979e-08 0 0 0 255
0.50264925 1.2081722e-08 0.16002727 0 -1 7.54979e-08 0 0 0 255
0.5226492 1.2081722e-08 0.16002727 0 -1 7.54979e-08 0 0 0 255
0.5426492 1.2081722e-08 0.16002727 0 -1 7.54979e-08 0 0 0 255
0.5626492 1.2081722e-08 0.16002727 0 -1 7.54979e-08 0 0 0 255
0.5826492 1.2081722e-08 0.16002727 0 -1 7.54979e-08 0 0 0 255
0.6026493 1.2081722e-08 0.16002727 0 -1 7.54979e-08 0 0 0 255
0.62264925 1.2081722e-08 0.16002727 0 -1 7.54979e-08 0 0 0 255
0.64264923 1.2081722e-08 0.16002727 0 -1 7.54979e-08 0 0 0 255
0.6626492 1.2081722e-08 0.16002727 0 -1 7.54979e-08 0 0 0 255
-0.8973507 1.3591679e-08 0.18002725 0 -1 7.54979e-08 53 35 24 255
-0.87735075 1.3591679e-08 0.18002725 0 -1 7.54979e-08 203 136 94 255
-0.85735077 1.3591679e-08 0.18002725 0 -1 7.54979e-08 237 163 115 255
-0.8373508 1.3591679e-08 0.18002725 0 -1 7.54979e-08 247 175 129 255
-0.81735075 1.3591679e-08 0.18002725 0 -1 7.54979e-08 247 182 144 255
-0.7973507 1.3591679e-08 0.18002725 0 -1 7.54979e-08 247 180 140 255
-0.7773507 1.3591679e-08 0.18002725 0 -1 7.54979e-08 247 177 133 255
-0.75735074 1.3591679e-08 0.18002725 0 -1 7.54979e-08 247 182 145 255
-0.73735076 1.3591679e-08 0.18002725 0 -1 7.54979e-08 247 183 146 255
-0.7173508 1.3591679e-08 0.18002725 0 -1 7.54979e-08 247 180 139 255
-0.69735074 1.3591679e-08 0.18002725 0 -1 7.54979e-08 247 175 131 255
-0.67735076 1.3591679e-08 0.18002725 0 -1 7.54979e-08 247 173 125 255
-0.6573507 1.3591679e-08 0.18002725 0 -1 7.54979e-08 247 173 125 255
-0.63735074 1.3591679e-08 0.18002725 0 -1 7.54979e-08 237 162 115 255
-0.61735076 1.3591679e-08 0.18002725 0 -1 7.54979e-08 231 156 109 255
-0.5973508 1.3591679e-08 0.18002725 0 -1 7.54979e-08 226 151 104 255
-0.57735074 1.3591679e-08 0.18002725 0 -1 7.54979e-08 217 142 95 255
-0.55735075 1.3591679e-08 0.18002725 0 -1 7.54979e-08 204 129 82 255
-0.5373508 1.3591679e-08 0.18002725 0 -1 7.54979e-08 179 114 69 255
-0.51735073 1.3591679e-08 0.18002725 0 -1 7.54979e-08 173 110 66 255
-0.49735075 1.3591679e-08 0.18002725 0 -1 7.54979e-08 175 112 67 255
-0.47735077 1.3591679e-08 0.18002725 0 -1 7.54979e-08 155 99 58 255
-0.45735073 1.3591679e-08 0.18002725 0 -1 7.54979e-08 129 83 46 255
-0.43735075 1.3591679e-08 0.18002725 0 -1 7.54979e-08 102 69 35 255
-0.41735077 1.3591679e-08 0.18002725 0 -1 7.54979e-08 63 46 21 255
-0.39735073 1.3591679e-08 0.18002725 0 -1 7.54979e-08 42 33 12 255
-0.37735075 1.3591679e-08 0.18002725 0 -1 7.54979e-08 67 49 23 255
-0.35735077 1.3591679e-08 0.18002725 0 -1 7.54979e-08 76 54 25 255
-0.3373508 1.3591679e-08 0.18002725 0 -1 7.54979e-08 65 47 21 255
-0.31735075 1.3591679e-08 0.18002725 0 -1 7.54979e-08 48 36 15 255
-0.29735076 1.3591679e-08 0.18002725 0 -1 7.54979e-08 39 31 11 255
-0.27735078 1.3591679e-08 0.18002725 0 -1 7.54979e-08 54 40 18 255
-0.25735074 1.3591679e-08 0.18002725 0 -1 7.54979e-08 36 27 13 255
-0.23735075 1.3591679e-08 0.18002725 0 -1 7.54979e-08 0 0 0 255
-0.21735077 1.3591679e-08 0.18002725 0 -1 7.54979e-08 0 0 0 255
-0.19735073 1.3591679e-08 0.18002725 0 -1 7.54979e-08 0 0 0 255
-0.17735074 1.3591679e-08 0.18002725 0 -1 7.54979e-08 0 0 0 255
-0.15735076 1.3591679e-08 0.18002725 0 -1 7.54979e-08 0 0 0 255
-0.13735072 1.3591679e-08 0.18002725 0 -1 7.54979e-08 0 0 0 255
-0.117350735 1.3591679e-08 0.18002725 0 -1 7.54979e-08 3 8 1 255
-0.097350754 1.3591679e-08 0.18002725 0 -1 7.54979e-08 0 1 0 255
-0.07735077 1.3591679e-08 0.18002725 0 -1 7.54979e-08 39 31 11 255
-0.057350796 1.3591679e-08 0.18002725 0 -1 7.54979e-08 51 37 16 255
-0.037350696 1.3591679e-08 0.18002725 0 -1 7.54979e-08 32 24 9 255
-0.017350713 1.3591679e-08 0.18002725 0 -1 7.54979e-08 27 19 7 255
0.0026492677 1.3591679e-08 0.18002725 0 -1 7.54979e-08 34 26 9 255
0.022649249 1.3591679e-08 0.18002725 0 -1 7.54979e-08 35 27 10 255
0.042649228 1.3591679e-08 0.18002725 0 -1 7.54979e-08 39 31 11 255
0.06264921 1.3591679e-08 0.18002725 0 -1 7.54979e-08 19 11 3 255
0.08264931 1.3591679e-08 0.18002725 0 -1 7.54979e-08 19 11 3 255
0.102649294 1.3591679e-08 0.18002725 0 -1 7.54979e-08 54 39 25 255
0.122649275 1.3591679e-08 0.18002725 0 -1 7.54979e-08 65 49 32 255
0.14264925 1.3591679e-08 0.18002725 0 -1 7.54979e-08 63 47 23 255
0.16264923 1.3591679e-08 0.18002725 0 -1 7.54979e-08 82 62 41 255
0.18264921 1.3591679e-08 0.18002725 0 -1 7.54979e-08 68 51 33 255
0.20264919 1.3591679e-08 0.18002725 0 -1 7.54979e-08 91 73 44 255
0.22264929 1.3591679e-08 0.18002725 0 -1 7.54979e-08 115 93 65 255
0.24264927 1.3591679e-08 0.18002725 0 -1 7.54979e-08 108 87 56 255
0.26264924 1.3591679e-08 0.18002725 0 -1 7.54979e-08 142 118 92 255
0.28264922 1.3591679e-08 0.18002725 0 -1 7.54979e-08 121 97 73 255
0.3026492 1.3591679e-08 0.18002725 0 -1 7.54979e-08 82 64 40 255
0.32264918 1.3591679e-08 0.18002725 0 -1 7.54979e-08 43 34 14 255
0.34264928 1.3591679e-08 0.18002725 0 -1 7.54979e-08 39 31 11 255
0.36264926 1.3591679e-08 0.18002725 0 -1 7.54979e-08 39 31 11 255
0.38264924 1.3591679e-08 0.18002725 0 -1 7.54979e-08 33 25 9 255
0.40264922 1.3591679e-08 0.18002725 0 -1 7.54979e-08 27 19 7 255
0.4226492 1.3591679e-08 0.18002725 0 -1 7.54979e-08 23 15 5 255
0.4426492 1.3591679e-08 0.18002725 0 -1 7.54979e-08 5 3 1 255
0.46264917 1.3591679e-08 0.18002725 0 -1 7.54979e-08 0 0 0 255
0.48264927 1.3591679e-08 0.18002725 0 -1 7.54979e-08 0 0 0 255
0.50264925 1.3591679e-08 0.18002725 0 -1 7.54979e-08 0 0 0 255
0.5226492 1.3591679e-08 0.18002725 0 -1 7.54979e-08 0 0 0 255
0.5426492 1.3591679e-08 0.18002725 0 -1 7.54979e-08 0 0 0 255
0.5626492 1.3591679e-08 0.18002725 0 -1 7.54979e-08 0 0 0 255
0.5826492 1.3591679e-08 0.18002725 0 -1 7.54979e-08 0 0 0 255
0.6026493 1.3591679e-08 0.18002725 0 -1 7.54979e-08 0 0 0 255
0.62264925 1.3591679e-08 0.18002725 0 -1 7.54979e-08 0 0 0 255
0.64264923 1.3591679e-08 0.18002725 0 -1 7.54979e-08 0 0 0 255
0.6626492 1.3591679e-08 0.18002725 0 -1 7.54979e-08 0 0 0 255
-0.87735075 1.5101635e-08 0.20002723 0 -1 7.54979e-08 65 43 29 255
-0.85735077 1.5101635e-08 0.20002723 0 -1 7.54979e-08 227 152 105 255
-0.8373508 1.5101635e-08 0.20002723 0 -1 7.54979e-08 239 165 119 255
-0.81735075 1.5101635e-08 0.20002723 0 -1 7.54979e-08 247 180 139 255
-0.7973507 1.5101635e-08 0.20002723 0 -1 7.54979e-08 247 184 149 255
-0.7773507 1.5101635e-08 0.20002723 0 -1 7.54979e-08 247 181 143 255
-0.75735074 1.5101635e-08 0.20002723 0 -1 7.54979e-08 247 184 148 255
-0.73735076 1.5101635e-08 0.20002723 0 -1 7.54979e-08 247 182 143 255
-0.7173508 1.5101635e-08 0.20002723 0 -1 7.54979e-08 247 180 141 255
-0.69735074 1.5101635e-08 0.20002723 0 -1 7.54979e-08 247 180 141 255
-0.67735076 1.5101635e-08 0.20002723 0 -1 7.54979e-08 247 175 131 255
-0.6573507 1.5101635e-08 0.20002723 0 -1 7.54979e-08 247 173 125 255
-0.63735074 1.5101635e-08 0.20002723 0 -1 7.54979e-08 245 170 122 255
-0.61735076 1.5101635e-08 0.20002723 0 -1 7.54979e-08 240 165 118 255
-0.5973508 1.5101635e-08 0.20002723 0 -1 7.54979e-08 231 156 109 255
-0.57735074 1.5101635e-08 0.20002723 0 -1 7.54979e-08 222 147 100 255
-0.55735075 1.5101635e-08 0.20002723 0 -1 7.54979e-08 204 130 82 255
-0.5373508 1.5101635e-08 0.20002723 0 -1 7.54979e-08 166 106 63 255
-0.51735073 1.5101635e-08 0.20002723 0 -1 7.54979e-08 163 105 61 255
-0.49735075 1.5101635e-08 0.20002723 0 -1 7.54979e-08 157 101 58 255
-0.47735077 1.5101635e-08 0.20002723 0 -1 7.54979e-08 118 77 41 255
-0.45735073 1.5101635e-08 0.20002723 0 -1 7.54979e-08 92 63 31 255
-0.43735075 1.5101635e-08 0.20002723 0 -1 7.54979e-08 66 49 22 255
-0.41735077 1.5101635e-08 0.20002723 0 -1 7.54979e-08 51 40 16 255
-0.39735073 1.5101635e-08 0.20002723 0 -1 7.54979e-08 74 53 25 255
-0.37735075 1.5101635e-08 0.20002723 0 -1 7.54979e-08 83 59 28 255
-0.35735077 1.5101635e-08 0.20002723 0 -1 7.54979e-08 69 50 23 255
-0.3373508 1.5101635e-08 0.20002723 0 -1 7.54979e-08 51 38 16 255
-0.31735075 1.5101635e-08 0.20002723 0 -1 7.54979e-08 39 31 11 255
-0.29735076 1.5101635e-08 0.20002723 0 -1 7.54979e-08 52 39 17 255
-0.27735078 1.5101635e-08 0.20002723 0 -1 7.54979e-08 64 47 22 255
-0.25735074 1.5101635e-08 0.20002723 0 -1 7.54979e-08 42 31 14 255
-0.23735075 1.5101635e-08 0.20002723 0 -1 7.54979e-08 0 0 0 255
-0.21735077 1.5101635e-08 0.20002723 0 -1 7.54979e-08 0 0 0 255
-0.19735073 1.5101635e-08 0.20002723 0 -1 7.54979e-08 0 0 0 255
-0.17735074 1.5101635e-08 0.20002723 0 -1 7.54979e-08 0 0 0 255
-0.15735076 1.5101635e-08 0.20002723 0 -1 7.54979e-08 0 0 0 255
-0.13735072 1.5101635e-08 0.20002723 0 -1 7.54979e-08 0 0 0 255
-0.117350735 1.5101635e-08 0.20002723 0 -1 7.54979e-08 1 4 0 255
-0.097350754 1.5101635e-08 0.20002723 0 -1 7.54979e-08 0 0 0 255
-0.07735077 1.5101635e-08 0.20002723 0 -1 7.54979e-08 32 24 9 255
-0.057350796 1.5101635e-08 0.20002723 0 -1 7.54979e-08 51 37 16 255
-0.037350696 1.5101635e-08 0.20002723 0 -1 7.54979e-08 32 24 9 255
-0.017350713 1.5101635e-08 0.20002723 0 -1 7.54979e-08 27 19 7 255
0.0026492677 1.5101635e-08 0.20002723 0 -1 7.54979e-08 34 26 9 255
0.022649249 1.5101635e-08 0.20002723 0 -1 7.54979e-08 39 31 11 255
0.042649228 1.5101635e-08 0.20002723 0 -1 7.54979e-08 41 33 12 255
0.06264921 1.5101635e-08 0.20002723 0 -1 7.54979e-08 21 13 4 255
0.08264931 1.5101635e-08 0.20002723 0 -1 7.54979e-08 24 16 6 255
0.102649294 1.5101635e-08 0.20002723 0 -1 7.54979e-08 53 39 22 255
0.122649275 1.5101635e-08 0.20002723 0 -1 7.54979e-08 76 57 41 255
0.14264925 1.5101635e-08 0.20002723 0 -1 7.54979e-08 73 54 36 255
0.16264923 1.5101635e-08 0.20002723 0 -1 7.54979e-08 84 65 37 255
0.18264921 1.5101635e-08 0.20002723 0 -1 7.54979e-08 70 53 28 255
0.20264919 1.5101635e-08 0.20002723 0 -1 7.54979e-08 86 67 43 255
0.22264929 1.5101635e-08 0.20002723 0 -1 7.54979e-08 108 85 59 255
0.24264927 1.5101635e-08 0.20002723 0 -1 7.54979e-08 108 86 55 255
0.26264924 1.5101635e-08 0.20002723 0 -1 7.54979e-08 163 139 116 255
0.28264922 1.5101635e-08 0.20002723 0 -1 7.54979e-08 132 108 84 255
0.3026492 1.5101635e-08 0.20002723 0 -1 7.54979e-08 98 78 49 255
0.32264918 1.5101635e-08 0.20002723 0 -1 7.54979e-08 47 36 16 255
0.34264928 1.5101635e-08 0.20002723 0 -1 7.54979e-08 32 24 9 255
0.36264926 1.5101635e-08 0.20002723 0 -1 7.54979e-08 39 31 11 255
0.38264924 1.5101635e-08 0.20002723 0 -1 7.54979e-08 30 22 8 255
0.40264922 1.5101635e-08 0.20002723 0 -1 7.54979e-08 25 17 6 255
0.4226492 1.5101635e-08 0.20002723 0 -1 7.54979e-08 20 12 4 255
0.4426492 1.5101635e-08 0.20002723 0 -1 7.54979e-08 5 3 1 255
0.46264917 1.5101635e-08 0.20002723 0 -1 7.54979e-08 0 0 0 255
0.48264927 1.5101635e-08 0.20002723 0 -1 7.54979e-08 0 0 0 255
0.50264925 1.5101635e-08 0.20002723 0 -1 7.54979e-08 0 0 0 255
0.5226492 1.5101635e-08 0.20002723 0 -1 7.54979e-08 0 0 0 255
0.5426492 1.5101635e-08 0.20002723 0 -1 7.54979e-08 0 0 0 255
0.5626492 1.5101635e-08 0.20002723 0 -1 7.54979e-08 0 0 0 255
0.5826492 1.5101635e-08 0.20002723 0 -1 7.54979e-08 0 0 0 255
0.6026493 1.5101635e-08 0.20002723 0 -1 7.54979e-08 0 0 0 255
0.62264925 1.5101635e-08 0.20002723 0 -1 7.54979e-08 0 0 0 255
0.64264923 1.5101635e-08 0.20002723 0 -1 7.54979e-08 0 0 0 255
0.6626492 1.5101635e-08 0.20002723 0 -1 7.54979e-08 0 0 0 255
-0.85735077 1.6611597e-08 0.22002727 0 -1 7.54979e-08 79 52 36 255
-0.8373508 1.6611597e-08 0.22002727 0 -1 7.54979e-08 228 154 106 255
-0.81735075 1.6611597e-08 0.22002727 0 -1 7.54979e-08 241 168 122 255
-0.7973507 1.6611597e-08 0.22002727 0 -1 7.54979e-08 247 181 142 255
-0.7773507 1.6611597e-08 0.22002727 0 -1 7.54979e-08 247 184 149 255
-0.75735074 1.6611597e-08 0.22002727 0 -1 7.54979e-08 247 184 149 255
-0.73735076 1.6611597e-08 0.22002727 0 -1 7.54979e-08 247 183 146 255
-0.7173508 1.6611597e-08 0.22002727 0 -1 7.54979e-08 247 183 146 255
-0.69735074 1.6611597e-08 0.22002727 0 -1 7.54979e-08 247 184 147 255
-0.67735076 1.6611597e-08 0.22002727 0 -1 7.54979e-08 247 182 144 255
-0.6573507 1.6611597e-08 0.22002727 0 -1 7.54979e-08 247 174 128 255
-0.63735074 1.6611597e-08 0.22002727 0 -1 7.54979e-08 247 173 125 255
-0.61735076 1.6611597e-08 0.22002727 0 -1 7.54979e-08 244 170 122 255
-0.5973508 1.6611597e-08 0.22002727 0 -1 7.54979e-08 228 153 106 255
-0.57735074 1.6611597e-08 0.22002727 0 -1 7.54979e-08 213 138 91 255
-0.55735075 1.6611597e-08 0.22002727 0 -1 7.54979e-08 185 117 72 255
-0.5373508 1.6611597e-08 0.22002727 0 -1 7.54979e-08 168 107 64 255
-0.51735073 1.6611597e-08 0.22002727 0 -1 7.54979e-08 132 85 47 255
-0.49735075 1.6611597e-08 0.22002727 0 -1 7.54979e-08 107 73 38 255
-0.47735077 1.6611597e-08 0.22002727 0 -1 7.54979e-08 84 60 29 255
-0.45735073 1.6611597e-08 0.22002727 0 -1 7.54979e-08 63 47 21 255
-0.43735075 1.6611597e-08 0.22002727 0 -1 7.54979e-08 54 42 18 255
-0.41735077 1.6611597e-08 0.22002727 0 -1 7.54979e-08 75 54 25 255
-0.39735073 1.6611597e-08 0.22002727 0 -1 7.54979e-08 88 61 30 255
-0.37735075 1.6611597e-08 0.22002727 0 -1 7.54979e-08 72 51 24 255
-0.35735077 1.6611597e-08 0.22002727 0 -1 7.54979e-08 54 40 17 255
-0.3373508 1.6611597e-08 0.22002727 0 -1 7.54979e-08 41 32 12 255
-0.31735075 1.6611597e-08 0.22002727 0 -1 7.54979e-08 50 38 16 255
-0.29735076 1.6611597e-08 0.22002727 0 -1 7.54979e-08 62 46 22 255
-0.27735078 1.6611597e-08 0.22002727 0 -1 7.54979e-08 80 57 28 255
-0.25735074 1.6611597e-08 0.22002727 0 -1 7.54979e-08 45 33 15 255
-0.23735075 1.6611597e-08 0.22002727 0 -1 7.54979e-08 0 0 0 255
-0.21735077 1.6611597e-08 0.22002727 0 -1 7.54979e-08 0 0 0 255
-0.19735073 1.6611597e-08 0.22002727 0 -1 7.54979e-08 0 0 0 255
-0.17735074 1.6611597e-08 0.22002727 0 -1 7.54979e-08 0 0 0 255
-0.15735076 1.6611597e-08 0.22002727 0 -1 7.54979e-08 0 0 0 255
-0.13735072 1.6611597e-08 0.22002727 0 -1 7.54979e-08 0 0 0 255
-0.117350735 1.6611597e-08 0.22002727 0 -1 7.54979e-08 0 0 0 255
-0.097350754 1.6611597e-08 0.22002727 0 -1 7.54979e-08 2 2 2 255
-0.07735077 1.6611597e-08 0.22002727 0 -1 7.54979e-08 10 7 2 255
-0.057350796 1.6611597e-08 0.22002727 0 -1 7.54979e-08 35 25 10 255
-0.037350696 1.6611597e-08 0.22002727 0 -1 7.54979e-08 28 21 8 255
-0.017350713 1.6611597e-08 0.22002727 0 -1 7.54979e-08 27 19 7 255
0.0026492677 1.6611597e-08 0.22002727 0 -1 7.54979e-08 29 21 8 255
0.022649249 1.6611597e-08 0.22002727 0 -1 7.54979e-08 31 23 9 255
0.042649228 1.6611597e-08 0.22002727 0 -1 7.54979e-08 43 35 14 255
0.06264921 1.6611597e-08 0.22002727 0 -1 7.54979e-08 21 13 5 255
0.08264931 1.6611597e-08 0.22002727 0 -1 7.54979e-08 27 19 7 255
0.102649294 1.6611597e-08 0.22002727 0 -1 7.54979e-08 50 37 18 255
0.122649275 1.6611597e-08 0.22002727 0 -1 7.54979e-08 76 56 39 255
0.14264925 1.6611597e-08 0.22002727 0 -1 7.54979e-08 68 51 30 255
0.16264923 1.6611597e-08 0.22002727 0 -1 7.54979e-08 74 57 32 255
0.18264921 1.6611597e-08 0.22002727 0 -1 7.54979e-08 80 62 38 255
0.20264919 1.6611597e-08 0.22002727 0 -1 7.54979e-08 89 69 44 255
0.22264929 1.6611597e-08 0.22002727 0 -1 7.54979e-08 124 101 68 255
0.24264927 1.6611597e-08 0.22002727 0 -1 7.54979e-08 122 98 67 255
0.26264924 1.6611597e-08 0.22002727 0 -1 7.54979e-08 174 150 126 255
0.28264922 1.6611597e-08 0.22002727 0 -1 7.54979e-08 126 103 74 255
0.3026492 1.6611597e-08 0.22002727 0 -1 7.54979e-08 104 82 53 255
0.32264918 1.6611597e-08 0.22002727 0 -1 7.54979e-08 51 39 18 255
0.34264928 1.6611597e-08 0.22002727 0 -1 7.54979e-08 29 21 8 255
0.36264926 1.6611597e-08 0.22002727 0 -1 7.54979e-08 39 31 11 255
0.38264924 1.6611597e-08 0.22002727 0 -1 7.54979e-08 26 18 7 255
0.40264922 1.6611597e-08 0.22002727 0 -1 7.54979e-08 21 13 4 255
0.4226492 1.6611597e-08 0.22002727 0 -1 7.54979e-08 19 11 3 255
0.4426492 1.6611597e-08 0.22002727 0 -1 7.54979e-08 5 3 1 255
0.46264917 1.6611597e-08 0.22002727 0 -1 7.54979e-08 0 0 0 255
0.48264927 1.6611597e-08 0.22002727 0 -1 7.54979e-08 0 1 0 255
0.50264925 1.6611597e-08 0.22002727 0 -1 7.54979e-08 3 9 1 255
0.5226492 1.6611597e-08 0.22002727 0 -1 7.54979e-08 0 0 0 255
0.5426492 1.6611597e-08 0.22002727 0 -1 7.54979e-08 0 0 0 255
0.5626492 1.6611597e-08 0.22002727 0 -1 7.54979e-08 0 0 0 255
0.5826492 1.6611597e-08 0.22002727 0 -1 7.54979e-08 0 0 0 255
0.6026493 1.6611597e-08 0.22002727 0 -1 7.54979e-08 0 0 0 255
0.62264925 1.6611597e-08 0.22002727 0 -1 7.54979e-08 0 0 0 255
0.64264923 1.6611597e-08 0.22002727 0 -1 7.54979e-08 0 0 0 255
0.6626492 1.6611597e-08 0.22002727 0 -1 7.54979e-08 0 0 0 255
-0.85735077 1.8121558e-08 0.24002731 0 -1 7.54979e-08 4 2 1 255
-0.8373508 1.8121558e-08 0.24002731 0 -1 7.54979e-08 214 139 92 255
-0.81735075 1.8121558e-08 0.24002731 0 -1 7.54979e-08 224 149 102 255
-0.7973507 1.8121558e-08 0.24002731 0 -1 7.54979e-08 243 170 125 255
-0.7773507 1.8121558e-08 0.24002731 0 -1 7.54979e-08 247 176 133 255
-0.75735074 1.8121558e-08 0.24002731 0 -1 7.54979e-08 247 184 148 255
-0.73735076 1.8121558e-08 0.24002731 0 -1 7.54979e-08 247 184 149 255
-0.7173508 1.8121558e-08 0.24002731 0 -1 7.54979e-08 247 184 149 255
-0.69735074 1.8121558e-08 0.24002731 0 -1 7.54979e-08 247 184 149 255
-0.67735076 1.8121558e-08 0.24002731 0 -1 7.54979e-08 247 184 149 255
-0.6573507 1.8121558e-08 0.24002731 0 -1 7.54979e-08 247 175 129 255
-0.63735074 1.8121558e-08 0.24002731 0 -1 7.54979e-08 237 162 115 255
-0.61735076 1.8121558e-08 0.24002731 0 -1 7.54979e-08 223 149 101 255
-0.5973508 1.8121558e-08 0.24002731 0 -1 7.54979e-08 200 129 83 255
-0.57735074 1.8121558e-08 0.24002731 0 -1 7.54979e-08 179 114 70 255
-0.55735075 1.8121558e-08 0.24002731 0 -1 7.54979e-08 160 102 60 255
-0.5373508 1.8121558e-08 0.24002731 0 -1 7.54979e-08 135 87 49 255
-0.51735073 1.8121558e-08 0.24002731 0 -1 7.54979e-08 91 64 32 255
-0.49735075 1.8121558e-08 0.24002731 0 -1 7.54979e-08 72 52 24 255
-0.47735077 1.8121558e-08 0.24002731 0 -1 7.54979e-08 59 45 20 255
-0.45735073 1.8121558e-08 0.24002731 0 -1 7.54979e-08 66 49 22 255
-0.43735075 1.8121558e-08 0.24002731 0 -1 7.54979e-08 90 61 30 255
-0.41735077 1.8121558e-08 0.24002731 0 -1 7.54979e-08 90 62 31 255
-0.39735073 1.8121558e-08 0.24002731 0 -1 7.54979e-08 74 53 25 255
-0.37735075 1.8121558e-08 0.24002731 0 -1 7.54979e-08 56 42 18 255
-0.35735077 1.8121558e-08 0.24002731 0 -1 7.54979e-08 42 33 12 255
-0.3373508 1.8121558e-08 0.24002731 0 -1 7.54979e-08 48 36 15 255
-0.31735075 1.8121558e-08 0.24002731 0 -1 7.54979e-08 60 44 21 255
-0.29735076 1.8121558e-08 0.24002731 0 -1 7.54979e-08 81 57 28 255
-0.27735078 1.8121558e-08 0.24002731 0 -1 7.54979e-08 86 60 29 255
-0.25735074 1.8121558e-08 0.24002731 0 -1 7.54979e-08 42 30 14 255
-0.23735075 1.8121558e-08 0.24002731 0 -1 7.54979e-08 0 0 0 255
-0.21735077 1.8121558e-08 0.24002731 0 -1 7.54979e-08 0 0 0 255
-0.19735073 1.8121558e-08 0.24002731 0 -1 7.54979e-08 0 0 0 255
-0.17735074 1.8121558e-08 0.24002731 0 -1 7.54979e-08 0 0 0 255
-0.15735076 1.8121558e-08 0.24002731 0 -1 7.54979e-08 0 0 0 255
-0.13735072 1.8121558e-08 0.24002731 0 -1 7.54979e-08 0 0 0 255
-0.117350735 1.8121558e-08 0.24002731 0 -1 7.54979e-08 3 8 1 255
-0.097350754 1.8121558e-08 0.24002731 0 -1 7.54979e-08 6 14 3 255
-0.07735077 1.8121558e-08 0.24002731 0 -1 7.54979e-08 0 0 0 255
-0.057350796 1.8121558e-08 0.24002731 0 -1 7.54979e-08 12 9 3 255
-0.037350696 1.8121558e-08 0.24002731 0 -1 7.54979e-08 27 19 7 255
-0.017350713 1.8121558e-08 0.24002731 0 -1 7.54979e-08 27 19 7 255
0.0026492677 1.8121558e-08 0.24002731 0 -1 7.54979e-08 27 19 7 255
0.022649249 1.8121558e-08 0.24002731 0 -1 7.54979e-08 27 19 7 255
0.042649228 1.8121558e-08 0.24002731 0 -1 7.54979e-08 43 35 14 255
0.06264921 1.8121558e-08 0.24002731 0 -1 7.54979e-08 21 13 5 255
0.08264931 1.8121558e-08 0.24002731 0 -1 7.54979e-08 27 19 7 255
0.102649294 1.8121558e-08 0.24002731 0 -1 7.54979e-08 50 37 18 255
0.122649275 1.8121558e-08 0.24002731 0 -1 7.54979e-08 95 74 55 255
0.14264925 1.8121558e-08 0.24002731 0 -1 7.54979e-08 62 47 23 255
0.16264923 1.8121558e-08 0.24002731 0 -1 7.54979e-08 63 62 38 255
0.18264921 1.8121558e-08 0.24002731 0 -1 7.54979e-08 80 74 49 255
0.20264919 1.8121558e-08 0.24002731 0 -1 7.54979e-08 91 73 45 255
0.22264929 1.8121558e-08 0.24002731 0 -1 7.54979e-08 127 104 71 255
0.24264927 1.8121558e-08 0.24002731 0 -1 7.54979e-08 118 95 63 255
0.26264924 1.8121558e-08 0.24002731 0 -1 7.54979e-08 159 135 111 255
0.28264922 1.8121558e-08 0.24002731 0 -1 7.54979e-08 120 96 64 255
0.3026492 1.8121558e-08 0.24002731 0 -1 7.54979e-08 102 80 52 255
0.32264918 1.8121558e-08 0.24002731 0 -1 7.54979e-08 60 44 22 255
0.34264928 1.8121558e-08 0.24002731 0 -1 7.54979e-08 31 23 9 255
0.36264926 1.8121558e-08 0.24002731 0 -1 7.54979e-08 39 31 11 255
0.38264924 1.8121558e-08 0.24002731 0 -1 7.54979e-08 25 18 7 255
0.40264922 1.8121558e-08 0.24002731 0 -1 7.54979e-08 19 11 3 255
0.4226492 1.8121558e-08 0.24002731 0 -1 7.54979e-08 19 11 3 255
0.4426492 1.8121558e-08 0.24002731 0 -1 7.54979e-08 5 3 1 255
0.46264917 1.8121558e-08 0.24002731 0 -1 7.54979e-08 0 0 0 255
0.48264927 1.8121558e-08 0.24002731 0 -1 7.54979e-08 12 8 2 255
0.50264925 1.8121558e-08 0.24002731 0 -1 7.54979e-08 5 14 2 255
0.5226492 1.8121558e-08 0.24002731 0 -1 7.54979e-08 0 0 0 255
0.5426492 1.8121558e-08 0.24002731 0 -1 7.54979e-08 0 0 0 255
0.5626492 1.8121558e-08 0.24002731 0 -1 7.54979e-08 0 0 0 255
0.5826492 1.8121558e-08 0.24002731 0 -1 7.54979e-08 0 0 0 255
0.6026493 1.8121558e-08 0.24002731 0 -1 7.54979e-08 0 0 0 255
0.62264925 1.8121558e-08 0.24002731 0 -1 7.54979e-08 0 0 0 255
0.64264923 1.8121558e-08 0.24002731 0 -1 7.54979e-08 0 0 0 255
0.6626492 1.8121558e-08 0.24002731 0 -1 7.54979e-08 0 0 0 255
-0.85735077 1.9631514e-08 0.2600273 0 -1 7.54979e-08 3 2 1 255
-0.8373508 1.9631514e-08 0.2600273 0 -1 7.54979e-08 162 105 63 255
-0.81735075 1.9631514e-08 0.2600273 0 -1 7.54979e-08 180 117 72 255
-0.7973507 1.9631514e-08 0.2600273 0 -1 7.54979e-08 208 136 90 255
-0.7773507 1.9631514e-08 0.2600273 0 -1 7.54979e-08 228 154 106 255
-0.75735074 1.9631514e-08 0.2600273 0 -1 7.54979e-08 246 175 131 255
-0.73735076 1.9631514e-08 0.2600273 0 -1 7.54979e-08 247 176 133 255
-0.7173508 1.9631514e-08 0.2600273 0 -1 7.54979e-08 247 176 133 255
-0.69735074 1.9631514e-08 0.2600273 0 -1 7.54979e-08 247 176 133 255
-0.67735076 1.9631514e-08 0.2600273 0 -1 7.54979e-08 240 169 126 255
-0.6573507 1.9631514e-08 0.2600273 0 -1 7.54979e-08 228 154 107 255
-0.63735074 1.9631514e-08 0.2600273 0 -1 7.54979e-08 210 135 88 255
-0.61735076 1.9631514e-08 0.2600273 0 -1 7.54979e-08 180 116 71 255
-0.5973508 1.9631514e-08 0.2600273 0 -1 7.54979e-08 168 107 64 255
-0.57735074 1.9631514e-08 0.2600273 0 -1 7.54979e-08 144 92 53 255
-0.55735075 1.9631514e-08 0.2600273 0 -1 7.54979e-08 110 74 39 255
-0.5373508 1.9631514e-08 0.2600273 0 -1 7.54979e-08 86 59 29 255
-0.51735073 1.9631514e-08 0.2600273 0 -1 7.54979e-08 57 45 19 255
-0.49735075 1.9631514e-08 0.2600273 0 -1 7.54979e-08 64 47 21 255
-0.47735077 1.9631514e-08 0.2600273 0 -1 7.54979e-08 85 60 30 255
-0.45735073 1.9631514e-08 0.2600273 0 -1 7.54979e-08 104 69 36 255
-0.43735075 1.9631514e-08 0.2600273 0 -1 7.54979e-08 92 65 31 255
-0.41735077 1.9631514e-08 0.2600273 0 -1 7.54979e-08 77 54 26 255
-0.39735073 1.9631514e-08 0.2600273 0 -1 7.54979e-08 59 43 19 255
-0.37735075 1.9631514e-08 0.2600273 0 -1 7.54979e-08 43 33 13 255
-0.35735077 1.9631514e-08 0.2600273 0 -1 7.54979e-08 46 35 14 255
-0.3373508 1.9631514e-08 0.2600273 0 -1 7.54979e-08 58 43 20 255
-0.31735075 1.9631514e-08 0.2600273 0 -1 7.54979e-08 79 56 27 255
-0.29735076 1.9631514e-08 0.2600273 0 -1 7.54979e-08 89 62 31 255
-0.27735078 1.9631514e-08 0.2600273 0 -1 7.54979e-08 77 56 26 255
-0.25735074 1.9631514e-08 0.2600273 0 -1 7.54979e-08 36 26 11 255
-0.23735075 1.9631514e-08 0.2600273 0 -1 7.54979e-08 0 0 0 255
-0.21735077 1.9631514e-08 0.2600273 0 -1 7.54979e-08 0 0 0 255
-0.19735073 1.9631514e-08 0.2600273 0 -1 7.54979e-08 0 0 0 255
-0.17735074 1.9631514e-08 0.2600273 0 -1 7.54979e-08 0 1 0 255
-0.15735076 1.9631514e-08 0.2600273 0 -1 7.54979e-08 3 8 1 255
-0.13735072 1.9631514e-08 0.2600273 0 -1 7.54979e-08 0 0 0 255
-0.117350735 1.9631514e-08 0.2600273 0 -1 7.54979e-08 1 4 0 255
-0.097350754 1.9631514e-08 0.2600273 0 -1 7.54979e-08 6 17 3 255
-0.07735077 1.9631514e-08 0.2600273 0 -1 7.54979e-08 0 0 0 255
-0.057350796 1.9631514e-08 0.2600273 0 -1 7.54979e-08 1 1 0 255
-0.037350696 1.9631514e-08 0.2600273 0 -1 7.54979e-08 16 11 4 255
-0.017350713 1.9631514e-08 0.2600273 0 -1 7.54979e-08 27 19 7 255
0.0026492677 1.9631514e-08 0.2600273 0 -1 7.54979e-08 27 19 7 255
0.022649249 1.9631514e-08 0.2600273 0 -1 7.54979e-08 27 19 7 255
0.042649228 1.9631514e-08 0.2600273 0 -1 7.54979e-08 38 31 11 255
0.06264921 1.9631514e-08 0.2600273 0 -1 7.54979e-08 21 13 5 255
0.08264931 1.9631514e-08 0.2600273 0 -1 7.54979e-08 27 19 7 255
0.102649294 1.9631514e-08 0.2600273 0 -1 7.54979e-08 50 37 18 255
0.122649275 1.9631514e-08 0.2600273 0 -1 7.54979e-08 76 58 36 255
0.14264925 1.9631514e-08 0.2600273 0 -1 7.54979e-08 62 47 23 255
0.16264923 1.9631514e-08 0.2600273 0 -1 7.54979e-08 79 67 46 255
0.18264921 1.9631514e-08 0.2600273 0 -1 7.54979e-08 88 76 49 255
0.20264919 1.9631514e-08 0.2600273 0 -1 7.54979e-08 84 67 40 255
0.22264929 1.9631514e-08 0.2600273 0 -1 7.54979e-08 123 100 68 255
0.24264927 1.9631514e-08 0.2600273 0 -1 7.54979e-08 122 98 67 255
0.26264924 1.9631514e-08 0.2600273 0 -1 7.54979e-08 132 108 79 255
0.28264922 1.9631514e-08 0.2600273 0 -1 7.54979e-08 119 95 63 255
0.3026492 1.9631514e-08 0.2600273 0 -1 7.54979e-08 106 84 55 255
0.32264918 1.9631514e-08 0.2600273 0 -1 7.54979e-08 59 45 21 255
0.34264928 1.9631514e-08 0.2600273 0 -1 7.54979e-08 31 23 9 255
0.36264926 1.9631514e-08 0.2600273 0 -1 7.54979e-08 39 31 11 255
0.38264924 1.9631514e-08 0.2600273 0 -1 7.54979e-08 25 18 7 255
0.40264922 1.9631514e-08 0.2600273 0 -1 7.54979e-08 19 11 3 255
0.4226492 1.9631514e-08 0.2600273 0 -1 7.54979e-08 19 11 3 255
0.4426492 1.9631514e-08 0.2600273 0 -1 7.54979e-08 5 3 1 255
0.46264917 1.9631514e-08 0.2600273 0 -1 7.54979e-08 0 0 0 255
0.48264927 1.9631514e-08 0.2600273 0 -1 7.54979e-08 18 12 3 255
0.50264925 1.9631514e-08 0.2600273 0 -1 7.54979e-08 5 14 2 255
0.5226492 1.9631514e-08 0.2600273 0 -1 7.54979e-08 0 0 0 255
0.5426492 1.9631514e-08 0.2600273 0 -1 7.54979e-08 0 0 0 255
0.5626492 1.9631514e-08 0.2600273 0 -1 7.54979e-08 0 0 0 255
0.5826492 1.9631514e-08 0.2600273 0 -1 7.54979e-08 0 0 0 255
0.6026493 1.9631514e-08 0.2600273 0 -1 7.54979e-08 0 0 0 255
0.62264925 1.9631514e-08 0.2600273 0 -1 7.54979e-08 0 0 0 255
0.64264923 1.9631514e-08 0.2600273 0 -1 7.54979e-08 0 0 0 255
0.6626492 1.9631514e-08 0.2600273 0 -1 7.54979e-08 0 0 0 255
0.6826492 1.9631514e-08 0.2600273 0 -1 7.54979e-08 57 35 31 255
-0.85735077 2.114147e-08 0.28002727 0 -1 7.54979e-08 2 1 0 255
-0.8373508 2.114147e-08 0.28002727 0 -1 7.54979e-08 112 75 40 255
-0.81735075 2.114147e-08 0.28002727 0 -1 7.54979e-08 145 94 54 255
-0.7973507 2.114147e-08 0.28002727 0 -1 7.54979e-08 162 105 62 255
-0.7773507 2.114147e-08 0.28002727 0 -1 7.54979e-08 184 119 75 255
-0.75735074 2.114147e-08 0.28002727 0 -1 7.54979e-08 210 136 89 255
-0.73735076 2.114147e-08 0.28002727 0 -1 7.54979e-08 221 146 99 255
-0.7173508 2.114147e-08 0.28002727 0 -1 7.54979e-08 233 158 111 255
-0.69735074 2.114147e-08 0.28002727 0 -1 7.54979e-08 234 159 112 255
-0.67735076 2.114147e-08 0.28002727 0 -1 7.54979e-08 217 143 95 255
-0.6573507 2.114147e-08 0.28002727 0 -1 7.54979e-08 186 120 75 255
-0.63735074 2.114147e-08 0.28002727 0 -1 7.54979e-08 165 104 62 255
-0.61735076 2.114147e-08 0.28002727 0 -1 7.54979e-08 129 84 46 255
-0.5973508 2.114147e-08 0.28002727 0 -1 7.54979e-08 119 79 42 255
-0.57735074 2.114147e-08 0.28002727 0 -1 7.54979e-08 92 64 32 255
-0.55735075 2.114147e-08 0.28002727 0 -1 7.54979e-08 65 49 22 255
-0.5373508 2.114147e-08 0.28002727 0 -1 7.54979e-08 74 55 25 255
-0.51735073 2.114147e-08 0.28002727 0 -1 7.54979e-08 104 69 37 255
-0.49735075 2.114147e-08 0.28002727 0 -1 7.54979e-08 106 70 37 255
-0.47735077 2.114147e-08 0.28002727 0 -1 7.54979e-08 102 69 35 255
-0.45735073 2.114147e-08 0.28002727 0 -1 7.54979e-08 91 62 31 255
-0.43735075 2.114147e-08 0.28002727 0 -1 7.54979e-08 68 50 23 255
-0.41735077 2.114147e-08 0.28002727 0 -1 7.54979e-08 49 37 15 255
-0.39735073 2.114147e-08 0.28002727 0 -1 7.54979e-08 44 34 13 255
-0.37735075 2.114147e-08 0.28002727 0 -1 7.54979e-08 43 34 13 255
-0.35735077 2.114147e-08 0.28002727 0 -1 7.54979e-08 57 42 19 255
-0.3373508 2.114147e-08 0.28002727 0 -1 7.54979e-08 70 52 24 255
-0.31735075 2.114147e-08 0.28002727 0 -1 7.54979e-08 88 61 30 255
-0.29735076 2.114147e-08 0.28002727 0 -1 7.54979e-08 81 59 28 255
-0.27735078 2.114147e-08 0.28002727 0 -1 7.54979e-08 60 44 20 255
-0.25735074 2.114147e-08 0.28002727 0 -1 7.54979e-08 26 20 8 255
-0.23735075 2.114147e-08 0.28002727 0 -1 7.54979e-08 0 0 0 255
-0.21735077 2.114147e-08 0.28002727 0 -1 7.54979e-08 0 0 0 255
-0.19735073 2.114147e-08 0.28002727 0 -1 7.54979e-08 0 0 0 255
-0.17735074 2.114147e-08 0.28002727 0 -1 7.54979e-08 0 0 0 255
-0.15735076 2.114147e-08 0.28002727 0 -1 7.54979e-08 1 4 0 255
-0.13735072 2.114147e-08 0.28002727 0 -1 7.54979e-08 0 0 0 255
-0.117350735 2.114147e-08 0.28002727 0 -1 7.54979e-08 0 0 0 255
-0.097350754 2.114147e-08 0.28002727 0 -1 7.54979e-08 6 16 3 255
-0.07735077 2.114147e-08 0.28002727 0 -1 7.54979e-08 0 0 0 255
-0.057350796 2.114147e-08 0.28002727 0 -1 7.54979e-08 0 0 0 255
-0.037350696 2.114147e-08 0.28002727 0 -1 7.54979e-08 3 2 0 255
-0.017350713 2.114147e-08 0.28002727 0 -1 7.54979e-08 8 5 2 255
0.0026492677 2.114147e-08 0.28002727 0 -1 7.54979e-08 22 16 6 255
0.022649249 2.114147e-08 0.28002727 0 -1 7.54979e-08 34 27 10 255
0.042649228 2.114147e-08 0.28002727 0 -1 7.54979e-08 36 28 10 255
0.06264921 2.114147e-08 0.28002727 0 -1 7.54979e-08 21 13 5 255
0.08264931 2.114147e-08 0.28002727 0 -1 7.54979e-08 27 19 7 255
0.102649294 2.114147e-08 0.28002727 0 -1 7.54979e-08 39 30 12 255
0.122649275 2.114147e-08 0.28002727 0 -1 7.54979e-08 46 36 15 255
0.14264925 2.114147e-08 0.28002727 0 -1 7.54979e-08 63 47 23 255
0.16264923 2.114147e-08 0.28002727 0 -1 7.54979e-08 81 61 44 255
0.18264921 2.114147e-08 0.28002727 0 -1 7.54979e-08 77 59 38 255
0.20264919 2.114147e-08 0.28002727 0 -1 7.54979e-08 96 77 48 255
0.22264929 2.114147e-08 0.28002727 0 -1 7.54979e-08 132 109 75 255
0.24264927 2.114147e-08 0.28002727 0 -1 7.54979e-08 126 102 71 255
0.26264924 2.114147e-08 0.28002727 0 -1 7.54979e-08 116 92 61 255
0.28264922 2.114147e-08 0.28002727 0 -1 7.54979e-08 113 91 61 255
0.3026492 2.114147e-08 0.28002727 0 -1 7.54979e-08 110 88 62 255
0.32264918 2.114147e-08 0.28002727 0 -1 7.54979e-08 56 44 21 255
0.34264928 2.114147e-08 0.28002727 0 -1 7.54979e-08 30 22 9 255
0.36264926 2.114147e-08 0.28002727 0 -1 7.54979e-08 39 31 11 255
0.38264924 2.114147e-08 0.28002727 0 -1 7.54979e-08 25 18 7 255
0.40264922 2.114147e-08 0.28002727 0 -1 7.54979e-08 19 11 3 255
0.4226492 2.114147e-08 0.28002727 0 -1 7.54979e-08 19 11 3 255
0.4426492 2.114147e-08 0.28002727 0 -1 7.54979e-08 5 3 1 255
0.46264917 2.114147e-08 0.28002727 0 -1 7.54979e-08 0 0 0 255
0.48264927 2.114147e-08 0.28002727 0 -1 7.54979e-08 18 12 3 255
0.50264925 2.114147e-08 0.28002727 0 -1 7.54979e-08 5 14 2 255
0.5226492 2.114147e-08 0.28002727 0 -1 7.54979e-08 0 0 0 255
0.5426492 2.114147e-08 0.28002727 0 -1 7.54979e-08 0 0 0 255
0.5626492 2.114147e-08 0.28002727 0 -1 7.54979e-08 0 0 0 255
0.5826492 2.114147e-08 0.28002727 0 -1 7.54979e-08 0 0 0 255
0.6026493 2.114147e-08 0.28002727 0 -1 7.54979e-08 0 0 0 255
0.62264925 2.114147e-08 0.28002727 0 -1 7.54979e-08 0 0 0 255
0.64264923 2.114147e-08 0.28002727 0 -1 7.54979e-08 0 0 0 255
0.6626492 2.114147e-08 0.28002727 0 -1 7.54979e-08 0 0 0 255
0.6826492 2.114147e-08 0.28002727 0 -1 7.54979e-08 17 10 3 255
0.7026492 2.114147e-08 0.28002727 0 -1 7.54979e-08 66 41 36 255
-0.85735077 2.2651427e-08 0.30002725 0 -1 7.54979e-08 1 1 0 255
-0.8373508 2.2651427e-08 0.30002725 0 -1 7.54979e-08 97 64 33 255
-0.81735075 2.2651427e-08 0.30002725 0 -1 7.54979e-08 90 62 31 255
-0.7973507 2.2651427e-08 0.30002725 0 -1 7.54979e-08 106 70 37 255
-0.7773507 2.2651427e-08 0.30002725 0 -1 7.54979e-08 132 85 48 255
-0.75735074 2.2651427e-08 0.30002725 0 -1 7.54979e-08 153 98 57 255
-0.73735076 2.2651427e-08 0.30002725 0 -1 7.54979e-08 159 103 62 255
-0.7173508 2.2651427e-08 0.30002725 0 -1 7.54979e-08 164 108 67 255
-0.69735074 2.2651427e-08 0.30002725 0 -1 7.54979e-08 157 104 63 255
-0.67735076 2.2651427e-08 0.30002725 0 -1 7.54979e-08 131 87 50 255
-0.6573507 2.2651427e-08 0.30002725 0 -1 7.54979e-08 103 70 37 255
-0.63735074 2.2651427e-08 0.30002725 0 -1 7.54979e-08 99 69 35 255
-0.61735076 2.2651427e-08 0.30002725 0 -1 7.54979e-08 82 57 27 255
-0.5973508 2.2651427e-08 0.30002725 0 -1 7.54979e-08 68 49 23 255
-0.57735074 2.2651427e-08 0.30002725 0 -1 7.54979e-08 67 51 22 255
-0.55735075 2.2651427e-08 0.30002725 0 -1 7.54979e-08 96 65 34 255
-0.5373508 2.2651427e-08 0.30002725 0 -1 7.54979e-08 113 74 40 255
-0.51735073 2.2651427e-08 0.30002725 0 -1 7.54979e-08 117 76 41 255
-0.49735075 2.2651427e-08 0.30002725 0 -1 7.54979e-08 97 65 33 255
-0.47735077 2.2651427e-08 0.30002725 0 -1 7.54979e-08 76 54 25 255
-0.45735073 2.2651427e-08 0.30002725 0 -1 7.54979e-08 56 41 18 255
-0.43735075 2.2651427e-08 0.30002725 0 -1 7.54979e-08 45 35 14 255
-0.41735077 2.2651427e-08 0.30002725 0 -1 7.54979e-08 39 31 11 255
-0.39735073 2.2651427e-08 0.30002725 0 -1 7.54979e-08 53 39 17 255
-0.37735075 2.2651427e-08 0.30002725 0 -1 7.54979e-08 64 47 22 255
-0.35735077 2.2651427e-08 0.30002725 0 -1 7.54979e-08 81 57 28 255
-0.3373508 2.2651427e-08 0.30002725 0 -1 7.54979e-08 79 58 27 255
-0.31735075 2.2651427e-08 0.30002725 0 -1 7.54979e-08 69 50 23 255
-0.29735076 2.2651427e-08 0.30002725 0 -1 7.54979e-08 64 47 21 255
-0.27735078 2.2651427e-08 0.30002725 0 -1 7.54979e-08 57 42 18 255
-0.25735074 2.2651427e-08 0.30002725 0 -1 7.54979e-08 30 22 9 255
-0.23735075 2.2651427e-08 0.30002725 0 -1 7.54979e-08 0 0 0 255
-0.21735077 2.2651427e-08 0.30002725 0 -1 7.54979e-08 0 0 0 255
-0.19735073 2.2651427e-08 0.30002725 0 -1 7.54979e-08 0 0 0 255
-0.17735074 2.2651427e-08 0.30002725 0 -1 7.54979e-08 0 0 0 255
-0.15735076 2.2651427e-08 0.30002725 0 -1 7.54979e-08 1 4 0 255
-0.13735072 2.2651427e-08 0.30002725 0 -1 7.54979e-08 2 6 1 255
-0.117350735 2.2651427e-08 0.30002725 0 -1 7.54979e-08 0 0 0 255
-0.097350754 2.2651427e-08 0.30002725 0 -1 7.54979e-08 1 4 0 255
-0.07735077 2.2651427e-08 0.30002725 0 -1 7.54979e-08 0 0 0 255
-0.057350796 2.2651427e-08 0.30002725 0 -1 7.54979e-08 0 0 0 255
-0.037350696 2.2651427e-08 0.30002725 0 -1 7.54979e-08 0 0 0 255
-0.017350713 2.2651427e-08 0.30002725 0 -1 7.54979e-08 0 0 0 255
0.0026492677 2.2651427e-08 0.30002725 0 -1 7.54979e-08 6 4 1 255
0.022649249 2.2651427e-08 0.30002725 0 -1 7.54979e-08 11 9 3 255
0.042649228 2.2651427e-08 0.30002725 0 -1 7.54979e-08 10 8 3 255
0.06264921 2.2651427e-08 0.30002725 0 -1 7.54979e-08 6 4 1 255
0.08264931 2.2651427e-08 0.30002725 0 -1 7.54979e-08 8 5 2 255
0.102649294 2.2651427e-08 0.30002725 0 -1 7.54979e-08 10 8 3 255
0.122649275 2.2651427e-08 0.30002725 0 -1 7.54979e-08 11 9 3 255
0.14264925 2.2651427e-08 0.30002725 0 -1 7.54979e-08 18 14 7 255
0.16264923 2.2651427e-08 0.30002725 0 -1 7.54979e-08 23 17 12 255
0.18264921 2.2651427e-08 0.30002725 0 -1 7.54979e-08 21 15 10 255
0.20264919 2.2651427e-08 0.30002725 0 -1 7.54979e-08 30 24 15 255
0.22264929 2.2651427e-08 0.30002725 0 -1 7.54979e-08 41 34 23 255
0.24264927 2.2651427e-08 0.30002725 0 -1 7.54979e-08 37 30 21 255
0.26264924 2.2651427e-08 0.30002725 0 -1 7.54979e-08 33 26 17 255
0.28264922 2.2651427e-08 0.30002725 0 -1 7.54979e-08 33 26 17 255
0.3026492 2.2651427e-08 0.30002725 0 -1 7.54979e-08 33 26 19 255
0.32264918 2.2651427e-08 0.30002725 0 -1 7.54979e-08 16 13 6 255
0.34264928 2.2651427e-08 0.30002725 0 -1 7.54979e-08 9 6 2 255
0.36264926 2.2651427e-08 0.30002725 0 -1 7.54979e-08 11 9 3 255
0.38264924 2.2651427e-08 0.30002725 0 -1 7.54979e-08 12 16 4 255
0.40264922 2.2651427e-08 0.30002725 0 -1 7.54979e-08 5 3 1 255
0.4226492 2.2651427e-08 0.30002725 0 -1 7.54979e-08 5 3 1 255
0.4426492 2.2651427e-08 0.30002725 0 -1 7.54979e-08 1 0 0 255
0.46264917 2.2651427e-08 0.30002725 0 -1 7.54979e-08 0 0 0 255
0.48264927 2.2651427e-08 0.30002725 0 -1 7.54979e-08 18 12 3 255
0.50264925 2.2651427e-08 0.30002725 0 -1 7.54979e-08 5 14 2 255
0.5226492 2.2651427e-08 0.30002725 0 -1 7.54979e-08 0 0 0 255
0.5426492 2.2651427e-08 0.30002725 0 -1 7.54979e-08 0 0 0 255
0.5626492 2.2651427e-08 0.30002725 0 -1 7.54979e-08 0 0 0 255
0.5826492 2.2651427e-08 0.30002725 0 -1 7.54979e-08 0 0 0 255
0.6026493 2.2651427e-08 0.30002725 0 -1 7.54979e-08 0 0 0 255
0.62264925 2.2651427e-08 0.30002725 0 -1 7.54979e-08 0 0 0 255
0.64264923 2.2651427e-08 0.30002725 0 -1 7.54979e-08 0 0 0 255
0.6626492 2.2651427e-08 0.30002725 0 -1 7.54979e-08 0 0 0 255
0.6826492 2.2651427e-08 0.30002725 0 -1 7.54979e-08 17 10 3 255
0.7026492 2.2651427e-08 0.30002725 0 -1 7.54979e-08 22 13 5 255
0.7226493 2.2651427e-08 0.30002725 0 -1 7.54979e-08 74 46 42 255
-0.85735077 2.4161384e-08 0.32002723 0 -1 7.54979e-08 2 1 0 255
-0.8373508 2.4161384e-08 0.32002723 0 -1 7.54979e-08 105 69 36 255
-0.81735075 2.4161384e-08 0.32002723 0 -1 7.54979e-08 79 56 26 255
-0.7973507 2.4161384e-08 0.32002723 0 -1 7.54979e-08 66 48 22 255
-0.7773507 2.4161384e-08 0.32002723 0 -1 7.54979e-08 73 51 25 255
-0.75735074 2.4161384e-08 0.32002723 0 -1 7.54979e-08 91 64 36 255
-0.73735076 2.4161384e-08 0.32002723 0 -1 7.54979e-08 92 65 36 255
-0.7173508 2.4161384e-08 0.32002723 0 -1 7.54979e-08 92 65 36 255
-0.69735074 2.4161384e-08 0.32002723 0 -1 7.54979e-08 80 57 30 255
-0.67735076 2.4161384e-08 0.32002723 0 -1 7.54979e-08 58 43 19 255
-0.6573507 2.4161384e-08 0.32002723 0 -1 7.54979e-08 49 37 15 255
-0.63735074 2.4161384e-08 0.32002723 0 -1 7.54979e-08 64 47 21 255
-0.61735076 2.4161384e-08 0.32002723 0 -1 7.54979e-08 82 59 28 255
-0.5973508 2.4161384e-08 0.32002723 0 -1 7.54979e-08 107 70 38 255
-0.57735074 2.4161384e-08 0.32002723 0 -1 7.54979e-08 110 72 39 255
-0.55735075 2.4161384e-08 0.32002723 0 -1 7.54979e-08 117 76 41 255
-0.5373508 2.4161384e-08 0.32002723 0 -1 7.54979e-08 103 69 36 255
-0.51735073 2.4161384e-08 0.32002723 0 -1 7.54979e-08 73 51 24 255
-0.49735075 2.4161384e-08 0.32002723 0 -1 7.54979e-08 52 39 16 255
-0.47735077 2.4161384e-08 0.32002723 0 -1 7.54979e-08 46 35 14 255
-0.45735073 2.4161384e-08 0.32002723 0 -1 7.54979e-08 41 32 12 255
-0.43735075 2.4161384e-08 0.32002723 0 -1 7.54979e-08 50 37 16 255
-0.41735077 2.4161384e-08 0.32002723 0 -1 7.54979e-08 55 42 19 255
-0.39735073 2.4161384e-08 0.32002723 0 -1 7.54979e-08 82 57 28 255
-0.37735075 2.4161384e-08 0.32002723 0 -1 7.54979e-08 90 61 31 255
-0.35735077 2.4161384e-08 0.32002723 0 -1 7.54979e-08 85 61 29 255
-0.3373508 2.4161384e-08 0.32002723 0 -1 7.54979e-08 71 53 25 255
-0.31735075 2.4161384e-08 0.32002723 0 -1 7.54979e-08 59 43 20 255
-0.29735076 2.4161384e-08 0.32002723 0 -1 7.54979e-08 58 43 19 255
-0.27735078 2.4161384e-08 0.32002723 0 -1 7.54979e-08 60 44 20 255
-0.25735074 2.4161384e-08 0.32002723 0 -1 7.54979e-08 38 28 12 255
-0.23735075 2.4161384e-08 0.32002723 0 -1 7.54979e-08 0 0 0 255
-0.21735077 2.4161384e-08 0.32002723 0 -1 7.54979e-08 0 0 0 255
-0.19735073 2.4161384e-08 0.32002723 0 -1 7.54979e-08 0 0 0 255
-0.17735074 2.4161384e-08 0.32002723 0 -1 7.54979e-08 0 0 0 255
-0.15735076 2.4161384e-08 0.32002723 0 -1 7.54979e-08 0 1 0 255
-0.13735072 2.4161384e-08 0.32002723 0 -1 7.54979e-08 1 2 0 255
-0.117350735 2.4161384e-08 0.32002723 0 -1 7.54979e-08 0 0 0 255
-0.097350754 2.4161384e-08 0.32002723 0 -1 7.54979e-08 0 0 0 255
-0.07735077 2.4161384e-08 0.32002723 0 -1 7.54979e-08 0 0 0 255
-0.057350796 2.4161384e-08 0.32002723 0 -1 7.54979e-08 0 0 0 255
-0.037350696 2.4161384e-08 0.32002723 0 -1 7.54979e-08 2 5 1 255
-0.017350713 2.4161384e-08 0.32002723 0 -1 7.54979e-08 36 39 35 255
0.0026492677 2.4161384e-08 0.32002723 0 -1 7.54979e-08 45 37 24 255
0.022649249 2.4161384e-08 0.32002723 0 -1 7.54979e-08 2 1 0 255
0.042649228 2.4161384e-08 0.32002723 0 -1 7.54979e-08 0 0 0 255
0.06264921 2.4161384e-08 0.32002723 0 -1 7.54979e-08 0 0 0 255
0.08264931 2.4161384e-08 0.32002723 0 -1 7.54979e-08 0 0 0 255
0.102649294 2.4161384e-08 0.32002723 0 -1 7.54979e-08 0 0 0 255
0.122649275 2.4161384e-08 0.32002723 0 -1 7.54979e-08 0 0 0 255
0.14264925 2.4161384e-08 0.32002723 0 -1 7.54979e-08 0 0 0 255
0.16264923 2.4161384e-08 0.32002723 0 -1 7.54979e-08 0 0 0 255
0.18264921 2.4161384e-08 0.32002723 0 -1 7.54979e-08 0 0 0 255
0.20264919 2.4161384e-08 0.32002723 0 -1 7.54979e-08 0 0 0 255
0.22264929 2.4161384e-08 0.32002723 0 -1 7.54979e-08 0 0 0 255
0.24264927 2.4161384e-08 0.32002723 0 -1 7.54979e-08 0 0 0 255
0.26264924 2.4161384e-08 0.32002723 0 -1 7.54979e-08 0 0 0 255
0.28264922 2.4161384e-08 0.32002723 0 -1 7.54979e-08 0 0 0 255
0.3026492 2.4161384e-08 0.32002723 0 -1 7.54979e-08 0 0 0 255
0.32264918 2.4161384e-08 0.32002723 0 -1 7.54979e-08 0 0 0 255
0.34264928 2.4161384e-08 0.32002723 0 -1 7.54979e-08 0 0 0 255
0.36264926 2.4161384e-08 0.32002723 0 -1 7.54979e-08 0 0 0 255
0.38264924 2.4161384e-08 0.32002723 0 -1 7.54979e-08 1 4 0 255
0.40264922 2.4161384e-08 0.32002723 0 -1 7.54979e-08 0 0 0 255
0.4226492 2.4161384e-08 0.32002723 0 -1 7.54979e-08 0 0 0 255
0.4426492 2.4161384e-08 0.32002723 0 -1 7.54979e-08 0 0 0 255
0.46264917 2.4161384e-08 0.32002723 0 -1 7.54979e-08 0 0 0 255
0.48264927 2.4161384e-08 0.32002723 0 -1 7.54979e-08 18 11 3 255
0.50264925 2.4161384e-08 0.32002723 0 -1 7.54979e-08 1 4 0 255
0.5226492 2.4161384e-08 0.32002723 0 -1 7.54979e-08 0 0 0 255
0.5426492 2.4161384e-08 0.32002723 0 -1 7.54979e-08 0 0 0 255
0.5626492 2.4161384e-08 0.32002723 0 -1 7.54979e-08 0 0 0 255
0.5826492 2.4161384e-08 0.32002723 0 -1 7.54979e-08 0 0 0 255
0.6026493 2.4161384e-08 0.32002723 0 -1 7.54979e-08 0 0 0 255
0.62264925 2.4161384e-08 0.32002723 0 -1 7.54979e-08 0 0 0 255
0.64264923 2.4161384e-08 0.32002723 0 -1 7.54979e-08 0 0 0 255
0.6626492 2.4161384e-08 0.32002723 0 -1 7.54979e-08 0 0 0 255
0.6826492 2.4161384e-08 0.32002723 0 -1 7.54979e-08 49 34 15 255
0.7026492 2.4161384e-08 0.32002723 0 -1 7.54979e-08 31 24 8 255
0.7226493 2.4161384e-08 0.32002723 0 -1 7.54979e-08 16 12 8 255
-0.85735077 2.5671346e-08 0.34002727 0 -1 7.54979e-08 2 1 0 255
-0.8373508 2.5671346e-08 0.34002727 0 -1 7.54979e-08 119 77 42 255
-0.81735075 2.5671346e-08 0.34002727 0 -1 7.54979e-08 93 63 32 255
-0.7973507 2.5671346e-08 0.34002727 0 -1 7.54979e-08 81 57 27 255
-0.7773507 2.5671346e-08 0.34002727 0 -1 7.54979e-08 70 50 23 255
-0.75735074 2.5671346e-08 0.34002727 0 -1 7.54979e-08 55 43 20 255
-0.73735076 2.5671346e-08 0.34002727 0 -1 7.54979e-08 49 38 17 255
-0.7173508 2.5671346e-08 0.34002727 0 -1 7.54979e-08 54 43 19 255
-0.69735074 2.5671346e-08 0.34002727 0 -1 7.54979e-08 59 45 20 255
-0.67735076 2.5671346e-08 0.34002727 0 -1 7.54979e-08 71 51 24 255
-0.6573507 2.5671346e-08 0.34002727 0 -1 7.54979e-08 82 56 28 255
-0.63735074 2.5671346e-08 0.34002727 0 -1 7.54979e-08 98 65 33 255
-0.61735076 2.5671346e-08 0.34002727 0 -1 7.54979e-08 98 65 33 255
-0.5973508 2.5671346e-08 0.34002727 0 -1 7.54979e-08 106 70 37 255
-0.57735074 2.5671346e-08 0.34002727 0 -1 7.54979e-08 93 63 32 255
-0.55735075 2.5671346e-08 0.34002727 0 -1 7.54979e-08 77 54 26 255
-0.5373508 2.5671346e-08 0.34002727 0 -1 7.54979e-08 55 41 17 255
-0.51735073 2.5671346e-08 0.34002727 0 -1 7.54979e-08 44 34 13 255
-0.49735075 2.5671346e-08 0.34002727 0 -1 7.54979e-08 39 31 11 255
-0.47735077 2.5671346e-08 0.34002727 0 -1 7.54979e-08 45 35 14 255
-0.45735073 2.5671346e-08 0.34002727 0 -1 7.54979e-08 55 41 19 255
-0.43735075 2.5671346e-08 0.34002727 0 -1 7.54979e-08 76 54 26 255
-0.41735077 2.5671346e-08 0.34002727 0 -1 7.54979e-08 90 61 31 255
-0.39735073 2.5671346e-08 0.34002727 0 -1 7.54979e-08 96 64 33 255
-0.37735075 2.5671346e-08 0.34002727 0 -1 7.54979e-08 80 57 28 255
-0.35735077 2.5671346e-08 0.34002727 0 -1 7.54979e-08 67 49 23 255
-0.3373508 2.5671346e-08 0.34002727 0 -1 7.54979e-08 61 45 20 255
-0.31735075 2.5671346e-08 0.34002727 0 -1 7.54979e-08 61 45 22 255
-0.29735076 2.5671346e-08 0.34002727 0 -1 7.54979e-08 68 49 22 255
-0.27735078 2.5671346e-08 0.34002727 0 -1 7.54979e-08 78 55 26 255
-0.25735074 2.5671346e-08 0.34002727 0 -1 7.54979e-08 40 29 13 255
-0.23735075 2.5671346e-08 0.34002727 0 -1 7.54979e-08 0 0 0 255
-0.21735077 2.5671346e-08 0.34002727 0 -1 7.54979e-08 0 0 0 255
-0.19735073 2.5671346e-08 0.34002727 0 -1 7.54979e-08 0 0 0 255
-0.17735074 2.5671346e-08 0.34002727 0 -1 7.54979e-08 0 1 0 255
-0.15735076 2.5671346e-08 0.34002727 0 -1 7.54979e-08 3 9 1 255
-0.13735072 2.5671346e-08 0.34002727 0 -1 7.54979e-08 0 0 0 255
-0.117350735 2.5671346e-08 0.34002727 0 -1 7.54979e-08 0 0 0 255
-0.097350754 2.5671346e-08 0.34002727 0 -1 7.54979e-08 4 11 2 255
-0.07735077 2.5671346e-08 0.34002727 0 -1 7.54979e-08 0 0 0 255
-0.057350796 2.5671346e-08 0.34002727 0 -1 7.54979e-08 0 0 0 255
-0.037350696 2.5671346e-08 0.34002727 0 -1 7.54979e-08 19 21 19 255
-0.017350713 2.5671346e-08 0.34002727 0 -1 7.54979e-08 131 132 130 255
0.0026492677 2.5671346e-08 0.34002727 0 -1 7.54979e-08 159 155 150 255
0.022649249 2.5671346e-08 0.34002727 0 -1 7.54979e-08 8 8 8 255
0.042649228 2.5671346e-08 0.34002727 0 -1 7.54979e-08 0 0 0 255
0.06264921 2.5671346e-08 0.34002727 0 -1 7.54979e-08 0 0 0 255
0.08264931 2.5671346e-08 0.34002727 0 -1 7.54979e-08 0 0 0 255
0.102649294 2.5671346e-08 0.34002727 0 -1 7.54979e-08 0 0 0 255
0.122649275 2.5671346e-08 0.34002727 0 -1 7.54979e-08 0 0 0 255
0.14264925 2.5671346e-08 0.34002727 0 -1 7.54979e-08 0 0 0 255
0.16264923 2.5671346e-08 0.34002727 0 -1 7.54979e-08 0 0 0 255
0.18264921 2.5671346e-08 0.34002727 0 -1 7.54979e-08 0 0 0 255
0.20264919 2.5671346e-08 0.34002727 0 -1 7.54979e-08 0 0 0 255
0.22264929 2.5671346e-08 0.34002727 0 -1 7.54979e-08 0 0 0 255
0.24264927 2.5671346e-08 0.34002727 0 -1 7.54979e-08 0 0 0 255
0.26264924 2.5671346e-08 0.34002727 0 -1 7.54979e-08 0 0 0 255
0.28264922 2.5671346e-08 0.34002727 0 -1 7.54979e-08 0 0 0 255
0.3026492 2.5671346e-08 0.34002727 0 -1 7.54979e-08 0 0 0 255
0.32264918 2.5671346e-08 0.34002727 0 -1 7.54979e-08 0 0 0 255
0.34264928 2.5671346e-08 0.34002727 0 -1 7.54979e-08 23 18 6 255
0.36264926 2.5671346e-08 0.34002727 0 -1 7.54979e-08 0 0 0 255
0.38264924 2.5671346e-08 0.34002727 0 -1 7.54979e-08 0 0 0 255
0.40264922 2.5671346e-08 0.34002727 0 -1 7.54979e-08 0 0 0 255
0.4226492 2.5671346e-08 0.34002727 0 -1 7.54979e-08 0 0 0 255
0.4426492 2.5671346e-08 0.34002727 0 -1 7.54979e-08 0 0 0 255
0.46264917 2.5671346e-08 0.34002727 0 -1 7.54979e-08 0 0 0 255
0.48264927 2.5671346e-08 0.34002727 0 -1 7.54979e-08 18 11 3 255
0.50264925 2.5671346e-08 0.34002727 0 -1 7.54979e-08 4 10 2 255
0.5226492 2.5671346e-08 0.34002727 0 -1 7.54979e-08 0 0 0 255
0.5426492 2.5671346e-08 0.34002727 0 -1 7.54979e-08 0 0 0 255
0.5626492 2.5671346e-08 0.34002727 0 -1 7.54979e-08 0 0 0 255
0.5826492 2.5671346e-08 0.34002727 0 -1 7.54979e-08 0 0 0 255
0.6026493 2.5671346e-08 0.34002727 0 -1 7.54979e-08 0 0 0 255
0.62264925 2.5671346e-08 0.34002727 0 -1 7.54979e-08 0 0 0 255
0.64264923 2.5671346e-08 0.34002727 0 -1 7.54979e-08 0 0 0 255
0.6626492 2.5671346e-08 0.34002727 0 -1 7.54979e-08 0 0 0 255
0.6826492 2.5671346e-08 0.34002727 0 -1 7.54979e-08 42 32 13 255
0.7026492 2.5671346e-08 0.34002727 0 -1 7.54979e-08 10 8 3 255
0.7226493 2.5671346e-08 0.34002727 0 -1 7.54979e-08 8 13 3 255
0.74264926 2.5671346e-08 0.34002727 0 -1 7.54979e-08 40 29 17 255
-0.85735077 2.7181303e-08 0.36002725 0 -1 7.54979e-08 0 0 0 255
-0.8373508 2.7181303e-08 0.36002725 0 -1 7.54979e-08 50 32 17 255
-0.81735075 2.7181303e-08 0.36002725 0 -1 7.54979e-08 111 73 38 255
-0.7973507 2.7181303e-08 0.36002725 0 -1 7.54979e-08 116 75 41 255
-0.7773507 2.7181303e-08 0.36002725 0 -1 7.54979e-08 106 70 36 255
-0.75735074 2.7181303e-08 0.36002725 0 -1 7.54979e-08 88 59 30 255
-0.73735076 2.7181303e-08 0.36002725 0 -1 7.54979e-08 67 51 23 255
-0.7173508 2.7181303e-08 0.36002725 0 -1 7.54979e-08 70 52 27 255
-0.69735074 2.7181303e-08 0.36002725 0 -1 7.54979e-08 85 59 29 255
-0.67735076 2.7181303e-08 0.36002725 0 -1 7.54979e-08 109 71 38 255
-0.6573507 2.7181303e-08 0.36002725 0 -1 7.54979e-08 121 78 43 255
-0.63735074 2.7181303e-08 0.36002725 0 -1 7.54979e-08 113 74 39 255
-0.61735076 2.7181303e-08 0.36002725 0 -1 7.54979e-08 78 54 26 255
-0.5973508 2.7181303e-08 0.36002725 0 -1 7.54979e-08 71 50 25 255
-0.57735074 2.7181303e-08 0.36002725 0 -1 7.54979e-08 56 42 18 255
-0.55735075 2.7181303e-08 0.36002725 0 -1 7.54979e-08 45 35 14 255
-0.5373508 2.7181303e-08 0.36002725 0 -1 7.54979e-08 39 31 11 255
-0.51735073 2.7181303e-08 0.36002725 0 -1 7.54979e-08 40 31 12 255
-0.49735075 2.7181303e-08 0.36002725 0 -1 7.54979e-08 54 40 18 255
-0.47735077 2.7181303e-08 0.36002725 0 -1 7.54979e-08 67 49 23 255
-0.45735073 2.7181303e-08 0.36002725 0 -1 7.54979e-08 87 59 30 255
-0.43735075 2.7181303e-08 0.36002725 0 -1 7.54979e-08 97 64 33 255
-0.41735077 2.7181303e-08 0.36002725 0 -1 7.54979e-08 85 61 29 255
-0.39735073 2.7181303e-08 0.36002725 0 -1 7.54979e-08 72 52 26 255
-0.37735075 2.7181303e-08 0.36002725 0 -1 7.54979e-08 65 49 24 255
-0.35735077 2.7181303e-08 0.36002725 0 -1 7.54979e-08 62 46 22 255
-0.3373508 2.7181303e-08 0.36002725 0 -1 7.54979e-08 65 47 22 255
-0.31735075 2.7181303e-08 0.36002725 0 -1 7.54979e-08 73 54 25 255
-0.29735076 2.7181303e-08 0.36002725 0 -1 7.54979e-08 85 59 29 255
-0.27735078 2.7181303e-08 0.36002725 0 -1 7.54979e-08 89 62 30 255
-0.25735074 2.7181303e-08 0.36002725 0 -1 7.54979e-08 49 34 16 255
-0.23735075 2.7181303e-08 0.36002725 0 -1 7.54979e-08 0 0 0 255
-0.21735077 2.7181303e-08 0.36002725 0 -1 7.54979e-08 0 0 0 255
-0.19735073 2.7181303e-08 0.36002725 0 -1 7.54979e-08 0 0 0 255
-0.17735074 2.7181303e-08 0.36002725 0 -1 7.54979e-08 0 0 0 255
-0.15735076 2.7181303e-08 0.36002725 0 -1 7.54979e-08 1 3 0 255
-0.13735072 2.7181303e-08 0.36002725 0 -1 7.54979e-08 0 0 0 255
-0.117350735 2.7181303e-08 0.36002725 0 -1 7.54979e-08 0 0 0 255
-0.097350754 2.7181303e-08 0.36002725 0 -1 7.54979e-08 1 4 0 255
-0.07735077 2.7181303e-08 0.36002725 0 -1 7.54979e-08 0 0 0 255
-0.057350796 2.7181303e-08 0.36002725 0 -1 7.54979e-08 0 0 0 255
-0.037350696 2.7181303e-08 0.36002725 0 -1 7.54979e-08 16 16 16 255
-0.017350713 2.7181303e-08 0.36002725 0 -1 7.54979e-08 96 96 96 255
0.0026492677 2.7181303e-08 0.36002725 0 -1 7.54979e-08 99 99 99 255
0.022649249 2.7181303e-08 0.36002725 0 -1 7.54979e-08 5 5 5 255
0.042649228 2.7181303e-08 0.36002725 0 -1 7.54979e-08 0 0 0 255
0.06264921 2.7181303e-08 0.36002725 0 -1 7.54979e-08 0 0 0 255
0.08264931 2.7181303e-08 0.36002725 0 -1 7.54979e-08 0 0 0 255
0.102649294 2.7181303e-08 0.36002725 0 -1 7.54979e-08 0 0 0 255
0.122649275 2.7181303e-08 0.36002725 0 -1 7.54979e-08 0 0 0 255
0.14264925 2.7181303e-08 0.36002725 0 -1 7.54979e-08 0 0 0 255
0.16264923 2.7181303e-08 0.36002725 0 -1 7.54979e-08 0 0 0 255
0.18264921 2.7181303e-08 0.36002725 0 -1 7.54979e-08 0 0 0 255
0.20264919 2.7181303e-08 0.36002725 0 -1 7.54979e-08 0 0 0 255
0.22264929 2.7181303e-08 0.36002725 0 -1 7.54979e-08 0 0 0 255
0.24264927 2.7181303e-08 0.36002725 0 -1 7.54979e-08 0 0 0 255
0.26264924 2.7181303e-08 0.36002725 0 -1 7.54979e-08 0 0 0 255
0.28264922 2.7181303e-08 0.36002725 0 -1 7.54979e-08 0 0 0 255
0.3026492 2.7181303e-08 0.36002725 0 -1 7.54979e-08 20 20 20 255
0.32264918 2.7181303e-08 0.36002725 0 -1 7.54979e-08 111 111 111 255
0.34264928 2.7181303e-08 0.36002725 0 -1 7.54979e-08 157 156 151 255
0.36264926 2.7181303e-08 0.36002725 0 -1 7.54979e-08 88 88 88 255
0.38264924 2.7181303e-08 0.36002725 0 -1 7.54979e-08 0 0 0 255
0.40264922 2.7181303e-08 0.36002725 0 -1 7.54979e-08 0 0 0 255
0.4226492 2.7181303e-08 0.36002725 0 -1 7.54979e-08 0 0 0 255
0.4426492 2.7181303e-08 0.36002725 0 -1 7.54979e-08 0 0 0 255
0.46264917 2.7181303e-08 0.36002725 0 -1 7.54979e-08 0 0 0 255
0.48264927 2.7181303e-08 0.36002725 0 -1 7.54979e-08 29 27 25 255
0.50264925 2.7181303e-08 0.36002725 0 -1 7.54979e-08 36 41 35 255
0.5226492 2.7181303e-08 0.36002725 0 -1 7.54979e-08 3 7 1 255
0.5426492 2.7181303e-08 0.36002725 0 -1 7.54979e-08 0 0 0 255
0.5626492 2.7181303e-08 0.36002725 0 -1 7.54979e-08 0 0 0 255
0.5826492 2.7181303e-08 0.36002725 0 -1 7.54979e-08 0 0 0 255
0.6026493 2.7181303e-08 0.36002725 0 -1 7.54979e-08 0 0 0 255
0.62264925 2.7181303e-08 0.36002725 0 -1 7.54979e-08 0 0 0 255
0.64264923 2.7181303e-08 0.36002725 0 -1 7.54979e-08 0 0 0 255
0.6626492 2.7181303e-08 0.36002725 0 -1 7.54979e-08 0 0 0 255
0.6826492 2.7181303e-08 0.36002725 0 -1 7.54979e-08 34 27 10 255
0.7026492 2.7181303e-08 0.36002725 0 -1 7.54979e-08 0 1 0 255
0.7226493 2.7181303e-08 0.36002725 0 -1 7.54979e-08 8 18 3 255
0.74264926 2.7181303e-08 0.36002725 0 -1 7.54979e-08 16 17 4 255
0.76264924 2.7181303e-08 0.36002725 0 -1 7.54979e-08 53 37 24 255
-0.8373508 2.8691263e-08 0.3800273 0 -1 7.54979e-08 26 17 9 255
-0.81735075 2.8691263e-08 0.3800273 0 -1 7.54979e-08 132 86 48 255
-0.7973507 2.8691263e-08 0.3800273 0 -1 7.54979e-08 115 76 41 255
-0.7773507 2.8691263e-08 0.3800273 0 -1 7.54979e-08 97 66 33 255
-0.75735074 2.8691263e-08 0.3800273 0 -1 7.54979e-08 101 66 35 255
-0.73735076 2.8691263e-08 0.3800273 0 -1 7.54979e-08 116 76 41 255
-0.7173508 2.8691263e-08 0.3800273 0 -1 7.54979e-08 116 75 42 255
-0.69735074 2.8691263e-08 0.3800273 0 -1 7.54979e-08 120 77 43 255
-0.67735076 2.8691263e-08 0.3800273 0 -1 7.54979e-08 114 73 40 255
-0.6573507 2.8691263e-08 0.3800273 0 -1 7.54979e-08 90 61 31 255
-0.63735074 2.8691263e-08 0.3800273 0 -1 7.54979e-08 73 51 24 255
-0.61735076 2.8691263e-08 0.3800273 0 -1 7.54979e-08 46 36 14 255
-0.5973508 2.8691263e-08 0.3800273 0 -1 7.54979e-08 44 35 14 255
-0.57735074 2.8691263e-08 0.3800273 0 -1 7.54979e-08 49 37 15 255
-0.55735075 2.8691263e-08 0.3800273 0 -1 7.54979e-08 55 42 19 255
-0.5373508 2.8691263e-08 0.3800273 0 -1 7.54979e-08 74 53 25 255
-0.51735073 2.8691263e-08 0.3800273 0 -1 7.54979e-08 86 58 29 255
-0.49735075 2.8691263e-08 0.3800273 0 -1 7.54979e-08 99 66 34 255
-0.47735077 2.8691263e-08 0.3800273 0 -1 7.54979e-08 96 65 33 255
-0.45735073 2.8691263e-08 0.3800273 0 -1 7.54979e-08 86 61 30 255
-0.43735075 2.8691263e-08 0.3800273 0 -1 7.54979e-08 75 53 27 255
-0.41735077 2.8691263e-08 0.3800273 0 -1 7.54979e-08 66 50 24 255
-0.39735073 2.8691263e-08 0.3800273 0 -1 7.54979e-08 63 47 23 255
-0.37735075 2.8691263e-08 0.3800273 0 -1 7.54979e-08 70 51 24 255
-0.35735077 2.8691263e-08 0.3800273 0 -1 7.54979e-08 83 58 29 255
-0.3373508 2.8691263e-08 0.3800273 0 -1 7.54979e-08 93 62 32 255
-0.31735075 2.8691263e-08 0.3800273 0 -1 7.54979e-08 95 64 33 255
-0.29735076 2.8691263e-08 0.3800273 0 -1 7.54979e-08 107 71 37 255
-0.27735078 2.8691263e-08 0.3800273 0 -1 7.54979e-08 107 71 37 255
-0.25735074 2.8691263e-08 0.3800273 0 -1 7.54979e-08 62 41 21 255
-0.23735075 2.8691263e-08 0.3800273 0 -1 7.54979e-08 0 0 0 255
-0.21735077 2.8691263e-08 0.3800273 0 -1 7.54979e-08 0 0 0 255
-0.19735073 2.8691263e-08 0.3800273 0 -1 7.54979e-08 0 0 0 255
-0.17735074 2.8691263e-08 0.3800273 0 -1 7.54979e-08 0 0 0 255
-0.15735076 2.8691263e-08 0.3800273 0 -1 7.54979e-08 0 0 0 255
-0.13735072 2.8691263e-08 0.3800273 0 -1 7.54979e-08 0 0 0 255
-0.117350735 2.8691263e-08 0.3800273 0 -1 7.54979e-08 0 0 0 255
-0.097350754 2.8691263e-08 0.3800273 0 -1 7.54979e-08 0 0 0 255
-0.07735077 2.8691263e-08 0.3800273 0 -1 7.54979e-08 0 0 0 255
-0.057350796 2.8691263e-08 0.3800273 0 -1 7.54979e-08 0 0 0 255
-0.037350696 2.8691263e-08 0.3800273 0 -1 7.54979e-08 5 8 4 255
-0.017350713 2.8691263e-08 0.3800273 0 -1 7.54979e-08 29 29 21 255
0.0026492677 2.8691263e-08 0.3800273 0 -1 7.54979e-08 19 18 17 255
0.022649249 2.8691263e-08 0.3800273 0 -1 7.54979e-08 0 0 0 255
0.042649228 2.8691263e-08 0.3800273 0 -1 7.54979e-08 0 0 0 255
0.06264921 2.8691263e-08 0.3800273 0 -1 7.54979e-08 0 0 0 255
0.08264931 2.8691263e-08 0.3800273 0 -1 7.54979e-08 0 0 0 255
0.102649294 2.8691263e-08 0.3800273 0 -1 7.54979e-08 0 0 0 255
0.122649275 2.8691263e-08 0.3800273 0 -1 7.54979e-08 0 0 0 255
0.14264925 2.8691263e-08 0.3800273 0 -1 7.54979e-08 0 0 0 255
0.16264923 2.8691263e-08 0.3800273 0 -1 7.54979e-08 0 0 0 255
0.18264921 2.8691263e-08 0.3800273 0 -1 7.54979e-08 0 0 0 255
0.20264919 2.8691263e-08 0.3800273 0 -1 7.54979e-08 0 0 0 255
0.22264929 2.8691263e-08 0.3800273 0 -1 7.54979e-08 0 0 0 255
0.24264927 2.8691263e-08 0.3800273 0 -1 7.54979e-08 0 0 0 255
0.26264924 2.8691263e-08 0.3800273 0 -1 7.54979e-08 0 0 0 255
0.28264922 2.8691263e-08 0.3800273 0 -1 7.54979e-08 0 0 0 255
0.3026492 2.8691263e-08 0.3800273 0 -1 7.54979e-08 22 22 22 255
0.32264918 2.8691263e-08 0.3800273 0 -1 7.54979e-08 148 148 148 255
0.34264928 2.8691263e-08 0.3800273 0 -1 7.54979e-08 216 216 216 255
0.36264926 2.8691263e-08 0.3800273 0 -1 7.54979e-08 124 124 124 255
0.38264924 2.8691263e-08 0.3800273 0 -1 7.54979e-08 4 11 2 255
0.40264922 2.8691263e-08 0.3800273 0 -1 7.54979e-08 0 0 0 255
0.4226492 2.8691263e-08 0.3800273 0 -1 7.54979e-08 0 0 0 255
0.4426492 2.8691263e-08 0.3800273 0 -1 7.54979e-08 0 0 0 255
0.46264917 2.8691263e-08 0.3800273 0 -1 7.54979e-08 0 0 0 255
0.48264927 2.8691263e-08 0.3800273 0 -1 7.54979e-08 45 45 45 255
0.50264925 2.8691263e-08 0.3800273 0 -1 7.54979e-08 87 88 87 255
0.5226492 2.8691263e-08 0.3800273 0 -1 7.54979e-08 18 20 18 255
0.5426492 2.8691263e-08 0.3800273 0 -1 7.54979e-08 0 0 0 255
0.5626492 2.8691263e-08 0.3800273 0 -1 7.54979e-08 0 0 0 255
0.5826492 2.8691263e-08 0.3800273 0 -1 7.54979e-08 0 0 0 255
0.6026493 2.8691263e-08 0.3800273 0 -1 7.54979e-08 0 0 0 255
0.62264925 2.8691263e-08 0.3800273 0 -1 7.54979e-08 0 0 0 255
0.64264923 2.8691263e-08 0.3800273 0 -1 7.54979e-08 0 0 0 255
0.6626492 2.8691263e-08 0.3800273 0 -1 7.54979e-08 0 0 0 255
0.6826492 2.8691263e-08 0.3800273 0 -1 7.54979e-08 34 27 10 255
0.7026492 2.8691263e-08 0.3800273 0 -1 7.54979e-08 0 1 0 255
0.7226493 2.8691263e-08 0.3800273 0 -1 7.54979e-08 7 19 3 255
0.74264926 2.8691263e-08 0.3800273 0 -1 7.54979e-08 18 22 6 255
0.76264924 2.8691263e-08 0.3800273 0 -1 7.54979e-08 37 29 10 255
0.7826492 2.8691263e-08 0.3800273 0 -1 7.54979e-08 63 45 30 255
-0.8373508 3.020122e-08 0.40002728 0 -1 7.54979e-08 6 4 2 255
-0.81735075 3.020122e-08 0.40002728 0 -1 7.54979e-08 34 22 12 255
-0.7973507 3.020122e-08 0.40002728 0 -1 7.54979e-08 85 56 31 255
-0.7773507 3.020122e-08 0.40002728 0 -1 7.54979e-08 125 83 46 255
-0.75735074 3.020122e-08 0.40002728 0 -1 7.54979e-08 123 78 44 255
-0.73735076 3.020122e-08 0.40002728 0 -1 7.54979e-08 117 76 41 255
-0.7173508 3.020122e-08 0.40002728 0 -1 7.54979e-08 117 76 41 255
-0.69735074 3.020122e-08 0.40002728 0 -1 7.54979e-08 117 76 41 255
-0.67735076 3.020122e-08 0.40002728 0 -1 7.54979e-08 113 74 39 255
-0.6573507 3.020122e-08 0.40002728 0 -1 7.54979e-08 104 69 35 255
-0.63735074 3.020122e-08 0.40002728 0 -1 7.54979e-08 91 60 31 255
-0.61735076 3.020122e-08 0.40002728 0 -1 7.54979e-08 97 64 33 255
-0.5973508 3.020122e-08 0.40002728 0 -1 7.54979e-08 99 65 34 255
-0.57735074 3.020122e-08 0.40002728 0 -1 7.54979e-08 89 59 30 255
-0.55735075 3.020122e-08 0.40002728 0 -1 7.54979e-08 85 59 29 255
-0.5373508 3.020122e-08 0.40002728 0 -1 7.54979e-08 89 62 31 255
-0.51735073 3.020122e-08 0.40002728 0 -1 7.54979e-08 78 55 26 255
-0.49735075 3.020122e-08 0.40002728 0 -1 7.54979e-08 81 56 27 255
-0.47735077 3.020122e-08 0.40002728 0 -1 7.54979e-08 76 54 26 255
-0.45735073 3.020122e-08 0.40002728 0 -1 7.54979e-08 67 50 24 255
-0.43735075 3.020122e-08 0.40002728 0 -1 7.54979e-08 68 49 23 255
-0.41735077 3.020122e-08 0.40002728 0 -1 7.54979e-08 91 61 32 255
-0.39735073 3.020122e-08 0.40002728 0 -1 7.54979e-08 107 70 38 255
-0.37735075 3.020122e-08 0.40002728 0 -1 7.54979e-08 109 72 38 255
-0.35735077 3.020122e-08 0.40002728 0 -1 7.54979e-08 110 73 38 255
-0.3373508 3.020122e-08 0.40002728 0 -1 7.54979e-08 110 72 38 255
-0.31735075 3.020122e-08 0.40002728 0 -1 7.54979e-08 121 77 43 255
-0.29735076 3.020122e-08 0.40002728 0 -1 7.54979e-08 125 80 45 255
-0.27735078 3.020122e-08 0.40002728 0 -1 7.54979e-08 125 80 45 255
-0.25735074 3.020122e-08 0.40002728 0 -1 7.54979e-08 72 46 26 255
-0.23735075 3.020122e-08 0.40002728 0 -1 7.54979e-08 0 0 0 255
-0.21735077 3.020122e-08 0.40002728 0 -1 7.54979e-08 0 0 0 255
-0.19735073 3.020122e-08 0.40002728 0 -1 7.54979e-08 0 0 0 255
-0.17735074 3.020122e-08 0.40002728 0 -1 7.54979e-08 0 0 0 255
-0.15735076 3.020122e-08 0.40002728 0 -1 7.54979e-08 1 4 0 255
-0.13735072 3.020122e-08 0.40002728 0 -1 7.54979e-08 2 7 1 255
-0.117350735 3.020122e-08 0.40002728 0 -1 7.54979e-08 0 0 0 255
-0.097350754 3.020122e-08 0.40002728 0 -1 7.54979e-08 0 0 0 255
-0.07735077 3.020122e-08 0.40002728 0 -1 7.54979e-08 0 0 0 255
-0.057350796 3.020122e-08 0.40002728 0 -1 7.54979e-08 0 0 0 255
-0.037350696 3.020122e-08 0.40002728 0 -1 7.54979e-08 3 7 1 255
-0.017350713 3.020122e-08 0.40002728 0 -1 7.54979e-08 9 18 3 255
0.0026492677 3.020122e-08 0.40002728 0 -1 7.54979e-08 2 4 0 255
0.022649249 3.020122e-08 0.40002728 0 -1 7.54979e-08 0 0 0 255
0.042649228 3.020122e-08 0.40002728 0 -1 7.54979e-08 0 0 0 255
0.06264921 3.020122e-08 0.40002728 0 -1 7.54979e-08 0 0 0 255
0.08264931 3.020122e-08 0.40002728 0 -1 7.54979e-08 0 0 0 255
0.102649294 3.020122e-08 0.40002728 0 -1 7.54979e-08 0 0 0 255
0.122649275 3.020122e-08 0.40002728 0 -1 7.54979e-08 0 0 0 255
0.14264925 3.020122e-08 0.40002728 0 -1 7.54979e-08 0 0 0 255
0.16264923 3.020122e-08 0.40002728 0 -1 7.54979e-08 0 0 0 255
0.18264921 3.020122e-08 0.40002728 0 -1 7.54979e-08 0 0 0 255
0.20264919 3.020122e-08 0.40002728 0 -1 7.54979e-08 0 0 0 255
0.22264929 3.020122e-08 0.40002728 0 -1 7.54979e-08 0 0 0 255
0.24264927 3.020122e-08 0.40002728 0 -1 7.54979e-08 0 0 0 255
0.26264924 3.020122e-08 0.40002728 0 -1 7.54979e-08 0 0 0 255
0.28264922 3.020122e-08 0.40002728 0 -1 7.54979e-08 0 0 0 255
0.3026492 3.020122e-08 0.40002728 0 -1 7.54979e-08 4 4 4 255
0.32264918 3.020122e-08 0.40002728 0 -1 7.54979e-08 51 51 51 255
0.34264928 3.020122e-08 0.40002728 0 -1 7.54979e-08 90 90 90 255
0.36264926 3.020122e-08 0.40002728 0 -1 7.54979e-08 60 54 40 255
0.38264924 3.020122e-08 0.40002728 0 -1 7.54979e-08 1 3 0 255
0.40264922 3.020122e-08 0.40002728 0 -1 7.54979e-08 0 0 0 255
0.4226492 3.020122e-08 0.40002728 0 -1 7.54979e-08 0 0 0 255
0.4426492 3.020122e-08 0.40002728 0 -1 7.54979e-08 0 0 0 255
0.46264917 3.020122e-08 0.40002728 0 -1 7.54979e-08 0 0 0 255
0.48264927 3.020122e-08 0.40002728 0 -1 7.54979e-08 26 21 15 255
0.50264925 3.020122e-08 0.40002728 0 -1 7.54979e-08 36 31 27 255
0.5226492 3.020122e-08 0.40002728 0 -1 7.54979e-08 5 5 5 255
0.5426492 3.020122e-08 0.40002728 0 -1 7.54979e-08 0 0 0 255
0.5626492 3.020122e-08 0.40002728 0 -1 7.54979e-08 0 0 0 255
0.5826492 3.020122e-08 0.40002728 0 -1 7.54979e-08 0 0 0 255
0.6026493 3.020122e-08 0.40002728 0 -1 7.54979e-08 0 0 0 255
0.62264925 3.020122e-08 0.40002728 0 -1 7.54979e-08 0 0 0 255
0.64264923 3.020122e-08 0.40002728 0 -1 7.54979e-08 0 0 0 255
0.6626492 3.020122e-08 0.40002728 0 -1 7.54979e-08 0 0 0 255
0.6826492 3.020122e-08 0.40002728 0 -1 7.54979e-08 8 6 2 255
0.7026492 3.020122e-08 0.40002728 0 -1 7.54979e-08 0 1 0 255
0.7226493 3.020122e-08 0.40002728 0 -1 7.54979e-08 13 21 5 255
0.74264926 3.020122e-08 0.40002728 0 -1 7.54979e-08 34 29 10 255
0.76264924 3.020122e-08 0.40002728 0 -1 7.54979e-08 39 31 11 255
0.7826492 3.020122e-08 0.40002728 0 -1 7.54979e-08 50 38 16 255
0.8026492 3.020122e-08 0.40002728 0 -1 7.54979e-08 83 57 39 255
-0.81735075 3.1711178e-08 0.42002726 0 -1 7.54979e-08 0 0 0 255
-0.7973507 3.1711178e-08 0.42002726 0 -1 7.54979e-08 18 11 6 255
-0.7773507 3.1711178e-08 0.42002726 0 -1 7.54979e-08 32 21 12 255
-0.75735074 3.1711178e-08 0.42002726 0 -1 7.54979e-08 102 66 35 255
-0.73735076 3.1711178e-08 0.42002726 0 -1 7.54979e-08 106 69 36 255
-0.7173508 3.1711178e-08 0.42002726 0 -1 7.54979e-08 119 77 42 255
-0.69735074 3.1711178e-08 0.42002726 0 -1 7.54979e-08 117 76 40 255
-0.67735076 3.1711178e-08 0.42002726 0 -1 7.54979e-08 113 74 39 255
-0.6573507 3.1711178e-08 0.42002726 0 -1 7.54979e-08 113 74 39 255
-0.63735074 3.1711178e-08 0.42002726 0 -1 7.54979e-08 84 60 29 255
-0.61735076 3.1711178e-08 0.42002726 0 -1 7.54979e-08 80 55 26 255
-0.5973508 3.1711178e-08 0.42002726 0 -1 7.54979e-08 73 51 25 255
-0.57735074 3.1711178e-08 0.42002726 0 -1 7.54979e-08 69 48 23 255
-0.55735075 3.1711178e-08 0.42002726 0 -1 7.54979e-08 69 50 24 255
-0.5373508 3.1711178e-08 0.42002726 0 -1 7.54979e-08 96 64 33 255
-0.51735073 3.1711178e-08 0.42002726 0 -1 7.54979e-08 116 75 41 255
-0.49735075 3.1711178e-08 0.42002726 0 -1 7.54979e-08 133 86 48 255
-0.47735077 3.1711178e-08 0.42002726 0 -1 7.54979e-08 141 92 53 255
-0.45735073 3.1711178e-08 0.42002726 0 -1 7.54979e-08 133 86 49 255
-0.43735075 3.1711178e-08 0.42002726 0 -1 7.54979e-08 118 76 42 255
-0.41735077 3.1711178e-08 0.42002726 0 -1 7.54979e-08 117 75 41 255
-0.39735073 3.1711178e-08 0.42002726 0 -1 7.54979e-08 115 75 40 255
-0.37735075 3.1711178e-08 0.42002726 0 -1 7.54979e-08 115 75 40 255
-0.35735077 3.1711178e-08 0.42002726 0 -1 7.54979e-08 124 81 44 255
-0.3373508 3.1711178e-08 0.42002726 0 -1 7.54979e-08 138 88 50 255
-0.31735075 3.1711178e-08 0.42002726 0 -1 7.54979e-08 144 91 52 255
-0.29735076 3.1711178e-08 0.42002726 0 -1 7.54979e-08 144 91 53 255
-0.27735078 3.1711178e-08 0.42002726 0 -1 7.54979e-08 144 91 53 255
-0.25735074 3.1711178e-08 0.42002726 0 -1 7.54979e-08 83 52 30 255
-0.23735075 3.1711178e-08 0.42002726 0 -1 7.54979e-08 0 0 0 255
-0.21735077 3.1711178e-08 0.42002726 0 -1 7.54979e-08 0 0 0 255
-0.19735073 3.1711178e-08 0.42002726 0 -1 7.54979e-08 0 0 0 255
-0.17735074 3.1711178e-08 0.42002726 0 -1 7.54979e-08 0 0 0 255
-0.15735076 3.1711178e-08 0.42002726 0 -1 7.54979e-08 2 6 1 255
-0.13735072 3.1711178e-08 0.42002726 0 -1 7.54979e-08 3 9 1 255
-0.117350735 3.1711178e-08 0.42002726 0 -1 7.54979e-08 0 0 0 255
-0.097350754 3.1711178e-08 0.42002726 0 -1 7.54979e-08 0 0 0 255
-0.07735077 3.1711178e-08 0.42002726 0 -1 7.54979e-08 0 0 0 255
-0.057350796 3.1711178e-08 0.42002726 0 -1 7.54979e-08 0 0 0 255
-0.037350696 3.1711178e-08 0.42002726 0 -1 7.54979e-08 0 1 0 255
-0.017350713 3.1711178e-08 0.42002726 0 -1 7.54979e-08 1 4 0 255
0.0026492677 3.1711178e-08 0.42002726 0 -1 7.54979e-08 0 1 0 255
0.022649249 3.1711178e-08 0.42002726 0 -1 7.54979e-08 0 0 0 255
0.042649228 3.1711178e-08 0.42002726 0 -1 7.54979e-08 0 0 0 255
0.06264921 3.1711178e-08 0.42002726 0 -1 7.54979e-08 0 0 0 255
0.08264931 3.1711178e-08 0.42002726 0 -1 7.54979e-08 0 0 0 255
0.102649294 3.1711178e-08 0.42002726 0 -1 7.54979e-08 0 0 0 255
0.122649275 3.1711178e-08 0.42002726 0 -1 7.54979e-08 0 0 0 255
0.14264925 3.1711178e-08 0.42002726 0 -1 7.54979e-08 0 0 0 255
0.16264923 3.1711178e-08 0.42002726 0 -1 7.54979e-08 0 0 0 255
0.18264921 3.1711178e-08 0.42002726 0 -1 7.54979e-08 0 0 0 255
0.20264919 3.1711178e-08 0.42002726 0 -1 7.54979e-08 0 0 0 255
0.22264929 3.1711178e-08 0.42002726 0 -1 7.54979e-08 0 0 0 255
0.24264927 3.1711178e-08 0.42002726 0 -1 7.54979e-08 0 0 0 255
0.26264924 3.1711178e-08 0.42002726 0 -1 7.54979e-08 0 0 0 255
0.28264922 3.1711178e-08 0.42002726 0 -1 7.54979e-08 0 0 0 255
0.3026492 3.1711178e-08 0.42002726 0 -1 7.54979e-08 0 0 0 255
0.32264918 3.1711178e-08 0.42002726 0 -1 7.54979e-08 4 4 4 255
0.34264928 3.1711178e-08 0.42002726 0 -1 7.54979e-08 23 18 13 255
0.36264926 3.1711178e-08 0.42002726 0 -1 7.54979e-08 24 16 5 255
0.38264924 3.1711178e-08 0.42002726 0 -1 7.54979e-08 0 0 0 255
0.40264922 3.1711178e-08 0.42002726 0 -1 7.54979e-08 0 0 0 255
0.4226492 3.1711178e-08 0.42002726 0 -1 7.54979e-08 0 0 0 255
0.4426492 3.1711178e-08 0.42002726 0 -1 7.54979e-08 0 0 0 255
0.46264917 3.1711178e-08 0.42002726 0 -1 7.54979e-08 0 0 0 255
0.48264927 3.1711178e-08 0.42002726 0 -1 7.54979e-08 18 12 3 255
0.50264925 3.1711178e-08 0.42002726 0 -1 7.54979e-08 7 12 2 255
0.5226492 3.1711178e-08 0.42002726 0 -1 7.54979e-08 0 0 0 255
0.5426492 3.1711178e-08 0.42002726 0 -1 7.54979e-08 0 0 0 255
0.5626492 3.1711178e-08 0.42002726 0 -1 7.54979e-08 0 0 0 255
0.5826492 3.1711178e-08 0.42002726 0 -1 7.54979e-08 0 0 0 255
0.6026493 3.1711178e-08 0.42002726 0 -1 7.54979e-08 0 0 0 255
0.62264925 3.1711178e-08 0.42002726 0 -1 7.54979e-08 0 0 0 255
0.64264923 3.1711178e-08 0.42002726 0 -1 7.54979e-08 0 0 0 255
0.6626492 3.1711178e-08 0.42002726 0 -1 7.54979e-08 0 0 0 255
0.6826492 3.1711178e-08 0.42002726 0 -1 7.54979e-08 0 0 0 255
0.7026492 3.1711178e-08 0.42002726 0 -1 7.54979e-08 5 15 2 255
0.7226493 3.1711178e-08 0.42002726 0 -1 7.54979e-08 11 18 4 255
0.74264926 3.1711178e-08 0.42002726 0 -1 7.54979e-08 30 22 8 255
0.76264924 3.1711178e-08 0.42002726 0 -1 7.54979e-08 39 31 11 255
0.7826492 3.1711178e-08 0.42002726 0 -1 7.54979e-08 42 33 13 255
0.8026492 3.1711178e-08 0.42002726 0 -1 7.54979e-08 43 34 13 255
-0.7773507 3.3221134e-08 0.44002724 0 -1 7.54979e-08 0 0 0 255
-0.75735074 3.3221134e-08 0.44002724 0 -1 7.54979e-08 77 55 26 255
-0.73735076 3.3221134e-08 0.44002724 0 -1 7.54979e-08 85 61 29 255
-0.7173508 3.3221134e-08 0.44002724 0 -1 7.54979e-08 95 65 33 255
-0.69735074 3.3221134e-08 0.44002724 0 -1 7.54979e-08 84 60 29 255
-0.67735076 3.3221134e-08 0.44002724 0 -1 7.54979e-08 76 54 27 255
-0.6573507 3.3221134e-08 0.44002724 0 -1 7.54979e-08 72 50 24 255
-0.63735074 3.3221134e-08 0.44002724 0 -1 7.54979e-08 63 46 21 255
-0.61735076 3.3221134e-08 0.44002724 0 -1 7.54979e-08 61 45 20 255
-0.5973508 3.3221134e-08 0.44002724 0 -1 7.54979e-08 66 49 23 255
-0.57735074 3.3221134e-08 0.44002724 0 -1 7.54979e-08 83 58 28 255
-0.55735075 3.3221134e-08 0.44002724 0 -1 7.54979e-08 119 77 43 255
-0.5373508 3.3221134e-08 0.44002724 0 -1 7.54979e-08 148 95 55 255
-0.51735073 3.3221134e-08 0.44002724 0 -1 7.54979e-08 156 100 58 255
-0.49735075 3.3221134e-08 0.44002724 0 -1 7.54979e-08 147 94 54 255
-0.47735077 3.3221134e-08 0.44002724 0 -1 7.54979e-08 138 89 51 255
-0.45735073 3.3221134e-08 0.44002724 0 -1 7.54979e-08 129 83 46 255
-0.43735075 3.3221134e-08 0.44002724 0 -1 7.54979e-08 124 79 44 255
-0.41735077 3.3221134e-08 0.44002724 0 -1 7.54979e-08 115 75 40 255
-0.39735073 3.3221134e-08 0.44002724 0 -1 7.54979e-08 116 76 40 255
-0.37735075 3.3221134e-08 0.44002724 0 -1 7.54979e-08 132 86 48 255
-0.35735077 3.3221134e-08 0.44002724 0 -1 7.54979e-08 149 96 55 255
-0.3373508 3.3221134e-08 0.44002724 0 -1 7.54979e-08 173 110 65 255
-0.31735075 3.3221134e-08 0.44002724 0 -1 7.54979e-08 176 112 67 255
-0.29735076 3.3221134e-08 0.44002724 0 -1 7.54979e-08 161 103 60 255
-0.27735078 3.3221134e-08 0.44002724 0 -1 7.54979e-08 158 101 59 255
-0.25735074 3.3221134e-08 0.44002724 0 -1 7.54979e-08 86 54 31 255
-0.23735075 3.3221134e-08 0.44002724 0 -1 7.54979e-08 0 0 0 255
-0.21735077 3.3221134e-08 0.44002724 0 -1 7.54979e-08 0 0 0 255
-0.19735073 3.3221134e-08 0.44002724 0 -1 7.54979e-08 0 0 0 255
-0.17735074 3.3221134e-08 0.44002724 0 -1 7.54979e-08 0 0 0 255
-0.15735076 3.3221134e-08 0.44002724 0 -1 7.54979e-08 0 1 0 255
-0.13735072 3.3221134e-08 0.44002724 0 -1 7.54979e-08 0 2 0 255
-0.117350735 3.3221134e-08 0.44002724 0 -1 7.54979e-08 0 0 0 255
-0.097350754 3.3221134e-08 0.44002724 0 -1 7.54979e-08 0 0 0 255
-0.07735077 3.3221134e-08 0.44002724 0 -1 7.54979e-08 0 0 0 255
-0.057350796 3.3221134e-08 0.44002724 0 -1 7.54979e-08 0 0 0 255
-0.037350696 3.3221134e-08 0.44002724 0 -1 7.54979e-08 0 0 0 255
-0.017350713 3.3221134e-08 0.44002724 0 -1 7.54979e-08 0 0 0 255
0.0026492677 3.3221134e-08 0.44002724 0 -1 7.54979e-08 0 0 0 255
0.022649249 3.3221134e-08 0.44002724 0 -1 7.54979e-08 0 0 0 255
0.042649228 3.3221134e-08 0.44002724 0 -1 7.54979e-08 9 17 6 255
0.06264921 3.3221134e-08 0.44002724 0 -1 7.54979e-08 30 30 30 255
0.08264931 3.3221134e-08 0.44002724 0 -1 7.54979e-08 19 16 13 255
0.102649294 3.3221134e-08 0.44002724 0 -1 7.54979e-08 14 8 2 255
0.122649275 3.3221134e-08 0.44002724 0 -1 7.54979e-08 2 1 0 255
0.14264925 3.3221134e-08 0.44002724 0 -1 7.54979e-08 0 0 0 255
0.16264923 3.3221134e-08 0.44002724 0 -1 7.54979e-08 4 4 4 255
0.18264921 3.3221134e-08 0.44002724 0 -1 7.54979e-08 27 27 27 255
0.20264919 3.3221134e-08 0.44002724 0 -1 7.54979e-08 26 22 17 255
0.22264929 3.3221134e-08 0.44002724 0 -1 7.54979e-08 9 14 3 255
0.24264927 3.3221134e-08 0.44002724 0 -1 7.54979e-08 19 14 5 255
0.26264924 3.3221134e-08 0.44002724 0 -1 7.54979e-08 45 33 14 255
0.28264922 3.3221134e-08 0.44002724 0 -1 7.54979e-08 34 27 11 255
0.3026492 3.3221134e-08 0.44002724 0 -1 7.54979e-08 3 7 1 255
0.32264918 3.3221134e-08 0.44002724 0 -1 7.54979e-08 0 0 0 255
0.34264928 3.3221134e-08 0.44002724 0 -1 7.54979e-08 15 9 3 255
0.36264926 3.3221134e-08 0.44002724 0 -1 7.54979e-08 10 17 3 255
0.38264924 3.3221134e-08 0.44002724 0 -1 7.54979e-08 0 0 0 255
0.40264922 3.3221134e-08 0.44002724 0 -1 7.54979e-08 0 0 0 255
0.4226492 3.3221134e-08 0.44002724 0 -1 7.54979e-08 0 0 0 255
0.4426492 3.3221134e-08 0.44002724 0 -1 7.54979e-08 0 0 0 255
0.46264917 3.3221134e-08 0.44002724 0 -1 7.54979e-08 0 0 0 255
0.48264927 3.3221134e-08 0.44002724 0 -1 7.54979e-08 47 46 44 255
0.50264925 3.3221134e-08 0.44002724 0 -1 7.54979e-08 82 81 73 255
0.5226492 3.3221134e-08 0.44002724 0 -1 7.54979e-08 25 18 8 255
0.5426492 3.3221134e-08 0.44002724 0 -1 7.54979e-08 0 0 0 255
0.5626492 3.3221134e-08 0.44002724 0 -1 7.54979e-08 0 0 0 255
0.5826492 3.3221134e-08 0.44002724 0 -1 7.54979e-08 0 0 0 255
0.6026493 3.3221134e-08 0.44002724 0 -1 7.54979e-08 0 0 0 255
0.62264925 3.3221134e-08 0.44002724 0 -1 7.54979e-08 0 0 0 255
0.64264923 3.3221134e-08 0.44002724 0 -1 7.54979e-08 0 0 0 255
0.6626492 3.3221134e-08 0.44002724 0 -1 7.54979e-08 0 0 0 255
0.6826492 3.3221134e-08 0.44002724 0 -1 7.54979e-08 0 0 0 255
0.7026492 3.3221134e-08 0.44002724 0 -1 7.54979e-08 2 5 1 255
0.7226493 3.3221134e-08 0.44002724 0 -1 7.54979e-08 8 19 3 255
0.74264926 3.3221134e-08 0.44002724 0 -1 7.54979e-08 16 17 4 255
0.76264924 3.3221134e-08 0.44002724 0 -1 7.54979e-08 24 16 5 255
0.7826492 3.3221134e-08 0.44002724 0 -1 7.54979e-08 24 16 5 255
0.8026492 3.3221134e-08 0.44002724 0 -1 7.54979e-08 24 16 5 255
0.8226492 3.3221134e-08 0.44002724 0 -1 7.54979e-08 57 40 27 255
-0.7773507 3.4731094e-08 0.46002728 0 -1 7.54979e-08 0 0 0 255
-0.75735074 3.4731094e-08 0.46002728 0 -1 7.54979e-08 66 48 22 255
-0.73735076 3.4731094e-08 0.46002728 0 -1 7.54979e-08 70 51 23 255
-0.7173508 3.4731094e-08 0.46002728 0 -1 7.54979e-08 49 37 15 255
-0.69735074 3.4731094e-08 0.46002728 0 -1 7.54979e-08 47 36 14 255
-0.67735076 3.4731094e-08 0.46002728 0 -1 7.54979e-08 44 35 14 255
-0.6573507 3.4731094e-08 0.46002728 0 -1 7.54979e-08 58 44 21 255
-0.63735074 3.4731094e-08 0.46002728 0 -1 7.54979e-08 92 61 31 255
-0.61735076 3.4731094e-08 0.46002728 0 -1 7.54979e-08 117 75 42 255
-0.5973508 3.4731094e-08 0.46002728 0 -1 7.54979e-08 135 88 50 255
-0.57735074 3.4731094e-08 0.46002728 0 -1 7.54979e-08 148 96 55 255
-0.55735075 3.4731094e-08 0.46002728 0 -1 7.54979e-08 158 101 59 255
-0.5373508 3.4731094e-08 0.46002728 0 -1 7.54979e-08 153 97 57 255
-0.51735073 3.4731094e-08 0.46002728 0 -1 7.54979e-08 142 92 52 255
-0.49735075 3.4731094e-08 0.46002728 0 -1 7.54979e-08 127 81 45 255
-0.47735077 3.4731094e-08 0.46002728 0 -1 7.54979e-08 121 78 42 255
-0.45735073 3.4731094e-08 0.46002728 0 -1 7.54979e-08 115 75 40 255
-0.43735075 3.4731094e-08 0.46002728 0 -1 7.54979e-08 115 75 40 255
-0.41735077 3.4731094e-08 0.46002728 0 -1 7.54979e-08 132 86 48 255
-0.39735073 3.4731094e-08 0.46002728 0 -1 7.54979e-08 134 87 49 255
-0.37735075 3.4731094e-08 0.46002728 0 -1 7.54979e-08 153 97 57 255
-0.35735077 3.4731094e-08 0.46002728 0 -1 7.54979e-08 174 111 66 255
-0.3373508 3.4731094e-08 0.46002728 0 -1 7.54979e-08 173 110 66 255
-0.31735075 3.4731094e-08 0.46002728 0 -1 7.54979e-08 158 100 59 255
-0.29735076 3.4731094e-08 0.46002728 0 -1 7.54979e-08 143 93 53 255
-0.27735078 3.4731094e-08 0.46002728 0 -1 7.54979e-08 146 95 54 255
-0.25735074 3.4731094e-08 0.46002728 0 -1 7.54979e-08 90 58 33 255
-0.23735075 3.4731094e-08 0.46002728 0 -1 7.54979e-08 0 0 0 255
-0.21735077 3.4731094e-08 0.46002728 0 -1 7.54979e-08 0 0 0 255
-0.19735073 3.4731094e-08 0.46002728 0 -1 7.54979e-08 0 0 0 255
-0.17735074 3.4731094e-08 0.46002728 0 -1 7.54979e-08 0 0 0 255
-0.15735076 3.4731094e-08 0.46002728 0 -1 7.54979e-08 0 0 0 255
-0.13735072 3.4731094e-08 0.46002728 0 -1 7.54979e-08 0 0 0 255
-0.117350735 3.4731094e-08 0.46002728 0 -1 7.54979e-08 4 10 2 255
-0.097350754 3.4731094e-08 0.46002728 0 -1 7.54979e-08 0 2 0 255
-0.07735077 3.4731094e-08 0.46002728 0 -1 7.54979e-08 0 0 0 255
-0.057350796 3.4731094e-08 0.46002728 0 -1 7.54979e-08 1 3 0 255
-0.037350696 3.4731094e-08 0.46002728 0 -1 7.54979e-08 3 8 1 255
-0.017350713 3.4731094e-08 0.46002728 0 -1 7.54979e-08 0 0 0 255
0.0026492677 3.4731094e-08 0.46002728 0 -1 7.54979e-08 0 0 0 255
0.022649249 3.4731094e-08 0.46002728 0 -1 7.54979e-08 0 0 0 255
0.042649228 3.4731094e-08 0.46002728 0 -1 7.54979e-08 29 32 29 255
0.06264921 3.4731094e-08 0.46002728 0 -1 7.54979e-08 58 58 58 255
0.08264931 3.4731094e-08 0.46002728 0 -1 7.54979e-08 48 47 47 255
0.102649294 3.4731094e-08 0.46002728 0 -1 7.54979e-08 37 36 34 255
0.122649275 3.4731094e-08 0.46002728 0 -1 7.54979e-08 31 26 13 255
0.14264925 3.4731094e-08 0.46002728 0 -1 7.54979e-08 0 0 0 255
0.16264923 3.4731094e-08 0.46002728 0 -1 7.54979e-08 38 33 28 255
0.18264921 3.4731094e-08 0.46002728 0 -1 7.54979e-08 146 146 146 255
0.20264919 3.4731094e-08 0.46002728 0 -1 7.54979e-08 148 147 145 255
0.22264929 3.4731094e-08 0.46002728 0 -1 7.54979e-08 94 95 92 255
0.24264927 3.4731094e-08 0.46002728 0 -1 7.54979e-08 102 100 98 255
0.26264924 3.4731094e-08 0.46002728 0 -1 7.54979e-08 161 158 152 255
0.28264922 3.4731094e-08 0.46002728 0 -1 7.54979e-08 121 119 114 255
0.3026492 3.4731094e-08 0.46002728 0 -1 7.54979e-08 28 30 28 255
0.32264918 3.4731094e-08 0.46002728 0 -1 7.54979e-08 0 0 0 255
0.34264928 3.4731094e-08 0.46002728 0 -1 7.54979e-08 3 2 0 255
0.36264926 3.4731094e-08 0.46002728 0 -1 7.54979e-08 7 19 3 255
0.38264924 3.4731094e-08 0.46002728 0 -1 7.54979e-08 4 12 2 255
0.40264922 3.4731094e-08 0.46002728 0 -1 7.54979e-08 2 5 1 255
0.4226492 3.4731094e-08 0.46002728 0 -1 7.54979e-08 2 6 1 255
0.4426492 3.4731094e-08 0.46002728 0 -1 7.54979e-08 0 0 0 255
0.46264917 3.4731094e-08 0.46002728 0 -1 7.54979e-08 0 0 0 255
0.48264927 3.4731094e-08 0.46002728 0 -1 7.54979e-08 71 71 71 255
0.50264925 3.4731094e-08 0.46002728 0 -1 7.54979e-08 146 145 144 255
0.5226492 3.4731094e-08 0.46002728 0 -1 7.54979e-08 43 41 38 255
0.5426492 3.4731094e-08 0.46002728 0 -1 7.54979e-08 0 0 0 255
0.5626492 3.4731094e-08 0.46002728 0 -1 7.54979e-08 0 0 0 255
0.5826492 3.4731094e-08 0.46002728 0 -1 7.54979e-08 0 0 0 255
0.6026493 3.4731094e-08 0.46002728 0 -1 7.54979e-08 0 0 0 255
0.62264925 3.4731094e-08 0.46002728 0 -1 7.54979e-08 0 0 0 255
0.64264923 3.4731094e-08 0.46002728 0 -1 7.54979e-08 0 0 0 255
0.6626492 3.4731094e-08 0.46002728 0 -1 7.54979e-08 0 0 0 255
0.6826492 3.4731094e-08 0.46002728 0 -1 7.54979e-08 5 13 2 255
0.7026492 3.4731094e-08 0.46002728 0 -1 7.54979e-08 0 0 0 255
0.7226493 3.4731094e-08 0.46002728 0 -1 7.54979e-08 3 7 1 255
0.74264926 3.4731094e-08 0.46002728 0 -1 7.54979e-08 8 18 3 255
0.76264924 3.4731094e-08 0.46002728 0 -1 7.54979e-08 10 17 3 255
0.7826492 3.4731094e-08 0.46002728 0 -1 7.54979e-08 10 17 3 255
0.8026492 3.4731094e-08 0.46002728 0 -1 7.54979e-08 19 11 3 255
0.8226492 3.4731094e-08 0.46002728 0 -1 7.54979e-08 38 24 15 255
-0.7773507 3.624105e-08 0.48002726 0 -1 7.54979e-08 0 0 0 255
-0.75735074 3.624105e-08 0.48002726 0 -1 7.54979e-08 65 46 21 255
-0.73735076 3.624105e-08 0.48002726 0 -1 7.54979e-08 45 35 13 255
-0.7173508 3.624105e-08 0.48002726 0 -1 7.54979e-08 43 33 13 255
-0.69735074 3.624105e-08 0.48002726 0 -1 7.54979e-08 54 40 17 255
-0.67735076 3.624105e-08 0.48002726 0 -1 7.54979e-08 76 52 25 255
-0.6573507 3.624105e-08 0.48002726 0 -1 7.54979e-08 110 72 39 255
-0.63735074 3.624105e-08 0.48002726 0 -1 7.54979e-08 139 88 50 255
-0.61735076 3.624105e-08 0.48002726 0 -1 7.54979e-08 158 101 59 255
-0.5973508 3.624105e-08 0.48002726 0 -1 7.54979e-08 158 101 59 255
-0.57735074 3.624105e-08 0.48002726 0 -1 7.54979e-08 147 95 54 255
-0.55735075 3.624105e-08 0.48002726 0 -1 7.54979e-08 134 86 48 255
-0.5373508 3.624105e-08 0.48002726 0 -1 7.54979e-08 127 82 45 255
-0.51735073 3.624105e-08 0.48002726 0 -1 7.54979e-08 124 80 44 255
-0.49735075 3.624105e-08 0.48002726 0 -1 7.54979e-08 115 75 39 255
-0.47735077 3.624105e-08 0.48002726 0 -1 7.54979e-08 114 75 39 255
-0.45735073 3.624105e-08 0.48002726 0 -1 7.54979e-08 113 74 39 255
-0.43735075 3.624105e-08 0.48002726 0 -1 7.54979e-08 128 84 46 255
-0.41735077 3.624105e-08 0.48002726 0 -1 7.54979e-08 146 93 53 255
-0.39735073 3.624105e-08 0.48002726 0 -1 7.54979e-08 164 105 63 255
-0.37735075 3.624105e-08 0.48002726 0 -1 7.54979e-08 163 104 61 255
-0.35735077 3.624105e-08 0.48002726 0 -1 7.54979e-08 161 102 60 255
-0.3373508 3.624105e-08 0.48002726 0 -1 7.54979e-08 147 95 54 255
-0.31735075 3.624105e-08 0.48002726 0 -1 7.54979e-08 134 85 49 255
-0.29735076 3.624105e-08 0.48002726 0 -1 7.54979e-08 132 85 48 255
-0.27735078 3.624105e-08 0.48002726 0 -1 7.54979e-08 157 101 59 255
-0.25735074 3.624105e-08 0.48002726 0 -1 7.54979e-08 98 62 37 255
-0.23735075 3.624105e-08 0.48002726 0 -1 7.54979e-08 0 0 0 255
-0.21735077 3.624105e-08 0.48002726 0 -1 7.54979e-08 0 0 0 255
-0.19735073 3.624105e-08 0.48002726 0 -1 7.54979e-08 0 0 0 255
-0.17735074 3.624105e-08 0.48002726 0 -1 7.54979e-08 0 2 0 255
-0.15735076 3.624105e-08 0.48002726 0 -1 7.54979e-08 4 10 2 255
-0.13735072 3.624105e-08 0.48002726 0 -1 7.54979e-08 0 0 0 255
-0.117350735 3.624105e-08 0.48002726 0 -1 7.54979e-08 1 2 0 255
-0.097350754 3.624105e-08 0.48002726 0 -1 7.54979e-08 0 0 0 255
-0.07735077 3.624105e-08 0.48002726 0 -1 7.54979e-08 0 0 0 255
-0.057350796 3.624105e-08 0.48002726 0 -1 7.54979e-08 0 0 0 255
-0.037350696 3.624105e-08 0.48002726 0 -1 7.54979e-08 0 2 0 255
-0.017350713 3.624105e-08 0.48002726 0 -1 7.54979e-08 0 0 0 255
0.0026492677 3.624105e-08 0.48002726 0 -1 7.54979e-08 0 0 0 255
0.022649249 3.624105e-08 0.48002726 0 -1 7.54979e-08 0 0 0 255
0.042649228 3.624105e-08 0.48002726 0 -1 7.54979e-08 13 22 10 255
0.06264921 3.624105e-08 0.48002726 0 -1 7.54979e-08 17 24 15 255
0.08264931 3.624105e-08 0.48002726 0 -1 7.54979e-08 14 18 12 255
0.102649294 3.624105e-08 0.48002726 0 -1 7.54979e-08 21 20 12 255
0.122649275 3.624105e-08 0.48002726 0 -1 7.54979e-08 23 16 6 255
0.14264925 3.624105e-08 0.48002726 0 -1 7.54979e-08 6 15 2 255
0.16264923 3.624105e-08 0.48002726 0 -1 7.54979e-08 13 10 7 255
0.18264921 3.624105e-08 0.48002726 0 -1 7.54979e-08 56 52 48 255
0.20264919 3.624105e-08 0.48002726 0 -1 7.54979e-08 62 62 62 255
0.22264929 3.624105e-08 0.48002726 0 -1 7.54979e-08 42 37 33 255
0.24264927 3.624105e-08 0.48002726 0 -1 7.54979e-08 47 40 31 255
0.26264924 3.624105e-08 0.48002726 0 -1 7.54979e-08 61 54 45 255
0.28264922 3.624105e-08 0.48002726 0 -1 7.54979e-08 41 36 32 255
0.3026492 3.624105e-08 0.48002726 0 -1 7.54979e-08 7 7 7 255
0.32264918 3.624105e-08 0.48002726 0 -1 7.54979e-08 0 0 0 255
0.34264928 3.624105e-08 0.48002726 0 -1 7.54979e-08 0 0 0 255
0.36264926 3.624105e-08 0.48002726 0 -1 7.54979e-08 7 19 3 255
0.38264924 3.624105e-08 0.48002726 0 -1 7.54979e-08 1 3 0 255
0.40264922 3.624105e-08 0.48002726 0 -1 7.54979e-08 0 1 0 255
0.4226492 3.624105e-08 0.48002726 0 -1 7.54979e-08 0 1 0 255
0.4426492 3.624105e-08 0.48002726 0 -1 7.54979e-08 0 0 0 255
0.46264917 3.624105e-08 0.48002726 0 -1 7.54979e-08 0 0 0 255
0.48264927 3.624105e-08 0.48002726 0 -1 7.54979e-08 150 150 150 255
0.50264925 3.624105e-08 0.48002726 0 -1 7.54979e-08 216 216 216 255
0.5226492 3.624105e-08 0.48002726 0 -1 7.54979e-08 112 112 112 255
0.5426492 3.624105e-08 0.48002726 0 -1 7.54979e-08 0 0 0 255
0.5626492 3.624105e-08 0.48002726 0 -1 7.54979e-08 0 0 0 255
0.5826492 3.624105e-08 0.48002726 0 -1 7.54979e-08 0 0 0 255
0.6026493 3.624105e-08 0.48002726 0 -1 7.54979e-08 0 0 0 255
0.62264925 3.624105e-08 0.48002726 0 -1 7.54979e-08 0 0 0 255
0.64264923 3.624105e-08 0.48002726 0 -1 7.54979e-08 0 0 0 255
0.6626492 3.624105e-08 0.48002726 0 -1 7.54979e-08 0 0 0 255
0.6826492 3.624105e-08 0.48002726 0 -1 7.54979e-08 1 3 0 255
0.7026492 3.624105e-08 0.48002726 0 -1 7.54979e-08 0 0 0 255
0.7226493 3.624105e-08 0.48002726 0 -1 7.54979e-08 1 4 0 255
0.74264926 3.624105e-08 0.48002726 0 -1 7.54979e-08 7 19 3 255
0.76264924 3.624105e-08 0.48002726 0 -1 7.54979e-08 7 19 3 255
0.7826492 3.624105e-08 0.48002726 0 -1 7.54979e-08 7 19 3 255
0.8026492 3.624105e-08 0.48002726 0 -1 7.54979e-08 18 11 3 255
0.8226492 3.624105e-08 0.48002726 0 -1 7.54979e-08 15 19 6 255
0.84264916 3.624105e-08 0.48002726 0 -1 7.54979e-08 33 20 16 255
-0.7773507 3.7751008e-08 0.50002724 0 -1 7.54979e-08 0 0 0 255
-0.75735074 3.7751008e-08 0.50002724 0 -1 7.54979e-08 12 9 4 255
-0.73735076 3.7751008e-08 0.50002724 0 -1 7.54979e-08 64 47 21 255
-0.7173508 3.7751008e-08 0.50002724 0 -1 7.54979e-08 72 51 24 255
-0.69735074 3.7751008e-08 0.50002724 0 -1 7.54979e-08 103 67 36 255
-0.67735076 3.7751008e-08 0.50002724 0 -1 7.54979e-08 131 83 47 255
-0.6573507 3.7751008e-08 0.50002724 0 -1 7.54979e-08 154 99 58 255
-0.63735074 3.7751008e-08 0.50002724 0 -1 7.54979e-08 161 103 61 255
-0.61735076 3.7751008e-08 0.50002724 0 -1 7.54979e-08 150 96 55 255
-0.5973508 3.7751008e-08 0.50002724 0 -1 7.54979e-08 131 85 48 255
-0.57735074 3.7751008e-08 0.50002724 0 -1 7.54979e-08 105 70 37 255
-0.55735075 3.7751008e-08 0.50002724 0 -1 7.54979e-08 86 59 29 255
-0.5373508 3.7751008e-08 0.50002724 0 -1 7.54979e-08 80 56 27 255
-0.51735073 3.7751008e-08 0.50002724 0 -1 7.54979e-08 98 66 34 255
-0.49735075 3.7751008e-08 0.50002724 0 -1 7.54979e-08 113 74 39 255
-0.47735077 3.7751008e-08 0.50002724 0 -1 7.54979e-08 122 80 43 255
-0.45735073 3.7751008e-08 0.50002724 0 -1 7.54979e-08 132 87 48 255
-0.43735075 3.7751008e-08 0.50002724 0 -1 7.54979e-08 144 92 53 255
-0.41735077 3.7751008e-08 0.50002724 0 -1 7.54979e-08 167 106 64 255
-0.39735073 3.7751008e-08 0.50002724 0 -1 7.54979e-08 179 114 68 255
-0.37735075 3.7751008e-08 0.50002724 0 -1 7.54979e-08 157 101 59 255
-0.35735077 3.7751008e-08 0.50002724 0 -1 7.54979e-08 138 88 50 255
-0.3373508 3.7751008e-08 0.50002724 0 -1 7.54979e-08 131 84 48 255
-0.31735075 3.7751008e-08 0.50002724 0 -1 7.54979e-08 135 88 49 255
-0.29735076 3.7751008e-08 0.50002724 0 -1 7.54979e-08 159 102 60 255
-0.27735078 3.7751008e-08 0.50002724 0 -1 7.54979e-08 170 109 64 255
-0.25735074 3.7751008e-08 0.50002724 0 -1 7.54979e-08 83 54 31 255
-0.23735075 3.7751008e-08 0.50002724 0 -1 7.54979e-08 0 0 0 255
-0.21735077 3.7751008e-08 0.50002724 0 -1 7.54979e-08 0 0 0 255
-0.19735073 3.7751008e-08 0.50002724 0 -1 7.54979e-08 0 0 0 255
-0.17735074 3.7751008e-08 0.50002724 0 -1 7.54979e-08 0 0 0 255
-0.15735076 3.7751008e-08 0.50002724 0 -1 7.54979e-08 1 2 0 255
-0.13735072 3.7751008e-08 0.50002724 0 -1 7.54979e-08 3 7 1 255
-0.117350735 3.7751008e-08 0.50002724 0 -1 7.54979e-08 1 4 0 255
-0.097350754 3.7751008e-08 0.50002724 0 -1 7.54979e-08 0 0 0 255
-0.07735077 3.7751008e-08 0.50002724 0 -1 7.54979e-08 0 0 0 255
-0.057350796 3.7751008e-08 0.50002724 0 -1 7.54979e-08 0 0 0 255
-0.037350696 3.7751008e-08 0.50002724 0 -1 7.54979e-08 0 0 0 255
-0.017350713 3.7751008e-08 0.50002724 0 -1 7.54979e-08 0 0 0 255
0.0026492677 3.7751008e-08 0.50002724 0 -1 7.54979e-08 0 0 0 255
0.022649249 3.7751008e-08 0.50002724 0 -1 7.54979e-08 0 0 0 255
0.042649228 3.7751008e-08 0.50002724 0 -1 7.54979e-08 1 3 0 255
0.06264921 3.7751008e-08 0.50002724 0 -1 7.54979e-08 1 2 0 255
0.08264931 3.7751008e-08 0.50002724 0 -1 7.54979e-08 0 1 0 255
0.102649294 3.7751008e-08 0.50002724 0 -1 7.54979e-08 7 13 2 255
0.122649275 3.7751008e-08 0.50002724 0 -1 7.54979e-08 17 12 3 255
0.14264925 3.7751008e-08 0.50002724 0 -1 7.54979e-08 7 19 3 255
0.16264923 3.7751008e-08 0.50002724 0 -1 7.54979e-08 5 12 2 255
0.18264921 3.7751008e-08 0.50002724 0 -1 7.54979e-08 4 3 2 255
0.20264919 3.7751008e-08 0.50002724 0 -1 7.54979e-08 6 6 6 255
0.22264929 3.7751008e-08 0.50002724 0 -1 7.54979e-08 15 10 4 255
0.24264927 3.7751008e-08 0.50002724 0 -1 7.54979e-08 6 4 1 255
0.26264924 3.7751008e-08 0.50002724 0 -1 7.54979e-08 5 3 1 255
0.28264922 3.7751008e-08 0.50002724 0 -1 7.54979e-08 2 1 0 255
0.3026492 3.7751008e-08 0.50002724 0 -1 7.54979e-08 0 0 0 255
0.32264918 3.7751008e-08 0.50002724 0 -1 7.54979e-08 0 0 0 255
0.34264928 3.7751008e-08 0.50002724 0 -1 7.54979e-08 0 0 0 255
0.36264926 3.7751008e-08 0.50002724 0 -1 7.54979e-08 7 19 3 255
0.38264924 3.7751008e-08 0.50002724 0 -1 7.54979e-08 0 0 0 255
0.40264922 3.7751008e-08 0.50002724 0 -1 7.54979e-08 0 0 0 255
0.4226492 3.7751008e-08 0.50002724 0 -1 7.54979e-08 0 0 0 255
0.4426492 3.7751008e-08 0.50002724 0 -1 7.54979e-08 0 0 0 255
0.46264917 3.7751008e-08 0.50002724 0 -1 7.54979e-08 5 13 2 255
0.48264927 3.7751008e-08 0.50002724 0 -1 7.54979e-08 62 62 62 255
0.50264925 3.7751008e-08 0.50002724 0 -1 7.54979e-08 103 103 103 255
0.5226492 3.7751008e-08 0.50002724 0 -1 7.54979e-08 54 54 54 255
0.5426492 3.7751008e-08 0.50002724 0 -1 7.54979e-08 0 0 0 255
0.5626492 3.7751008e-08 0.50002724 0 -1 7.54979e-08 0 0 0 255
0.5826492 3.7751008e-08 0.50002724 0 -1 7.54979e-08 0 0 0 255
0.6026493 3.7751008e-08 0.50002724 0 -1 7.54979e-08 0 0 0 255
0.62264925 3.7751008e-08 0.50002724 0 -1 7.54979e-08 0 0 0 255
0.64264923 3.7751008e-08 0.50002724 0 -1 7.54979e-08 0 0 0 255
0.6626492 3.7751008e-08 0.50002724 0 -1 7.54979e-08 0 0 0 255
0.6826492 3.7751008e-08 0.50002724 0 -1 7.54979e-08 0 0 0 255
0.7026492 3.7751008e-08 0.50002724 0 -1 7.54979e-08 0 0 0 255
0.7226493 3.7751008e-08 0.50002724 0 -1 7.54979e-08 8 14 3 255
0.74264926 3.7751008e-08 0.50002724 0 -1 7.54979e-08 17 13 3 255
0.76264924 3.7751008e-08 0.50002724 0 -1 7.54979e-08 11 16 3 255
0.7826492 3.7751008e-08 0.50002724 0 -1 7.54979e-08 27 26 8 255
0.8026492 3.7751008e-08 0.50002724 0 -1 7.54979e-08 19 12 4 255
0.8226492 3.7751008e-08 0.50002724 0 -1 7.54979e-08 17 12 3 255
0.84264916 3.7751008e-08 0.50002724 0 -1 7.54979e-08 54 34 28 255
0.86264926 3.7751008e-08 0.50002724 0 -1 7.54979e-08 64 40 40 255
-0.75735074 3.9260968e-08 0.5200273 0 -1 7.54979e-08 0 0 0 255
-0.73735076 3.9260968e-08 0.5200273 0 -1 7.54979e-08 80 58 27 255
-0.7173508 3.9260968e-08 0.5200273 0 -1 7.54979e-08 120 77 42 255
-0.69735074 3.9260968e-08 0.5200273 0 -1 7.54979e-08 142 90 52 255
-0.67735076 3.9260968e-08 0.5200273 0 -1 7.54979e-08 148 93 54 255
-0.6573507 3.9260968e-08 0.5200273 0 -1 7.54979e-08 144 93 53 255
-0.63735074 3.9260968e-08 0.5200273 0 -1 7.54979e-08 142 93 53 255
-0.61735076 3.9260968e-08 0.5200273 0 -1 7.54979e-08 107 70 37 255
-0.5973508 3.9260968e-08 0.5200273 0 -1 7.54979e-08 85 60 29 255
-0.57735074 3.9260968e-08 0.5200273 0 -1 7.54979e-08 75 53 25 255
-0.55735075 3.9260968e-08 0.5200273 0 -1 7.54979e-08 83 58 28 255
-0.5373508 3.9260968e-08 0.5200273 0 -1 7.54979e-08 103 69 35 255
-0.51735073 3.9260968e-08 0.5200273 0 -1 7.54979e-08 109 72 37 255
-0.49735075 3.9260968e-08 0.5200273 0 -1 7.54979e-08 118 77 41 255
-0.47735077 3.9260968e-08 0.5200273 0 -1 7.54979e-08 144 94 53 255
-0.45735073 3.9260968e-08 0.5200273 0 -1 7.54979e-08 159 103 60 255
-0.43735075 3.9260968e-08 0.5200273 0 -1 7.54979e-08 161 103 61 255
-0.41735077 3.9260968e-08 0.5200273 0 -1 7.54979e-08 166 106 63 255
-0.39735073 3.9260968e-08 0.5200273 0 -1 7.54979e-08 154 97 57 255
-0.37735075 3.9260968e-08 0.5200273 0 -1 7.54979e-08 138 90 51 255
-0.35735077 3.9260968e-08 0.5200273 0 -1 7.54979e-08 133 86 49 255
-0.3373508 3.9260968e-08 0.5200273 0 -1 7.54979e-08 151 97 56 255
-0.31735075 3.9260968e-08 0.5200273 0 -1 7.54979e-08 165 105 63 255
-0.29735076 3.9260968e-08 0.5200273 0 -1 7.54979e-08 178 114 68 255
-0.27735078 3.9260968e-08 0.5200273 0 -1 7.54979e-08 135 88 49 255
-0.25735074 3.9260968e-08 0.5200273 0 -1 7.54979e-08 60 46 21 255
-0.23735075 3.9260968e-08 0.5200273 0 -1 7.54979e-08 2 6 1 255
-0.21735077 3.9260968e-08 0.5200273 0 -1 7.54979e-08 0 0 0 255
-0.19735073 3.9260968e-08 0.5200273 0 -1 7.54979e-08 0 0 0 255
-0.17735074 3.9260968e-08 0.5200273 0 -1 7.54979e-08 0 2 0 255
-0.15735076 3.9260968e-08 0.5200273 0 -1 7.54979e-08 4 10 2 255
-0.13735072 3.9260968e-08 0.5200273 0 -1 7.54979e-08 0 1 0 255
-0.117350735 3.9260968e-08 0.5200273 0 -1 7.54979e-08 0 1 0 255
-0.097350754 3.9260968e-08 0.5200273 0 -1 7.54979e-08 0 0 0 255
-0.07735077 3.9260968e-08 0.5200273 0 -1 7.54979e-08 0 0 0 255
-0.057350796 3.9260968e-08 0.5200273 0 -1 7.54979e-08 0 0 0 255
-0.037350696 3.9260968e-08 0.5200273 0 -1 7.54979e-08 0 0 0 255
-0.017350713 3.9260968e-08 0.5200273 0 -1 7.54979e-08 0 0 0 255
0.0026492677 3.9260968e-08 0.5200273 0 -1 7.54979e-08 0 0 0 255
0.022649249 3.9260968e-08 0.5200273 0 -1 7.54979e-08 0 0 0 255
0.042649228 3.9260968e-08 0.5200273 0 -1 7.54979e-08 0 0 0 255
0.06264921 3.9260968e-08 0.5200273 0 -1 7.54979e-08 0 0 0 255
0.08264931 3.9260968e-08 0.5200273 0 -1 7.54979e-08 0 0 0 255
0.102649294 3.9260968e-08 0.5200273 0 -1 7.54979e-08 11 8 2 255
0.122649275 3.9260968e-08 0.5200273 0 -1 7.54979e-08 19 11 3 255
0.14264925 3.9260968e-08 0.5200273 0 -1 7.54979e-08 17 13 3 255
0.16264923 3.9260968e-08 0.5200273 0 -1 7.54979e-08 6 15 3 255
0.18264921 3.9260968e-08 0.5200273 0 -1 7.54979e-08 0 0 0 255
0.20264919 3.9260968e-08 0.5200273 0 -1 7.54979e-08 0 0 0 255
0.22264929 3.9260968e-08 0.5200273 0 -1 7.54979e-08 2 1 0 255
0.24264927 3.9260968e-08 0.5200273 0 -1 7.54979e-08 0 0 0 255
0.26264924 3.9260968e-08 0.5200273 0 -1 7.54979e-08 0 0 0 255
0.28264922 3.9260968e-08 0.5200273 0 -1 7.54979e-08 0 0 0 255
0.3026492 3.9260968e-08 0.5200273 0 -1 7.54979e-08 0 0 0 255
0.32264918 3.9260968e-08 0.5200273 0 -1 7.54979e-08 0 0 0 255
0.34264928 3.9260968e-08 0.5200273 0 -1 7.54979e-08 0 0 0 255
0.36264926 3.9260968e-08 0.5200273 0 -1 7.54979e-08 7 19 3 255
0.38264924 3.9260968e-08 0.5200273 0 -1 7.54979e-08 0 0 0 255
0.40264922 3.9260968e-08 0.5200273 0 -1 7.54979e-08 0 0 0 255
0.4226492 3.9260968e-08 0.5200273 0 -1 7.54979e-08 0 0 0 255
0.4426492 3.9260968e-08 0.5200273 0 -1 7.54979e-08 4 11 2 255
0.46264917 3.9260968e-08 0.5200273 0 -1 7.54979e-08 16 13 3 255
0.48264927 3.9260968e-08 0.5200273 0 -1 7.54979e-08 6 6 6 255
0.50264925 3.9260968e-08 0.5200273 0 -1 7.54979e-08 13 13 13 255
0.5226492 3.9260968e-08 0.5200273 0 -1 7.54979e-08 6 6 6 255
0.5426492 3.9260968e-08 0.5200273 0 -1 7.54979e-08 0 0 0 255
0.5626492 3.9260968e-08 0.5200273 0 -1 7.54979e-08 0 0 0 255
0.5826492 3.9260968e-08 0.5200273 0 -1 7.54979e-08 0 0 0 255
0.6026493 3.9260968e-08 0.5200273 0 -1 7.54979e-08 0 0 0 255
0.62264925 3.9260968e-08 0.5200273 0 -1 7.54979e-08 0 0 0 255
0.64264923 3.9260968e-08 0.5200273 0 -1 7.54979e-08 0 0 0 255
0.6626492 3.9260968e-08 0.5200273 0 -1 7.54979e-08 0 0 0 255
0.6826492 3.9260968e-08 0.5200273 0 -1 7.54979e-08 0 0 0 255
0.7026492 3.9260968e-08 0.5200273 0 -1 7.54979e-08 6 15 3 255
0.7226493 3.9260968e-08 0.5200273 0 -1 7.54979e-08 8 19 3 255
0.74264926 3.9260968e-08 0.5200273 0 -1 7.54979e-08 9 17 3 255
0.76264924 3.9260968e-08 0.5200273 0 -1 7.54979e-08 14 15 3 255
0.7826492 3.9260968e-08 0.5200273 0 -1 7.54979e-08 21 14 4 255
0.8026492 3.9260968e-08 0.5200273 0 -1 7.54979e-08 34 27 9 255
0.8226492 3.9260968e-08 0.5200273 0 -1 7.54979e-08 37 28 10 255
0.84264916 3.9260968e-08 0.5200273 0 -1 7.54979e-08 60 42 22 255
0.86264926 3.9260968e-08 0.5200273 0 -1 7.54979e-08 39 27 17 255
-0.75735074 4.0770924e-08 0.54002726 0 -1 7.54979e-08 0 0 0 255
-0.73735076 4.0770924e-08 0.54002726 0 -1 7.54979e-08 24 16 8 255
-0.7173508 4.0770924e-08 0.54002726 0 -1 7.54979e-08 116 76 40 255
-0.69735074 4.0770924e-08 0.54002726 0 -1 7.54979e-08 111 73 39 255
-0.67735076 4.0770924e-08 0.54002726 0 -1 7.54979e-08 94 66 33 255
-0.6573507 4.0770924e-08 0.54002726 0 -1 7.54979e-08 78 56 29 255
-0.63735074 4.0770924e-08 0.54002726 0 -1 7.54979e-08 76 54 28 255
-0.61735076 4.0770924e-08 0.54002726 0 -1 7.54979e-08 70 50 25 255
-0.5973508 4.0770924e-08 0.54002726 0 -1 7.54979e-08 73 54 25 255
-0.57735074 4.0770924e-08 0.54002726 0 -1 7.54979e-08 87 60 30 255
-0.55735075 4.0770924e-08 0.54002726 0 -1 7.54979e-08 99 65 34 255
-0.5373508 4.0770924e-08 0.54002726 0 -1 7.54979e-08 103 67 35 255
-0.51735073 4.0770924e-08 0.54002726 0 -1 7.54979e-08 116 75 40 255
-0.49735075 4.0770924e-08 0.54002726 0 -1 7.54979e-08 149 94 55 255
-0.47735077 4.0770924e-08 0.54002726 0 -1 7.54979e-08 173 110 66 255
-0.45735073 4.0770924e-08 0.54002726 0 -1 7.54979e-08 181 115 69 255
-0.43735075 4.0770924e-08 0.54002726 0 -1 7.54979e-08 168 108 64 255
-0.41735077 4.0770924e-08 0.54002726 0 -1 7.54979e-08 142 93 53 255
-0.39735073 4.0770924e-08 0.54002726 0 -1 7.54979e-08 132 84 48 255
-0.37735075 4.0770924e-08 0.54002726 0 -1 7.54979e-08 140 89 51 255
-0.35735077 4.0770924e-08 0.54002726 0 -1 7.54979e-08 162 104 61 255
-0.3373508 4.0770924e-08 0.54002726 0 -1 7.54979e-08 183 115 69 255
-0.31735075 4.0770924e-08 0.54002726 0 -1 7.54979e-08 163 105 61 255
-0.29735076 4.0770924e-08 0.54002726 0 -1 7.54979e-08 137 87 50 255
-0.27735078 4.0770924e-08 0.54002726 0 -1 7.54979e-08 96 66 33 255
-0.25735074 4.0770924e-08 0.54002726 0 -1 7.54979e-08 55 44 19 255
-0.23735075 4.0770924e-08 0.54002726 0 -1 7.54979e-08 3 7 1 255
-0.21735077 4.0770924e-08 0.54002726 0 -1 7.54979e-08 0 0 0 255
-0.19735073 4.0770924e-08 0.54002726 0 -1 7.54979e-08 0 0 0 255
-0.17735074 4.0770924e-08 0.54002726 0 -1 7.54979e-08 1 2 0 255
-0.15735076 4.0770924e-08 0.54002726 0 -1 7.54979e-08 5 13 2 255
-0.13735072 4.0770924e-08 0.54002726 0 -1 7.54979e-08 3 7 1 255
-0.117350735 4.0770924e-08 0.54002726 0 -1 7.54979e-08 12 11 3 255
-0.097350754 4.0770924e-08 0.54002726 0 -1 7.54979e-08 2 1 0 255
-0.07735077 4.0770924e-08 0.54002726 0 -1 7.54979e-08 0 0 0 255
-0.057350796 4.0770924e-08 0.54002726 0 -1 7.54979e-08 0 0 0 255
-0.037350696 4.0770924e-08 0.54002726 0 -1 7.54979e-08 0 0 0 255
-0.017350713 4.0770924e-08 0.54002726 0 -1 7.54979e-08 0 0 0 255
0.0026492677 4.0770924e-08 0.54002726 0 -1 7.54979e-08 0 0 0 255
0.022649249 4.0770924e-08 0.54002726 0 -1 7.54979e-08 0 0 0 255
0.042649228 4.0770924e-08 0.54002726 0 -1 7.54979e-08 0 0 0 255
0.06264921 4.0770924e-08 0.54002726 0 -1 7.54979e-08 0 0 0 255
0.08264931 4.0770924e-08 0.54002726 0 -1 7.54979e-08 0 0 0 255
0.102649294 4.0770924e-08 0.54002726 0 -1 7.54979e-08 12 7 2 255
0.122649275 4.0770924e-08 0.54002726 0 -1 7.54979e-08 19 11 3 255
0.14264925 4.0770924e-08 0.54002726 0 -1 7.54979e-08 19 11 3 255
0.16264923 4.0770924e-08 0.54002726 0 -1 7.54979e-08 6 15 3 255
0.18264921 4.0770924e-08 0.54002726 0 -1 7.54979e-08 0 0 0 255
0.20264919 4.0770924e-08 0.54002726 0 -1 7.54979e-08 0 0 0 255
0.22264929 4.0770924e-08 0.54002726 0 -1 7.54979e-08 0 0 0 255
0.24264927 4.0770924e-08 0.54002726 0 -1 7.54979e-08 0 0 0 255
0.26264924 4.0770924e-08 0.54002726 0 -1 7.54979e-08 0 0 0 255
0.28264922 4.0770924e-08 0.54002726 0 -1 7.54979e-08 0 0 0 255
0.3026492 4.0770924e-08 0.54002726 0 -1 7.54979e-08 0 0 0 255
0.32264918 4.0770924e-08 0.54002726 0 -1 7.54979e-08 0 0 0 255
0.34264928 4.0770924e-08 0.54002726 0 -1 7.54979e-08 0 0 0 255
0.36264926 4.0770924e-08 0.54002726 0 -1 7.54979e-08 7 19 3 255
0.38264924 4.0770924e-08 0.54002726 0 -1 7.54979e-08 0 0 0 255
0.40264922 4.0770924e-08 0.54002726 0 -1 7.54979e-08 0 0 0 255
0.4226492 4.0770924e-08 0.54002726 0 -1 7.54979e-08 0 0 0 255
0.4426492 4.0770924e-08 0.54002726 0 -1 7.54979e-08 12 9 2 255
0.46264917 4.0770924e-08 0.54002726 0 -1 7.54979e-08 10 17 3 255
0.48264927 4.0770924e-08 0.54002726 0 -1 7.54979e-08 0 0 0 255
0.50264925 4.0770924e-08 0.54002726 0 -1 7.54979e-08 0 0 0 255
0.5226492 4.0770924e-08 0.54002726 0 -1 7.54979e-08 0 0 0 255
0.5426492 4.0770924e-08 0.54002726 0 -1 7.54979e-08 0 0 0 255
0.5626492 4.0770924e-08 0.54002726 0 -1 7.54979e-08 0 0 0 255
0.5826492 4.0770924e-08 0.54002726 0 -1 7.54979e-08 0 0 0 255
0.6026493 4.0770924e-08 0.54002726 0 -1 7.54979e-08 0 0 0 255
0.62264925 4.0770924e-08 0.54002726 0 -1 7.54979e-08 0 0 0 255
0.64264923 4.0770924e-08 0.54002726 0 -1 7.54979e-08 3 8 1 255
0.6626492 4.0770924e-08 0.54002726 0 -1 7.54979e-08 6 15 3 255
0.6826492 4.0770924e-08 0.54002726 0 -1 7.54979e-08 0 1 0 255
0.7026492 4.0770924e-08 0.54002726 0 -1 7.54979e-08 1 4 0 255
0.7226493 4.0770924e-08 0.54002726 0 -1 7.54979e-08 7 19 3 255
0.74264926 4.0770924e-08 0.54002726 0 -1 7.54979e-08 11 16 3 255
0.76264924 4.0770924e-08 0.54002726 0 -1 7.54979e-08 18 12 3 255
0.7826492 4.0770924e-08 0.54002726 0 -1 7.54979e-08 19 11 3 255
0.8026492 4.0770924e-08 0.54002726 0 -1 7.54979e-08 13 21 5 255
0.8226492 4.0770924e-08 0.54002726 0 -1 7.54979e-08 41 32 12 255
0.84264916 4.0770924e-08 0.54002726 0 -1 7.54979e-08 61 45 20 255
0.86264926 4.0770924e-08 0.54002726 0 -1 7.54979e-08 34 24 11 255
-0.75735074 4.228088e-08 0.56002724 0 -1 7.54979e-08 0 0 0 255
-0.73735076 4.228088e-08 0.56002724 0 -1 7.54979e-08 130 84 49 255
-0.7173508 4.228088e-08 0.56002724 0 -1 7.54979e-08 78 54 26 255
-0.69735074 4.228088e-08 0.56002724 0 -1 7.54979e-08 73 52 25 255
-0.67735076 4.228088e-08 0.56002724 0 -1 7.54979e-08 66 49 24 255
-0.6573507 4.228088e-08 0.56002724 0 -1 7.54979e-08 68 50 23 255
-0.63735074 4.228088e-08 0.56002724 0 -1 7.54979e-08 75 56 26 255
-0.61735076 4.228088e-08 0.56002724 0 -1 7.54979e-08 112 73 39 255
-0.5973508 4.228088e-08 0.56002724 0 -1 7.54979e-08 113 74 39 255
-0.57735074 4.228088e-08 0.56002724 0 -1 7.54979e-08 113 74 39 255
-0.55735075 4.228088e-08 0.56002724 0 -1 7.54979e-08 111 73 38 255
-0.5373508 4.228088e-08 0.56002724 0 -1 7.54979e-08 117 76 41 255
-0.51735073 4.228088e-08 0.56002724 0 -1 7.54979e-08 145 92 53 255
-0.49735075 4.228088e-08 0.56002724 0 -1 7.54979e-08 172 109 66 255
-0.47735077 4.228088e-08 0.56002724 0 -1 7.54979e-08 176 112 67 255
-0.45735073 4.228088e-08 0.56002724 0 -1 7.54979e-08 160 102 60 255
-0.43735075 4.228088e-08 0.56002724 0 -1 7.54979e-08 144 94 53 255
-0.41735077 4.228088e-08 0.56002724 0 -1 7.54979e-08 131 83 47 255
-0.39735073 4.228088e-08 0.56002724 0 -1 7.54979e-08 139 91 51 255
-0.37735075 4.228088e-08 0.56002724 0 -1 7.54979e-08 163 104 62 255
-0.35735077 4.228088e-08 0.56002724 0 -1 7.54979e-08 177 113 68 255
-0.3373508 4.228088e-08 0.56002724 0 -1 7.54979e-08 158 101 59 255
-0.31735075 4.228088e-08 0.56002724 0 -1 7.54979e-08 135 86 49 255
-0.29735076 4.228088e-08 0.56002724 0 -1 7.54979e-08 87 62 30 255
-0.27735078 4.228088e-08 0.56002724 0 -1 7.54979e-08 96 65 33 255
-0.25735074 4.228088e-08 0.56002724 0 -1 7.54979e-08 77 52 26 255
-0.23735075 4.228088e-08 0.56002724 0 -1 7.54979e-08 9 7 2 255
-0.21735077 4.228088e-08 0.56002724 0 -1 7.54979e-08 0 0 0 255
-0.19735073 4.228088e-08 0.56002724 0 -1 7.54979e-08 0 0 0 255
-0.17735074 4.228088e-08 0.56002724 0 -1 7.54979e-08 1 2 0 255
-0.15735076 4.228088e-08 0.56002724 0 -1 7.54979e-08 7 18 3 255
-0.13735072 4.228088e-08 0.56002724 0 -1 7.54979e-08 3 9 1 255
-0.117350735 4.228088e-08 0.56002724 0 -1 7.54979e-08 2 2 0 255
-0.097350754 4.228088e-08 0.56002724 0 -1 7.54979e-08 0 0 0 255
-0.07735077 4.228088e-08 0.56002724 0 -1 7.54979e-08 0 0 0 255
-0.057350796 4.228088e-08 0.56002724 0 -1 7.54979e-08 0 0 0 255
-0.037350696 4.228088e-08 0.56002724 0 -1 7.54979e-08 0 0 0 255
-0.017350713 4.228088e-08 0.56002724 0 -1 7.54979e-08 0 0 0 255
0.0026492677 4.228088e-08 0.56002724 0 -1 7.54979e-08 0 0 0 255
0.022649249 4.228088e-08 0.56002724 0 -1 7.54979e-08 0 0 0 255
0.042649228 4.228088e-08 0.56002724 0 -1 7.54979e-08 0 0 0 255
0.06264921 4.228088e-08 0.56002724 0 -1 7.54979e-08 0 0 0 255
0.08264931 4.228088e-08 0.56002724 0 -1 7.54979e-08 0 0 0 255
0.102649294 4.228088e-08 0.56002724 0 -1 7.54979e-08 12 7 2 255
0.122649275 4.228088e-08 0.56002724 0 -1 7.54979e-08 19 11 3 255
0.14264925 4.228088e-08 0.56002724 0 -1 7.54979e-08 19 11 3 255
0.16264923 4.228088e-08 0.56002724 0 -1 7.54979e-08 6 15 3 255
0.18264921 4.228088e-08 0.56002724 0 -1 7.54979e-08 0 0 0 255
0.20264919 4.228088e-08 0.56002724 0 -1 7.54979e-08 0 0 0 255
0.22264929 4.228088e-08 0.56002724 0 -1 7.54979e-08 0 0 0 255
0.24264927 4.228088e-08 0.56002724 0 -1 7.54979e-08 0 0 0 255
0.26264924 4.228088e-08 0.56002724 0 -1 7.54979e-08 0 0 0 255
0.28264922 4.228088e-08 0.56002724 0 -1 7.54979e-08 0 0 0 255
0.3026492 4.228088e-08 0.56002724 0 -1 7.54979e-08 0 0 0 255
0.32264918 4.228088e-08 0.56002724 0 -1 7.54979e-08 0 0 0 255
0.34264928 4.228088e-08 0.56002724 0 -1 7.54979e-08 0 0 0 255
0.36264926 4.228088e-08 0.56002724 0 -1 7.54979e-08 17 12 3 255
0.38264924 4.228088e-08 0.56002724 0 -1 7.54979e-08 0 0 0 255
0.40264922 4.228088e-08 0.56002724 0 -1 7.54979e-08 0 0 0 255
0.4226492 4.228088e-08 0.56002724 0 -1 7.54979e-08 3 8 1 255
0.4426492 4.228088e-08 0.56002724 0 -1 7.54979e-08 15 12 3 255
0.46264917 4.228088e-08 0.56002724 0 -1 7.54979e-08 3 4 0 255
0.48264927 4.228088e-08 0.56002724 0 -1 7.54979e-08 0 0 0 255
0.50264925 4.228088e-08 0.56002724 0 -1 7.54979e-08 0 0 0 255
0.5226492 4.228088e-08 0.56002724 0 -1 7.54979e-08 0 0 0 255
0.5426492 4.228088e-08 0.56002724 0 -1 7.54979e-08 0 0 0 255
0.5626492 4.228088e-08 0.56002724 0 -1 7.54979e-08 0 0 0 255
0.5826492 4.228088e-08 0.56002724 0 -1 7.54979e-08 0 0 0 255
0.6026493 4.228088e-08 0.56002724 0 -1 7.54979e-08 0 0 0 255
0.62264925 4.228088e-08 0.56002724 0 -1 7.54979e-08 2 5 1 255
0.64264923 4.228088e-08 0.56002724 0 -1 7.54979e-08 7 17 3 255
0.6626492 4.228088e-08 0.56002724 0 -1 7.54979e-08 7 19 3 255
0.6826492 4.228088e-08 0.56002724 0 -1 7.54979e-08 6 16 3 255
0.7026492 4.228088e-08 0.56002724 0 -1 7.54979e-08 6 16 3 255
0.7226493 4.228088e-08 0.56002724 0 -1 7.54979e-08 7 19 3 255
0.74264926 4.228088e-08 0.56002724 0 -1 7.54979e-08 8 18 3 255
0.76264924 4.228088e-08 0.56002724 0 -1 7.54979e-08 9 18 3 255
0.7826492 4.228088e-08 0.56002724 0 -1 7.54979e-08 17 13 3 255
0.8026492 4.228088e-08 0.56002724 0 -1 7.54979e-08 33 28 9 255
0.8226492 4.228088e-08 0.56002724 0 -1 7.54979e-08 39 31 11 255
0.84264916 4.228088e-08 0.56002724 0 -1 7.54979e-08 49 37 16 255
0.86264926 4.228088e-08 0.56002724 0 -1 7.54979e-08 32 23 11 255
-0.75735074 4.379084e-08 0.5800273 0 -1 7.54979e-08 0 0 0 255
-0.73735076 4.379084e-08 0.5800273 0 -1 7.54979e-08 101 69 36 255
-0.7173508 4.379084e-08 0.5800273 0 -1 7.54979e-08 99 66 34 255
-0.69735074 4.379084e-08 0.5800273 0 -1 7.54979e-08 106 70 36 255
-0.67735076 4.379084e-08 0.5800273 0 -1 7.54979e-08 114 74 40 255
-0.6573507 4.379084e-08 0.5800273 0 -1 7.54979e-08 119 77 43 255
-0.63735074 4.379084e-08 0.5800273 0 -1 7.54979e-08 137 88 50 255
-0.61735076 4.379084e-08 0.5800273 0 -1 7.54979e-08 141 89 51 255
-0.5973508 4.379084e-08 0.5800273 0 -1 7.54979e-08 123 79 44 255
-0.57735074 4.379084e-08 0.5800273 0 -1 7.54979e-08 121 78 43 255
-0.55735075 4.379084e-08 0.5800273 0 -1 7.54979e-08 139 88 50 255
-0.5373508 4.379084e-08 0.5800273 0 -1 7.54979e-08 150 97 55 255
-0.51735073 4.379084e-08 0.5800273 0 -1 7.54979e-08 162 104 61 255
-0.49735075 4.379084e-08 0.5800273 0 -1 7.54979e-08 163 104 61 255
-0.47735077 4.379084e-08 0.5800273 0 -1 7.54979e-08 149 95 55 255
-0.45735073 4.379084e-08 0.5800273 0 -1 7.54979e-08 136 87 50 255
-0.43735075 4.379084e-08 0.5800273 0 -1 7.54979e-08 131 83 47 255
-0.41735077 4.379084e-08 0.5800273 0 -1 7.54979e-08 158 101 60 255
-0.39735073 4.379084e-08 0.5800273 0 -1 7.54979e-08 171 108 65 255
-0.37735075 4.379084e-08 0.5800273 0 -1 7.54979e-08 180 113 68 255
-0.35735077 4.379084e-08 0.5800273 0 -1 7.54979e-08 148 95 55 255
-0.3373508 4.379084e-08 0.5800273 0 -1 7.54979e-08 110 73 39 255
-0.31735075 4.379084e-08 0.5800273 0 -1 7.54979e-08 96 66 33 255
-0.29735076 4.379084e-08 0.5800273 0 -1 7.54979e-08 100 66 34 255
-0.27735078 4.379084e-08 0.5800273 0 -1 7.54979e-08 128 84 46 255
-0.25735074 4.379084e-08 0.5800273 0 -1 7.54979e-08 82 53 28 255
-0.23735075 4.379084e-08 0.5800273 0 -1 7.54979e-08 10 7 3 255
-0.21735077 4.379084e-08 0.5800273 0 -1 7.54979e-08 0 0 0 255
-0.19735073 4.379084e-08 0.5800273 0 -1 7.54979e-08 0 0 0 255
-0.17735074 4.379084e-08 0.5800273 0 -1 7.54979e-08 6 16 3 255
-0.15735076 4.379084e-08 0.5800273 0 -1 7.54979e-08 7 19 3 255
-0.13735072 4.379084e-08 0.5800273 0 -1 7.54979e-08 7 17 3 255
-0.117350735 4.379084e-08 0.5800273 0 -1 7.54979e-08 6 16 3 255
-0.097350754 4.379084e-08 0.5800273 0 -1 7.54979e-08 0 2 0 255
-0.07735077 4.379084e-08 0.5800273 0 -1 7.54979e-08 0 0 0 255
-0.057350796 4.379084e-08 0.5800273 0 -1 7.54979e-08 0 0 0 255
-0.037350696 4.379084e-08 0.5800273 0 -1 7.54979e-08 0 0 0 255
-0.017350713 4.379084e-08 0.5800273 0 -1 7.54979e-08 0 0 0 255
0.0026492677 4.379084e-08 0.5800273 0 -1 7.54979e-08 0 0 0 255
0.022649249 4.379084e-08 0.5800273 0 -1 7.54979e-08 0 0 0 255
0.042649228 4.379084e-08 0.5800273 0 -1 7.54979e-08 0 0 0 255
0.06264921 4.379084e-08 0.5800273 0 -1 7.54979e-08 0 0 0 255
0.08264931 4.379084e-08 0.5800273 0 -1 7.54979e-08 0 0 0 255
0.102649294 4.379084e-08 0.5800273 0 -1 7.54979e-08 12 7 2 255
0.122649275 4.379084e-08 0.5800273 0 -1 7.54979e-08 19 11 3 255
0.14264925 4.379084e-08 0.5800273 0 -1 7.54979e-08 19 11 3 255
0.16264923 4.379084e-08 0.5800273 0 -1 7.54979e-08 0 2 0 255
0.18264921 4.379084e-08 0.5800273 0 -1 7.54979e-08 0 0 0 255
0.20264919 4.379084e-08 0.5800273 0 -1 7.54979e-08 0 0 0 255
0.22264929 4.379084e-08 0.5800273 0 -1 7.54979e-08 4 12 2 255
0.24264927 4.379084e-08 0.5800273 0 -1 7.54979e-08 0 1 0 255
0.26264924 4.379084e-08 0.5800273 0 -1 7.54979e-08 0 0 0 255
0.28264922 4.379084e-08 0.5800273 0 -1 7.54979e-08 0 0 0 255
0.3026492 4.379084e-08 0.5800273 0 -1 7.54979e-08 0 0 0 255
0.32264918 4.379084e-08 0.5800273 0 -1 7.54979e-08 0 0 0 255
0.34264928 4.379084e-08 0.5800273 0 -1 7.54979e-08 0 0 0 255
0.36264926 4.379084e-08 0.5800273 0 -1 7.54979e-08 9 18 3 255
0.38264924 4.379084e-08 0.5800273 0 -1 7.54979e-08 0 0 0 255
0.40264922 4.379084e-08 0.5800273 0 -1 7.54979e-08 0 0 0 255
0.4226492 4.379084e-08 0.5800273 0 -1 7.54979e-08 4 10 2 255
0.4426492 4.379084e-08 0.5800273 0 -1 7.54979e-08 9 18 3 255
0.46264917 4.379084e-08 0.5800273 0 -1 7.54979e-08 0 1 0 255
0.48264927 4.379084e-08 0.5800273 0 -1 7.54979e-08 0 0 0 255
0.50264925 4.379084e-08 0.5800273 0 -1 7.54979e-08 4 2 0 255
0.5226492 4.379084e-08 0.5800273 0 -1 7.54979e-08 9 5 1 255
0.5426492 4.379084e-08 0.5800273 0 -1 7.54979e-08 0 0 0 255
0.5626492 4.379084e-08 0.5800273 0 -1 7.54979e-08 0 0 0 255
0.5826492 4.379084e-08 0.5800273 0 -1 7.54979e-08 0 0 0 255
0.6026493 4.379084e-08 0.5800273 0 -1 7.54979e-08 0 0 0 255
0.62264925 4.379084e-08 0.5800273 0 -1 7.54979e-08 2 6 1 255
0.64264923 4.379084e-08 0.5800273 0 -1 7.54979e-08 12 16 3 255
0.6626492 4.379084e-08 0.5800273 0 -1 7.54979e-08 10 17 3 255
0.6826492 4.379084e-08 0.5800273 0 -1 7.54979e-08 7 19 3 255
0.7026492 4.379084e-08 0.5800273 0 -1 7.54979e-08 7 19 3 255
0.7226493 4.379084e-08 0.5800273 0 -1 7.54979e-08 10 17 3 255
0.74264926 4.379084e-08 0.5800273 0 -1 7.54979e-08 13 15 3 255
0.76264924 4.379084e-08 0.5800273 0 -1 7.54979e-08 7 19 3 255
0.7826492 4.379084e-08 0.5800273 0 -1 7.54979e-08 16 13 3 255
0.8026492 4.379084e-08 0.5800273 0 -1 7.54979e-08 38 30 11 255
0.8226492 4.379084e-08 0.5800273 0 -1 7.54979e-08 42 33 12 255
0.84264916 4.379084e-08 0.5800273 0 -1 7.54979e-08 68 50 23 255
0.86264926 4.379084e-08 0.5800273 0 -1 7.54979e-08 38 28 13 255
-0.75735074 4.5300798e-08 0.60002726 0 -1 7.54979e-08 0 0 0 255
-0.73735076 4.5300798e-08 0.60002726 0 -1 7.54979e-08 27 18 9 255
-0.7173508 4.5300798e-08 0.60002726 0 -1 7.54979e-08 158 101 59 255
-0.69735074 4.5300798e-08 0.60002726 0 -1 7.54979e-08 164 104 62 255
-0.67735076 4.5300798e-08 0.60002726 0 -1 7.54979e-08 161 103 61 255
-0.6573507 4.5300798e-08 0.60002726 0 -1 7.54979e-08 148 94 54 255
-0.63735074 4.5300798e-08 0.60002726 0 -1 7.54979e-08 132 84 48 255
-0.61735076 4.5300798e-08 0.60002726 0 -1 7.54979e-08 119 77 41 255
-0.5973508 4.5300798e-08 0.60002726 0 -1 7.54979e-08 130 83 46 255
-0.57735074 4.5300798e-08 0.60002726 0 -1 7.54979e-08 152 97 56 255
-0.55735075 4.5300798e-08 0.60002726 0 -1 7.54979e-08 161 103 61 255
-0.5373508 4.5300798e-08 0.60002726 0 -1 7.54979e-08 157 102 59 255
-0.51735073 4.5300798e-08 0.60002726 0 -1 7.54979e-08 163 104 61 255
-0.49735075 4.5300798e-08 0.60002726 0 -1 7.54979e-08 139 90 51 255
-0.47735077 4.5300798e-08 0.60002726 0 -1 7.54979e-08 131 83 47 255
-0.45735073 4.5300798e-08 0.60002726 0 -1 7.54979e-08 134 87 49 255
-0.43735075 4.5300798e-08 0.60002726 0 -1 7.54979e-08 155 99 58 255
-0.41735077 4.5300798e-08 0.60002726 0 -1 7.54979e-08 181 115 69 255
-0.39735073 4.5300798e-08 0.60002726 0 -1 7.54979e-08 166 106 63 255
-0.37735075 4.5300798e-08 0.60002726 0 -1 7.54979e-08 131 84 47 255
-0.35735077 4.5300798e-08 0.60002726 0 -1 7.54979e-08 111 73 39 255
-0.3373508 4.5300798e-08 0.60002726 0 -1 7.54979e-08 99 66 34 255
-0.31735075 4.5300798e-08 0.60002726 0 -1 7.54979e-08 126 83 46 255
-0.29735076 4.5300798e-08 0.60002726 0 -1 7.54979e-08 172 110 65 255
-0.27735078 4.5300798e-08 0.60002726 0 -1 7.54979e-08 162 104 60 255
-0.25735074 4.5300798e-08 0.60002726 0 -1 7.54979e-08 82 55 27 255
-0.23735075 4.5300798e-08 0.60002726 0 -1 7.54979e-08 14 11 4 255
-0.21735077 4.5300798e-08 0.60002726 0 -1 7.54979e-08 0 0 0 255
-0.19735073 4.5300798e-08 0.60002726 0 -1 7.54979e-08 0 0 0 255
-0.17735074 4.5300798e-08 0.60002726 0 -1 7.54979e-08 3 4 1 255
-0.15735076 4.5300798e-08 0.60002726 0 -1 7.54979e-08 12 9 2 255
-0.13735072 4.5300798e-08 0.60002726 0 -1 7.54979e-08 1 2 0 255
-0.117350735 4.5300798e-08 0.60002726 0 -1 7.54979e-08 1 2 0 255
-0.097350754 4.5300798e-08 0.60002726 0 -1 7.54979e-08 0 0 0 255
-0.07735077 4.5300798e-08 0.60002726 0 -1 7.54979e-08 0 0 0 255
-0.057350796 4.5300798e-08 0.60002726 0 -1 7.54979e-08 0 0 0 255
-0.037350696 4.5300798e-08 0.60002726 0 -1 7.54979e-08 0 0 0 255
-0.017350713 4.5300798e-08 0.60002726 0 -1 7.54979e-08 0 0 0 255
0.0026492677 4.5300798e-08 0.60002726 0 -1 7.54979e-08 0 0 0 255
0.022649249 4.5300798e-08 0.60002726 0 -1 7.54979e-08 0 0 0 255
0.042649228 4.5300798e-08 0.60002726 0 -1 7.54979e-08 0 0 0 255
0.06264921 4.5300798e-08 0.60002726 0 -1 7.54979e-08 0 0 0 255
0.08264931 4.5300798e-08 0.60002726 0 -1 7.54979e-08 0 0 0 255
0.102649294 4.5300798e-08 0.60002726 0 -1 7.54979e-08 12 7 2 255
0.122649275 4.5300798e-08 0.60002726 0 -1 7.54979e-08 19 11 3 255
0.14264925 4.5300798e-08 0.60002726 0 -1 7.54979e-08 19 11 3 255
0.16264923 4.5300798e-08 0.60002726 0 -1 7.54979e-08 0 0 0 255
0.18264921 4.5300798e-08 0.60002726 0 -1 7.54979e-08 0 0 0 255
0.20264919 4.5300798e-08 0.60002726 0 -1 7.54979e-08 0 0 0 255
0.22264929 4.5300798e-08 0.60002726 0 -1 7.54979e-08 0 2 0 255
0.24264927 4.5300798e-08 0.60002726 0 -1 7.54979e-08 0 0 0 255
0.26264924 4.5300798e-08 0.60002726 0 -1 7.54979e-08 0 0 0 255
0.28264922 4.5300798e-08 0.60002726 0 -1 7.54979e-08 0 0 0 255
0.3026492 4.5300798e-08 0.60002726 0 -1 7.54979e-08 0 0 0 255
0.32264918 4.5300798e-08 0.60002726 0 -1 7.54979e-08 0 0 0 255
0.34264928 4.5300798e-08 0.60002726 0 -1 7.54979e-08 5 13 2 255
0.36264926 4.5300798e-08 0.60002726 0 -1 7.54979e-08 7 19 3 255
0.38264924 4.5300798e-08 0.60002726 0 -1 7.54979e-08 0 0 0 255
0.40264922 4.5300798e-08 0.60002726 0 -1 7.54979e-08 0 0 0 255
0.4226492 4.5300798e-08 0.60002726 0 -1 7.54979e-08 0 1 0 255
0.4426492 4.5300798e-08 0.60002726 0 -1 7.54979e-08 1 2 0 255
0.46264917 4.5300798e-08 0.60002726 0 -1 7.54979e-08 0 0 0 255
0.48264927 4.5300798e-08 0.60002726 0 -1 7.54979e-08 1 0 0 255
0.50264925 4.5300798e-08 0.60002726 0 -1 7.54979e-08 17 10 3 255
0.5226492 4.5300798e-08 0.60002726 0 -1 7.54979e-08 10 6 2 255
0.5426492 4.5300798e-08 0.60002726 0 -1 7.54979e-08 0 0 0 255
0.5626492 4.5300798e-08 0.60002726 0 -1 7.54979e-08 0 0 0 255
0.5826492 4.5300798e-08 0.60002726 0 -1 7.54979e-08 0 0 0 255
0.6026493 4.5300798e-08 0.60002726 0 -1 7.54979e-08 0 0 0 255
0.62264925 4.5300798e-08 0.60002726 0 -1 7.54979e-08 5 4 1 255
0.64264923 4.5300798e-08 0.60002726 0 -1 7.54979e-08 13 15 3 255
0.6626492 4.5300798e-08 0.60002726 0 -1 7.54979e-08 8 19 3 255
0.6826492 4.5300798e-08 0.60002726 0 -1 7.54979e-08 1 4 0 255
0.7026492 4.5300798e-08 0.60002726 0 -1 7.54979e-08 1 2 0 255
0.7226493 4.5300798e-08 0.60002726 0 -1 7.54979e-08 3 6 1 255
0.74264926 4.5300798e-08 0.60002726 0 -1 7.54979e-08 12 15 3 255
0.76264924 4.5300798e-08 0.60002726 0 -1 7.54979e-08 11 16 3 255
0.7826492 4.5300798e-08 0.60002726 0 -1 7.54979e-08 22 18 6 255
0.8026492 4.5300798e-08 0.60002726 0 -1 7.54979e-08 38 30 11 255
0.8226492 4.5300798e-08 0.60002726 0 -1 7.54979e-08 42 33 12 255
0.84264916 4.5300798e-08 0.60002726 0 -1 7.54979e-08 61 44 20 255
0.86264926 4.5300798e-08 0.60002726 0 -1 7.54979e-08 31 22 10 255
-0.73735076 4.6810754e-08 0.62002724 0 -1 7.54979e-08 2 1 0 255
-0.7173508 4.6810754e-08 0.62002724 0 -1 7.54979e-08 59 37 22 255
-0.69735074 4.6810754e-08 0.62002724 0 -1 7.54979e-08 152 96 56 255
-0.67735076 4.6810754e-08 0.62002724 0 -1 7.54979e-08 141 89 51 255
-0.6573507 4.6810754e-08 0.62002724 0 -1 7.54979e-08 121 78 42 255
-0.63735074 4.6810754e-08 0.62002724 0 -1 7.54979e-08 116 75 40 255
-0.61735076 4.6810754e-08 0.62002724 0 -1 7.54979e-08 128 82 46 255
-0.5973508 4.6810754e-08 0.62002724 0 -1 7.54979e-08 140 90 51 255
-0.57735074 4.6810754e-08 0.62002724 0 -1 7.54979e-08 157 100 59 255
-0.55735075 4.6810754e-08 0.62002724 0 -1 7.54979e-08 160 103 60 255
-0.5373508 4.6810754e-08 0.62002724 0 -1 7.54979e-08 151 96 55 255
-0.51735073 4.6810754e-08 0.62002724 0 -1 7.54979e-08 140 91 52 255
-0.49735075 4.6810754e-08 0.62002724 0 -1 7.54979e-08 132 85 48 255
-0.47735077 4.6810754e-08 0.62002724 0 -1 7.54979e-08 146 95 54 255
-0.45735073 4.6810754e-08 0.62002724 0 -1 7.54979e-08 165 105 63 255
-0.43735075 4.6810754e-08 0.62002724 0 -1 7.54979e-08 179 114 68 255
-0.41735077 4.6810754e-08 0.62002724 0 -1 7.54979e-08 144 94 54 255
-0.39735073 4.6810754e-08 0.62002724 0 -1 7.54979e-08 129 82 47 255
-0.37735075 4.6810754e-08 0.62002724 0 -1 7.54979e-08 98 66 34 255
-0.35735077 4.6810754e-08 0.62002724 0 -1 7.54979e-08 107 70 37 255
-0.3373508 4.6810754e-08 0.62002724 0 -1 7.54979e-08 126 82 45 255
-0.31735075 4.6810754e-08 0.62002724 0 -1 7.54979e-08 190 122 77 255
-0.29735076 4.6810754e-08 0.62002724 0 -1 7.54979e-08 184 117 70 255
-0.27735078 4.6810754e-08 0.62002724 0 -1 7.54979e-08 160 102 60 255
-0.25735074 4.6810754e-08 0.62002724 0 -1 7.54979e-08 82 56 27 255
-0.23735075 4.6810754e-08 0.62002724 0 -1 7.54979e-08 15 12 4 255
-0.21735077 4.6810754e-08 0.62002724 0 -1 7.54979e-08 0 0 0 255
-0.19735073 4.6810754e-08 0.62002724 0 -1 7.54979e-08 0 0 0 255
-0.17735074 4.6810754e-08 0.62002724 0 -1 7.54979e-08 2 1 0 255
-0.15735076 4.6810754e-08 0.62002724 0 -1 7.54979e-08 13 7 2 255
-0.13735072 4.6810754e-08 0.62002724 0 -1 7.54979e-08 0 0 0 255
-0.117350735 4.6810754e-08 0.62002724 0 -1 7.54979e-08 0 0 0 255
-0.097350754 4.6810754e-08 0.62002724 0 -1 7.54979e-08 0 0 0 255
-0.07735077 4.6810754e-08 0.62002724 0 -1 7.54979e-08 0 0 0 255
-0.057350796 4.6810754e-08 0.62002724 0 -1 7.54979e-08 0 0 0 255
-0.037350696 4.6810754e-08 0.62002724 0 -1 7.54979e-08 0 0 0 255
-0.017350713 4.6810754e-08 0.62002724 0 -1 7.54979e-08 0 0 0 255
0.0026492677 4.6810754e-08 0.62002724 0 -1 7.54979e-08 0 0 0 255
0.022649249 4.6810754e-08 0.62002724 0 -1 7.54979e-08 0 0 0 255
0.042649228 4.6810754e-08 0.62002724 0 -1 7.54979e-08 0 0 0 255
0.06264921 4.6810754e-08 0.62002724 0 -1 7.54979e-08 0 0 0 255
0.08264931 4.6810754e-08 0.62002724 0 -1 7.54979e-08 0 0 0 255
0.102649294 4.6810754e-08 0.62002724 0 -1 7.54979e-08 12 7 2 255
0.122649275 4.6810754e-08 0.62002724 0 -1 7.54979e-08 19 11 3 255
0.14264925 4.6810754e-08 0.62002724 0 -1 7.54979e-08 19 11 3 255
0.16264923 4.6810754e-08 0.62002724 0 -1 7.54979e-08 5 13 2 255
0.18264921 4.6810754e-08 0.62002724 0 -1 7.54979e-08 0 0 0 255
0.20264919 4.6810754e-08 0.62002724 0 -1 7.54979e-08 0 0 0 255
0.22264929 4.6810754e-08 0.62002724 0 -1 7.54979e-08 4 12 2 255
0.24264927 4.6810754e-08 0.62002724 0 -1 7.54979e-08 0 1 0 255
0.26264924 4.6810754e-08 0.62002724 0 -1 7.54979e-08 0 0 0 255
0.28264922 4.6810754e-08 0.62002724 0 -1 7.54979e-08 0 0 0 255
0.3026492 4.6810754e-08 0.62002724 0 -1 7.54979e-08 0 0 0 255
0.32264918 4.6810754e-08 0.62002724 0 -1 7.54979e-08 4 10 2 255
0.34264928 4.6810754e-08 0.62002724 0 -1 7.54979e-08 2 5 1 255
0.36264926 4.6810754e-08 0.62002724 0 -1 7.54979e-08 1 2 0 255
0.38264924 4.6810754e-08 0.62002724 0 -1 7.54979e-08 0 0 0 255
0.40264922 4.6810754e-08 0.62002724 0 -1 7.54979e-08 0 0 0 255
0.4226492 4.6810754e-08 0.62002724 0 -1 7.54979e-08 0 0 0 255
0.4426492 4.6810754e-08 0.62002724 0 -1 7.54979e-08 0 0 0 255
0.46264917 4.6810754e-08 0.62002724 0 -1 7.54979e-08 0 0 0 255
0.48264927 4.6810754e-08 0.62002724 0 -1 7.54979e-08 17 10 3 255
0.50264925 4.6810754e-08 0.62002724 0 -1 7.54979e-08 24 16 6 255
0.5226492 4.6810754e-08 0.62002724 0 -1 7.54979e-08 10 6 2 255
0.5426492 4.6810754e-08 0.62002724 0 -1 7.54979e-08 0 0 0 255
0.5626492 4.6810754e-08 0.62002724 0 -1 7.54979e-08 0 0 0 255
0.5826492 4.6810754e-08 0.62002724 0 -1 7.54979e-08 0 0 0 255
0.6026493 4.6810754e-08 0.62002724 0 -1 7.54979e-08 1 2 0 255
0.62264925 4.6810754e-08 0.62002724 0 -1 7.54979e-08 7 17 3 255
0.64264923 4.6810754e-08 0.62002724 0 -1 7.54979e-08 8 18 3 255
0.6626492 4.6810754e-08 0.62002724 0 -1 7.54979e-08 7 19 3 255
0.6826492 4.6810754e-08 0.62002724 0 -1 7.54979e-08 0 2 0 255
0.7026492 4.6810754e-08 0.62002724 0 -1 7.54979e-08 0 0 0 255
0.7226493 4.6810754e-08 0.62002724 0 -1 7.54979e-08 1 4 0 255
0.74264926 4.6810754e-08 0.62002724 0 -1 7.54979e-08 12 16 3 255
0.76264924 4.6810754e-08 0.62002724 0 -1 7.54979e-08 22 16 5 255
0.7826492 4.6810754e-08 0.62002724 0 -1 7.54979e-08 34 27 10 255
0.8026492 4.6810754e-08 0.62002724 0 -1 7.54979e-08 39 31 11 255
0.8226492 4.6810754e-08 0.62002724 0 -1 7.54979e-08 42 33 13 255
0.84264916 4.6810754e-08 0.62002724 0 -1 7.54979e-08 61 45 21 255
0.86264926 4.6810754e-08 0.62002724 0 -1 7.54979e-08 29 21 9 255
-0.73735076 4.8320718e-08 0.6400273 0 -1 7.54979e-08 0 0 0 255
-0.7173508 4.8320718e-08 0.6400273 0 -1 7.54979e-08 5 3 1 255
-0.69735074 4.8320718e-08 0.6400273 0 -1 7.54979e-08 60 38 21 255
-0.67735076 4.8320718e-08 0.6400273 0 -1 7.54979e-08 106 69 37 255
-0.6573507 4.8320718e-08 0.6400273 0 -1 7.54979e-08 95 65 33 255
-0.63735074 4.8320718e-08 0.6400273 0 -1 7.54979e-08 93 64 32 255
-0.61735076 4.8320718e-08 0.6400273 0 -1 7.54979e-08 100 68 35 255
-0.5973508 4.8320718e-08 0.6400273 0 -1 7.54979e-08 124 80 44 255
-0.57735074 4.8320718e-08 0.6400273 0 -1 7.54979e-08 133 86 48 255
-0.55735075 4.8320718e-08 0.6400273 0 -1 7.54979e-08 140 92 52 255
-0.5373508 4.8320718e-08 0.6400273 0 -1 7.54979e-08 133 84 48 255
-0.51735073 4.8320718e-08 0.6400273 0 -1 7.54979e-08 133 85 48 255
-0.49735075 4.8320718e-08 0.6400273 0 -1 7.54979e-08 162 104 61 255
-0.47735077 4.8320718e-08 0.6400273 0 -1 7.54979e-08 179 112 68 255
-0.45735073 4.8320718e-08 0.6400273 0 -1 7.54979e-08 171 109 64 255
-0.43735075 4.8320718e-08 0.6400273 0 -1 7.54979e-08 141 90 52 255
-0.41735077 4.8320718e-08 0.6400273 0 -1 7.54979e-08 124 80 44 255
-0.39735073 4.8320718e-08 0.6400273 0 -1 7.54979e-08 120 78 42 255
-0.37735075 4.8320718e-08 0.6400273 0 -1 7.54979e-08 118 77 41 255
-0.35735077 4.8320718e-08 0.6400273 0 -1 7.54979e-08 160 102 59 255
-0.3373508 4.8320718e-08 0.6400273 0 -1 7.54979e-08 195 124 78 255
-0.31735075 4.8320718e-08 0.6400273 0 -1 7.54979e-08 189 120 73 255
-0.29735076 4.8320718e-08 0.6400273 0 -1 7.54979e-08 166 106 63 255
-0.27735078 4.8320718e-08 0.6400273 0 -1 7.54979e-08 135 88 49 255
-0.25735074 4.8320718e-08 0.6400273 0 -1 7.54979e-08 81 57 36 255
-0.23735075 4.8320718e-08 0.6400273 0 -1 7.54979e-08 14 13 12 255
-0.21735077 4.8320718e-08 0.6400273 0 -1 7.54979e-08 0 0 0 255
-0.19735073 4.8320718e-08 0.6400273 0 -1 7.54979e-08 0 0 0 255
-0.17735074 4.8320718e-08 0.6400273 0 -1 7.54979e-08 3 2 1 255
-0.15735076 4.8320718e-08 0.6400273 0 -1 7.54979e-08 19 17 5 255
-0.13735072 4.8320718e-08 0.6400273 0 -1 7.54979e-08 3 8 1 255
-0.117350735 4.8320718e-08 0.6400273 0 -1 7.54979e-08 4 11 2 255
-0.097350754 4.8320718e-08 0.6400273 0 -1 7.54979e-08 6 16 3 255
-0.07735077 4.8320718e-08 0.6400273 0 -1 7.54979e-08 0 0 0 255
-0.057350796 4.8320718e-08 0.6400273 0 -1 7.54979e-08 0 0 0 255
-0.037350696 4.8320718e-08 0.6400273 0 -1 7.54979e-08 0 0 0 255
-0.017350713 4.8320718e-08 0.6400273 0 -1 7.54979e-08 0 0 0 255
0.0026492677 4.8320718e-08 0.6400273 0 -1 7.54979e-08 0 0 0 255
0.022649249 4.8320718e-08 0.6400273 0 -1 7.54979e-08 0 0 0 255
0.042649228 4.8320718e-08 0.6400273 0 -1 7.54979e-08 0 0 0 255
0.06264921 4.8320718e-08 0.6400273 0 -1 7.54979e-08 0 0 0 255
0.08264931 4.8320718e-08 0.6400273 0 -1 7.54979e-08 0 0 0 255
0.102649294 4.8320718e-08 0.6400273 0 -1 7.54979e-08 12 7 2 255
0.122649275 4.8320718e-08 0.6400273 0 -1 7.54979e-08 19 11 3 255
0.14264925 4.8320718e-08 0.6400273 0 -1 7.54979e-08 19 11 3 255
0.16264923 4.8320718e-08 0.6400273 0 -1 7.54979e-08 6 15 3 255
0.18264921 4.8320718e-08 0.6400273 0 -1 7.54979e-08 0 0 0 255
0.20264919 4.8320718e-08 0.6400273 0 -1 7.54979e-08 0 0 0 255
0.22264929 4.8320718e-08 0.6400273 0 -1 7.54979e-08 5 14 2 255
0.24264927 4.8320718e-08 0.6400273 0 -1 7.54979e-08 0 1 0 255
0.26264924 4.8320718e-08 0.6400273 0 -1 7.54979e-08 0 0 0 255
0.28264922 4.8320718e-08 0.6400273 0 -1 7.54979e-08 0 0 0 255
0.3026492 4.8320718e-08 0.6400273 0 -1 7.54979e-08 0 0 0 255
0.32264918 4.8320718e-08 0.6400273 0 -1 7.54979e-08 0 1 0 255
0.34264928 4.8320718e-08 0.6400273 0 -1 7.54979e-08 0 0 0 255
0.36264926 4.8320718e-08 0.6400273 0 -1 7.54979e-08 0 0 0 255
0.38264924 4.8320718e-08 0.6400273 0 -1 7.54979e-08 0 0 0 255
0.40264922 4.8320718e-08 0.6400273 0 -1 7.54979e-08 0 0 0 255
0.4226492 4.8320718e-08 0.6400273 0 -1 7.54979e-08 0 0 0 255
0.4426492 4.8320718e-08 0.6400273 0 -1 7.54979e-08 0 0 0 255
0.46264917 4.8320718e-08 0.6400273 0 -1 7.54979e-08 6 15 3 255
0.48264927 4.8320718e-08 0.6400273 0 -1 7.54979e-08 19 11 3 255
0.50264925 4.8320718e-08 0.6400273 0 -1 7.54979e-08 20 12 4 255
0.5226492 4.8320718e-08 0.6400273 0 -1 7.54979e-08 10 6 2 255
0.5426492 4.8320718e-08 0.6400273 0 -1 7.54979e-08 0 0 0 255
0.5626492 4.8320718e-08 0.6400273 0 -1 7.54979e-08 0 0 0 255
0.5826492 4.8320718e-08 0.6400273 0 -1 7.54979e-08 0 0 0 255
0.6026493 4.8320718e-08 0.6400273 0 -1 7.54979e-08 1 3 0 255
0.62264925 4.8320718e-08 0.6400273 0 -1 7.54979e-08 11 17 3 255
0.64264923 4.8320718e-08 0.6400273 0 -1 7.54979e-08 12 16 3 255
0.6626492 4.8320718e-08 0.6400273 0 -1 7.54979e-08 14 14 3 255
0.6826492 4.8320718e-08 0.6400273 0 -1 7.54979e-08 8 16 3 255
0.7026492 4.8320718e-08 0.6400273 0 -1 7.54979e-08 8 17 3 255
0.7226493 4.8320718e-08 0.6400273 0 -1 7.54979e-08 34 27 10 255
0.74264926 4.8320718e-08 0.6400273 0 -1 7.54979e-08 42 33 13 255
0.76264924 4.8320718e-08 0.6400273 0 -1 7.54979e-08 56 41 19 255
0.7826492 4.8320718e-08 0.6400273 0 -1 7.54979e-08 78 55 27 255
0.8026492 4.8320718e-08 0.6400273 0 -1 7.54979e-08 67 48 22 255
0.8226492 4.8320718e-08 0.6400273 0 -1 7.54979e-08 48 39 16 255
0.84264916 4.8320718e-08 0.6400273 0 -1 7.54979e-08 45 33 16 255
0.86264926 4.8320718e-08 0.6400273 0 -1 7.54979e-08 3 2 1 255
-0.73735076 4.9830675e-08 0.66002727 0 -1 7.54979e-08 0 0 0 255
-0.7173508 4.9830675e-08 0.66002727 0 -1 7.54979e-08 0 0 0 255
-0.69735074 4.9830675e-08 0.66002727 0 -1 7.54979e-08 21 16 6 255
-0.67735076 4.9830675e-08 0.66002727 0 -1 7.54979e-08 46 35 14 255
-0.6573507 4.9830675e-08 0.66002727 0 -1 7.54979e-08 59 43 19 255
-0.63735074 4.9830675e-08 0.66002727 0 -1 7.54979e-08 73 52 24 255
-0.61735076 4.9830675e-08 0.66002727 0 -1 7.54979e-08 86 62 29 255
-0.5973508 4.9830675e-08 0.66002727 0 -1 7.54979e-08 122 80 43 255
-0.57735074 4.9830675e-08 0.66002727 0 -1 7.54979e-08 132 85 48 255
-0.55735075 4.9830675e-08 0.66002727 0 -1 7.54979e-08 130 83 47 255
-0.5373508 4.9830675e-08 0.66002727 0 -1 7.54979e-08 136 88 50 255
-0.51735073 4.9830675e-08 0.66002727 0 -1 7.54979e-08 156 101 58 255
-0.49735075 4.9830675e-08 0.66002727 0 -1 7.54979e-08 188 120 73 255
-0.47735077 4.9830675e-08 0.66002727 0 -1 7.54979e-08 171 110 67 255
-0.45735073 4.9830675e-08 0.66002727 0 -1 7.54979e-08 127 82 45 255
-0.43735075 4.9830675e-08 0.66002727 0 -1 7.54979e-08 123 79 43 255
-0.41735077 4.9830675e-08 0.66002727 0 -1 7.54979e-08 145 92 53 255
-0.39735073 4.9830675e-08 0.66002727 0 -1 7.54979e-08 191 120 74 255
-0.37735075 4.9830675e-08 0.66002727 0 -1 7.54979e-08 207 136 90 255
-0.35735077 4.9830675e-08 0.66002727 0 -1 7.54979e-08 192 123 76 255
-0.3373508 4.9830675e-08 0.66002727 0 -1 7.54979e-08 179 114 69 255
-0.31735075 4.9830675e-08 0.66002727 0 -1 7.54979e-08 168 108 64 255
-0.29735076 4.9830675e-08 0.66002727 0 -1 7.54979e-08 164 105 62 255
-0.27735078 4.9830675e-08 0.66002727 0 -1 7.54979e-08 153 98 57 255
-0.25735074 4.9830675e-08 0.66002727 0 -1 7.54979e-08 99 66 37 255
-0.23735075 4.9830675e-08 0.66002727 0 -1 7.54979e-08 23 18 9 255
-0.21735077 4.9830675e-08 0.66002727 0 -1 7.54979e-08 0 0 0 255
-0.19735073 4.9830675e-08 0.66002727 0 -1 7.54979e-08 0 0 0 255
-0.17735074 4.9830675e-08 0.66002727 0 -1 7.54979e-08 9 17 3 255
-0.15735076 4.9830675e-08 0.66002727 0 -1 7.54979e-08 21 19 6 255
-0.13735072 4.9830675e-08 0.66002727 0 -1 7.54979e-08 3 9 1 255
-0.117350735 4.9830675e-08 0.66002727 0 -1 7.54979e-08 5 13 2 255
-0.097350754 4.9830675e-08 0.66002727 0 -1 7.54979e-08 7 19 3 255
-0.07735077 4.9830675e-08 0.66002727 0 -1 7.54979e-08 0 0 0 255
-0.057350796 4.9830675e-08 0.66002727 0 -1 7.54979e-08 0 0 0 255
-0.037350696 4.9830675e-08 0.66002727 0 -1 7.54979e-08 0 0 0 255
-0.017350713 4.9830675e-08 0.66002727 0 -1 7.54979e-08 0 0 0 255
0.0026492677 4.9830675e-08 0.66002727 0 -1 7.54979e-08 0 0 0 255
0.022649249 4.9830675e-08 0.66002727 0 -1 7.54979e-08 0 0 0 255
0.042649228 4.9830675e-08 0.66002727 0 -1 7.54979e-08 0 0 0 255
0.06264921 4.9830675e-08 0.66002727 0 -1 7.54979e-08 0 0 0 255
0.08264931 4.9830675e-08 0.66002727 0 -1 7.54979e-08 0 0 0 255
0.102649294 4.9830675e-08 0.66002727 0 -1 7.54979e-08 12 7 2 255
0.122649275 4.9830675e-08 0.66002727 0 -1 7.54979e-08 19 11 3 255
0.14264925 4.9830675e-08 0.66002727 0 -1 7.54979e-08 19 11 3 255
0.16264923 4.9830675e-08 0.66002727 0 -1 7.54979e-08 6 15 3 255
0.18264921 4.9830675e-08 0.66002727 0 -1 7.54979e-08 0 0 0 255
0.20264919 4.9830675e-08 0.66002727 0 -1 7.54979e-08 3 9 1 255
0.22264929 4.9830675e-08 0.66002727 0 -1 7.54979e-08 15 13 3 255
0.24264927 4.9830675e-08 0.66002727 0 -1 7.54979e-08 1 0 0 255
0.26264924 4.9830675e-08 0.66002727 0 -1 7.54979e-08 0 0 0 255
0.28264922 4.9830675e-08 0.66002727 0 -1 7.54979e-08 0 0 0 255
0.3026492 4.9830675e-08 0.66002727 0 -1 7.54979e-08 0 0 0 255
0.32264918 4.9830675e-08 0.66002727 0 -1 7.54979e-08 0 0 0 255
0.34264928 4.9830675e-08 0.66002727 0 -1 7.54979e-08 0 0 0 255
0.36264926 4.9830675e-08 0.66002727 0 -1 7.54979e-08 0 0 0 255
0.38264924 4.9830675e-08 0.66002727 0 -1 7.54979e-08 0 0 0 255
0.40264922 4.9830675e-08 0.66002727 0 -1 7.54979e-08 0 0 0 255
0.4226492 4.9830675e-08 0.66002727 0 -1 7.54979e-08 0 0 0 255
0.4426492 4.9830675e-08 0.66002727 0 -1 7.54979e-08 0 0 0 255
0.46264917 4.9830675e-08 0.66002727 0 -1 7.54979e-08 6 17 3 255
0.48264927 4.9830675e-08 0.66002727 0 -1 7.54979e-08 19 11 3 255
0.50264925 4.9830675e-08 0.66002727 0 -1 7.54979e-08 16 13 3 255
0.5226492 4.9830675e-08 0.66002727 0 -1 7.54979e-08 5 10 2 255
0.5426492 4.9830675e-08 0.66002727 0 -1 7.54979e-08 0 0 0 255
0.5626492 4.9830675e-08 0.66002727 0 -1 7.54979e-08 0 0 0 255
0.5826492 4.9830675e-08 0.66002727 0 -1 7.54979e-08 0 0 0 255
0.6026493 4.9830675e-08 0.66002727 0 -1 7.54979e-08 6 17 3 255
0.62264925 4.9830675e-08 0.66002727 0 -1 7.54979e-08 8 19 3 255
0.64264923 4.9830675e-08 0.66002727 0 -1 7.54979e-08 8 19 3 255
0.6626492 4.9830675e-08 0.66002727 0 -1 7.54979e-08 20 18 6 255
0.6826492 4.9830675e-08 0.66002727 0 -1 7.54979e-08 34 28 10 255
0.7026492 4.9830675e-08 0.66002727 0 -1 7.54979e-08 36 30 11 255
0.7226493 4.9830675e-08 0.66002727 0 -1 7.54979e-08 59 44 21 255
0.74264926 4.9830675e-08 0.66002727 0 -1 7.54979e-08 58 43 20 255
0.76264924 4.9830675e-08 0.66002727 0 -1 7.54979e-08 66 48 23 255
0.7826492 4.9830675e-08 0.66002727 0 -1 7.54979e-08 77 57 26 255
0.8026492 4.9830675e-08 0.66002727 0 -1 7.54979e-08 87 61 30 255
0.8226492 4.9830675e-08 0.66002727 0 -1 7.54979e-08 59 43 19 255
0.84264916 4.9830675e-08 0.66002727 0 -1 7.54979e-08 47 34 15 255
0.86264926 4.9830675e-08 0.66002727 0 -1 7.54979e-08 0 0 0 255
-0.73735076 5.134063e-08 0.68002725 0 -1 7.54979e-08 0 0 0 255
-0.7173508 5.134063e-08 0.68002725 0 -1 7.54979e-08 51 33 21 255
-0.69735074 5.134063e-08 0.68002725 0 -1 7.54979e-08 118 78 46 255
-0.67735076 5.134063e-08 0.68002725 0 -1 7.54979e-08 39 31 11 255
-0.6573507 5.134063e-08 0.68002725 0 -1 7.54979e-08 46 38 15 255
-0.63735074 5.134063e-08 0.68002725 0 -1 7.54979e-08 60 43 19 255
-0.61735076 5.134063e-08 0.68002725 0 -1 7.54979e-08 73 53 24 255
-0.5973508 5.134063e-08 0.68002725 0 -1 7.54979e-08 94 66 32 255
-0.57735074 5.134063e-08 0.68002725 0 -1 7.54979e-08 123 79 44 255
-0.55735075 5.134063e-08 0.68002725 0 -1 7.54979e-08 134 87 49 255
-0.5373508 5.134063e-08 0.68002725 0 -1 7.54979e-08 146 93 54 255
-0.51735073 5.134063e-08 0.68002725 0 -1 7.54979e-08 153 96 56 255
-0.49735075 5.134063e-08 0.68002725 0 -1 7.54979e-08 190 121 74 255
-0.47735077 5.134063e-08 0.68002725 0 -1 7.54979e-08 207 134 87 255
-0.45735073 5.134063e-08 0.68002725 0 -1 7.54979e-08 218 147 101 255
-0.43735075 5.134063e-08 0.68002725 0 -1 7.54979e-08 221 149 104 255
-0.41735077 5.134063e-08 0.68002725 0 -1 7.54979e-08 209 136 90 255
-0.39735073 5.134063e-08 0.68002725 0 -1 7.54979e-08 210 136 89 255
-0.37735075 5.134063e-08 0.68002725 0 -1 7.54979e-08 184 118 72 255
-0.35735077 5.134063e-08 0.68002725 0 -1 7.54979e-08 181 115 69 255
-0.3373508 5.134063e-08 0.68002725 0 -1 7.54979e-08 191 119 72 255
-0.31735075 5.134063e-08 0.68002725 0 -1 7.54979e-08 174 110 67 255
-0.29735076 5.134063e-08 0.68002725 0 -1 7.54979e-08 163 105 62 255
-0.27735078 5.134063e-08 0.68002725 0 -1 7.54979e-08 137 89 51 255
-0.25735074 5.134063e-08 0.68002725 0 -1 7.54979e-08 101 67 37 255
-0.23735075 5.134063e-08 0.68002725 0 -1 7.54979e-08 29 29 11 255
-0.21735077 5.134063e-08 0.68002725 0 -1 7.54979e-08 1 3 0 255
-0.19735073 5.134063e-08 0.68002725 0 -1 7.54979e-08 6 16 3 255
-0.17735074 5.134063e-08 0.68002725 0 -1 7.54979e-08 3 3 0 255
-0.15735076 5.134063e-08 0.68002725 0 -1 7.54979e-08 16 14 4 255
-0.13735072 5.134063e-08 0.68002725 0 -1 7.54979e-08 7 18 3 255
-0.117350735 5.134063e-08 0.68002725 0 -1 7.54979e-08 2 6 1 255
-0.097350754 5.134063e-08 0.68002725 0 -1 7.54979e-08 0 2 0 255
-0.07735077 5.134063e-08 0.68002725 0 -1 7.54979e-08 0 0 0 255
-0.057350796 5.134063e-08 0.68002725 0 -1 7.54979e-08 0 0 0 255
-0.037350696 5.134063e-08 0.68002725 0 -1 7.54979e-08 0 0 0 255
-0.017350713 5.134063e-08 0.68002725 0 -1 7.54979e-08 0 0 0 255
0.0026492677 5.134063e-08 0.68002725 0 -1 7.54979e-08 0 0 0 255
0.022649249 5.134063e-08 0.68002725 0 -1 7.54979e-08 0 0 0 255
0.042649228 5.134063e-08 0.68002725 0 -1 7.54979e-08 0 0 0 255
0.06264921 5.134063e-08 0.68002725 0 -1 7.54979e-08 0 0 0 255
0.08264931 5.134063e-08 0.68002725 0 -1 7.54979e-08 0 0 0 255
0.102649294 5.134063e-08 0.68002725 0 -1 7.54979e-08 12 7 2 255
0.122649275 5.134063e-08 0.68002725 0 -1 7.54979e-08 19 11 3 255
0.14264925 5.134063e-08 0.68002725 0 -1 7.54979e-08 19 11 3 255
0.16264923 5.134063e-08 0.68002725 0 -1 7.54979e-08 0 1 0 255
0.18264921 5.134063e-08 0.68002725 0 -1 7.54979e-08 0 0 0 255
0.20264919 5.134063e-08 0.68002725 0 -1 7.54979e-08 4 10 2 255
0.22264929 5.134063e-08 0.68002725 0 -1 7.54979e-08 8 18 3 255
0.24264927 5.134063e-08 0.68002725 0 -1 7.54979e-08 0 1 0 255
0.26264924 5.134063e-08 0.68002725 0 -1 7.54979e-08 0 0 0 255
0.28264922 5.134063e-08 0.68002725 0 -1 7.54979e-08 0 0 0 255
0.3026492 5.134063e-08 0.68002725 0 -1 7.54979e-08 0 0 0 255
0.32264918 5.134063e-08 0.68002725 0 -1 7.54979e-08 0 0 0 255
0.34264928 5.134063e-08 0.68002725 0 -1 7.54979e-08 0 0 0 255
0.36264926 5.134063e-08 0.68002725 0 -1 7.54979e-08 0 0 0 255
0.38264924 5.134063e-08 0.68002725 0 -1 7.54979e-08 0 0 0 255
0.40264922 5.134063e-08 0.68002725 0 -1 7.54979e-08 0 0 0 255
0.4226492 5.134063e-08 0.68002725 0 -1 7.54979e-08 0 0 0 255
0.4426492 5.134063e-08 0.68002725 0 -1 7.54979e-08 0 0 0 255
0.46264917 5.134063e-08 0.68002725 0 -1 7.54979e-08 6 17 3 255
0.48264927 5.134063e-08 0.68002725 0 -1 7.54979e-08 19 11 3 255
0.50264925 5.134063e-08 0.68002725 0 -1 7.54979e-08 14 9 2 255
0.5226492 5.134063e-08 0.68002725 0 -1 7.54979e-08 0 1 0 255
0.5426492 5.134063e-08 0.68002725 0 -1 7.54979e-08 0 0 0 255
0.5626492 5.134063e-08 0.68002725 0 -1 7.54979e-08 0 0 0 255
0.5826492 5.134063e-08 0.68002725 0 -1 7.54979e-08 6 16 3 255
0.6026493 5.134063e-08 0.68002725 0 -1 7.54979e-08 7 19 3 255
0.62264925 5.134063e-08 0.68002725 0 -1 7.54979e-08 7 19 3 255
0.64264923 5.134063e-08 0.68002725 0 -1 7.54979e-08 16 19 5 255
0.6626492 5.134063e-08 0.68002725 0 -1 7.54979e-08 34 26 9 255
0.6826492 5.134063e-08 0.68002725 0 -1 7.54979e-08 57 43 20 255
0.7026492 5.134063e-08 0.68002725 0 -1 7.54979e-08 61 46 22 255
0.7226493 5.134063e-08 0.68002725 0 -1 7.54979e-08 76 57 26 255
0.74264926 5.134063e-08 0.68002725 0 -1 7.54979e-08 76 57 26 255
0.76264924 5.134063e-08 0.68002725 0 -1 7.54979e-08 77 57 26 255
0.7826492 5.134063e-08 0.68002725 0 -1 7.54979e-08 78 58 27 255
0.8026492 5.134063e-08 0.68002725 0 -1 7.54979e-08 89 62 31 255
0.8226492 5.134063e-08 0.68002725 0 -1 7.54979e-08 51 37 17 255
0.84264916 5.134063e-08 0.68002725 0 -1 7.54979e-08 5 3 1 255
0.86264926 5.134063e-08 0.68002725 0 -1 7.54979e-08 0 0 0 255
-0.73735076 5.2850588e-08 0.7000272 0 -1 7.54979e-08 0 0 0 255
-0.7173508 5.2850588e-08 0.7000272 0 -1 7.54979e-08 28 19 10 255
-0.69735074 5.2850588e-08 0.7000272 0 -1 7.54979e-08 104 70 36 255
-0.67735076 5.2850588e-08 0.7000272 0 -1 7.54979e-08 63 45 20 255
-0.6573507 5.2850588e-08 0.7000272 0 -1 7.54979e-08 39 31 11 255
-0.63735074 5.2850588e-08 0.7000272 0 -1 7.54979e-08 48 39 15 255
-0.61735076 5.2850588e-08 0.7000272 0 -1 7.54979e-08 62 45 20 255
-0.5973508 5.2850588e-08 0.7000272 0 -1 7.54979e-08 79 56 26 255
-0.57735074 5.2850588e-08 0.7000272 0 -1 7.54979e-08 93 64 32 255
-0.55735075 5.2850588e-08 0.7000272 0 -1 7.54979e-08 110 72 38 255
-0.5373508 5.2850588e-08 0.7000272 0 -1 7.54979e-08 117 76 40 255
-0.51735073 5.2850588e-08 0.7000272 0 -1 7.54979e-08 126 81 45 255
-0.49735075 5.2850588e-08 0.7000272 0 -1 7.54979e-08 161 102 60 255
-0.47735077 5.2850588e-08 0.7000272 0 -1 7.54979e-08 193 122 75 255
-0.45735073 5.2850588e-08 0.7000272 0 -1 7.54979e-08 203 128 81 255
-0.43735075 5.2850588e-08 0.7000272 0 -1 7.54979e-08 201 126 79 255
-0.41735077 5.2850588e-08 0.7000272 0 -1 7.54979e-08 177 113 69 255
-0.39735073 5.2850588e-08 0.7000272 0 -1 7.54979e-08 169 109 65 255
-0.37735075 5.2850588e-08 0.7000272 0 -1 7.54979e-08 169 108 64 255
-0.35735077 5.2850588e-08 0.7000272 0 -1 7.54979e-08 184 115 70 255
-0.3373508 5.2850588e-08 0.7000272 0 -1 7.54979e-08 196 121 74 255
-0.31735075 5.2850588e-08 0.7000272 0 -1 7.54979e-08 175 111 67 255
-0.29735076 5.2850588e-08 0.7000272 0 -1 7.54979e-08 171 109 66 255
-0.27735078 5.2850588e-08 0.7000272 0 -1 7.54979e-08 154 99 58 255
-0.25735074 5.2850588e-08 0.7000272 0 -1 7.54979e-08 107 72 38 255
-0.23735075 5.2850588e-08 0.7000272 0 -1 7.54979e-08 35 34 12 255
-0.21735077 5.2850588e-08 0.7000272 0 -1 7.54979e-08 1 4 0 255
-0.19735073 5.2850588e-08 0.7000272 0 -1 7.54979e-08 7 18 3 255
-0.17735074 5.2850588e-08 0.7000272 0 -1 7.54979e-08 2 1 0 255
-0.15735076 5.2850588e-08 0.7000272 0 -1 7.54979e-08 15 14 3 255
-0.13735072 5.2850588e-08 0.7000272 0 -1 7.54979e-08 7 19 3 255
-0.117350735 5.2850588e-08 0.7000272 0 -1 7.54979e-08 2 6 1 255
-0.097350754 5.2850588e-08 0.7000272 0 -1 7.54979e-08 0 0 0 255
-0.07735077 5.2850588e-08 0.7000272 0 -1 7.54979e-08 0 0 0 255
-0.057350796 5.2850588e-08 0.7000272 0 -1 7.54979e-08 0 0 0 255
-0.037350696 5.2850588e-08 0.7000272 0 -1 7.54979e-08 0 0 0 255
-0.017350713 5.2850588e-08 0.7000272 0 -1 7.54979e-08 0 0 0 255
0.0026492677 5.2850588e-08 0.7000272 0 -1 7.54979e-08 0 0 0 255
0.022649249 5.2850588e-08 0.7000272 0 -1 7.54979e-08 0 0 0 255
0.042649228 5.2850588e-08 0.7000272 0 -1 7.54979e-08 0 0 0 255
0.06264921 5.2850588e-08 0.7000272 0 -1 7.54979e-08 0 0 0 255
0.08264931 5.2850588e-08 0.7000272 0 -1 7.54979e-08 0 0 0 255
0.102649294 5.2850588e-08 0.7000272 0 -1 7.54979e-08 5 12 2 255
0.122649275 5.2850588e-08 0.7000272 0 -1 7.54979e-08 17 12 3 255
0.14264925 5.2850588e-08 0.7000272 0 -1 7.54979e-08 19 11 3 255
0.16264923 5.2850588e-08 0.7000272 0 -1 7.54979e-08 0 0 0 255
0.18264921 5.2850588e-08 0.7000272 0 -1 7.54979e-08 2 6 1 255
0.20264919 5.2850588e-08 0.7000272 0 -1 7.54979e-08 7 18 3 255
0.22264929 5.2850588e-08 0.7000272 0 -1 7.54979e-08 7 19 3 255
0.24264927 5.2850588e-08 0.7000272 0 -1 7.54979e-08 0 1 0 255
0.26264924 5.2850588e-08 0.7000272 0 -1 7.54979e-08 0 0 0 255
0.28264922 5.2850588e-08 0.7000272 0 -1 7.54979e-08 0 0 0 255
0.3026492 5.2850588e-08 0.7000272 0 -1 7.54979e-08 0 0 0 255
0.32264918 5.2850588e-08 0.7000272 0 -1 7.54979e-08 0 0 0 255
0.34264928 5.2850588e-08 0.7000272 0 -1 7.54979e-08 0 0 0 255
0.36264926 5.2850588e-08 0.7000272 0 -1 7.54979e-08 0 0 0 255
0.38264924 5.2850588e-08 0.7000272 0 -1 7.54979e-08 0 0 0 255
0.40264922 5.2850588e-08 0.7000272 0 -1 7.54979e-08 0 0 0 255
0.4226492 5.2850588e-08 0.7000272 0 -1 7.54979e-08 0 0 0 255
0.4426492 5.2850588e-08 0.7000272 0 -1 7.54979e-08 0 0 0 255
0.46264917 5.2850588e-08 0.7000272 0 -1 7.54979e-08 16 11 3 255
0.48264927 5.2850588e-08 0.7000272 0 -1 7.54979e-08 19 11 3 255
0.50264925 5.2850588e-08 0.7000272 0 -1 7.54979e-08 14 8 2 255
0.5226492 5.2850588e-08 0.7000272 0 -1 7.54979e-08 0 0 0 255
0.5426492 5.2850588e-08 0.7000272 0 -1 7.54979e-08 0 0 0 255
0.5626492 5.2850588e-08 0.7000272 0 -1 7.54979e-08 5 13 2 255
0.5826492 5.2850588e-08 0.7000272 0 -1 7.54979e-08 7 19 3 255
0.6026493 5.2850588e-08 0.7000272 0 -1 7.54979e-08 7 19 3 255
0.62264925 5.2850588e-08 0.7000272 0 -1 7.54979e-08 7 19 3 255
0.64264923 5.2850588e-08 0.7000272 0 -1 7.54979e-08 32 30 11 255
0.6626492 5.2850588e-08 0.7000272 0 -1 7.54979e-08 63 46 21 255
0.6826492 5.2850588e-08 0.7000272 0 -1 7.54979e-08 75 56 26 255
0.7026492 5.2850588e-08 0.7000272 0 -1 7.54979e-08 77 57 27 255
0.7226493 5.2850588e-08 0.7000272 0 -1 7.54979e-08 89 62 30 255
0.74264926 5.2850588e-08 0.7000272 0 -1 7.54979e-08 89 62 30 255
0.76264924 5.2850588e-08 0.7000272 0 -1 7.54979e-08 89 62 30 255
0.7826492 5.2850588e-08 0.7000272 0 -1 7.54979e-08 80 59 28 255
0.8026492 5.2850588e-08 0.7000272 0 -1 7.54979e-08 72 52 24 255
0.8226492 5.2850588e-08 0.7000272 0 -1 7.54979e-08 59 43 19 255
0.84264916 5.2850588e-08 0.7000272 0 -1 7.54979e-08 0 0 0 255
-0.7173508 5.4360548e-08 0.72002727 0 -1 7.54979e-08 2 1 0 255
-0.69735074 5.4360548e-08 0.72002727 0 -1 7.54979e-08 63 40 22 255
-0.67735076 5.4360548e-08 0.72002727 0 -1 7.54979e-08 114 74 40 255
-0.6573507 5.4360548e-08 0.72002727 0 -1 7.54979e-08 74 53 24 255
-0.63735074 5.4360548e-08 0.72002727 0 -1 7.54979e-08 47 39 15 255
-0.61735076 5.4360548e-08 0.72002727 0 -1 7.54979e-08 50 40 16 255
-0.5973508 5.4360548e-08 0.72002727 0 -1 7.54979e-08 64 46 21 255
-0.57735074 5.4360548e-08 0.72002727 0 -1 7.54979e-08 76 55 26 255
-0.55735075 5.4360548e-08 0.72002727 0 -1 7.54979e-08 88 62 30 255
-0.5373508 5.4360548e-08 0.72002727 0 -1 7.54979e-08 118 76 41 255
-0.51735073 5.4360548e-08 0.72002727 0 -1 7.54979e-08 132 84 48 255
-0.49735075 5.4360548e-08 0.72002727 0 -1 7.54979e-08 171 109 66 255
-0.47735077 5.4360548e-08 0.72002727 0 -1 7.54979e-08 174 111 67 255
-0.45735073 5.4360548e-08 0.72002727 0 -1 7.54979e-08 171 109 65 255
-0.43735075 5.4360548e-08 0.72002727 0 -1 7.54979e-08 173 110 66 255
-0.41735077 5.4360548e-08 0.72002727 0 -1 7.54979e-08 166 106 63 255
-0.39735073 5.4360548e-08 0.72002727 0 -1 7.54979e-08 174 110 66 255
-0.37735075 5.4360548e-08 0.72002727 0 -1 7.54979e-08 186 118 71 255
-0.35735077 5.4360548e-08 0.72002727 0 -1 7.54979e-08 197 123 76 255
-0.3373508 5.4360548e-08 0.72002727 0 -1 7.54979e-08 200 125 78 255
-0.31735075 5.4360548e-08 0.72002727 0 -1 7.54979e-08 185 118 71 255
-0.29735076 5.4360548e-08 0.72002727 0 -1 7.54979e-08 172 109 66 255
-0.27735078 5.4360548e-08 0.72002727 0 -1 7.54979e-08 156 100 58 255
-0.25735074 5.4360548e-08 0.72002727 0 -1 7.54979e-08 108 72 38 255
-0.23735075 5.4360548e-08 0.72002727 0 -1 7.54979e-08 35 35 13 255
-0.21735077 5.4360548e-08 0.72002727 0 -1 7.54979e-08 1 4 0 255
-0.19735073 5.4360548e-08 0.72002727 0 -1 7.54979e-08 7 18 3 255
-0.17735074 5.4360548e-08 0.72002727 0 -1 7.54979e-08 8 16 3 255
-0.15735076 5.4360548e-08 0.72002727 0 -1 7.54979e-08 15 14 3 255
-0.13735072 5.4360548e-08 0.72002727 0 -1 7.54979e-08 7 19 3 255
-0.117350735 5.4360548e-08 0.72002727 0 -1 7.54979e-08 7 18 3 255
-0.097350754 5.4360548e-08 0.72002727 0 -1 7.54979e-08 7 17 3 255
-0.07735077 5.4360548e-08 0.72002727 0 -1 7.54979e-08 0 0 0 255
-0.057350796 5.4360548e-08 0.72002727 0 -1 7.54979e-08 0 0 0 255
-0.037350696 5.4360548e-08 0.72002727 0 -1 7.54979e-08 0 0 0 255
-0.017350713 5.4360548e-08 0.72002727 0 -1 7.54979e-08 0 0 0 255
0.0026492677 5.4360548e-08 0.72002727 0 -1 7.54979e-08 0 0 0 255
0.022649249 5.4360548e-08 0.72002727 0 -1 7.54979e-08 0 0 0 255
0.042649228 5.4360548e-08 0.72002727 0 -1 7.54979e-08 0 0 0 255
0.06264921 5.4360548e-08 0.72002727 0 -1 7.54979e-08 0 0 0 255
0.08264931 5.4360548e-08 0.72002727 0 -1 7.54979e-08 0 0 0 255
0.102649294 5.4360548e-08 0.72002727 0 -1 7.54979e-08 5 12 2 255
0.122649275 5.4360548e-08 0.72002727 0 -1 7.54979e-08 8 18 3 255
0.14264925 5.4360548e-08 0.72002727 0 -1 7.54979e-08 8 18 3 255
0.16264923 5.4360548e-08 0.72002727 0 -1 7.54979e-08 5 14 2 255
0.18264921 5.4360548e-08 0.72002727 0 -1 7.54979e-08 2 7 1 255
0.20264919 5.4360548e-08 0.72002727 0 -1 7.54979e-08 7 19 3 255
0.22264929 5.4360548e-08 0.72002727 0 -1 7.54979e-08 7 19 3 255
0.24264927 5.4360548e-08 0.72002727 0 -1 7.54979e-08 0 1 0 255
0.26264924 5.4360548e-08 0.72002727 0 -1 7.54979e-08 0 0 0 255
0.28264922 5.4360548e-08 0.72002727 0 -1 7.54979e-08 0 0 0 255
0.3026492 5.4360548e-08 0.72002727 0 -1 7.54979e-08 0 0 0 255
0.32264918 5.4360548e-08 0.72002727 0 -1 7.54979e-08 0 0 0 255
0.34264928 5.4360548e-08 0.72002727 0 -1 7.54979e-08 0 0 0 255
0.36264926 5.4360548e-08 0.72002727 0 -1 7.54979e-08 0 0 0 255
0.38264924 5.4360548e-08 0.72002727 0 -1 7.54979e-08 0 0 0 255
0.40264922 5.4360548e-08 0.72002727 0 -1 7.54979e-08 0 0 0 255
0.4226492 5.4360548e-08 0.72002727 0 -1 7.54979e-08 0 0 0 255
0.4426492 5.4360548e-08 0.72002727 0 -1 7.54979e-08 0 0 0 255
0.46264917 5.4360548e-08 0.72002727 0 -1 7.54979e-08 7 16 3 255
0.48264927 5.4360548e-08 0.72002727 0 -1 7.54979e-08 26 18 7 255
0.50264925 5.4360548e-08 0.72002727 0 -1 7.54979e-08 14 8 2 255
0.5226492 5.4360548e-08 0.72002727 0 -1 7.54979e-08 0 0 0 255
0.5426492 5.4360548e-08 0.72002727 0 -1 7.54979e-08 0 0 0 255
0.5626492 5.4360548e-08 0.72002727 0 -1 7.54979e-08 6 15 3 255
0.5826492 5.4360548e-08 0.72002727 0 -1 7.54979e-08 7 19 3 255
0.6026493 5.4360548e-08 0.72002727 0 -1 7.54979e-08 7 19 3 255
0.62264925 5.4360548e-08 0.72002727 0 -1 7.54979e-08 11 17 3 255
0.64264923 5.4360548e-08 0.72002727 0 -1 7.54979e-08 45 32 13 255
0.6626492 5.4360548e-08 0.72002727 0 -1 7.54979e-08 90 60 30 255
0.6826492 5.4360548e-08 0.72002727 0 -1 7.54979e-08 99 65 34 255
0.7026492 5.4360548e-08 0.72002727 0 -1 7.54979e-08 110 72 37 255
0.7226493 5.4360548e-08 0.72002727 0 -1 7.54979e-08 101 66 34 255
0.74264926 5.4360548e-08 0.72002727 0 -1 7.54979e-08 101 66 34 255
0.76264924 5.4360548e-08 0.72002727 0 -1 7.54979e-08 101 66 34 255
0.7826492 5.4360548e-08 0.72002727 0 -1 7.54979e-08 91 63 31 255
0.8026492 5.4360548e-08 0.72002727 0 -1 7.54979e-08 71 51 23 255
0.8226492 5.4360548e-08 0.72002727 0 -1 7.54979e-08 60 43 20 255
0.84264916 5.4360548e-08 0.72002727 0 -1 7.54979e-08 0 0 0 255
-0.7173508 5.5870505e-08 0.74002725 0 -1 7.54979e-08 0 0 0 255
-0.69735074 5.5870505e-08 0.74002725 0 -1 7.54979e-08 42 29 14 255
-0.67735076 5.5870505e-08 0.74002725 0 -1 7.54979e-08 115 75 41 255
-0.6573507 5.5870505e-08 0.74002725 0 -1 7.54979e-08 146 95 54 255
-0.63735074 5.5870505e-08 0.74002725 0 -1 7.54979e-08 108 71 37 255
-0.61735076 5.5870505e-08 0.74002725 0 -1 7.54979e-08 67 49 22 255
-0.5973508 5.5870505e-08 0.74002725 0 -1 7.54979e-08 65 48 23 255
-0.57735074 5.5870505e-08 0.74002725 0 -1 7.54979e-08 80 57 27 255
-0.55735075 5.5870505e-08 0.74002725 0 -1 7.54979e-08 121 80 44 255
-0.5373508 5.5870505e-08 0.74002725 0 -1 7.54979e-08 152 99 56 255
-0.51735073 5.5870505e-08 0.74002725 0 -1 7.54979e-08 180 115 68 255
-0.49735075 5.5870505e-08 0.74002725 0 -1 7.54979e-08 183 117 70 255
-0.47735077 5.5870505e-08 0.74002725 0 -1 7.54979e-08 179 114 68 255
-0.45735073 5.5870505e-08 0.74002725 0 -1 7.54979e-08 172 109 66 255
-0.43735075 5.5870505e-08 0.74002725 0 -1 7.54979e-08 167 107 63 255
-0.41735077 5.5870505e-08 0.74002725 0 -1 7.54979e-08 165 106 62 255
-0.39735073 5.5870505e-08 0.74002725 0 -1 7.54979e-08 186 118 71 255
-0.37735075 5.5870505e-08 0.74002725 0 -1 7.54979e-08 199 125 77 255
-0.35735077 5.5870505e-08 0.74002725 0 -1 7.54979e-08 200 125 78 255
-0.3373508 5.5870505e-08 0.74002725 0 -1 7.54979e-08 198 123 75 255
-0.31735075 5.5870505e-08 0.74002725 0 -1 7.54979e-08 195 121 74 255
-0.29735076 5.5870505e-08 0.74002725 0 -1 7.54979e-08 181 115 69 255
-0.27735078 5.5870505e-08 0.74002725 0 -1 7.54979e-08 137 89 50 255
-0.25735074 5.5870505e-08 0.74002725 0 -1 7.54979e-08 108 72 38 255
-0.23735075 5.5870505e-08 0.74002725 0 -1 7.54979e-08 46 35 15 255
-0.21735077 5.5870505e-08 0.74002725 0 -1 7.54979e-08 5 4 1 255
-0.19735073 5.5870505e-08 0.74002725 0 -1 7.54979e-08 7 18 3 255
-0.17735074 5.5870505e-08 0.74002725 0 -1 7.54979e-08 10 19 4 255
-0.15735076 5.5870505e-08 0.74002725 0 -1 7.54979e-08 20 19 6 255
-0.13735072 5.5870505e-08 0.74002725 0 -1 7.54979e-08 7 19 3 255
-0.117350735 5.5870505e-08 0.74002725 0 -1 7.54979e-08 2 7 1 255
-0.097350754 5.5870505e-08 0.74002725 0 -1 7.54979e-08 0 1 0 255
-0.07735077 5.5870505e-08 0.74002725 0 -1 7.54979e-08 0 0 0 255
-0.057350796 5.5870505e-08 0.74002725 0 -1 7.54979e-08 0 0 0 255
-0.037350696 5.5870505e-08 0.74002725 0 -1 7.54979e-08 0 0 0 255
-0.017350713 5.5870505e-08 0.74002725 0 -1 7.54979e-08 0 0 0 255
0.0026492677 5.5870505e-08 0.74002725 0 -1 7.54979e-08 0 0 0 255
0.022649249 5.5870505e-08 0.74002725 0 -1 7.54979e-08 0 0 0 255
0.042649228 5.5870505e-08 0.74002725 0 -1 7.54979e-08 0 0 0 255
0.06264921 5.5870505e-08 0.74002725 0 -1 7.54979e-08 0 0 0 255
0.08264931 5.5870505e-08 0.74002725 0 -1 7.54979e-08 0 0 0 255
0.102649294 5.5870505e-08 0.74002725 0 -1 7.54979e-08 5 12 2 255
0.122649275 5.5870505e-08 0.74002725 0 -1 7.54979e-08 7 19 3 255
0.14264925 5.5870505e-08 0.74002725 0 -1 7.54979e-08 18 12 3 255
0.16264923 5.5870505e-08 0.74002725 0 -1 7.54979e-08 6 15 3 255
0.18264921 5.5870505e-08 0.74002725 0 -1 7.54979e-08 0 0 0 255
0.20264919 5.5870505e-08 0.74002725 0 -1 7.54979e-08 4 11 2 255
0.22264929 5.5870505e-08 0.74002725 0 -1 7.54979e-08 7 19 3 255
0.24264927 5.5870505e-08 0.74002725 0 -1 7.54979e-08 0 1 0 255
0.26264924 5.5870505e-08 0.74002725 0 -1 7.54979e-08 0 0 0 255
0.28264922 5.5870505e-08 0.74002725 0 -1 7.54979e-08 0 0 0 255
0.3026492 5.5870505e-08 0.74002725 0 -1 7.54979e-08 3 8 1 255
0.32264918 5.5870505e-08 0.74002725 0 -1 7.54979e-08 2 6 1 255
0.34264928 5.5870505e-08 0.74002725 0 -1 7.54979e-08 0 0 0 255
0.36264926 5.5870505e-08 0.74002725 0 -1 7.54979e-08 0 0 0 255
0.38264924 5.5870505e-08 0.74002725 0 -1 7.54979e-08 0 0 0 255
0.40264922 5.5870505e-08 0.74002725 0 -1 7.54979e-08 0 0 0 255
0.4226492 5.5870505e-08 0.74002725 0 -1 7.54979e-08 0 0 0 255
0.4426492 5.5870505e-08 0.74002725 0 -1 7.54979e-08 0 0 0 255
0.46264917 5.5870505e-08 0.74002725 0 -1 7.54979e-08 16 10 3 255
0.48264927 5.5870505e-08 0.74002725 0 -1 7.54979e-08 35 29 10 255
0.50264925 5.5870505e-08 0.74002725 0 -1 7.54979e-08 6 13 2 255
0.5226492 5.5870505e-08 0.74002725 0 -1 7.54979e-08 0 0 0 255
0.5426492 5.5870505e-08 0.74002725 0 -1 7.54979e-08 4 11 2 255
0.5626492 5.5870505e-08 0.74002725 0 -1 7.54979e-08 7 19 3 255
0.5826492 5.5870505e-08 0.74002725 0 -1 7.54979e-08 7 19 3 255
0.6026493 5.5870505e-08 0.74002725 0 -1 7.54979e-08 7 19 3 255
0.62264925 5.5870505e-08 0.74002725 0 -1 7.54979e-08 17 22 6 255
0.64264923 5.5870505e-08 0.74002725 0 -1 7.54979e-08 54 40 17 255
0.6626492 5.5870505e-08 0.74002725 0 -1 7.54979e-08 92 61 31 255
0.6826492 5.5870505e-08 0.74002725 0 -1 7.54979e-08 111 73 38 255
0.7026492 5.5870505e-08 0.74002725 0 -1 7.54979e-08 103 67 35 255
0.7226493 5.5870505e-08 0.74002725 0 -1 7.54979e-08 104 68 36 255
0.74264926 5.5870505e-08 0.74002725 0 -1 7.54979e-08 113 73 38 255
0.76264924 5.5870505e-08 0.74002725 0 -1 7.54979e-08 106 69 36 255
0.7826492 5.5870505e-08 0.74002725 0 -1 7.54979e-08 84 60 29 255
0.8026492 5.5870505e-08 0.74002725 0 -1 7.54979e-08 64 47 23 255
0.8226492 5.5870505e-08 0.74002725 0 -1 7.54979e-08 4 3 1 255
-0.7173508 5.738046e-08 0.7600272 0 -1 7.54979e-08 0 0 0 255
-0.69735074 5.738046e-08 0.7600272 0 -1 7.54979e-08 19 15 5 255
-0.67735076 5.738046e-08 0.7600272 0 -1 7.54979e-08 75 53 25 255
-0.6573507 5.738046e-08 0.7600272 0 -1 7.54979e-08 124 80 45 255
-0.63735074 5.738046e-08 0.7600272 0 -1 7.54979e-08 154 100 57 255
-0.61735076 5.738046e-08 0.7600272 0 -1 7.54979e-08 149 97 55 255
-0.5973508 5.738046e-08 0.7600272 0 -1 7.54979e-08 155 98 57 255
-0.57735074 5.738046e-08 0.7600272 0 -1 7.54979e-08 189 121 75 255
-0.55735075 5.738046e-08 0.7600272 0 -1 7.54979e-08 197 124 78 255
-0.5373508 5.738046e-08 0.7600272 0 -1 7.54979e-08 194 120 73 255
-0.51735073 5.738046e-08 0.7600272 0 -1 7.54979e-08 194 121 74 255
-0.49735075 5.738046e-08 0.7600272 0 -1 7.54979e-08 180 115 68 255
-0.47735077 5.738046e-08 0.7600272 0 -1 7.54979e-08 159 101 59 255
-0.45735073 5.738046e-08 0.7600272 0 -1 7.54979e-08 144 93 53 255
-0.43735075 5.738046e-08 0.7600272 0 -1 7.54979e-08 148 94 54 255
-0.41735077 5.738046e-08 0.7600272 0 -1 7.54979e-08 157 102 59 255
-0.39735073 5.738046e-08 0.7600272 0 -1 7.54979e-08 199 125 78 255
-0.37735075 5.738046e-08 0.7600272 0 -1 7.54979e-08 200 125 78 255
-0.35735077 5.738046e-08 0.7600272 0 -1 7.54979e-08 200 125 78 255
-0.3373508 5.738046e-08 0.7600272 0 -1 7.54979e-08 197 123 75 255
-0.31735075 5.738046e-08 0.7600272 0 -1 7.54979e-08 186 118 71 255
-0.29735076 5.738046e-08 0.7600272 0 -1 7.54979e-08 165 106 63 255
-0.27735078 5.738046e-08 0.7600272 0 -1 7.54979e-08 149 96 55 255
-0.25735074 5.738046e-08 0.7600272 0 -1 7.54979e-08 122 78 43 255
-0.23735075 5.738046e-08 0.7600272 0 -1 7.54979e-08 60 41 19 255
-0.21735077 5.738046e-08 0.7600272 0 -1 7.54979e-08 5 4 1 255
-0.19735073 5.738046e-08 0.7600272 0 -1 7.54979e-08 7 18 3 255
-0.17735074 5.738046e-08 0.7600272 0 -1 7.54979e-08 21 14 4 255
-0.15735076 5.738046e-08 0.7600272 0 -1 7.54979e-08 37 30 11 255
-0.13735072 5.738046e-08 0.7600272 0 -1 7.54979e-08 18 15 5 255
-0.117350735 5.738046e-08 0.7600272 0 -1 7.54979e-08 0 0 0 255
-0.097350754 5.738046e-08 0.7600272 0 -1 7.54979e-08 0 0 0 255
-0.07735077 5.738046e-08 0.7600272 0 -1 7.54979e-08 0 0 0 255
-0.057350796 5.738046e-08 0.7600272 0 -1 7.54979e-08 0 0 0 255
-0.037350696 5.738046e-08 0.7600272 0 -1 7.54979e-08 0 0 0 255
-0.017350713 5.738046e-08 0.7600272 0 -1 7.54979e-08 0 0 0 255
0.0026492677 5.738046e-08 0.7600272 0 -1 7.54979e-08 0 0 0 255
0.022649249 5.738046e-08 0.7600272 0 -1 7.54979e-08 0 0 0 255
0.042649228 5.738046e-08 0.7600272 0 -1 7.54979e-08 0 0 0 255
0.06264921 5.738046e-08 0.7600272 0 -1 7.54979e-08 0 0 0 255
0.08264931 5.738046e-08 0.7600272 0 -1 7.54979e-08 0 0 0 255
0.102649294 5.738046e-08 0.7600272 0 -1 7.54979e-08 12 7 2 255
0.122649275 5.738046e-08 0.7600272 0 -1 7.54979e-08 18 12 3 255
0.14264925 5.738046e-08 0.7600272 0 -1 7.54979e-08 19 11 3 255
0.16264923 5.738046e-08 0.7600272 0 -1 7.54979e-08 0 1 0 255
0.18264921 5.738046e-08 0.7600272 0 -1 7.54979e-08 2 6 1 255
0.20264919 5.738046e-08 0.7600272 0 -1 7.54979e-08 7 18 3 255
0.22264929 5.738046e-08 0.7600272 0 -1 7.54979e-08 7 19 3 255
0.24264927 5.738046e-08 0.7600272 0 -1 7.54979e-08 0 1 0 255
0.26264924 5.738046e-08 0.7600272 0 -1 7.54979e-08 0 0 0 255
0.28264922 5.738046e-08 0.7600272 0 -1 7.54979e-08 0 0 0 255
0.3026492 5.738046e-08 0.7600272 0 -1 7.54979e-08 3 8 1 255
0.32264918 5.738046e-08 0.7600272 0 -1 7.54979e-08 2 6 1 255
0.34264928 5.738046e-08 0.7600272 0 -1 7.54979e-08 0 0 0 255
0.36264926 5.738046e-08 0.7600272 0 -1 7.54979e-08 0 0 0 255
0.38264924 5.738046e-08 0.7600272 0 -1 7.54979e-08 0 0 0 255
0.40264922 5.738046e-08 0.7600272 0 -1 7.54979e-08 0 0 0 255
0.4226492 5.738046e-08 0.7600272 0 -1 7.54979e-08 0 0 0 255
0.4426492 5.738046e-08 0.7600272 0 -1 7.54979e-08 0 0 0 255
0.46264917 5.738046e-08 0.7600272 0 -1 7.54979e-08 17 10 3 255
0.48264927 5.738046e-08 0.7600272 0 -1 7.54979e-08 29 30 27 255
0.50264925 5.738046e-08 0.7600272 0 -1 7.54979e-08 5 14 2 255
0.5226492 5.738046e-08 0.7600272 0 -1 7.54979e-08 3 7 1 255
0.5426492 5.738046e-08 0.7600272 0 -1 7.54979e-08 7 18 3 255
0.5626492 5.738046e-08 0.7600272 0 -1 7.54979e-08 7 19 3 255
0.5826492 5.738046e-08 0.7600272 0 -1 7.54979e-08 7 19 3 255
0.6026493 5.738046e-08 0.7600272 0 -1 7.54979e-08 7 19 3 255
0.62264925 5.738046e-08 0.7600272 0 -1 7.54979e-08 18 23 6 255
0.64264923 5.738046e-08 0.7600272 0 -1 7.54979e-08 70 49 23 255
0.6626492 5.738046e-08 0.7600272 0 -1 7.54979e-08 114 74 40 255
0.6826492 5.738046e-08 0.7600272 0 -1 7.54979e-08 127 81 45 255
0.7026492 5.738046e-08 0.7600272 0 -1 7.54979e-08 100 66 34 255
0.7226493 5.738046e-08 0.7600272 0 -1 7.54979e-08 90 63 31 255
0.74264926 5.738046e-08 0.7600272 0 -1 7.54979e-08 121 78 42 255
0.76264924 5.738046e-08 0.7600272 0 -1 7.54979e-08 109 71 38 255
0.7826492 5.738046e-08 0.7600272 0 -1 7.54979e-08 72 51 26 255
0.8026492 5.738046e-08 0.7600272 0 -1 7.54979e-08 41 32 12 255
0.8226492 5.738046e-08 0.7600272 0 -1 7.54979e-08 0 0 0 255
-0.7173508 5.889042e-08 0.7800273 0 -1 7.54979e-08 0 0 0 255
-0.69735074 5.889042e-08 0.7800273 0 -1 7.54979e-08 17 14 5 255
-0.67735076 5.889042e-08 0.7800273 0 -1 7.54979e-08 52 39 17 255
-0.6573507 5.889042e-08 0.7800273 0 -1 7.54979e-08 86 60 30 255
-0.63735074 5.889042e-08 0.7800273 0 -1 7.54979e-08 116 76 40 255
-0.61735076 5.889042e-08 0.7800273 0 -1 7.54979e-08 138 88 51 255
-0.5973508 5.889042e-08 0.7800273 0 -1 7.54979e-08 181 114 70 255
-0.57735074 5.889042e-08 0.7800273 0 -1 7.54979e-08 200 125 78 255
-0.55735075 5.889042e-08 0.7800273 0 -1 7.54979e-08 190 120 73 255
-0.5373508 5.889042e-08 0.7800273 0 -1 7.54979e-08 168 108 64 255
-0.51735073 5.889042e-08 0.7800273 0 -1 7.54979e-08 151 95 55 255
-0.49735075 5.889042e-08 0.7800273 0 -1 7.54979e-08 136 88 50 255
-0.47735077 5.889042e-08 0.7800273 0 -1 7.54979e-08 127 81 45 255
-0.45735073 5.889042e-08 0.7800273 0 -1 7.54979e-08 130 83 47 255
-0.43735075 5.889042e-08 0.7800273 0 -1 7.54979e-08 145 92 53 255
-0.41735077 5.889042e-08 0.7800273 0 -1 7.54979e-08 164 105 62 255
-0.39735073 5.889042e-08 0.7800273 0 -1 7.54979e-08 198 123 76 255
-0.37735075 5.889042e-08 0.7800273 0 -1 7.54979e-08 207 133 85 255
-0.35735077 5.889042e-08 0.7800273 0 -1 7.54979e-08 207 133 85 255
-0.3373508 5.889042e-08 0.7800273 0 -1 7.54979e-08 200 125 77 255
-0.31735075 5.889042e-08 0.7800273 0 -1 7.54979e-08 186 118 71 255
-0.29735076 5.889042e-08 0.7800273 0 -1 7.54979e-08 165 106 62 255
-0.27735078 5.889042e-08 0.7800273 0 -1 7.54979e-08 156 100 58 255
-0.25735074 5.889042e-08 0.7800273 0 -1 7.54979e-08 123 79 43 255
-0.23735075 5.889042e-08 0.7800273 0 -1 7.54979e-08 68 48 22 255
-0.21735077 5.889042e-08 0.7800273 0 -1 7.54979e-08 14 20 5 255
-0.19735073 5.889042e-08 0.7800273 0 -1 7.54979e-08 18 12 3 255
-0.17735074 5.889042e-08 0.7800273 0 -1 7.54979e-08 19 11 3 255
-0.15735076 5.889042e-08 0.7800273 0 -1 7.54979e-08 20 12 4 255
-0.13735072 5.889042e-08 0.7800273 0 -1 7.54979e-08 13 15 3 255
-0.117350735 5.889042e-08 0.7800273 0 -1 7.54979e-08 7 18 3 255
-0.097350754 5.889042e-08 0.7800273 0 -1 7.54979e-08 7 18 3 255
-0.07735077 5.889042e-08 0.7800273 0 -1 7.54979e-08 6 17 3 255
-0.057350796 5.889042e-08 0.7800273 0 -1 7.54979e-08 1 3 0 255
-0.037350696 5.889042e-08 0.7800273 0 -1 7.54979e-08 7 18 3 255
-0.017350713 5.889042e-08 0.7800273 0 -1 7.54979e-08 3 7 1 255
0.0026492677 5.889042e-08 0.7800273 0 -1 7.54979e-08 0 0 0 255
0.022649249 5.889042e-08 0.7800273 0 -1 7.54979e-08 0 0 0 255
0.042649228 5.889042e-08 0.7800273 0 -1 7.54979e-08 0 0 0 255
0.06264921 5.889042e-08 0.7800273 0 -1 7.54979e-08 0 0 0 255
0.08264931 5.889042e-08 0.7800273 0 -1 7.54979e-08 0 0 0 255
0.102649294 5.889042e-08 0.7800273 0 -1 7.54979e-08 0 0 0 255
0.122649275 5.889042e-08 0.7800273 0 -1 7.54979e-08 7 16 3 255
0.14264925 5.889042e-08 0.7800273 0 -1 7.54979e-08 1 0 0 255
0.16264923 5.889042e-08 0.7800273 0 -1 7.54979e-08 1 3 0 255
0.18264921 5.889042e-08 0.7800273 0 -1 7.54979e-08 4 11 2 255
0.20264919 5.889042e-08 0.7800273 0 -1 7.54979e-08 0 1 0 255
0.22264929 5.889042e-08 0.7800273 0 -1 7.54979e-08 0 1 0 255
0.24264927 5.889042e-08 0.7800273 0 -1 7.54979e-08 0 0 0 255
0.26264924 5.889042e-08 0.7800273 0 -1 7.54979e-08 0 0 0 255
0.28264922 5.889042e-08 0.7800273 0 -1 7.54979e-08 0 0 0 255
0.3026492 5.889042e-08 0.7800273 0 -1 7.54979e-08 0 0 0 255
0.32264918 5.889042e-08 0.7800273 0 -1 7.54979e-08 0 0 0 255
0.34264928 5.889042e-08 0.7800273 0 -1 7.54979e-08 0 0 0 255
0.36264926 5.889042e-08 0.7800273 0 -1 7.54979e-08 0 0 0 255
0.38264924 5.889042e-08 0.7800273 0 -1 7.54979e-08 0 0 0 255
0.40264922 5.889042e-08 0.7800273 0 -1 7.54979e-08 0 0 0 255
0.4226492 5.889042e-08 0.7800273 0 -1 7.54979e-08 0 0 0 255
0.4426492 5.889042e-08 0.7800273 0 -1 7.54979e-08 0 0 0 255
0.46264917 5.889042e-08 0.7800273 0 -1 7.54979e-08 7 17 3 255
0.48264927 5.889042e-08 0.7800273 0 -1 7.54979e-08 8 20 5 255
0.50264925 5.889042e-08 0.7800273 0 -1 7.54979e-08 7 19 3 255
0.5226492 5.889042e-08 0.7800273 0 -1 7.54979e-08 7 18 3 255
0.5426492 5.889042e-08 0.7800273 0 -1 7.54979e-08 7 19 3 255
0.5626492 5.889042e-08 0.7800273 0 -1 7.54979e-08 7 19 3 255
0.5826492 5.889042e-08 0.7800273 0 -1 7.54979e-08 7 19 3 255
0.6026493 5.889042e-08 0.7800273 0 -1 7.54979e-08 7 19 3 255
0.62264925 5.889042e-08 0.7800273 0 -1 7.54979e-08 20 26 7 255
0.64264923 5.889042e-08 0.7800273 0 -1 7.54979e-08 81 57 27 255
0.6626492 5.889042e-08 0.7800273 0 -1 7.54979e-08 129 84 47 255
0.6826492 5.889042e-08 0.7800273 0 -1 7.54979e-08 130 83 47 255
0.7026492 5.889042e-08 0.7800273 0 -1 7.54979e-08 119 77 42 255
0.7226493 5.889042e-08 0.7800273 0 -1 7.54979e-08 105 69 36 255
0.74264926 5.889042e-08 0.7800273 0 -1 7.54979e-08 121 78 43 255
0.76264924 5.889042e-08 0.7800273 0 -1 7.54979e-08 92 62 31 255
0.7826492 5.889042e-08 0.7800273 0 -1 7.54979e-08 47 36 14 255
0.8026492 5.889042e-08 0.7800273 0 -1 7.54979e-08 3 3 1 255
-0.7173508 6.040038e-08 0.80002725 0 -1 7.54979e-08 0 0 0 255
-0.69735074 6.040038e-08 0.80002725 0 -1 7.54979e-08 17 14 5 255
-0.67735076 6.040038e-08 0.80002725 0 -1 7.54979e-08 39 31 11 255
-0.6573507 6.040038e-08 0.80002725 0 -1 7.54979e-08 41 32 12 255
-0.63735074 6.040038e-08 0.80002725 0 -1 7.54979e-08 80 59 27 255
-0.61735076 6.040038e-08 0.80002725 0 -1 7.54979e-08 103 67 35 255
-0.5973508 6.040038e-08 0.80002725 0 -1 7.54979e-08 110 71 38 255
-0.57735074 6.040038e-08 0.80002725 0 -1 7.54979e-08 118 77 41 255
-0.55735075 6.040038e-08 0.80002725 0 -1 7.54979e-08 123 79 43 255
-0.5373508 6.040038e-08 0.80002725 0 -1 7.54979e-08 124 79 44 255
-0.51735073 6.040038e-08 0.80002725 0 -1 7.54979e-08 123 79 43 255
-0.49735075 6.040038e-08 0.80002725 0 -1 7.54979e-08 124 79 44 255
-0.47735077 6.040038e-08 0.80002725 0 -1 7.54979e-08 132 85 48 255
-0.45735073 6.040038e-08 0.80002725 0 -1 7.54979e-08 148 96 55 255
-0.43735075 6.040038e-08 0.80002725 0 -1 7.54979e-08 162 104 61 255
-0.41735077 6.040038e-08 0.80002725 0 -1 7.54979e-08 194 120 73 255
-0.39735073 6.040038e-08 0.80002725 0 -1 7.54979e-08 209 134 87 255
-0.37735075 6.040038e-08 0.80002725 0 -1 7.54979e-08 215 141 93 255
-0.35735077 6.040038e-08 0.80002725 0 -1 7.54979e-08 212 137 89 255
-0.3373508 6.040038e-08 0.80002725 0 -1 7.54979e-08 200 125 78 255
-0.31735075 6.040038e-08 0.80002725 0 -1 7.54979e-08 186 118 71 255
-0.29735076 6.040038e-08 0.80002725 0 -1 7.54979e-08 165 106 62 255
-0.27735078 6.040038e-08 0.80002725 0 -1 7.54979e-08 164 105 62 255
-0.25735074 6.040038e-08 0.80002725 0 -1 7.54979e-08 148 95 55 255
-0.23735075 6.040038e-08 0.80002725 0 -1 7.54979e-08 72 53 39 255
-0.21735077 6.040038e-08 0.80002725 0 -1 7.54979e-08 13 22 10 255
-0.19735073 6.040038e-08 0.80002725 0 -1 7.54979e-08 19 11 3 255
-0.17735074 6.040038e-08 0.80002725 0 -1 7.54979e-08 19 11 3 255
-0.15735076 6.040038e-08 0.80002725 0 -1 7.54979e-08 15 13 3 255
-0.13735072 6.040038e-08 0.80002725 0 -1 7.54979e-08 13 15 3 255
-0.117350735 6.040038e-08 0.80002725 0 -1 7.54979e-08 11 17 3 255
-0.097350754 6.040038e-08 0.80002725 0 -1 7.54979e-08 7 19 3 255
-0.07735077 6.040038e-08 0.80002725 0 -1 7.54979e-08 7 19 3 255
-0.057350796 6.040038e-08 0.80002725 0 -1 7.54979e-08 7 18 3 255
-0.037350696 6.040038e-08 0.80002725 0 -1 7.54979e-08 7 19 3 255
-0.017350713 6.040038e-08 0.80002725 0 -1 7.54979e-08 7 18 3 255
0.0026492677 6.040038e-08 0.80002725 0 -1 7.54979e-08 7 18 3 255
0.022649249 6.040038e-08 0.80002725 0 -1 7.54979e-08 0 1 0 255
0.042649228 6.040038e-08 0.80002725 0 -1 7.54979e-08 0 0 0 255
0.06264921 6.040038e-08 0.80002725 0 -1 7.54979e-08 0 0 0 255
0.08264931 6.040038e-08 0.80002725 0 -1 7.54979e-08 0 0 0 255
0.102649294 6.040038e-08 0.80002725 0 -1 7.54979e-08 0 0 0 255
0.122649275 6.040038e-08 0.80002725 0 -1 7.54979e-08 0 0 0 255
0.14264925 6.040038e-08 0.80002725 0 -1 7.54979e-08 7 18 3 255
0.16264923 6.040038e-08 0.80002725 0 -1 7.54979e-08 1 3 0 255
0.18264921 6.040038e-08 0.80002725 0 -1 7.54979e-08 4 11 2 255
0.20264919 6.040038e-08 0.80002725 0 -1 7.54979e-08 0 0 0 255
0.22264929 6.040038e-08 0.80002725 0 -1 7.54979e-08 0 0 0 255
0.24264927 6.040038e-08 0.80002725 0 -1 7.54979e-08 0 0 0 255
0.26264924 6.040038e-08 0.80002725 0 -1 7.54979e-08 0 0 0 255
0.28264922 6.040038e-08 0.80002725 0 -1 7.54979e-08 0 0 0 255
0.3026492 6.040038e-08 0.80002725 0 -1 7.54979e-08 0 0 0 255
0.32264918 6.040038e-08 0.80002725 0 -1 7.54979e-08 0 0 0 255
0.34264928 6.040038e-08 0.80002725 0 -1 7.54979e-08 0 0 0 255
0.36264926 6.040038e-08 0.80002725 0 -1 7.54979e-08 0 0 0 255
0.38264924 6.040038e-08 0.80002725 0 -1 7.54979e-08 1 3 0 255
0.40264922 6.040038e-08 0.80002725 0 -1 7.54979e-08 7 18 3 255
0.4226492 6.040038e-08 0.80002725 0 -1 7.54979e-08 3 8 1 255
0.4426492 6.040038e-08 0.80002725 0 -1 7.54979e-08 5 13 2 255
0.46264917 6.040038e-08 0.80002725 0 -1 7.54979e-08 7 19 3 255
0.48264927 6.040038e-08 0.80002725 0 -1 7.54979e-08 7 19 3 255
0.50264925 6.040038e-08 0.80002725 0 -1 7.54979e-08 7 19 3 255
0.5226492 6.040038e-08 0.80002725 0 -1 7.54979e-08 7 19 3 255
0.5426492 6.040038e-08 0.80002725 0 -1 7.54979e-08 7 19 3 255
0.5626492 6.040038e-08 0.80002725 0 -1 7.54979e-08 7 19 3 255
0.5826492 6.040038e-08 0.80002725 0 -1 7.54979e-08 7 19 3 255
0.6026493 6.040038e-08 0.80002725 0 -1 7.54979e-08 10 19 4 255
0.62264925 6.040038e-08 0.80002725 0 -1 7.54979e-08 43 32 14 255
0.64264923 6.040038e-08 0.80002725 0 -1 7.54979e-08 103 70 37 255
0.6626492 6.040038e-08 0.80002725 0 -1 7.54979e-08 153 98 57 255
0.6826492 6.040038e-08 0.80002725 0 -1 7.54979e-08 140 91 52 255
0.7026492 6.040038e-08 0.80002725 0 -1 7.54979e-08 113 74 39 255
0.7226493 6.040038e-08 0.80002725 0 -1 7.54979e-08 110 72 38 255
0.74264926 6.040038e-08 0.80002725 0 -1 7.54979e-08 117 78 42 255
0.76264924 6.040038e-08 0.80002725 0 -1 7.54979e-08 72 51 24 255
0.7826492 6.040038e-08 0.80002725 0 -1 7.54979e-08 14 10 4 255
-0.7173508 6.1910335e-08 0.82002723 0 -1 7.54979e-08 0 0 0 255
-0.69735074 6.1910335e-08 0.82002723 0 -1 7.54979e-08 17 14 5 255
-0.67735076 6.1910335e-08 0.82002723 0 -1 7.54979e-08 39 31 11 255
-0.6573507 6.1910335e-08 0.82002723 0 -1 7.54979e-08 39 31 11 255
-0.63735074 6.1910335e-08 0.82002723 0 -1 7.54979e-08 48 39 16 255
-0.61735076 6.1910335e-08 0.82002723 0 -1 7.54979e-08 75 53 25 255
-0.5973508 6.1910335e-08 0.82002723 0 -1 7.54979e-08 90 63 31 255
-0.57735074 6.1910335e-08 0.82002723 0 -1 7.54979e-08 97 65 33 255
-0.55735075 6.1910335e-08 0.82002723 0 -1 7.54979e-08 102 67 35 255
-0.5373508 6.1910335e-08 0.82002723 0 -1 7.54979e-08 113 73 38 255
-0.51735073 6.1910335e-08 0.82002723 0 -1 7.54979e-08 115 75 39 255
-0.49735075 6.1910335e-08 0.82002723 0 -1 7.54979e-08 131 84 47 255
-0.47735077 6.1910335e-08 0.82002723 0 -1 7.54979e-08 145 95 54 255
-0.45735073 6.1910335e-08 0.82002723 0 -1 7.54979e-08 166 106 63 255
-0.43735075 6.1910335e-08 0.82002723 0 -1 7.54979e-08 181 115 69 255
-0.41735077 6.1910335e-08 0.82002723 0 -1 7.54979e-08 200 125 78 255
-0.39735073 6.1910335e-08 0.82002723 0 -1 7.54979e-08 210 136 88 255
-0.37735075 6.1910335e-08 0.82002723 0 -1 7.54979e-08 221 146 99 255
-0.35735077 6.1910335e-08 0.82002723 0 -1 7.54979e-08 212 137 90 255
-0.3373508 6.1910335e-08 0.82002723 0 -1 7.54979e-08 200 125 78 255
-0.31735075 6.1910335e-08 0.82002723 0 -1 7.54979e-08 186 118 71 255
-0.29735076 6.1910335e-08 0.82002723 0 -1 7.54979e-08 165 106 62 255
-0.27735078 6.1910335e-08 0.82002723 0 -1 7.54979e-08 166 106 63 255
-0.25735074 6.1910335e-08 0.82002723 0 -1 7.54979e-08 154 98 58 255
-0.23735075 6.1910335e-08 0.82002723 0 -1 7.54979e-08 72 54 39 255
-0.21735077 6.1910335e-08 0.82002723 0 -1 7.54979e-08 13 22 10 255
-0.19735073 6.1910335e-08 0.82002723 0 -1 7.54979e-08 19 11 3 255
-0.17735074 6.1910335e-08 0.82002723 0 -1 7.54979e-08 19 11 3 255
-0.15735076 6.1910335e-08 0.82002723 0 -1 7.54979e-08 15 14 3 255
-0.13735072 6.1910335e-08 0.82002723 0 -1 7.54979e-08 7 19 3 255
-0.117350735 6.1910335e-08 0.82002723 0 -1 7.54979e-08 15 14 3 255
-0.097350754 6.1910335e-08 0.82002723 0 -1 7.54979e-08 9 18 3 255
-0.07735077 6.1910335e-08 0.82002723 0 -1 7.54979e-08 0 1 0 255
-0.057350796 6.1910335e-08 0.82002723 0 -1 7.54979e-08 10 17 3 255
-0.037350696 6.1910335e-08 0.82002723 0 -1 7.54979e-08 14 14 3 255
-0.017350713 6.1910335e-08 0.82002723 0 -1 7.54979e-08 3 8 1 255
0.0026492677 6.1910335e-08 0.82002723 0 -1 7.54979e-08 5 14 2 255
0.022649249 6.1910335e-08 0.82002723 0 -1 7.54979e-08 7 18 3 255
0.042649228 6.1910335e-08 0.82002723 0 -1 7.54979e-08 7 18 3 255
0.06264921 6.1910335e-08 0.82002723 0 -1 7.54979e-08 7 18 3 255
0.08264931 6.1910335e-08 0.82002723 0 -1 7.54979e-08 3 9 1 255
0.102649294 6.1910335e-08 0.82002723 0 -1 7.54979e-08 0 0 0 255
0.122649275 6.1910335e-08 0.82002723 0 -1 7.54979e-08 0 0 0 255
0.14264925 6.1910335e-08 0.82002723 0 -1 7.54979e-08 0 1 0 255
0.16264923 6.1910335e-08 0.82002723 0 -1 7.54979e-08 5 15 2 255
0.18264921 6.1910335e-08 0.82002723 0 -1 7.54979e-08 0 0 0 255
0.20264919 6.1910335e-08 0.82002723 0 -1 7.54979e-08 0 0 0 255
0.22264929 6.1910335e-08 0.82002723 0 -1 7.54979e-08 0 0 0 255
0.24264927 6.1910335e-08 0.82002723 0 -1 7.54979e-08 0 0 0 255
0.26264924 6.1910335e-08 0.82002723 0 -1 7.54979e-08 0 0 0 255
0.28264922 6.1910335e-08 0.82002723 0 -1 7.54979e-08 0 0 0 255
0.3026492 6.1910335e-08 0.82002723 0 -1 7.54979e-08 0 0 0 255
0.32264918 6.1910335e-08 0.82002723 0 -1 7.54979e-08 0 0 0 255
0.34264928 6.1910335e-08 0.82002723 0 -1 7.54979e-08 0 0 0 255
0.36264926 6.1910335e-08 0.82002723 0 -1 7.54979e-08 0 0 0 255
0.38264924 6.1910335e-08 0.82002723 0 -1 7.54979e-08 6 15 3 255
0.40264922 6.1910335e-08 0.82002723 0 -1 7.54979e-08 2 7 1 255
0.4226492 6.1910335e-08 0.82002723 0 -1 7.54979e-08 7 19 3 255
0.4426492 6.1910335e-08 0.82002723 0 -1 7.54979e-08 7 19 3 255
0.46264917 6.1910335e-08 0.82002723 0 -1 7.54979e-08 7 19 3 255
0.48264927 6.1910335e-08 0.82002723 0 -1 7.54979e-08 7 19 3 255
0.50264925 6.1910335e-08 0.82002723 0 -1 7.54979e-08 7 19 3 255
0.5226492 6.1910335e-08 0.82002723 0 -1 7.54979e-08 12 16 3 255
0.5426492 6.1910335e-08 0.82002723 0 -1 7.54979e-08 18 11 3 255
0.5626492 6.1910335e-08 0.82002723 0 -1 7.54979e-08 18 11 3 255
0.5826492 6.1910335e-08 0.82002723 0 -1 7.54979e-08 7 19 3 255
0.6026493 6.1910335e-08 0.82002723 0 -1 7.54979e-08 12 21 5 255
0.62264925 6.1910335e-08 0.82002723 0 -1 7.54979e-08 68 48 23 255
0.64264923 6.1910335e-08 0.82002723 0 -1 7.54979e-08 146 93 54 255
0.6626492 6.1910335e-08 0.82002723 0 -1 7.54979e-08 177 113 67 255
0.6826492 6.1910335e-08 0.82002723 0 -1 7.54979e-08 129 83 46 255
0.7026492 6.1910335e-08 0.82002723 0 -1 7.54979e-08 91 63 31 255
0.7226493 6.1910335e-08 0.82002723 0 -1 7.54979e-08 88 62 30 255
0.74264926 6.1910335e-08 0.82002723 0 -1 7.54979e-08 73 54 26 255
0.76264924 6.1910335e-08 0.82002723 0 -1 7.54979e-08 26 19 9 255
0.7826492 6.1910335e-08 0.82002723 0 -1 7.54979e-08 0 0 0 255
-0.7173508 6.3420295e-08 0.8400273 0 -1 7.54979e-08 0 0 0 255
-0.69735074 6.3420295e-08 0.8400273 0 -1 7.54979e-08 21 17 7 255
-0.67735076 6.3420295e-08 0.8400273 0 -1 7.54979e-08 41 34 12 255
-0.6573507 6.3420295e-08 0.8400273 0 -1 7.54979e-08 39 31 11 255
-0.63735074 6.3420295e-08 0.8400273 0 -1 7.54979e-08 47 39 15 255
-0.61735076 6.3420295e-08 0.8400273 0 -1 7.54979e-08 74 53 24 255
-0.5973508 6.3420295e-08 0.8400273 0 -1 7.54979e-08 90 62 31 255
-0.57735074 6.3420295e-08 0.8400273 0 -1 7.54979e-08 96 64 33 255
-0.55735075 6.3420295e-08 0.8400273 0 -1 7.54979e-08 110 72 37 255
-0.5373508 6.3420295e-08 0.8400273 0 -1 7.54979e-08 113 74 39 255
-0.51735073 6.3420295e-08 0.8400273 0 -1 7.54979e-08 129 82 47 255
-0.49735075 6.3420295e-08 0.8400273 0 -1 7.54979e-08 142 93 52 255
-0.47735077 6.3420295e-08 0.8400273 0 -1 7.54979e-08 160 103 60 255
-0.45735073 6.3420295e-08 0.8400273 0 -1 7.54979e-08 177 113 67 255
-0.43735075 6.3420295e-08 0.8400273 0 -1 7.54979e-08 193 120 73 255
-0.41735077 6.3420295e-08 0.8400273 0 -1 7.54979e-08 200 125 78 255
-0.39735073 6.3420295e-08 0.8400273 0 -1 7.54979e-08 208 133 86 255
-0.37735075 6.3420295e-08 0.8400273 0 -1 7.54979e-08 208 134 86 255
-0.35735077 6.3420295e-08 0.8400273 0 -1 7.54979e-08 204 129 82 255
-0.3373508 6.3420295e-08 0.8400273 0 -1 7.54979e-08 197 123 75 255
-0.31735075 6.3420295e-08 0.8400273 0 -1 7.54979e-08 176 111 67 255
-0.29735076 6.3420295e-08 0.8400273 0 -1 7.54979e-08 172 109 66 255
-0.27735078 6.3420295e-08 0.8400273 0 -1 7.54979e-08 165 106 62 255
-0.25735074 6.3420295e-08 0.8400273 0 -1 7.54979e-08 150 96 56 255
-0.23735075 6.3420295e-08 0.8400273 0 -1 7.54979e-08 88 60 33 255
-0.21735077 6.3420295e-08 0.8400273 0 -1 7.54979e-08 19 25 8 255
-0.19735073 6.3420295e-08 0.8400273 0 -1 7.54979e-08 8 19 3 255
-0.17735074 6.3420295e-08 0.8400273 0 -1 7.54979e-08 19 11 3 255
-0.15735076 6.3420295e-08 0.8400273 0 -1 7.54979e-08 19 11 3 255
-0.13735072 6.3420295e-08 0.8400273 0 -1 7.54979e-08 19 11 3 255
-0.117350735 6.3420295e-08 0.8400273 0 -1 7.54979e-08 19 11 3 255
-0.097350754 6.3420295e-08 0.8400273 0 -1 7.54979e-08 19 11 3 255
-0.07735077 6.3420295e-08 0.8400273 0 -1 7.54979e-08 7 18 3 255
-0.057350796 6.3420295e-08 0.8400273 0 -1 7.54979e-08 7 19 3 255
-0.037350696 6.3420295e-08 0.8400273 0 -1 7.54979e-08 7 19 3 255
-0.017350713 6.3420295e-08 0.8400273 0 -1 7.54979e-08 7 19 3 255
0.0026492677 6.3420295e-08 0.8400273 0 -1 7.54979e-08 7 19 3 255
0.022649249 6.3420295e-08 0.8400273 0 -1 7.54979e-08 7 19 3 255
0.042649228 6.3420295e-08 0.8400273 0 -1 7.54979e-08 7 19 3 255
0.06264921 6.3420295e-08 0.8400273 0 -1 7.54979e-08 7 19 3 255
0.08264931 6.3420295e-08 0.8400273 0 -1 7.54979e-08 7 19 3 255
0.102649294 6.3420295e-08 0.8400273 0 -1 7.54979e-08 7 18 3 255
0.122649275 6.3420295e-08 0.8400273 0 -1 7.54979e-08 1 2 0 255
0.14264925 6.3420295e-08 0.8400273 0 -1 7.54979e-08 7 18 3 255
0.16264923 6.3420295e-08 0.8400273 0 -1 7.54979e-08 6 15 3 255
0.18264921 6.3420295e-08 0.8400273 0 -1 7.54979e-08 0 0 0 255
0.20264919 6.3420295e-08 0.8400273 0 -1 7.54979e-08 0 0 0 255
0.22264929 6.3420295e-08 0.8400273 0 -1 7.54979e-08 0 0 0 255
0.24264927 6.3420295e-08 0.8400273 0 -1 7.54979e-08 0 0 0 255
0.26264924 6.3420295e-08 0.8400273 0 -1 7.54979e-08 0 0 0 255
0.28264922 6.3420295e-08 0.8400273 0 -1 7.54979e-08 0 0 0 255
0.3026492 6.3420295e-08 0.8400273 0 -1 7.54979e-08 0 0 0 255
0.32264918 6.3420295e-08 0.8400273 0 -1 7.54979e-08 0 0 0 255
0.34264928 6.3420295e-08 0.8400273 0 -1 7.54979e-08 0 0 0 255
0.36264926 6.3420295e-08 0.8400273 0 -1 7.54979e-08 0 0 0 255
0.38264924 6.3420295e-08 0.8400273 0 -1 7.54979e-08 0 0 0 255
0.40264922 6.3420295e-08 0.8400273 0 -1 7.54979e-08 0 0 0 255
0.4226492 6.3420295e-08 0.8400273 0 -1 7.54979e-08 4 10 2 255
0.4426492 6.3420295e-08 0.8400273 0 -1 7.54979e-08 7 19 3 255
0.46264917 6.3420295e-08 0.8400273 0 -1 7.54979e-08 7 19 3 255
0.48264927 6.3420295e-08 0.8400273 0 -1 7.54979e-08 7 19 3 255
0.50264925 6.3420295e-08 0.8400273 0 -1 7.54979e-08 7 19 3 255
0.5226492 6.3420295e-08 0.8400273 0 -1 7.54979e-08 12 15 3 255
0.5426492 6.3420295e-08 0.8400273 0 -1 7.54979e-08 19 11 3 255
0.5626492 6.3420295e-08 0.8400273 0 -1 7.54979e-08 25 17 6 255
0.5826492 6.3420295e-08 0.8400273 0 -1 7.54979e-08 26 19 7 255
0.6026493 6.3420295e-08 0.8400273 0 -1 7.54979e-08 34 25 10 255
0.62264925 6.3420295e-08 0.8400273 0 -1 7.54979e-08 106 74 38 255
0.64264923 6.3420295e-08 0.8400273 0 -1 7.54979e-08 150 97 56 255
0.6626492 6.3420295e-08 0.8400273 0 -1 7.54979e-08 88 61 32 255
0.6826492 6.3420295e-08 0.8400273 0 -1 7.54979e-08 61 44 20 255
0.7026492 6.3420295e-08 0.8400273 0 -1 7.54979e-08 59 43 19 255
0.7226493 6.3420295e-08 0.8400273 0 -1 7.54979e-08 60 44 20 255
0.74264926 6.3420295e-08 0.8400273 0 -1 7.54979e-08 37 27 13 255
0.76264924 6.3420295e-08 0.8400273 0 -1 7.54979e-08 0 0 0 255
-0.7173508 6.4930255e-08 0.86002725 0 -1 7.54979e-08 0 0 0 255
-0.69735074 6.4930255e-08 0.86002725 0 -1 7.54979e-08 0 0 0 255
-0.67735076 6.4930255e-08 0.86002725 0 -1 7.54979e-08 25 20 7 255
-0.6573507 6.4930255e-08 0.86002725 0 -1 7.54979e-08 39 31 11 255
-0.63735074 6.4930255e-08 0.86002725 0 -1 7.54979e-08 39 31 11 255
-0.61735076 6.4930255e-08 0.86002725 0 -1 7.54979e-08 64 46 21 255
-0.5973508 6.4930255e-08 0.86002725 0 -1 7.54979e-08 94 64 32 255
-0.57735074 6.4930255e-08 0.86002725 0 -1 7.54979e-08 102 66 35 255
-0.55735075 6.4930255e-08 0.86002725 0 -1 7.54979e-08 121 77 43 255
-0.5373508 6.4930255e-08 0.86002725 0 -1 7.54979e-08 136 89 50 255
-0.51735073 6.4930255e-08 0.86002725 0 -1 7.54979e-08 149 94 55 255
-0.49735075 6.4930255e-08 0.86002725 0 -1 7.54979e-08 156 101 58 255
-0.47735077 6.4930255e-08 0.86002725 0 -1 7.54979e-08 160 103 60 255
-0.45735073 6.4930255e-08 0.86002725 0 -1 7.54979e-08 177 113 67 255
-0.43735075 6.4930255e-08 0.86002725 0 -1 7.54979e-08 185 117 70 255
-0.41735077 6.4930255e-08 0.86002725 0 -1 7.54979e-08 200 125 78 255
-0.39735073 6.4930255e-08 0.86002725 0 -1 7.54979e-08 200 125 78 255
-0.37735075 6.4930255e-08 0.86002725 0 -1 7.54979e-08 200 125 78 255
-0.35735077 6.4930255e-08 0.86002725 0 -1 7.54979e-08 198 123 76 255
-0.3373508 6.4930255e-08 0.86002725 0 -1 7.54979e-08 180 113 69 255
-0.31735075 6.4930255e-08 0.86002725 0 -1 7.54979e-08 173 110 66 255
-0.29735076 6.4930255e-08 0.86002725 0 -1 7.54979e-08 157 102 59 255
-0.27735078 6.4930255e-08 0.86002725 0 -1 7.54979e-08 152 99 57 255
-0.25735074 6.4930255e-08 0.86002725 0 -1 7.54979e-08 134 87 49 255
-0.23735075 6.4930255e-08 0.86002725 0 -1 7.54979e-08 98 68 35 255
-0.21735077 6.4930255e-08 0.86002725 0 -1 7.54979e-08 38 28 11 255
-0.19735073 6.4930255e-08 0.86002725 0 -1 7.54979e-08 19 12 3 255
-0.17735074 6.4930255e-08 0.86002725 0 -1 7.54979e-08 19 11 3 255
-0.15735076 6.4930255e-08 0.86002725 0 -1 7.54979e-08 19 11 3 255
-0.13735072 6.4930255e-08 0.86002725 0 -1 7.54979e-08 19 11 3 255
-0.117350735 6.4930255e-08 0.86002725 0 -1 7.54979e-08 19 11 3 255
-0.097350754 6.4930255e-08 0.86002725 0 -1 7.54979e-08 19 11 3 255
-0.07735077 6.4930255e-08 0.86002725 0 -1 7.54979e-08 18 12 3 255
-0.057350796 6.4930255e-08 0.86002725 0 -1 7.54979e-08 7 19 3 255
-0.037350696 6.4930255e-08 0.86002725 0 -1 7.54979e-08 12 16 3 255
-0.017350713 6.4930255e-08 0.86002725 0 -1 7.54979e-08 12 16 3 255
0.0026492677 6.4930255e-08 0.86002725 0 -1 7.54979e-08 7 19 3 255
0.022649249 6.4930255e-08 0.86002725 0 -1 7.54979e-08 7 19 3 255
0.042649228 6.4930255e-08 0.86002725 0 -1 7.54979e-08 7 19 3 255
0.06264921 6.4930255e-08 0.86002725 0 -1 7.54979e-08 7 19 3 255
0.08264931 6.4930255e-08 0.86002725 0 -1 7.54979e-08 7 19 3 255
0.102649294 6.4930255e-08 0.86002725 0 -1 7.54979e-08 7 19 3 255
0.122649275 6.4930255e-08 0.86002725 0 -1 7.54979e-08 7 19 3 255
0.14264925 6.4930255e-08 0.86002725 0 -1 7.54979e-08 7 19 3 255
0.16264923 6.4930255e-08 0.86002725 0 -1 7.54979e-08 7 19 3 255
0.18264921 6.4930255e-08 0.86002725 0 -1 7.54979e-08 7 19 3 255
0.20264919 6.4930255e-08 0.86002725 0 -1 7.54979e-08 7 19 3 255
0.22264929 6.4930255e-08 0.86002725 0 -1 7.54979e-08 1 4 0 255
0.24264927 6.4930255e-08 0.86002725 0 -1 7.54979e-08 0 0 0 255
0.26264924 6.4930255e-08 0.86002725 0 -1 7.54979e-08 0 0 0 255
0.28264922 6.4930255e-08 0.86002725 0 -1 7.54979e-08 0 0 0 255
0.3026492 6.4930255e-08 0.86002725 0 -1 7.54979e-08 0 0 0 255
0.32264918 6.4930255e-08 0.86002725 0 -1 7.54979e-08 0 0 0 255
0.34264928 6.4930255e-08 0.86002725 0 -1 7.54979e-08 6 15 3 255
0.36264926 6.4930255e-08 0.86002725 0 -1 7.54979e-08 7 19 3 255
0.38264924 6.4930255e-08 0.86002725 0 -1 7.54979e-08 1 3 0 255
0.40264922 6.4930255e-08 0.86002725 0 -1 7.54979e-08 7 19 3 255
0.4226492 6.4930255e-08 0.86002725 0 -1 7.54979e-08 7 19 3 255
0.4426492 6.4930255e-08 0.86002725 0 -1 7.54979e-08 15 13 3 255
0.46264917 6.4930255e-08 0.86002725 0 -1 7.54979e-08 19 11 3 255
0.48264927 6.4930255e-08 0.86002725 0 -1 7.54979e-08 19 11 3 255
0.50264925 6.4930255e-08 0.86002725 0 -1 7.54979e-08 19 11 3 255
0.5226492 6.4930255e-08 0.86002725 0 -1 7.54979e-08 19 11 3 255
0.5426492 6.4930255e-08 0.86002725 0 -1 7.54979e-08 24 16 6 255
0.5626492 6.4930255e-08 0.86002725 0 -1 7.54979e-08 30 28 26 255
0.5826492 6.4930255e-08 0.86002725 0 -1 7.54979e-08 27 19 8 255
0.6026493 6.4930255e-08 0.86002725 0 -1 7.54979e-08 28 22 12 255
0.62264925 6.4930255e-08 0.86002725 0 -1 7.54979e-08 44 38 30 255
0.64264923 6.4930255e-08 0.86002725 0 -1 7.54979e-08 50 38 16 255
0.6626492 6.4930255e-08 0.86002725 0 -1 7.54979e-08 40 31 12 255
0.6826492 6.4930255e-08 0.86002725 0 -1 7.54979e-08 39 31 11 255
0.7026492 6.4930255e-08 0.86002725 0 -1 7.54979e-08 40 32 12 255
0.7226493 6.4930255e-08 0.86002725 0 -1 7.54979e-08 44 32 14 255
0.74264926 6.4930255e-08 0.86002725 0 -1 7.54979e-08 0 0 0 255
0.76264924 6.4930255e-08 0.86002725 0 -1 7.54979e-08 0 0 0 255
-0.69735074 6.644021e-08 0.88002723 0 -1 7.54979e-08 0 0 0 255
-0.67735076 6.644021e-08 0.88002723 0 -1 7.54979e-08 25 19 7 255
-0.6573507 6.644021e-08 0.88002723 0 -1 7.54979e-08 39 31 11 255
-0.63735074 6.644021e-08 0.88002723 0 -1 7.54979e-08 39 31 11 255
-0.61735076 6.644021e-08 0.88002723 0 -1 7.54979e-08 62 45 20 255
-0.5973508 6.644021e-08 0.88002723 0 -1 7.54979e-08 87 61 30 255
-0.57735074 6.644021e-08 0.88002723 0 -1 7.54979e-08 108 70 37 255
-0.55735075 6.644021e-08 0.88002723 0 -1 7.54979e-08 125 80 44 255
-0.5373508 6.644021e-08 0.88002723 0 -1 7.54979e-08 136 89 50 255
-0.51735073 6.644021e-08 0.88002723 0 -1 7.54979e-08 150 94 55 255
-0.49735075 6.644021e-08 0.88002723 0 -1 7.54979e-08 157 102 58 255
-0.47735077 6.644021e-08 0.88002723 0 -1 7.54979e-08 160 103 60 255
-0.45735073 6.644021e-08 0.88002723 0 -1 7.54979e-08 170 108 65 255
-0.43735075 6.644021e-08 0.88002723 0 -1 7.54979e-08 182 116 69 255
-0.41735077 6.644021e-08 0.88002723 0 -1 7.54979e-08 196 121 74 255
-0.39735073 6.644021e-08 0.88002723 0 -1 7.54979e-08 196 121 74 255
-0.37735075 6.644021e-08 0.88002723 0 -1 7.54979e-08 196 121 74 255
-0.35735077 6.644021e-08 0.88002723 0 -1 7.54979e-08 190 119 72 255
-0.3373508 6.644021e-08 0.88002723 0 -1 7.54979e-08 176 112 67 255
-0.31735075 6.644021e-08 0.88002723 0 -1 7.54979e-08 159 103 59 255
-0.29735076 6.644021e-08 0.88002723 0 -1 7.54979e-08 157 102 58 255
-0.27735078 6.644021e-08 0.88002723 0 -1 7.54979e-08 159 103 59 255
-0.25735074 6.644021e-08 0.88002723 0 -1 7.54979e-08 153 99 57 255
-0.23735075 6.644021e-08 0.88002723 0 -1 7.54979e-08 102 71 36 255
-0.21735077 6.644021e-08 0.88002723 0 -1 7.54979e-08 41 37 30 255
-0.19735073 6.644021e-08 0.88002723 0 -1 7.54979e-08 27 19 8 255
-0.17735074 6.644021e-08 0.88002723 0 -1 7.54979e-08 26 18 7 255
-0.15735076 6.644021e-08 0.88002723 0 -1 7.54979e-08 19 11 3 255
-0.13735072 6.644021e-08 0.88002723 0 -1 7.54979e-08 19 11 3 255
-0.117350735 6.644021e-08 0.88002723 0 -1 7.54979e-08 19 11 3 255
-0.097350754 6.644021e-08 0.88002723 0 -1 7.54979e-08 19 11 3 255
-0.07735077 6.644021e-08 0.88002723 0 -1 7.54979e-08 19 11 3 255
-0.057350796 6.644021e-08 0.88002723 0 -1 7.54979e-08 19 11 3 255
-0.037350696 6.644021e-08 0.88002723 0 -1 7.54979e-08 14 14 3 255
-0.017350713 6.644021e-08 0.88002723 0 -1 7.54979e-08 14 14 3 255
0.0026492677 6.644021e-08 0.88002723 0 -1 7.54979e-08 10 17 3 255
0.022649249 6.644021e-08 0.88002723 0 -1 7.54979e-08 7 19 3 255
0.042649228 6.644021e-08 0.88002723 0 -1 7.54979e-08 7 19 3 255
0.06264921 6.644021e-08 0.88002723 0 -1 7.54979e-08 7 19 3 255
0.08264931 6.644021e-08 0.88002723 0 -1 7.54979e-08 7 19 3 255
0.102649294 6.644021e-08 0.88002723 0 -1 7.54979e-08 7 19 3 255
0.122649275 6.644021e-08 0.88002723 0 -1 7.54979e-08 7 19 3 255
0.14264925 6.644021e-08 0.88002723 0 -1 7.54979e-08 7 19 3 255
0.16264923 6.644021e-08 0.88002723 0 -1 7.54979e-08 19 11 3 255
0.18264921 6.644021e-08 0.88002723 0 -1 7.54979e-08 14 14 3 255
0.20264919 6.644021e-08 0.88002723 0 -1 7.54979e-08 7 19 3 255
0.22264929 6.644021e-08 0.88002723 0 -1 7.54979e-08 7 19 3 255
0.24264927 6.644021e-08 0.88002723 0 -1 7.54979e-08 0 1 0 255
0.26264924 6.644021e-08 0.88002723 0 -1 7.54979e-08 0 0 0 255
0.28264922 6.644021e-08 0.88002723 0 -1 7.54979e-08 0 0 0 255
0.3026492 6.644021e-08 0.88002723 0 -1 7.54979e-08 0 0 0 255
0.32264918 6.644021e-08 0.88002723 0 -1 7.54979e-08 0 0 0 255
0.34264928 6.644021e-08 0.88002723 0 -1 7.54979e-08 6 15 3 255
0.36264926 6.644021e-08 0.88002723 0 -1 7.54979e-08 7 19 3 255
0.38264924 6.644021e-08 0.88002723 0 -1 7.54979e-08 7 19 3 255
0.40264922 6.644021e-08 0.88002723 0 -1 7.54979e-08 7 19 3 255
0.4226492 6.644021e-08 0.88002723 0 -1 7.54979e-08 7 19 3 255
0.4426492 6.644021e-08 0.88002723 0 -1 7.54979e-08 16 13 3 255
0.46264917 6.644021e-08 0.88002723 0 -1 7.54979e-08 19 11 3 255
0.48264927 6.644021e-08 0.88002723 0 -1 7.54979e-08 19 11 3 255
0.50264925 6.644021e-08 0.88002723 0 -1 7.54979e-08 19 11 3 255
0.5226492 6.644021e-08 0.88002723 0 -1 7.54979e-08 19 11 3 255
0.5426492 6.644021e-08 0.88002723 0 -1 7.54979e-08 31 23 8 255
0.5626492 6.644021e-08 0.88002723 0 -1 7.54979e-08 23 15 5 255
0.5826492 6.644021e-08 0.88002723 0 -1 7.54979e-08 0 0 0 255
0.6026493 6.644021e-08 0.88002723 0 -1 7.54979e-08 1 3 0 255
0.62264925 6.644021e-08 0.88002723 0 -1 7.54979e-08 21 26 8 255
0.64264923 6.644021e-08 0.88002723 0 -1 7.54979e-08 55 43 19 255
0.6626492 6.644021e-08 0.88002723 0 -1 7.54979e-08 59 44 20 255
0.6826492 6.644021e-08 0.88002723 0 -1 7.54979e-08 41 32 12 255
0.7026492 6.644021e-08 0.88002723 0 -1 7.54979e-08 40 31 12 255
0.7226493 6.644021e-08 0.88002723 0 -1 7.54979e-08 44 32 14 255
0.74264926 6.644021e-08 0.88002723 0 -1 7.54979e-08 0 0 0 255
-0.69735074 6.795017e-08 0.9000273 0 -1 7.54979e-08 0 0 0 255
-0.67735076 6.795017e-08 0.9000273 0 -1 7.54979e-08 25 19 7 255
-0.6573507 6.795017e-08 0.9000273 0 -1 7.54979e-08 39 31 11 255
-0.63735074 6.795017e-08 0.9000273 0 -1 7.54979e-08 39 31 11 255
-0.61735076 6.795017e-08 0.9000273 0 -1 7.54979e-08 62 45 20 255
-0.5973508 6.795017e-08 0.9000273 0 -1 7.54979e-08 87 61 30 255
-0.57735074 6.795017e-08 0.9000273 0 -1 7.54979e-08 108 70 37 255
-0.55735075 6.795017e-08 0.9000273 0 -1 7.54979e-08 125 80 44 255
-0.5373508 6.795017e-08 0.9000273 0 -1 7.54979e-08 136 89 50 255
-0.51735073 6.795017e-08 0.9000273 0 -1 7.54979e-08 150 94 55 255
-0.49735075 6.795017e-08 0.9000273 0 -1 7.54979e-08 157 102 58 255
-0.47735077 6.795017e-08 0.9000273 0 -1 7.54979e-08 160 103 60 255
-0.45735073 6.795017e-08 0.9000273 0 -1 7.54979e-08 170 108 65 255
-0.43735075 6.795017e-08 0.9000273 0 -1 7.54979e-08 182 116 69 255
-0.41735077 6.795017e-08 0.9000273 0 -1 7.54979e-08 184 117 70 255
-0.39735073 6.795017e-08 0.9000273 0 -1 7.54979e-08 194 121 73 255
-0.37735075 6.795017e-08 0.9000273 0 -1 7.54979e-08 184 117 70 255
-0.35735077 6.795017e-08 0.9000273 0 -1 7.54979e-08 174 111 66 255
-0.3373508 6.795017e-08 0.9000273 0 -1 7.54979e-08 159 103 60 255
-0.31735075 6.795017e-08 0.9000273 0 -1 7.54979e-08 157 102 58 255
-0.29735076 6.795017e-08 0.9000273 0 -1 7.54979e-08 157 102 59 255
-0.27735078 6.795017e-08 0.9000273 0 -1 7.54979e-08 165 106 62 255
-0.25735074 6.795017e-08 0.9000273 0 -1 7.54979e-08 150 96 56 255
-0.23735075 6.795017e-08 0.9000273 0 -1 7.54979e-08 106 70 37 255
-0.21735077 6.795017e-08 0.9000273 0 -1 7.54979e-08 44 38 31 255
-0.19735073 6.795017e-08 0.9000273 0 -1 7.54979e-08 27 19 8 255
-0.17735074 6.795017e-08 0.9000273 0 -1 7.54979e-08 30 29 27 255
-0.15735076 6.795017e-08 0.9000273 0 -1 7.54979e-08 24 16 6 255
-0.13735072 6.795017e-08 0.9000273 0 -1 7.54979e-08 19 11 3 255
-0.117350735 6.795017e-08 0.9000273 0 -1 7.54979e-08 19 11 3 255
-0.097350754 6.795017e-08 0.9000273 0 -1 7.54979e-08 19 11 3 255
-0.07735077 6.795017e-08 0.9000273 0 -1 7.54979e-08 19 11 3 255
-0.057350796 6.795017e-08 0.9000273 0 -1 7.54979e-08 19 11 3 255
-0.037350696 6.795017e-08 0.9000273 0 -1 7.54979e-08 19 11 3 255
-0.017350713 6.795017e-08 0.9000273 0 -1 7.54979e-08 19 11 3 255
0.0026492677 6.795017e-08 0.9000273 0 -1 7.54979e-08 10 17 3 255
0.022649249 6.795017e-08 0.9000273 0 -1 7.54979e-08 18 12 3 255
0.042649228 6.795017e-08 0.9000273 0 -1 7.54979e-08 18 12 3 255
0.06264921 6.795017e-08 0.9000273 0 -1 7.54979e-08 7 19 3 255
0.08264931 6.795017e-08 0.9000273 0 -1 7.54979e-08 13 15 3 255
0.102649294 6.795017e-08 0.9000273 0 -1 7.54979e-08 19 11 3 255
0.122649275 6.795017e-08 0.9000273 0 -1 7.54979e-08 19 11 3 255
0.14264925 6.795017e-08 0.9000273 0 -1 7.54979e-08 19 11 3 255
0.16264923 6.795017e-08 0.9000273 0 -1 7.54979e-08 19 11 3 255
0.18264921 6.795017e-08 0.9000273 0 -1 7.54979e-08 14 14 3 255
0.20264919 6.795017e-08 0.9000273 0 -1 7.54979e-08 7 19 3 255
0.22264929 6.795017e-08 0.9000273 0 -1 7.54979e-08 7 19 3 255
0.24264927 6.795017e-08 0.9000273 0 -1 7.54979e-08 7 19 3 255
0.26264924 6.795017e-08 0.9000273 0 -1 7.54979e-08 0 0 0 255
0.28264922 6.795017e-08 0.9000273 0 -1 7.54979e-08 2 5 1 255
0.3026492 6.795017e-08 0.9000273 0 -1 7.54979e-08 4 10 2 255
0.32264918 6.795017e-08 0.9000273 0 -1 7.54979e-08 4 12 2 255
0.34264928 6.795017e-08 0.9000273 0 -1 7.54979e-08 7 19 3 255
0.36264926 6.795017e-08 0.9000273 0 -1 7.54979e-08 7 19 3 255
0.38264924 6.795017e-08 0.9000273 0 -1 7.54979e-08 7 19 3 255
0.40264922 6.795017e-08 0.9000273 0 -1 7.54979e-08 11 16 3 255
0.4226492 6.795017e-08 0.9000273 0 -1 7.54979e-08 19 11 3 255
0.4426492 6.795017e-08 0.9000273 0 -1 7.54979e-08 19 11 3 255
0.46264917 6.795017e-08 0.9000273 0 -1 7.54979e-08 19 11 3 255
0.48264927 6.795017e-08 0.9000273 0 -1 7.54979e-08 20 12 4 255
0.50264925 6.795017e-08 0.9000273 0 -1 7.54979e-08 30 22 8 255
0.5226492 6.795017e-08 0.9000273 0 -1 7.54979e-08 39 31 11 255
0.5426492 6.795017e-08 0.9000273 0 -1 7.54979e-08 26 19 6 255
0.5626492 6.795017e-08 0.9000273 0 -1 7.54979e-08 3 2 0 255
0.5826492 6.795017e-08 0.9000273 0 -1 7.54979e-08 0 0 0 255
0.6026493 6.795017e-08 0.9000273 0 -1 7.54979e-08 15 23 6 255
0.62264925 6.795017e-08 0.9000273 0 -1 7.54979e-08 65 48 22 255
0.64264923 6.795017e-08 0.9000273 0 -1 7.54979e-08 70 52 25 255
0.6626492 6.795017e-08 0.9000273 0 -1 7.54979e-08 62 47 23 255
0.6826492 6.795017e-08 0.9000273 0 -1 7.54979e-08 48 40 16 255
0.7026492 6.795017e-08 0.9000273 0 -1 7.54979e-08 40 31 12 255
0.7226493 6.795017e-08 0.9000273 0 -1 7.54979e-08 44 32 14 255
0.74264926 6.795017e-08 0.9000273 0 -1 7.54979e-08 0 0 0 255
-0.69735074 6.946013e-08 0.92002726 0 -1 7.54979e-08 0 0 0 255
-0.67735076 6.946013e-08 0.92002726 0 -1 7.54979e-08 25 19 7 255
-0.6573507 6.946013e-08 0.92002726 0 -1 7.54979e-08 39 31 11 255
-0.63735074 6.946013e-08 0.92002726 0 -1 7.54979e-08 39 31 11 255
-0.61735076 6.946013e-08 0.92002726 0 -1 7.54979e-08 60 44 20 255
-0.5973508 6.946013e-08 0.92002726 0 -1 7.54979e-08 82 56 27 255
-0.57735074 6.946013e-08 0.92002726 0 -1 7.54979e-08 108 70 37 255
-0.55735075 6.946013e-08 0.92002726 0 -1 7.54979e-08 125 80 44 255
-0.5373508 6.946013e-08 0.92002726 0 -1 7.54979e-08 136 89 50 255
-0.51735073 6.946013e-08 0.92002726 0 -1 7.54979e-08 150 94 55 255
-0.49735075 6.946013e-08 0.92002726 0 -1 7.54979e-08 157 102 58 255
-0.47735077 6.946013e-08 0.92002726 0 -1 7.54979e-08 160 103 60 255
-0.45735073 6.946013e-08 0.92002726 0 -1 7.54979e-08 169 108 65 255
-0.43735075 6.946013e-08 0.92002726 0 -1 7.54979e-08 172 110 66 255
-0.41735077 6.946013e-08 0.92002726 0 -1 7.54979e-08 184 117 70 255
-0.39735073 6.946013e-08 0.92002726 0 -1 7.54979e-08 184 117 70 255
-0.37735075 6.946013e-08 0.92002726 0 -1 7.54979e-08 180 115 69 255
-0.35735077 6.946013e-08 0.92002726 0 -1 7.54979e-08 168 107 64 255
-0.3373508 6.946013e-08 0.92002726 0 -1 7.54979e-08 159 103 60 255
-0.31735075 6.946013e-08 0.92002726 0 -1 7.54979e-08 164 105 62 255
-0.29735076 6.946013e-08 0.92002726 0 -1 7.54979e-08 157 102 58 255
-0.27735078 6.946013e-08 0.92002726 0 -1 7.54979e-08 152 99 56 255
-0.25735074 6.946013e-08 0.92002726 0 -1 7.54979e-08 134 86 49 255
-0.23735075 6.946013e-08 0.92002726 0 -1 7.54979e-08 106 70 37 255
-0.21735077 6.946013e-08 0.92002726 0 -1 7.54979e-08 44 38 31 255
-0.19735073 6.946013e-08 0.92002726 0 -1 7.54979e-08 31 31 31 255
-0.17735074 6.946013e-08 0.92002726 0 -1 7.54979e-08 31 31 31 255
-0.15735076 6.946013e-08 0.92002726 0 -1 7.54979e-08 30 27 23 255
-0.13735072 6.946013e-08 0.92002726 0 -1 7.54979e-08 23 15 5 255
-0.117350735 6.946013e-08 0.92002726 0 -1 7.54979e-08 19 11 3 255
-0.097350754 6.946013e-08 0.92002726 0 -1 7.54979e-08 19 11 3 255
-0.07735077 6.946013e-08 0.92002726 0 -1 7.54979e-08 19 11 3 255
-0.057350796 6.946013e-08 0.92002726 0 -1 7.54979e-08 19 11 3 255
-0.037350696 6.946013e-08 0.92002726 0 -1 7.54979e-08 19 11 3 255
-0.017350713 6.946013e-08 0.92002726 0 -1 7.54979e-08 12 16 3 255
0.0026492677 6.946013e-08 0.92002726 0 -1 7.54979e-08 16 13 3 255
0.022649249 6.946013e-08 0.92002726 0 -1 7.54979e-08 8 18 3 255
0.042649228 6.946013e-08 0.92002726 0 -1 7.54979e-08 19 11 3 255
0.06264921 6.946013e-08 0.92002726 0 -1 7.54979e-08 19 11 3 255
0.08264931 6.946013e-08 0.92002726 0 -1 7.54979e-08 19 11 3 255
0.102649294 6.946013e-08 0.92002726 0 -1 7.54979e-08 19 11 3 255
0.122649275 6.946013e-08 0.92002726 0 -1 7.54979e-08 19 11 3 255
0.14264925 6.946013e-08 0.92002726 0 -1 7.54979e-08 19 11 3 255
0.16264923 6.946013e-08 0.92002726 0 -1 7.54979e-08 19 11 3 255
0.18264921 6.946013e-08 0.92002726 0 -1 7.54979e-08 15 14 3 255
0.20264919 6.946013e-08 0.92002726 0 -1 7.54979e-08 7 19 3 255
0.22264929 6.946013e-08 0.92002726 0 -1 7.54979e-08 7 19 3 255
0.24264927 6.946013e-08 0.92002726 0 -1 7.54979e-08 7 19 3 255
0.26264924 6.946013e-08 0.92002726 0 -1 7.54979e-08 6 17 3 255
0.28264922 6.946013e-08 0.92002726 0 -1 7.54979e-08 2 5 1 255
0.3026492 6.946013e-08 0.92002726 0 -1 7.54979e-08 7 19 3 255
0.32264918 6.946013e-08 0.92002726 0 -1 7.54979e-08 7 19 3 255
0.34264928 6.946013e-08 0.92002726 0 -1 7.54979e-08 7 19 3 255
0.36264926 6.946013e-08 0.92002726 0 -1 7.54979e-08 7 19 3 255
0.38264924 6.946013e-08 0.92002726 0 -1 7.54979e-08 19 11 3 255
0.40264922 6.946013e-08 0.92002726 0 -1 7.54979e-08 19 11 3 255
0.4226492 6.946013e-08 0.92002726 0 -1 7.54979e-08 19 11 3 255
0.4426492 6.946013e-08 0.92002726 0 -1 7.54979e-08 19 11 3 255
0.46264917 6.946013e-08 0.92002726 0 -1 7.54979e-08 19 11 3 255
0.48264927 6.946013e-08 0.92002726 0 -1 7.54979e-08 21 13 4 255
0.50264925 6.946013e-08 0.92002726 0 -1 7.54979e-08 38 31 11 255
0.5226492 6.946013e-08 0.92002726 0 -1 7.54979e-08 30 22 8 255
0.5426492 6.946013e-08 0.92002726 0 -1 7.54979e-08 7 4 1 255
0.5626492 6.946013e-08 0.92002726 0 -1 7.54979e-08 0 0 0 255
0.5826492 6.946013e-08 0.92002726 0 -1 7.54979e-08 27 19 7 255
0.6026493 6.946013e-08 0.92002726 0 -1 7.54979e-08 73 52 24 255
0.62264925 6.946013e-08 0.92002726 0 -1 7.54979e-08 86 61 29 255
0.64264923 6.946013e-08 0.92002726 0 -1 7.54979e-08 78 58 27 255
0.6626492 6.946013e-08 0.92002726 0 -1 7.54979e-08 67 50 24 255
0.6826492 6.946013e-08 0.92002726 0 -1 7.54979e-08 48 40 16 255
0.7026492 6.946013e-08 0.92002726 0 -1 7.54979e-08 40 32 12 255
0.7226493 6.946013e-08 0.92002726 0 -1 7.54979e-08 47 35 17 255
0.74264926 6.946013e-08 0.92002726 0 -1 7.54979e-08 0 0 0 255
-0.69735074 7.097008e-08 0.94002724 0 -1 7.54979e-08 0 0 0 255
-0.67735076 7.097008e-08 0.94002724 0 -1 7.54979e-08 25 20 7 255
-0.6573507 7.097008e-08 0.94002724 0 -1 7.54979e-08 39 31 11 255
-0.63735074 7.097008e-08 0.94002724 0 -1 7.54979e-08 39 31 11 255
-0.61735076 7.097008e-08 0.94002724 0 -1 7.54979e-08 60 44 20 255
-0.5973508 7.097008e-08 0.94002724 0 -1 7.54979e-08 81 56 27 255
-0.57735074 7.097008e-08 0.94002724 0 -1 7.54979e-08 108 70 37 255
-0.55735075 7.097008e-08 0.94002724 0 -1 7.54979e-08 125 80 44 255
-0.5373508 7.097008e-08 0.94002724 0 -1 7.54979e-08 136 89 50 255
-0.51735073 7.097008e-08 0.94002724 0 -1 7.54979e-08 149 94 54 255
-0.49735075 7.097008e-08 0.94002724 0 -1 7.54979e-08 151 96 55 255
-0.47735077 7.097008e-08 0.94002724 0 -1 7.54979e-08 160 103 60 255
-0.45735073 7.097008e-08 0.94002724 0 -1 7.54979e-08 165 106 62 255
-0.43735075 7.097008e-08 0.94002724 0 -1 7.54979e-08 171 109 65 255
-0.41735077 7.097008e-08 0.94002724 0 -1 7.54979e-08 173 110 66 255
-0.39735073 7.097008e-08 0.94002724 0 -1 7.54979e-08 172 110 66 255
-0.37735075 7.097008e-08 0.94002724 0 -1 7.54979e-08 170 108 65 255
-0.35735077 7.097008e-08 0.94002724 0 -1 7.54979e-08 165 106 62 255
-0.3373508 7.097008e-08 0.94002724 0 -1 7.54979e-08 165 106 62 255
-0.31735075 7.097008e-08 0.94002724 0 -1 7.54979e-08 165 106 62 255
-0.29735076 7.097008e-08 0.94002724 0 -1 7.54979e-08 156 101 58 255
-0.27735078 7.097008e-08 0.94002724 0 -1 7.54979e-08 135 88 49 255
-0.25735074 7.097008e-08 0.94002724 0 -1 7.54979e-08 126 80 45 255
-0.23735075 7.097008e-08 0.94002724 0 -1 7.54979e-08 103 69 36 255
-0.21735077 7.097008e-08 0.94002724 0 -1 7.54979e-08 68 50 25 255
-0.19735073 7.097008e-08 0.94002724 0 -1 7.54979e-08 32 31 31 255
-0.17735074 7.097008e-08 0.94002724 0 -1 7.54979e-08 31 31 31 255
-0.15735076 7.097008e-08 0.94002724 0 -1 7.54979e-08 31 31 31 255
-0.13735072 7.097008e-08 0.94002724 0 -1 7.54979e-08 29 25 19 255
-0.117350735 7.097008e-08 0.94002724 0 -1 7.54979e-08 22 14 5 255
-0.097350754 7.097008e-08 0.94002724 0 -1 7.54979e-08 19 11 3 255
-0.07735077 7.097008e-08 0.94002724 0 -1 7.54979e-08 19 11 3 255
-0.057350796 7.097008e-08 0.94002724 0 -1 7.54979e-08 19 11 3 255
-0.037350696 7.097008e-08 0.94002724 0 -1 7.54979e-08 19 11 3 255
-0.017350713 7.097008e-08 0.94002724 0 -1 7.54979e-08 19 11 3 255
0.0026492677 7.097008e-08 0.94002724 0 -1 7.54979e-08 19 11 3 255
0.022649249 7.097008e-08 0.94002724 0 -1 7.54979e-08 19 11 3 255
0.042649228 7.097008e-08 0.94002724 0 -1 7.54979e-08 19 11 3 255
0.06264921 7.097008e-08 0.94002724 0 -1 7.54979e-08 19 11 3 255
0.08264931 7.097008e-08 0.94002724 0 -1 7.54979e-08 19 11 3 255
0.102649294 7.097008e-08 0.94002724 0 -1 7.54979e-08 19 11 3 255
0.122649275 7.097008e-08 0.94002724 0 -1 7.54979e-08 19 11 3 255
0.14264925 7.097008e-08 0.94002724 0 -1 7.54979e-08 19 11 3 255
0.16264923 7.097008e-08 0.94002724 0 -1 7.54979e-08 19 11 3 255
0.18264921 7.097008e-08 0.94002724 0 -1 7.54979e-08 19 11 3 255
0.20264919 7.097008e-08 0.94002724 0 -1 7.54979e-08 12 15 3 255
0.22264929 7.097008e-08 0.94002724 0 -1 7.54979e-08 7 19 3 255
0.24264927 7.097008e-08 0.94002724 0 -1 7.54979e-08 7 19 3 255
0.26264924 7.097008e-08 0.94002724 0 -1 7.54979e-08 7 19 3 255
0.28264922 7.097008e-08 0.94002724 0 -1 7.54979e-08 7 19 3 255
0.3026492 7.097008e-08 0.94002724 0 -1 7.54979e-08 7 19 3 255
0.32264918 7.097008e-08 0.94002724 0 -1 7.54979e-08 7 19 3 255
0.34264928 7.097008e-08 0.94002724 0 -1 7.54979e-08 17 12 3 255
0.36264926 7.097008e-08 0.94002724 0 -1 7.54979e-08 19 11 3 255
0.38264924 7.097008e-08 0.94002724 0 -1 7.54979e-08 19 11 3 255
0.40264922 7.097008e-08 0.94002724 0 -1 7.54979e-08 19 11 3 255
0.4226492 7.097008e-08 0.94002724 0 -1 7.54979e-08 19 11 3 255
0.4426492 7.097008e-08 0.94002724 0 -1 7.54979e-08 19 11 3 255
0.46264917 7.097008e-08 0.94002724 0 -1 7.54979e-08 26 18 7 255
0.48264927 7.097008e-08 0.94002724 0 -1 7.54979e-08 26 18 7 255
0.50264925 7.097008e-08 0.94002724 0 -1 7.54979e-08 19 11 3 255
0.5226492 7.097008e-08 0.94002724 0 -1 7.54979e-08 14 15 3 255
0.5426492 7.097008e-08 0.94002724 0 -1 7.54979e-08 8 19 3 255
0.5626492 7.097008e-08 0.94002724 0 -1 7.54979e-08 33 29 10 255
0.5826492 7.097008e-08 0.94002724 0 -1 7.54979e-08 70 50 23 255
0.6026493 7.097008e-08 0.94002724 0 -1 7.54979e-08 92 63 31 255
0.62264925 7.097008e-08 0.94002724 0 -1 7.54979e-08 102 66 35 255
0.64264923 7.097008e-08 0.94002724 0 -1 7.54979e-08 89 62 31 255
0.6626492 7.097008e-08 0.94002724 0 -1 7.54979e-08 67 50 24 255
0.6826492 7.097008e-08 0.94002724 0 -1 7.54979e-08 48 39 16 255
0.7026492 7.097008e-08 0.94002724 0 -1 7.54979e-08 40 32 12 255
0.7226493 7.097008e-08 0.94002724 0 -1 7.54979e-08 46 34 17 255
0.74264926 7.097008e-08 0.94002724 0 -1 7.54979e-08 0 0 0 255
-0.69735074 7.248004e-08 0.9600272 0 -1 7.54979e-08 0 0 0 255
-0.67735076 7.248004e-08 0.9600272 0 -1 7.54979e-08 30 25 9 255
-0.6573507 7.248004e-08 0.9600272 0 -1 7.54979e-08 40 32 12 255
-0.63735074 7.248004e-08 0.9600272 0 -1 7.54979e-08 39 31 11 255
-0.61735076 7.248004e-08 0.9600272 0 -1 7.54979e-08 42 33 13 255
-0.5973508 7.248004e-08 0.9600272 0 -1 7.54979e-08 74 51 25 255
-0.57735074 7.248004e-08 0.9600272 0 -1 7.54979e-08 108 70 37 255
-0.55735075 7.248004e-08 0.9600272 0 -1 7.54979e-08 125 80 44 255
-0.5373508 7.248004e-08 0.9600272 0 -1 7.54979e-08 129 82 47 255
-0.51735073 7.248004e-08 0.9600272 0 -1 7.54979e-08 138 90 51 255
-0.49735075 7.248004e-08 0.9600272 0 -1 7.54979e-08 151 96 55 255
-0.47735077 7.248004e-08 0.9600272 0 -1 7.54979e-08 157 102 58 255
-0.45735073 7.248004e-08 0.9600272 0 -1 7.54979e-08 162 104 61 255
-0.43735075 7.248004e-08 0.9600272 0 -1 7.54979e-08 165 106 62 255
-0.41735077 7.248004e-08 0.9600272 0 -1 7.54979e-08 172 109 66 255
-0.39735073 7.248004e-08 0.9600272 0 -1 7.54979e-08 171 109 65 255
-0.37735075 7.248004e-08 0.9600272 0 -1 7.54979e-08 165 106 62 255
-0.35735077 7.248004e-08 0.9600272 0 -1 7.54979e-08 160 103 60 255
-0.3373508 7.248004e-08 0.9600272 0 -1 7.54979e-08 162 104 61 255
-0.31735075 7.248004e-08 0.9600272 0 -1 7.54979e-08 164 105 62 255
-0.29735076 7.248004e-08 0.9600272 0 -1 7.54979e-08 155 100 57 255
-0.27735078 7.248004e-08 0.9600272 0 -1 7.54979e-08 127 81 46 255
-0.25735074 7.248004e-08 0.9600272 0 -1 7.54979e-08 121 78 43 255
-0.23735075 7.248004e-08 0.9600272 0 -1 7.54979e-08 110 71 38 255
-0.21735077 7.248004e-08 0.9600272 0 -1 7.54979e-08 77 54 26 255
-0.19735073 7.248004e-08 0.9600272 0 -1 7.54979e-08 36 36 34 255
-0.17735074 7.248004e-08 0.9600272 0 -1 7.54979e-08 34 34 34 255
-0.15735076 7.248004e-08 0.9600272 0 -1 7.54979e-08 31 31 31 255
-0.13735072 7.248004e-08 0.9600272 0 -1 7.54979e-08 31 31 31 255
-0.117350735 7.248004e-08 0.9600272 0 -1 7.54979e-08 28 23 15 255
-0.097350754 7.248004e-08 0.9600272 0 -1 7.54979e-08 27 19 7 255
-0.07735077 7.248004e-08 0.9600272 0 -1 7.54979e-08 19 11 3 255
-0.057350796 7.248004e-08 0.9600272 0 -1 7.54979e-08 19 11 3 255
-0.037350696 7.248004e-08 0.9600272 0 -1 7.54979e-08 19 11 3 255
-0.017350713 7.248004e-08 0.9600272 0 -1 7.54979e-08 19 11 3 255
0.0026492677 7.248004e-08 0.9600272 0 -1 7.54979e-08 19 11 3 255
0.022649249 7.248004e-08 0.9600272 0 -1 7.54979e-08 19 11 3 255
0.042649228 7.248004e-08 0.9600272 0 -1 7.54979e-08 19 11 3 255
0.06264921 7.248004e-08 0.9600272 0 -1 7.54979e-08 19 11 3 255
0.08264931 7.248004e-08 0.9600272 0 -1 7.54979e-08 19 11 3 255
0.102649294 7.248004e-08 0.9600272 0 -1 7.54979e-08 19 11 3 255
0.122649275 7.248004e-08 0.9600272 0 -1 7.54979e-08 19 11 3 255
0.14264925 7.248004e-08 0.9600272 0 -1 7.54979e-08 19 11 3 255
0.16264923 7.248004e-08 0.9600272 0 -1 7.54979e-08 19 12 4 255
0.18264921 7.248004e-08 0.9600272 0 -1 7.54979e-08 19 12 4 255
0.20264919 7.248004e-08 0.9600272 0 -1 7.54979e-08 19 12 4 255
0.22264929 7.248004e-08 0.9600272 0 -1 7.54979e-08 19 12 4 255
0.24264927 7.248004e-08 0.9600272 0 -1 7.54979e-08 19 11 4 255
0.26264924 7.248004e-08 0.9600272 0 -1 7.54979e-08 19 11 3 255
0.28264922 7.248004e-08 0.9600272 0 -1 7.54979e-08 19 11 3 255
0.3026492 7.248004e-08 0.9600272 0 -1 7.54979e-08 19 11 3 255
0.32264918 7.248004e-08 0.9600272 0 -1 7.54979e-08 19 11 3 255
0.34264928 7.248004e-08 0.9600272 0 -1 7.54979e-08 19 11 3 255
0.36264926 7.248004e-08 0.9600272 0 -1 7.54979e-08 19 11 3 255
0.38264924 7.248004e-08 0.9600272 0 -1 7.54979e-08 19 11 3 255
0.40264922 7.248004e-08 0.9600272 0 -1 7.54979e-08 19 11 3 255
0.4226492 7.248004e-08 0.9600272 0 -1 7.54979e-08 19 11 3 255
0.4426492 7.248004e-08 0.9600272 0 -1 7.54979e-08 19 11 3 255
0.46264917 7.248004e-08 0.9600272 0 -1 7.54979e-08 19 11 3 255
0.48264927 7.248004e-08 0.9600272 0 -1 7.54979e-08 25 18 7 255
0.50264925 7.248004e-08 0.9600272 0 -1 7.54979e-08 20 13 4 255
0.5226492 7.248004e-08 0.9600272 0 -1 7.54979e-08 27 19 7 255
0.5426492 7.248004e-08 0.9600272 0 -1 7.54979e-08 34 26 10 255
0.5626492 7.248004e-08 0.9600272 0 -1 7.54979e-08 55 41 18 255
0.5826492 7.248004e-08 0.9600272 0 -1 7.54979e-08 90 62 31 255
0.6026493 7.248004e-08 0.9600272 0 -1 7.54979e-08 105 68 36 255
0.62264925 7.248004e-08 0.9600272 0 -1 7.54979e-08 119 77 41 255
0.64264923 7.248004e-08 0.9600272 0 -1 7.54979e-08 95 66 32 255
0.6626492 7.248004e-08 0.9600272 0 -1 7.54979e-08 67 50 24 255
0.6826492 7.248004e-08 0.9600272 0 -1 7.54979e-08 41 33 13 255
0.7026492 7.248004e-08 0.9600272 0 -1 7.54979e-08 36 29 10 255
0.7226493 7.248004e-08 0.9600272 0 -1 7.54979e-08 0 0 0 255
0.74264926 7.248004e-08 0.9600272 0 -1 7.54979e-08 0 0 0 255
-0.67735076 7.3989995e-08 0.9800272 0 -1 7.54979e-08 30 25 9 255
-0.6573507 7.3989995e-08 0.9800272 0 -1 7.54979e-08 40 32 12 255
-0.63735074 7.3989995e-08 0.9800272 0 -1 7.54979e-08 39 31 11 255
-0.61735076 7.3989995e-08 0.9800272 0 -1 7.54979e-08 42 33 13 255
-0.5973508 7.3989995e-08 0.9800272 0 -1 7.54979e-08 70 50 23 255
-0.57735074 7.3989995e-08 0.9800272 0 -1 7.54979e-08 102 68 35 255
-0.55735075 7.3989995e-08 0.9800272 0 -1 7.54979e-08 119 77 41 255
-0.5373508 7.3989995e-08 0.9800272 0 -1 7.54979e-08 128 82 46 255
-0.51735073 7.3989995e-08 0.9800272 0 -1 7.54979e-08 138 90 51 255
-0.49735075 7.3989995e-08 0.9800272 0 -1 7.54979e-08 149 94 54 255
-0.47735077 7.3989995e-08 0.9800272 0 -1 7.54979e-08 152 97 56 255
-0.45735073 7.3989995e-08 0.9800272 0 -1 7.54979e-08 157 102 58 255
-0.43735075 7.3989995e-08 0.9800272 0 -1 7.54979e-08 163 105 61 255
-0.41735077 7.3989995e-08 0.9800272 0 -1 7.54979e-08 164 105 62 255
-0.39735073 7.3989995e-08 0.9800272 0 -1 7.54979e-08 164 105 62 255
-0.37735075 7.3989995e-08 0.9800272 0 -1 7.54979e-08 162 104 61 255
-0.35735077 7.3989995e-08 0.9800272 0 -1 7.54979e-08 157 101 58 255
-0.3373508 7.3989995e-08 0.9800272 0 -1 7.54979e-08 151 96 55 255
-0.31735075 7.3989995e-08 0.9800272 0 -1 7.54979e-08 148 93 54 255
-0.29735076 7.3989995e-08 0.9800272 0 -1 7.54979e-08 137 89 50 255
-0.27735078 7.3989995e-08 0.9800272 0 -1 7.54979e-08 127 81 46 255
-0.25735074 7.3989995e-08 0.9800272 0 -1 7.54979e-08 122 78 43 255
-0.23735075 7.3989995e-08 0.9800272 0 -1 7.54979e-08 116 75 40 255
-0.21735077 7.3989995e-08 0.9800272 0 -1 7.54979e-08 80 56 26 255
-0.19735073 7.3989995e-08 0.9800272 0 -1 7.54979e-08 44 43 41 255
-0.17735074 7.3989995e-08 0.9800272 0 -1 7.54979e-08 35 35 35 255
-0.15735076 7.3989995e-08 0.9800272 0 -1 7.54979e-08 33 33 33 255
-0.13735072 7.3989995e-08 0.9800272 0 -1 7.54979e-08 31 31 31 255
-0.117350735 7.3989995e-08 0.9800272 0 -1 7.54979e-08 31 31 31 255
-0.097350754 7.3989995e-08 0.9800272 0 -1 7.54979e-08 28 21 11 255
-0.07735077 7.3989995e-08 0.9800272 0 -1 7.54979e-08 27 19 8 255
-0.057350796 7.3989995e-08 0.9800272 0 -1 7.54979e-08 25 17 6 255
-0.037350696 7.3989995e-08 0.9800272 0 -1 7.54979e-08 19 11 3 255
-0.017350713 7.3989995e-08 0.9800272 0 -1 7.54979e-08 19 11 3 255
0.0026492677 7.3989995e-08 0.9800272 0 -1 7.54979e-08 25 17 6 255
0.022649249 7.3989995e-08 0.9800272 0 -1 7.54979e-08 20 12 4 255
0.042649228 7.3989995e-08 0.9800272 0 -1 7.54979e-08 19 11 4 255
0.06264921 7.3989995e-08 0.9800272 0 -1 7.54979e-08 19 11 4 255
0.08264931 7.3989995e-08 0.9800272 0 -1 7.54979e-08 19 11 3 255
0.102649294 7.3989995e-08 0.9800272 0 -1 7.54979e-08 23 16 6 255
0.122649275 7.3989995e-08 0.9800272 0 -1 7.54979e-08 26 19 7 255
0.14264925 7.3989995e-08 0.9800272 0 -1 7.54979e-08 27 19 8 255
0.16264923 7.3989995e-08 0.9800272 0 -1 7.54979e-08 30 30 30 255
0.18264921 7.3989995e-08 0.9800272 0 -1 7.54979e-08 30 30 30 255
0.20264919 7.3989995e-08 0.9800272 0 -1 7.54979e-08 30 30 30 255
0.22264929 7.3989995e-08 0.9800272 0 -1 7.54979e-08 30 30 30 255
0.24264927 7.3989995e-08 0.9800272 0 -1 7.54979e-08 26 19 9 255
0.26264924 7.3989995e-08 0.9800272 0 -1 7.54979e-08 26 18 7 255
0.28264922 7.3989995e-08 0.9800272 0 -1 7.54979e-08 24 16 6 255
0.3026492 7.3989995e-08 0.9800272 0 -1 7.54979e-08 19 11 3 255
0.32264918 7.3989995e-08 0.9800272 0 -1 7.54979e-08 19 12 4 255
0.34264928 7.3989995e-08 0.9800272 0 -1 7.54979e-08 19 11 4 255
0.36264926 7.3989995e-08 0.9800272 0 -1 7.54979e-08 19 11 3 255
0.38264924 7.3989995e-08 0.9800272 0 -1 7.54979e-08 19 11 3 255
0.40264922 7.3989995e-08 0.9800272 0 -1 7.54979e-08 19 11 3 255
0.4226492 7.3989995e-08 0.9800272 0 -1 7.54979e-08 29 21 7 255
0.4426492 7.3989995e-08 0.9800272 0 -1 7.54979e-08 30 22 8 255
0.46264917 7.3989995e-08 0.9800272 0 -1 7.54979e-08 9 19 4 255
0.48264927 7.3989995e-08 0.9800272 0 -1 7.54979e-08 0 0 0 255
0.50264925 7.3989995e-08 0.9800272 0 -1 7.54979e-08 0 0 0 255
0.5226492 7.3989995e-08 0.9800272 0 -1 7.54979e-08 17 13 5 255
0.5426492 7.3989995e-08 0.9800272 0 -1 7.54979e-08 39 31 11 255
0.5626492 7.3989995e-08 0.9800272 0 -1 7.54979e-08 80 56 27 255
0.5826492 7.3989995e-08 0.9800272 0 -1 7.54979e-08 102 67 35 255
0.6026493 7.3989995e-08 0.9800272 0 -1 7.54979e-08 122 79 43 255
0.62264925 7.3989995e-08 0.9800272 0 -1 7.54979e-08 119 77 41 255
0.64264923 7.3989995e-08 0.9800272 0 -1 7.54979e-08 95 66 33 255
0.6626492 7.3989995e-08 0.9800272 0 -1 7.54979e-08 67 50 24 255
0.6826492 7.3989995e-08 0.9800272 0 -1 7.54979e-08 41 33 13 255
0.7026492 7.3989995e-08 0.9800272 0 -1 7.54979e-08 36 29 10 255
0.7226493 7.3989995e-08 0.9800272 0 -1 7.54979e-08 0 0 0 255
-0.67735076 7.549996e-08 1.0000273 0 -1 7.54979e-08 28 23 9 255
-0.6573507 7.549996e-08 1.0000273 0 -1 7.54979e-08 46 38 15 255
-0.63735074 7.549996e-08 1.0000273 0 -1 7.54979e-08 39 31 11 255
-0.61735076 7.549996e-08 1.0000273 0 -1 7.54979e-08 43 33 13 255
-0.5973508 7.549996e-08 1.0000273 0 -1 7.54979e-08 65 48 22 255
-0.57735074 7.549996e-08 1.0000273 0 -1 7.54979e-08 90 62 31 255
-0.55735075 7.549996e-08 1.0000273 0 -1 7.54979e-08 116 75 40 255
-0.5373508 7.549996e-08 1.0000273 0 -1 7.54979e-08 128 82 46 255
-0.51735073 7.549996e-08 1.0000273 0 -1 7.54979e-08 138 90 51 255
-0.49735075 7.549996e-08 1.0000273 0 -1 7.54979e-08 148 94 54 255
-0.47735077 7.549996e-08 1.0000273 0 -1 7.54979e-08 149 94 54 255
-0.45735073 7.549996e-08 1.0000273 0 -1 7.54979e-08 154 98 57 255
-0.43735075 7.549996e-08 1.0000273 0 -1 7.54979e-08 156 101 58 255
-0.41735077 7.549996e-08 1.0000273 0 -1 7.54979e-08 156 101 58 255
-0.39735073 7.549996e-08 1.0000273 0 -1 7.54979e-08 156 101 58 255
-0.37735075 7.549996e-08 1.0000273 0 -1 7.54979e-08 156 101 58 255
-0.35735077 7.549996e-08 1.0000273 0 -1 7.54979e-08 152 97 56 255
-0.3373508 7.549996e-08 1.0000273 0 -1 7.54979e-08 141 91 52 255
-0.31735075 7.549996e-08 1.0000273 0 -1 7.54979e-08 130 83 47 255
-0.29735076 7.549996e-08 1.0000273 0 -1 7.54979e-08 136 89 50 255
-0.27735078 7.549996e-08 1.0000273 0 -1 7.54979e-08 129 82 47 255
-0.25735074 7.549996e-08 1.0000273 0 -1 7.54979e-08 126 80 45 255
-0.23735075 7.549996e-08 1.0000273 0 -1 7.54979e-08 110 71 38 255
-0.21735077 7.549996e-08 1.0000273 0 -1 7.54979e-08 77 54 25 255
-0.19735073 7.549996e-08 1.0000273 0 -1 7.54979e-08 63 47 23 255
-0.17735074 7.549996e-08 1.0000273 0 -1 7.54979e-08 35 35 35 255
-0.15735076 7.549996e-08 1.0000273 0 -1 7.54979e-08 35 35 35 255
-0.13735072 7.549996e-08 1.0000273 0 -1 7.54979e-08 33 33 33 255
-0.117350735 7.549996e-08 1.0000273 0 -1 7.54979e-08 31 31 31 255
-0.097350754 7.549996e-08 1.0000273 0 -1 7.54979e-08 31 30 30 255
-0.07735077 7.549996e-08 1.0000273 0 -1 7.54979e-08 29 29 28 255
-0.057350796 7.549996e-08 1.0000273 0 -1 7.54979e-08 26 18 7 255
-0.037350696 7.549996e-08 1.0000273 0 -1 7.54979e-08 19 19 6 255
-0.017350713 7.549996e-08 1.0000273 0 -1 7.54979e-08 14 14 3 255
0.0026492677 7.549996e-08 1.0000273 0 -1 7.54979e-08 25 17 6 255
0.022649249 7.549996e-08 1.0000273 0 -1 7.54979e-08 26 19 7 255
0.042649228 7.549996e-08 1.0000273 0 -1 7.54979e-08 27 19 7 255
0.06264921 7.549996e-08 1.0000273 0 -1 7.54979e-08 27 19 7 255
0.08264931 7.549996e-08 1.0000273 0 -1 7.54979e-08 13 9 3 255
0.102649294 7.549996e-08 1.0000273 0 -1 7.54979e-08 4 12 2 255
0.122649275 7.549996e-08 1.0000273 0 -1 7.54979e-08 16 12 3 255
0.14264925 7.549996e-08 1.0000273 0 -1 7.54979e-08 18 11 3 255
0.16264923 7.549996e-08 1.0000273 0 -1 7.54979e-08 18 11 3 255
0.18264921 7.549996e-08 1.0000273 0 -1 7.54979e-08 19 11 3 255
0.20264919 7.549996e-08 1.0000273 0 -1 7.54979e-08 19 11 3 255
0.22264929 7.549996e-08 1.0000273 0 -1 7.54979e-08 4 3 0 255
0.24264927 7.549996e-08 1.0000273 0 -1 7.54979e-08 0 0 0 255
0.26264924 7.549996e-08 1.0000273 0 -1 7.54979e-08 0 0 0 255
0.28264922 7.549996e-08 1.0000273 0 -1 7.54979e-08 5 3 1 255
0.3026492 7.549996e-08 1.0000273 0 -1 7.54979e-08 22 15 6 255
0.32264918 7.549996e-08 1.0000273 0 -1 7.54979e-08 30 27 23 255
0.34264928 7.549996e-08 1.0000273 0 -1 7.54979e-08 22 15 9 255
0.36264926 7.549996e-08 1.0000273 0 -1 7.54979e-08 19 11 3 255
0.38264924 7.549996e-08 1.0000273 0 -1 7.54979e-08 19 11 3 255
0.40264922 7.549996e-08 1.0000273 0 -1 7.54979e-08 18 11 3 255
0.4226492 7.549996e-08 1.0000273 0 -1 7.54979e-08 18 11 3 255
0.4426492 7.549996e-08 1.0000273 0 -1 7.54979e-08 18 11 3 255
0.46264917 7.549996e-08 1.0000273 0 -1 7.54979e-08 8 18 3 255
0.48264927 7.549996e-08 1.0000273 0 -1 7.54979e-08 1 1 0 255
0.50264925 7.549996e-08 1.0000273 0 -1 7.54979e-08 1 1 0 255
0.5226492 7.549996e-08 1.0000273 0 -1 7.54979e-08 17 13 5 255
0.5426492 7.549996e-08 1.0000273 0 -1 7.54979e-08 51 38 16 255
0.5626492 7.549996e-08 1.0000273 0 -1 7.54979e-08 85 59 29 255
0.5826492 7.549996e-08 1.0000273 0 -1 7.54979e-08 123 79 43 255
0.6026493 7.549996e-08 1.0000273 0 -1 7.54979e-08 145 92 53 255
0.62264925 7.549996e-08 1.0000273 0 -1 7.54979e-08 120 77 42 255
0.64264923 7.549996e-08 1.0000273 0 -1 7.54979e-08 101 68 35 255
0.6626492 7.549996e-08 1.0000273 0 -1 7.54979e-08 71 51 25 255
0.6826492 7.549996e-08 1.0000273 0 -1 7.54979e-08 42 33 13 255
0.7026492 7.549996e-08 1.0000273 0 -1 7.54979e-08 34 27 10 255
0.7226493 7.549996e-08 1.0000273 0 -1 7.54979e-08 0 0 0 255
-0.67735076 7.700992e-08 1.0200273 0 -1 7.54979e-08 0 0 0 255
-0.6573507 7.700992e-08 1.0200273 0 -1 7.54979e-08 38 32 12 255
-0.63735074 7.700992e-08 1.0200273 0 -1 7.54979e-08 47 39 15 255
-0.61735076 7.700992e-08 1.0200273 0 -1 7.54979e-08 49 40 16 255
-0.5973508 7.700992e-08 1.0200273 0 -1 7.54979e-08 63 46 21 255
-0.57735074 7.700992e-08 1.0200273 0 -1 7.54979e-08 81 57 27 255
-0.55735075 7.700992e-08 1.0200273 0 -1 7.54979e-08 112 73 39 255
-0.5373508 7.700992e-08 1.0200273 0 -1 7.54979e-08 128 82 46 255
-0.51735073 7.700992e-08 1.0200273 0 -1 7.54979e-08 137 89 50 255
-0.49735075 7.700992e-08 1.0200273 0 -1 7.54979e-08 140 91 51 255
-0.47735077 7.700992e-08 1.0200273 0 -1 7.54979e-08 148 94 54 255
-0.45735073 7.700992e-08 1.0200273 0 -1 7.54979e-08 149 94 54 255
-0.43735075 7.700992e-08 1.0200273 0 -1 7.54979e-08 149 94 54 255
-0.41735077 7.700992e-08 1.0200273 0 -1 7.54979e-08 149 94 54 255
-0.39735073 7.700992e-08 1.0200273 0 -1 7.54979e-08 149 94 54 255
-0.37735075 7.700992e-08 1.0200273 0 -1 7.54979e-08 149 94 54 255
-0.35735077 7.700992e-08 1.0200273 0 -1 7.54979e-08 149 94 54 255
-0.3373508 7.700992e-08 1.0200273 0 -1 7.54979e-08 141 91 52 255
-0.31735075 7.700992e-08 1.0200273 0 -1 7.54979e-08 130 83 47 255
-0.29735076 7.700992e-08 1.0200273 0 -1 7.54979e-08 130 83 47 255
-0.27735078 7.700992e-08 1.0200273 0 -1 7.54979e-08 133 87 48 255
-0.25735074 7.700992e-08 1.0200273 0 -1 7.54979e-08 121 78 43 255
-0.23735075 7.700992e-08 1.0200273 0 -1 7.54979e-08 109 71 38 255
-0.21735077 7.700992e-08 1.0200273 0 -1 7.54979e-08 76 53 25 255
-0.19735073 7.700992e-08 1.0200273 0 -1 7.54979e-08 61 46 22 255
-0.17735074 7.700992e-08 1.0200273 0 -1 7.54979e-08 43 42 41 255
-0.15735076 7.700992e-08 1.0200273 0 -1 7.54979e-08 35 35 35 255
-0.13735072 7.700992e-08 1.0200273 0 -1 7.54979e-08 35 35 35 255
-0.117350735 7.700992e-08 1.0200273 0 -1 7.54979e-08 35 35 35 255
-0.097350754 7.700992e-08 1.0200273 0 -1 7.54979e-08 27 20 11 255
-0.07735077 7.700992e-08 1.0200273 0 -1 7.54979e-08 0 0 0 255
-0.057350796 7.700992e-08 1.0200273 0 -1 7.54979e-08 2 4 1 255
-0.037350696 7.700992e-08 1.0200273 0 -1 7.54979e-08 13 17 5 255
-0.017350713 7.700992e-08 1.0200273 0 -1 7.54979e-08 12 15 4 255
0.0026492677 7.700992e-08 1.0200273 0 -1 7.54979e-08 15 12 3 255
0.022649249 7.700992e-08 1.0200273 0 -1 7.54979e-08 18 10 3 255
0.042649228 7.700992e-08 1.0200273 0 -1 7.54979e-08 26 19 7 255
0.06264921 7.700992e-08 1.0200273 0 -1 7.54979e-08 23 17 6 255
0.08264931 7.700992e-08 1.0200273 0 -1 7.54979e-08 9 6 1 255
0.102649294 7.700992e-08 1.0200273 0 -1 7.54979e-08 0 0 0 255
0.122649275 7.700992e-08 1.0200273 0 -1 7.54979e-08 0 0 0 255
0.14264925 7.700992e-08 1.0200273 0 -1 7.54979e-08 0 0 0 255
0.16264923 7.700992e-08 1.0200273 0 -1 7.54979e-08 4 3 0 255
0.18264921 7.700992e-08 1.0200273 0 -1 7.54979e-08 18 11 3 255
0.20264919 7.700992e-08 1.0200273 0 -1 7.54979e-08 12 15 3 255
0.22264929 7.700992e-08 1.0200273 0 -1 7.54979e-08 1 4 0 255
0.24264927 7.700992e-08 1.0200273 0 -1 7.54979e-08 0 0 0 255
0.26264924 7.700992e-08 1.0200273 0 -1 7.54979e-08 0 0 0 255
0.28264922 7.700992e-08 1.0200273 0 -1 7.54979e-08 2 5 1 255
0.3026492 7.700992e-08 1.0200273 0 -1 7.54979e-08 18 24 16 255
0.32264918 7.700992e-08 1.0200273 0 -1 7.54979e-08 33 33 33 255
0.34264928 7.700992e-08 1.0200273 0 -1 7.54979e-08 32 32 32 255
0.36264926 7.700992e-08 1.0200273 0 -1 7.54979e-08 18 12 3 255
0.38264924 7.700992e-08 1.0200273 0 -1 7.54979e-08 16 12 3 255
0.40264922 7.700992e-08 1.0200273 0 -1 7.54979e-08 4 11 2 255
0.4226492 7.700992e-08 1.0200273 0 -1 7.54979e-08 0 0 0 255
0.4426492 7.700992e-08 1.0200273 0 -1 7.54979e-08 0 0 0 255
0.46264917 7.700992e-08 1.0200273 0 -1 7.54979e-08 6 16 3 255
0.48264927 7.700992e-08 1.0200273 0 -1 7.54979e-08 39 31 11 255
0.50264925 7.700992e-08 1.0200273 0 -1 7.54979e-08 30 24 9 255
0.5226492 7.700992e-08 1.0200273 0 -1 7.54979e-08 19 15 5 255
0.5426492 7.700992e-08 1.0200273 0 -1 7.54979e-08 56 42 19 255
0.5626492 7.700992e-08 1.0200273 0 -1 7.54979e-08 112 73 40 255
0.5826492 7.700992e-08 1.0200273 0 -1 7.54979e-08 164 105 62 255
0.6026493 7.700992e-08 1.0200273 0 -1 7.54979e-08 162 104 61 255
0.62264925 7.700992e-08 1.0200273 0 -1 7.54979e-08 137 87 49 255
0.64264923 7.700992e-08 1.0200273 0 -1 7.54979e-08 102 68 35 255
0.6626492 7.700992e-08 1.0200273 0 -1 7.54979e-08 77 55 26 255
0.6826492 7.700992e-08 1.0200273 0 -1 7.54979e-08 43 33 13 255
0.7026492 7.700992e-08 1.0200273 0 -1 7.54979e-08 0 0 0 255
0.7226493 7.700992e-08 1.0200273 0 -1 7.54979e-08 0 0 0 255
-0.67735076 7.8519875e-08 1.0400273 0 -1 7.54979e-08 0 0 0 255
-0.6573507 7.8519875e-08 1.0400273 0 -1 7.54979e-08 38 32 12 255
-0.63735074 7.8519875e-08 1.0400273 0 -1 7.54979e-08 58 43 19 255
-0.61735076 7.8519875e-08 1.0400273 0 -1 7.54979e-08 61 45 20 255
-0.5973508 7.8519875e-08 1.0400273 0 -1 7.54979e-08 71 51 23 255
-0.57735074 7.8519875e-08 1.0400273 0 -1 7.54979e-08 81 57 27 255
-0.55735075 7.8519875e-08 1.0400273 0 -1 7.54979e-08 106 70 36 255
-0.5373508 7.8519875e-08 1.0400273 0 -1 7.54979e-08 127 81 45 255
-0.51735073 7.8519875e-08 1.0400273 0 -1 7.54979e-08 130 83 47 255
-0.49735075 7.8519875e-08 1.0400273 0 -1 7.54979e-08 137 89 50 255
-0.47735077 7.8519875e-08 1.0400273 0 -1 7.54979e-08 142 91 52 255
-0.45735073 7.8519875e-08 1.0400273 0 -1 7.54979e-08 149 94 54 255
-0.43735075 7.8519875e-08 1.0400273 0 -1 7.54979e-08 149 94 54 255
-0.41735077 7.8519875e-08 1.0400273 0 -1 7.54979e-08 149 94 54 255
-0.39735073 7.8519875e-08 1.0400273 0 -1 7.54979e-08 149 94 54 255
-0.37735075 7.8519875e-08 1.0400273 0 -1 7.54979e-08 149 94 54 255
-0.35735077 7.8519875e-08 1.0400273 0 -1 7.54979e-08 148 93 54 255
-0.3373508 7.8519875e-08 1.0400273 0 -1 7.54979e-08 140 91 51 255
-0.31735075 7.8519875e-08 1.0400273 0 -1 7.54979e-08 130 83 47 255
-0.29735076 7.8519875e-08 1.0400273 0 -1 7.54979e-08 136 89 50 255
-0.27735078 7.8519875e-08 1.0400273 0 -1 7.54979e-08 127 81 45 255
-0.25735074 7.8519875e-08 1.0400273 0 -1 7.54979e-08 121 78 42 255
-0.23735075 7.8519875e-08 1.0400273 0 -1 7.54979e-08 102 68 35 255
-0.21735077 7.8519875e-08 1.0400273 0 -1 7.54979e-08 65 47 22 255
-0.19735073 7.8519875e-08 1.0400273 0 -1 7.54979e-08 39 30 11 255
-0.17735074 7.8519875e-08 1.0400273 0 -1 7.54979e-08 60 47 27 255
-0.15735076 7.8519875e-08 1.0400273 0 -1 7.54979e-08 48 48 47 255
-0.13735072 7.8519875e-08 1.0400273 0 -1 7.54979e-08 40 39 38 255
-0.117350735 7.8519875e-08 1.0400273 0 -1 7.54979e-08 35 35 34 255
-0.097350754 7.8519875e-08 1.0400273 0 -1 7.54979e-08 4 4 4 255
-0.07735077 7.8519875e-08 1.0400273 0 -1 7.54979e-08 0 1 0 255
-0.057350796 7.8519875e-08 1.0400273 0 -1 7.54979e-08 16 16 16 255
-0.037350696 7.8519875e-08 1.0400273 0 -1 7.54979e-08 44 44 44 255
-0.017350713 7.8519875e-08 1.0400273 0 -1 7.54979e-08 23 23 23 255
0.0026492677 7.8519875e-08 1.0400273 0 -1 7.54979e-08 5 4 3 255
0.022649249 7.8519875e-08 1.0400273 0 -1 7.54979e-08 0 0 0 255
0.042649228 7.8519875e-08 1.0400273 0 -1 7.54979e-08 7 18 3 255
0.06264921 7.8519875e-08 1.0400273 0 -1 7.54979e-08 7 18 3 255
0.08264931 7.8519875e-08 1.0400273 0 -1 7.54979e-08 3 9 1 255
0.102649294 7.8519875e-08 1.0400273 0 -1 7.54979e-08 0 0 0 255
0.122649275 7.8519875e-08 1.0400273 0 -1 7.54979e-08 0 0 0 255
0.14264925 7.8519875e-08 1.0400273 0 -1 7.54979e-08 0 0 0 255
0.16264923 7.8519875e-08 1.0400273 0 -1 7.54979e-08 7 18 3 255
0.18264921 7.8519875e-08 1.0400273 0 -1 7.54979e-08 4 11 2 255
0.20264919 7.8519875e-08 1.0400273 0 -1 7.54979e-08 0 0 0 255
0.22264929 7.8519875e-08 1.0400273 0 -1 7.54979e-08 0 0 0 255
0.24264927 7.8519875e-08 1.0400273 0 -1 7.54979e-08 0 0 0 255
0.26264924 7.8519875e-08 1.0400273 0 -1 7.54979e-08 0 0 0 255
0.28264922 7.8519875e-08 1.0400273 0 -1 7.54979e-08 0 0 0 255
0.3026492 7.8519875e-08 1.0400273 0 -1 7.54979e-08 14 14 13 255
0.32264918 7.8519875e-08 1.0400273 0 -1 7.54979e-08 35 35 35 255
0.34264928 7.8519875e-08 1.0400273 0 -1 7.54979e-08 35 35 35 255
0.36264926 7.8519875e-08 1.0400273 0 -1 7.54979e-08 7 19 3 255
0.38264924 7.8519875e-08 1.0400273 0 -1 7.54979e-08 0 0 0 255
0.40264922 7.8519875e-08 1.0400273 0 -1 7.54979e-08 0 0 0 255
0.4226492 7.8519875e-08 1.0400273 0 -1 7.54979e-08 0 0 0 255
0.4426492 7.8519875e-08 1.0400273 0 -1 7.54979e-08 0 0 0 255
0.46264917 7.8519875e-08 1.0400273 0 -1 7.54979e-08 0 0 0 255
0.48264927 7.8519875e-08 1.0400273 0 -1 7.54979e-08 41 32 12 255
0.50264925 7.8519875e-08 1.0400273 0 -1 7.54979e-08 57 43 20 255
0.5226492 7.8519875e-08 1.0400273 0 -1 7.54979e-08 52 39 17 255
0.5426492 7.8519875e-08 1.0400273 0 -1 7.54979e-08 95 64 33 255
0.5626492 7.8519875e-08 1.0400273 0 -1 7.54979e-08 154 99 57 255
0.5826492 7.8519875e-08 1.0400273 0 -1 7.54979e-08 165 106 62 255
0.6026493 7.8519875e-08 1.0400273 0 -1 7.54979e-08 161 103 60 255
0.62264925 7.8519875e-08 1.0400273 0 -1 7.54979e-08 135 86 48 255
0.64264923 7.8519875e-08 1.0400273 0 -1 7.54979e-08 107 70 36 255
0.6626492 7.8519875e-08 1.0400273 0 -1 7.54979e-08 93 63 32 255
0.6826492 7.8519875e-08 1.0400273 0 -1 7.54979e-08 42 33 13 255
0.7026492 7.8519875e-08 1.0400273 0 -1 7.54979e-08 0 0 0 255
0.7226493 7.8519875e-08 1.0400273 0 -1 7.54979e-08 0 0 0 255
-0.6573507 8.0029835e-08 1.0600272 0 -1 7.54979e-08 35 29 11 255
-0.63735074 8.0029835e-08 1.0600272 0 -1 7.54979e-08 58 43 19 255
-0.61735076 8.0029835e-08 1.0600272 0 -1 7.54979e-08 72 52 24 255
-0.5973508 8.0029835e-08 1.0600272 0 -1 7.54979e-08 78 58 27 255
-0.57735074 8.0029835e-08 1.0600272 0 -1 7.54979e-08 78 58 27 255
-0.55735075 8.0029835e-08 1.0600272 0 -1 7.54979e-08 94 64 32 255
-0.5373508 8.0029835e-08 1.0600272 0 -1 7.54979e-08 111 73 38 255
-0.51735073 8.0029835e-08 1.0600272 0 -1 7.54979e-08 128 81 46 255
-0.49735075 8.0029835e-08 1.0600272 0 -1 7.54979e-08 131 84 47 255
-0.47735077 8.0029835e-08 1.0600272 0 -1 7.54979e-08 136 89 50 255
-0.45735073 8.0029835e-08 1.0600272 0 -1 7.54979e-08 144 92 53 255
-0.43735075 8.0029835e-08 1.0600272 0 -1 7.54979e-08 148 93 54 255
-0.41735077 8.0029835e-08 1.0600272 0 -1 7.54979e-08 148 93 54 255
-0.39735073 8.0029835e-08 1.0600272 0 -1 7.54979e-08 148 93 54 255
-0.37735075 8.0029835e-08 1.0600272 0 -1 7.54979e-08 144 92 53 255
-0.35735077 8.0029835e-08 1.0600272 0 -1 7.54979e-08 137 90 50 255
-0.3373508 8.0029835e-08 1.0600272 0 -1 7.54979e-08 132 85 48 255
-0.31735075 8.0029835e-08 1.0600272 0 -1 7.54979e-08 129 82 47 255
-0.29735076 8.0029835e-08 1.0600272 0 -1 7.54979e-08 129 82 46 255
-0.27735078 8.0029835e-08 1.0600272 0 -1 7.54979e-08 121 78 42 255
-0.25735074 8.0029835e-08 1.0600272 0 -1 7.54979e-08 112 72 39 255
-0.23735075 8.0029835e-08 1.0600272 0 -1 7.54979e-08 94 64 32 255
-0.21735077 8.0029835e-08 1.0600272 0 -1 7.54979e-08 65 47 22 255
-0.19735073 8.0029835e-08 1.0600272 0 -1 7.54979e-08 27 19 7 255
-0.17735074 8.0029835e-08 1.0600272 0 -1 7.54979e-08 56 43 23 255
-0.15735076 8.0029835e-08 1.0600272 0 -1 7.54979e-08 55 50 41 255
-0.13735072 8.0029835e-08 1.0600272 0 -1 7.54979e-08 52 45 34 255
-0.117350735 8.0029835e-08 1.0600272 0 -1 7.54979e-08 39 33 21 255
-0.097350754 8.0029835e-08 1.0600272 0 -1 7.54979e-08 5 5 1 255
-0.07735077 8.0029835e-08 1.0600272 0 -1 7.54979e-08 15 26 12 255
-0.057350796 8.0029835e-08 1.0600272 0 -1 7.54979e-08 145 145 144 255
-0.037350696 8.0029835e-08 1.0600272 0 -1 7.54979e-08 197 194 193 255
-0.017350713 8.0029835e-08 1.0600272 0 -1 7.54979e-08 165 163 162 255
0.0026492677 8.0029835e-08 1.0600272 0 -1 7.54979e-08 85 74 57 255
0.022649249 8.0029835e-08 1.0600272 0 -1 7.54979e-08 11 10 9 255
0.042649228 8.0029835e-08 1.0600272 0 -1 7.54979e-08 6 6 6 255
0.06264921 8.0029835e-08 1.0600272 0 -1 7.54979e-08 4 4 4 255
0.08264931 8.0029835e-08 1.0600272 0 -1 7.54979e-08 3 3 3 255
0.102649294 8.0029835e-08 1.0600272 0 -1 7.54979e-08 3 3 3 255
0.122649275 8.0029835e-08 1.0600272 0 -1 7.54979e-08 5 5 5 255
0.14264925 8.0029835e-08 1.0600272 0 -1 7.54979e-08 5 5 5 255
0.16264923 8.0029835e-08 1.0600272 0 -1 7.54979e-08 1 1 1 255
0.18264921 8.0029835e-08 1.0600272 0 -1 7.54979e-08 0 0 0 255
0.20264919 8.0029835e-08 1.0600272 0 -1 7.54979e-08 0 0 0 255
0.22264929 8.0029835e-08 1.0600272 0 -1 7.54979e-08 2 2 2 255
0.24264927 8.0029835e-08 1.0600272 0 -1 7.54979e-08 3 3 3 255
0.26264924 8.0029835e-08 1.0600272 0 -1 7.54979e-08 3 3 3 255
0.28264922 8.0029835e-08 1.0600272 0 -1 7.54979e-08 6 6 6 255
0.3026492 8.0029835e-08 1.0600272 0 -1 7.54979e-08 29 26 18 255
0.32264918 8.0029835e-08 1.0600272 0 -1 7.54979e-08 75 72 66 255
0.34264928 8.0029835e-08 1.0600272 0 -1 7.54979e-08 53 53 53 255
0.36264926 8.0029835e-08 1.0600272 0 -1 7.54979e-08 20 31 17 255
0.38264924 8.0029835e-08 1.0600272 0 -1 7.54979e-08 10 10 10 255
0.40264922 8.0029835e-08 1.0600272 0 -1 7.54979e-08 10 10 10 255
0.4226492 8.0029835e-08 1.0600272 0 -1 7.54979e-08 10 10 10 255
0.4426492 8.0029835e-08 1.0600272 0 -1 7.54979e-08 5 5 5 255
0.46264917 8.0029835e-08 1.0600272 0 -1 7.54979e-08 0 1 0 255
0.48264927 8.0029835e-08 1.0600272 0 -1 7.54979e-08 40 31 12 255
0.50264925 8.0029835e-08 1.0600272 0 -1 7.54979e-08 70 51 25 255
0.5226492 8.0029835e-08 1.0600272 0 -1 7.54979e-08 91 63 31 255
0.5426492 8.0029835e-08 1.0600272 0 -1 7.54979e-08 116 76 41 255
0.5626492 8.0029835e-08 1.0600272 0 -1 7.54979e-08 145 92 53 255
0.5826492 8.0029835e-08 1.0600272 0 -1 7.54979e-08 163 104 62 255
0.6026493 8.0029835e-08 1.0600272 0 -1 7.54979e-08 142 90 52 255
0.62264925 8.0029835e-08 1.0600272 0 -1 7.54979e-08 114 73 39 255
0.64264923 8.0029835e-08 1.0600272 0 -1 7.54979e-08 102 66 35 255
0.6626492 8.0029835e-08 1.0600272 0 -1 7.54979e-08 93 63 32 255
0.6826492 8.0029835e-08 1.0600272 0 -1 7.54979e-08 10 7 3 255
0.7026492 8.0029835e-08 1.0600272 0 -1 7.54979e-08 0 0 0 255
0.7226493 8.0029835e-08 1.0600272 0 -1 7.54979e-08 0 0 0 255
-0.6573507 8.153979e-08 1.0800272 0 -1 7.54979e-08 0 0 0 255
-0.63735074 8.153979e-08 1.0800272 0 -1 7.54979e-08 58 43 19 255
-0.61735076 8.153979e-08 1.0800272 0 -1 7.54979e-08 71 51 23 255
-0.5973508 8.153979e-08 1.0800272 0 -1 7.54979e-08 84 60 29 255
-0.57735074 8.153979e-08 1.0800272 0 -1 7.54979e-08 84 61 29 255
-0.55735075 8.153979e-08 1.0800272 0 -1 7.54979e-08 79 59 27 255
-0.5373508 8.153979e-08 1.0800272 0 -1 7.54979e-08 98 65 34 255
-0.51735073 8.153979e-08 1.0800272 0 -1 7.54979e-08 114 74 39 255
-0.49735075 8.153979e-08 1.0800272 0 -1 7.54979e-08 128 81 46 255
-0.47735077 8.153979e-08 1.0800272 0 -1 7.54979e-08 129 82 46 255
-0.45735073 8.153979e-08 1.0800272 0 -1 7.54979e-08 134 86 49 255
-0.43735075 8.153979e-08 1.0800272 0 -1 7.54979e-08 136 89 50 255
-0.41735077 8.153979e-08 1.0800272 0 -1 7.54979e-08 136 89 50 255
-0.39735073 8.153979e-08 1.0800272 0 -1 7.54979e-08 136 89 50 255
-0.37735075 8.153979e-08 1.0800272 0 -1 7.54979e-08 136 89 50 255
-0.35735077 8.153979e-08 1.0800272 0 -1 7.54979e-08 133 85 48 255
-0.3373508 8.153979e-08 1.0800272 0 -1 7.54979e-08 134 87 49 255
-0.31735075 8.153979e-08 1.0800272 0 -1 7.54979e-08 129 82 47 255
-0.29735076 8.153979e-08 1.0800272 0 -1 7.54979e-08 128 81 46 255
-0.27735078 8.153979e-08 1.0800272 0 -1 7.54979e-08 115 74 40 255
-0.25735074 8.153979e-08 1.0800272 0 -1 7.54979e-08 97 65 33 255
-0.23735075 8.153979e-08 1.0800272 0 -1 7.54979e-08 89 62 30 255
-0.21735077 8.153979e-08 1.0800272 0 -1 7.54979e-08 68 49 24 255
-0.19735073 8.153979e-08 1.0800272 0 -1 7.54979e-08 20 13 4 255
-0.17735074 8.153979e-08 1.0800272 0 -1 7.54979e-08 41 34 13 255
-0.15735076 8.153979e-08 1.0800272 0 -1 7.54979e-08 68 56 35 255
-0.13735072 8.153979e-08 1.0800272 0 -1 7.54979e-08 48 47 45 255
-0.117350735 8.153979e-08 1.0800272 0 -1 7.54979e-08 28 22 16 255
-0.097350754 8.153979e-08 1.0800272 0 -1 7.54979e-08 11 18 4 255
-0.07735077 8.153979e-08 1.0800272 0 -1 7.54979e-08 57 55 53 255
-0.057350796 8.153979e-08 1.0800272 0 -1 7.54979e-08 201 195 191 255
-0.037350696 8.153979e-08 1.0800272 0 -1 7.54979e-08 246 219 204 255
-0.017350713 8.153979e-08 1.0800272 0 -1 7.54979e-08 244 219 205 255
0.0026492677 8.153979e-08 1.0800272 0 -1 7.54979e-08 190 184 181 255
0.022649249 8.153979e-08 1.0800272 0 -1 7.54979e-08 109 109 109 255
0.042649228 8.153979e-08 1.0800272 0 -1 7.54979e-08 84 84 84 255
0.06264921 8.153979e-08 1.0800272 0 -1 7.54979e-08 67 67 67 255
0.08264931 8.153979e-08 1.0800272 0 -1 7.54979e-08 54 54 54 255
0.102649294 8.153979e-08 1.0800272 0 -1 7.54979e-08 57 57 57 255
0.122649275 8.153979e-08 1.0800272 0 -1 7.54979e-08 73 73 73 255
0.14264925 8.153979e-08 1.0800272 0 -1 7.54979e-08 77 77 77 255
0.16264923 8.153979e-08 1.0800272 0 -1 7.54979e-08 32 31 31 255
0.18264921 8.153979e-08 1.0800272 0 -1 7.54979e-08 2 1 1 255
0.20264919 8.153979e-08 1.0800272 0 -1 7.54979e-08 9 9 9 255
0.22264929 8.153979e-08 1.0800272 0 -1 7.54979e-08 43 43 43 255
0.24264927 8.153979e-08 1.0800272 0 -1 7.54979e-08 59 59 59 255
0.26264924 8.153979e-08 1.0800272 0 -1 7.54979e-08 61 61 61 255
0.28264922 8.153979e-08 1.0800272 0 -1 7.54979e-08 92 92 92 255
0.3026492 8.153979e-08 1.0800272 0 -1 7.54979e-08 173 173 173 255
0.32264918 8.153979e-08 1.0800272 0 -1 7.54979e-08 229 229 229 255
0.34264928 8.153979e-08 1.0800272 0 -1 7.54979e-08 226 226 226 255
0.36264926 8.153979e-08 1.0800272 0 -1 7.54979e-08 177 177 177 255
0.38264924 8.153979e-08 1.0800272 0 -1 7.54979e-08 141 141 141 255
0.40264922 8.153979e-08 1.0800272 0 -1 7.54979e-08 148 148 148 255
0.4226492 8.153979e-08 1.0800272 0 -1 7.54979e-08 141 141 141 255
0.4426492 8.153979e-08 1.0800272 0 -1 7.54979e-08 73 73 73 255
0.46264917 8.153979e-08 1.0800272 0 -1 7.54979e-08 14 23 10 255
0.48264927 8.153979e-08 1.0800272 0 -1 7.54979e-08 30 21 8 255
0.50264925 8.153979e-08 1.0800272 0 -1 7.54979e-08 73 55 25 255
0.5226492 8.153979e-08 1.0800272 0 -1 7.54979e-08 100 68 35 255
0.5426492 8.153979e-08 1.0800272 0 -1 7.54979e-08 140 89 51 255
0.5626492 8.153979e-08 1.0800272 0 -1 7.54979e-08 146 92 53 255
0.5826492 8.153979e-08 1.0800272 0 -1 7.54979e-08 146 92 53 255
0.6026493 8.153979e-08 1.0800272 0 -1 7.54979e-08 118 76 41 255
0.62264925 8.153979e-08 1.0800272 0 -1 7.54979e-08 102 67 35 255
0.64264923 8.153979e-08 1.0800272 0 -1 7.54979e-08 102 67 35 255
0.6626492 8.153979e-08 1.0800272 0 -1 7.54979e-08 88 60 30 255
0.6826492 8.153979e-08 1.0800272 0 -1 7.54979e-08 9 6 3 255
0.7026492 8.153979e-08 1.0800272 0 -1 7.54979e-08 0 0 0 255
-0.6573507 8.304975e-08 1.1000272 0 -1 7.54979e-08 0 0 0 255
-0.63735074 8.304975e-08 1.1000272 0 -1 7.54979e-08 52 38 17 255
-0.61735076 8.304975e-08 1.1000272 0 -1 7.54979e-08 66 47 22 255
-0.5973508 8.304975e-08 1.1000272 0 -1 7.54979e-08 103 67 35 255
-0.57735074 8.304975e-08 1.1000272 0 -1 7.54979e-08 98 65 34 255
-0.55735075 8.304975e-08 1.1000272 0 -1 7.54979e-08 91 63 31 255
-0.5373508 8.304975e-08 1.1000272 0 -1 7.54979e-08 90 62 31 255
-0.51735073 8.304975e-08 1.1000272 0 -1 7.54979e-08 102 66 35 255
-0.49735075 8.304975e-08 1.1000272 0 -1 7.54979e-08 116 75 40 255
-0.47735077 8.304975e-08 1.1000272 0 -1 7.54979e-08 124 80 44 255
-0.45735073 8.304975e-08 1.1000272 0 -1 7.54979e-08 128 82 46 255
-0.43735075 8.304975e-08 1.1000272 0 -1 7.54979e-08 128 82 46 255
-0.41735077 8.304975e-08 1.1000272 0 -1 7.54979e-08 128 82 46 255
-0.39735073 8.304975e-08 1.1000272 0 -1 7.54979e-08 129 82 47 255
-0.37735075 8.304975e-08 1.1000272 0 -1 7.54979e-08 129 82 47 255
-0.35735077 8.304975e-08 1.1000272 0 -1 7.54979e-08 129 82 46 255
-0.3373508 8.304975e-08 1.1000272 0 -1 7.54979e-08 128 82 46 255
-0.31735075 8.304975e-08 1.1000272 0 -1 7.54979e-08 122 78 43 255
-0.29735076 8.304975e-08 1.1000272 0 -1 7.54979e-08 118 76 41 255
-0.27735078 8.304975e-08 1.1000272 0 -1 7.54979e-08 101 66 35 255
-0.25735074 8.304975e-08 1.1000272 0 -1 7.54979e-08 99 65 34 255
-0.23735075 8.304975e-08 1.1000272 0 -1 7.54979e-08 76 53 27 255
-0.21735077 8.304975e-08 1.1000272 0 -1 7.54979e-08 59 44 20 255
-0.19735073 8.304975e-08 1.1000272 0 -1 7.54979e-08 9 20 4 255
-0.17735074 8.304975e-08 1.1000272 0 -1 7.54979e-08 13 22 9 255
-0.15735076 8.304975e-08 1.1000272 0 -1 7.54979e-08 60 53 41 255
-0.13735072 8.304975e-08 1.1000272 0 -1 7.54979e-08 61 51 35 255
-0.117350735 8.304975e-08 1.1000272 0 -1 7.54979e-08 40 35 23 255
-0.097350754 8.304975e-08 1.1000272 0 -1 7.54979e-08 29 22 10 255
-0.07735077 8.304975e-08 1.1000272 0 -1 7.54979e-08 59 45 25 255
-0.057350796 8.304975e-08 1.1000272 0 -1 7.54979e-08 156 151 147 255
-0.037350696 8.304975e-08 1.1000272 0 -1 7.54979e-08 222 208 199 255
-0.017350713 8.304975e-08 1.1000272 0 -1 7.54979e-08 202 202 202 255
0.0026492677 8.304975e-08 1.1000272 0 -1 7.54979e-08 182 182 182 255
0.022649249 8.304975e-08 1.1000272 0 -1 7.54979e-08 138 138 138 255
0.042649228 8.304975e-08 1.1000272 0 -1 7.54979e-08 119 119 119 255
0.06264921 8.304975e-08 1.1000272 0 -1 7.54979e-08 117 117 117 255
0.08264931 8.304975e-08 1.1000272 0 -1 7.54979e-08 117 117 117 255
0.102649294 8.304975e-08 1.1000272 0 -1 7.54979e-08 142 142 142 255
0.122649275 8.304975e-08 1.1000272 0 -1 7.54979e-08 162 162 162 255
0.14264925 8.304975e-08 1.1000272 0 -1 7.54979e-08 180 180 180 255
0.16264923 8.304975e-08 1.1000272 0 -1 7.54979e-08 100 98 96 255
0.18264921 8.304975e-08 1.1000272 0 -1 7.54979e-08 25 20 13 255
0.20264919 8.304975e-08 1.1000272 0 -1 7.54979e-08 106 105 104 255
0.22264929 8.304975e-08 1.1000272 0 -1 7.54979e-08 209 209 209 255
0.24264927 8.304975e-08 1.1000272 0 -1 7.54979e-08 225 225 225 255
0.26264924 8.304975e-08 1.1000272 0 -1 7.54979e-08 222 222 222 255
0.28264922 8.304975e-08 1.1000272 0 -1 7.54979e-08 219 219 219 255
0.3026492 8.304975e-08 1.1000272 0 -1 7.54979e-08 214 214 214 255
0.32264918 8.304975e-08 1.1000272 0 -1 7.54979e-08 219 219 219 255
0.34264928 8.304975e-08 1.1000272 0 -1 7.54979e-08 222 222 222 255
0.36264926 8.304975e-08 1.1000272 0 -1 7.54979e-08 214 214 214 255
0.38264924 8.304975e-08 1.1000272 0 -1 7.54979e-08 215 215 215 255
0.40264922 8.304975e-08 1.1000272 0 -1 7.54979e-08 217 217 217 255
0.4226492 8.304975e-08 1.1000272 0 -1 7.54979e-08 181 181 181 255
0.4426492 8.304975e-08 1.1000272 0 -1 7.54979e-08 100 100 100 255
0.46264917 8.304975e-08 1.1000272 0 -1 7.54979e-08 37 37 37 255
0.48264927 8.304975e-08 1.1000272 0 -1 7.54979e-08 16 10 3 255
0.50264925 8.304975e-08 1.1000272 0 -1 7.54979e-08 21 25 8 255
0.5226492 8.304975e-08 1.1000272 0 -1 7.54979e-08 99 68 36 255
0.5426492 8.304975e-08 1.1000272 0 -1 7.54979e-08 133 86 48 255
0.5626492 8.304975e-08 1.1000272 0 -1 7.54979e-08 126 81 45 255
0.5826492 8.304975e-08 1.1000272 0 -1 7.54979e-08 126 81 45 255
0.6026493 8.304975e-08 1.1000272 0 -1 7.54979e-08 117 76 40 255
0.62264925 8.304975e-08 1.1000272 0 -1 7.54979e-08 111 72 38 255
0.64264923 8.304975e-08 1.1000272 0 -1 7.54979e-08 103 67 35 255
0.6626492 8.304975e-08 1.1000272 0 -1 7.54979e-08 30 19 10 255
0.6826492 8.304975e-08 1.1000272 0 -1 7.54979e-08 0 0 0 255
-0.63735074 8.455971e-08 1.1200273 0 -1 7.54979e-08 0 0 0 255
-0.61735076 8.455971e-08 1.1200273 0 -1 7.54979e-08 60 43 20 255
-0.5973508 8.455971e-08 1.1200273 0 -1 7.54979e-08 109 71 38 255
-0.57735074 8.455971e-08 1.1200273 0 -1 7.54979e-08 122 78 43 255
-0.55735075 8.455971e-08 1.1200273 0 -1 7.54979e-08 108 70 37 255
-0.5373508 8.455971e-08 1.1200273 0 -1 7.54979e-08 94 64 32 255
-0.51735073 8.455971e-08 1.1200273 0 -1 7.54979e-08 93 64 32 255
-0.49735075 8.455971e-08 1.1200273 0 -1 7.54979e-08 114 74 39 255
-0.47735077 8.455971e-08 1.1200273 0 -1 7.54979e-08 120 77 42 255
-0.45735073 8.455971e-08 1.1200273 0 -1 7.54979e-08 121 78 42 255
-0.43735075 8.455971e-08 1.1200273 0 -1 7.54979e-08 121 78 43 255
-0.41735077 8.455971e-08 1.1200273 0 -1 7.54979e-08 121 78 43 255
-0.39735073 8.455971e-08 1.1200273 0 -1 7.54979e-08 128 82 46 255
-0.37735075 8.455971e-08 1.1200273 0 -1 7.54979e-08 128 82 46 255
-0.35735077 8.455971e-08 1.1200273 0 -1 7.54979e-08 125 80 44 255
-0.3373508 8.455971e-08 1.1200273 0 -1 7.54979e-08 121 78 43 255
-0.31735075 8.455971e-08 1.1200273 0 -1 7.54979e-08 119 77 42 255
-0.29735076 8.455971e-08 1.1200273 0 -1 7.54979e-08 101 66 35 255
-0.27735078 8.455971e-08 1.1200273 0 -1 7.54979e-08 96 64 33 255
-0.25735074 8.455971e-08 1.1200273 0 -1 7.54979e-08 76 54 27 255
-0.23735075 8.455971e-08 1.1200273 0 -1 7.54979e-08 60 44 21 255
-0.21735077 8.455971e-08 1.1200273 0 -1 7.54979e-08 62 46 22 255
-0.19735073 8.455971e-08 1.1200273 0 -1 7.54979e-08 11 19 4 255
-0.17735074 8.455971e-08 1.1200273 0 -1 7.54979e-08 8 6 3 255
-0.15735076 8.455971e-08 1.1200273 0 -1 7.54979e-08 69 50 24 255
-0.13735072 8.455971e-08 1.1200273 0 -1 7.54979e-08 66 52 36 255
-0.117350735 8.455971e-08 1.1200273 0 -1 7.54979e-08 43 43 43 255
-0.097350754 8.455971e-08 1.1200273 0 -1 7.54979e-08 37 37 37 255
-0.07735077 8.455971e-08 1.1200273 0 -1 7.54979e-08 33 33 33 255
-0.057350796 8.455971e-08 1.1200273 0 -1 7.54979e-08 75 75 75 255
-0.037350696 8.455971e-08 1.1200273 0 -1 7.54979e-08 116 116 116 255
-0.017350713 8.455971e-08 1.1200273 0 -1 7.54979e-08 103 103 103 255
0.0026492677 8.455971e-08 1.1200273 0 -1 7.54979e-08 94 94 94 255
0.022649249 8.455971e-08 1.1200273 0 -1 7.54979e-08 76 75 75 255
0.042649228 8.455971e-08 1.1200273 0 -1 7.54979e-08 58 59 58 255
0.06264921 8.455971e-08 1.1200273 0 -1 7.54979e-08 45 45 45 255
0.08264931 8.455971e-08 1.1200273 0 -1 7.54979e-08 52 53 52 255
0.102649294 8.455971e-08 1.1200273 0 -1 7.54979e-08 70 70 69 255
0.122649275 8.455971e-08 1.1200273 0 -1 7.54979e-08 74 75 73 255
0.14264925 8.455971e-08 1.1200273 0 -1 7.54979e-08 73 75 73 255
0.16264923 8.455971e-08 1.1200273 0 -1 7.54979e-08 54 53 49 255
0.18264921 8.455971e-08 1.1200273 0 -1 7.54979e-08 34 27 10 255
0.20264919 8.455971e-08 1.1200273 0 -1 7.54979e-08 56 53 45 255
0.22264929 8.455971e-08 1.1200273 0 -1 7.54979e-08 129 128 128 255
0.24264927 8.455971e-08 1.1200273 0 -1 7.54979e-08 149 148 147 255
0.26264924 8.455971e-08 1.1200273 0 -1 7.54979e-08 120 119 118 255
0.28264922 8.455971e-08 1.1200273 0 -1 7.54979e-08 113 112 111 255
0.3026492 8.455971e-08 1.1200273 0 -1 7.54979e-08 110 110 108 255
0.32264918 8.455971e-08 1.1200273 0 -1 7.54979e-08 116 117 115 255
0.34264928 8.455971e-08 1.1200273 0 -1 7.54979e-08 121 121 119 255
0.36264926 8.455971e-08 1.1200273 0 -1 7.54979e-08 116 115 113 255
0.38264924 8.455971e-08 1.1200273 0 -1 7.54979e-08 112 111 109 255
0.40264922 8.455971e-08 1.1200273 0 -1 7.54979e-08 107 106 103 255
0.4226492 8.455971e-08 1.1200273 0 -1 7.54979e-08 83 82 81 255
0.4426492 8.455971e-08 1.1200273 0 -1 7.54979e-08 58 58 58 255
0.46264917 8.455971e-08 1.1200273 0 -1 7.54979e-08 49 49 49 255
0.48264927 8.455971e-08 1.1200273 0 -1 7.54979e-08 0 0 0 255
0.50264925 8.455971e-08 1.1200273 0 -1 7.54979e-08 20 15 7 255
0.5226492 8.455971e-08 1.1200273 0 -1 7.54979e-08 133 88 50 255
0.5426492 8.455971e-08 1.1200273 0 -1 7.54979e-08 182 115 70 255
0.5626492 8.455971e-08 1.1200273 0 -1 7.54979e-08 172 109 66 255
0.5826492 8.455971e-08 1.1200273 0 -1 7.54979e-08 172 109 66 255
0.6026493 8.455971e-08 1.1200273 0 -1 7.54979e-08 143 90 52 255
0.62264925 8.455971e-08 1.1200273 0 -1 7.54979e-08 117 75 41 255
0.64264923 8.455971e-08 1.1200273 0 -1 7.54979e-08 51 33 18 255
0.6626492 8.455971e-08 1.1200273 0 -1 7.54979e-08 0 0 0 255
-0.61735076 8.606967e-08 1.1400273 0 -1 7.54979e-08 11 7 3 255
-0.5973508 8.606967e-08 1.1400273 0 -1 7.54979e-08 78 53 26 255
-0.57735074 8.606967e-08 1.1400273 0 -1 7.54979e-08 123 80 44 255
-0.55735075 8.606967e-08 1.1400273 0 -1 7.54979e-08 132 85 48 255
-0.5373508 8.606967e-08 1.1400273 0 -1 7.54979e-08 119 77 41 255
-0.51735073 8.606967e-08 1.1400273 0 -1 7.54979e-08 107 69 37 255
-0.49735075 8.606967e-08 1.1400273 0 -1 7.54979e-08 103 67 35 255
-0.47735077 8.606967e-08 1.1400273 0 -1 7.54979e-08 106 69 36 255
-0.45735073 8.606967e-08 1.1400273 0 -1 7.54979e-08 116 75 40 255
-0.43735075 8.606967e-08 1.1400273 0 -1 7.54979e-08 119 77 42 255
-0.41735077 8.606967e-08 1.1400273 0 -1 7.54979e-08 120 78 42 255
-0.39735073 8.606967e-08 1.1400273 0 -1 7.54979e-08 120 78 42 255
-0.37735075 8.606967e-08 1.1400273 0 -1 7.54979e-08 120 78 42 255
-0.35735077 8.606967e-08 1.1400273 0 -1 7.54979e-08 120 77 42 255
-0.3373508 8.606967e-08 1.1400273 0 -1 7.54979e-08 119 77 42 255
-0.31735075 8.606967e-08 1.1400273 0 -1 7.54979e-08 101 67 35 255
-0.29735076 8.606967e-08 1.1400273 0 -1 7.54979e-08 96 63 33 255
-0.27735078 8.606967e-08 1.1400273 0 -1 7.54979e-08 73 55 26 255
-0.25735074 8.606967e-08 1.1400273 0 -1 7.54979e-08 62 46 21 255
-0.23735075 8.606967e-08 1.1400273 0 -1 7.54979e-08 62 46 22 255
-0.21735077 8.606967e-08 1.1400273 0 -1 7.54979e-08 70 51 23 255
-0.19735073 8.606967e-08 1.1400273 0 -1 7.54979e-08 24 16 5 255
-0.17735074 8.606967e-08 1.1400273 0 -1 7.54979e-08 7 5 2 255
-0.15735076 8.606967e-08 1.1400273 0 -1 7.54979e-08 50 39 17 255
-0.13735072 8.606967e-08 1.1400273 0 -1 7.54979e-08 59 50 36 255
-0.117350735 8.606967e-08 1.1400273 0 -1 7.54979e-08 43 43 43 255
-0.097350754 8.606967e-08 1.1400273 0 -1 7.54979e-08 43 43 43 255
-0.07735077 8.606967e-08 1.1400273 0 -1 7.54979e-08 43 43 43 255
-0.057350796 8.606967e-08 1.1400273 0 -1 7.54979e-08 43 43 43 255
-0.037350696 8.606967e-08 1.1400273 0 -1 7.54979e-08 43 43 43 255
-0.017350713 8.606967e-08 1.1400273 0 -1 7.54979e-08 38 37 35 255
0.0026492677 8.606967e-08 1.1400273 0 -1 7.54979e-08 32 31 30 255
0.022649249 8.606967e-08 1.1400273 0 -1 7.54979e-08 17 11 5 255
0.042649228 8.606967e-08 1.1400273 0 -1 7.54979e-08 5 15 2 255
0.06264921 8.606967e-08 1.1400273 0 -1 7.54979e-08 0 0 0 255
0.08264931 8.606967e-08 1.1400273 0 -1 7.54979e-08 4 10 2 255
0.102649294 8.606967e-08 1.1400273 0 -1 7.54979e-08 13 13 3 255
0.122649275 8.606967e-08 1.1400273 0 -1 7.54979e-08 10 17 3 255
0.14264925 8.606967e-08 1.1400273 0 -1 7.54979e-08 7 19 3 255
0.16264923 8.606967e-08 1.1400273 0 -1 7.54979e-08 0 0 0 255
0.18264921 8.606967e-08 1.1400273 0 -1 7.54979e-08 0 0 0 255
0.20264919 8.606967e-08 1.1400273 0 -1 7.54979e-08 0 1 0 255
0.22264929 8.606967e-08 1.1400273 0 -1 7.54979e-08 14 9 2 255
0.24264927 8.606967e-08 1.1400273 0 -1 7.54979e-08 19 11 3 255
0.26264924 8.606967e-08 1.1400273 0 -1 7.54979e-08 19 11 3 255
0.28264922 8.606967e-08 1.1400273 0 -1 7.54979e-08 19 11 3 255
0.3026492 8.606967e-08 1.1400273 0 -1 7.54979e-08 14 14 3 255
0.32264918 8.606967e-08 1.1400273 0 -1 7.54979e-08 9 18 3 255
0.34264928 8.606967e-08 1.1400273 0 -1 7.54979e-08 24 20 9 255
0.36264926 8.606967e-08 1.1400273 0 -1 7.54979e-08 38 31 13 255
0.38264924 8.606967e-08 1.1400273 0 -1 7.54979e-08 38 31 13 255
0.40264922 8.606967e-08 1.1400273 0 -1 7.54979e-08 45 35 17 255
0.4226492 8.606967e-08 1.1400273 0 -1 7.54979e-08 55 48 39 255
0.4426492 8.606967e-08 1.1400273 0 -1 7.54979e-08 66 66 66 255
0.46264917 8.606967e-08 1.1400273 0 -1 7.54979e-08 35 37 35 255
0.48264927 8.606967e-08 1.1400273 0 -1 7.54979e-08 0 0 0 255
0.50264925 8.606967e-08 1.1400273 0 -1 7.54979e-08 31 20 10 255
0.5226492 8.606967e-08 1.1400273 0 -1 7.54979e-08 147 93 54 255
0.5426492 8.606967e-08 1.1400273 0 -1 7.54979e-08 176 112 67 255
0.5626492 8.606967e-08 1.1400273 0 -1 7.54979e-08 161 103 61 255
0.5826492 8.606967e-08 1.1400273 0 -1 7.54979e-08 161 104 61 255
0.6026493 8.606967e-08 1.1400273 0 -1 7.54979e-08 126 80 45 255
0.62264925 8.606967e-08 1.1400273 0 -1 7.54979e-08 75 47 27 255
0.64264923 8.606967e-08 1.1400273 0 -1 7.54979e-08 0 0 0 255
0.6626492 8.606967e-08 1.1400273 0 -1 7.54979e-08 0 0 0 255
-0.5973508 8.757962e-08 1.1600273 0 -1 7.54979e-08 0 0 0 255
-0.57735074 8.757962e-08 1.1600273 0 -1 7.54979e-08 60 38 22 255
-0.55735075 8.757962e-08 1.1600273 0 -1 7.54979e-08 117 76 43 255
-0.5373508 8.757962e-08 1.1600273 0 -1 7.54979e-08 129 81 47 255
-0.51735073 8.757962e-08 1.1600273 0 -1 7.54979e-08 145 92 53 255
-0.49735075 8.757962e-08 1.1600273 0 -1 7.54979e-08 115 75 40 255
-0.47735077 8.757962e-08 1.1600273 0 -1 7.54979e-08 106 69 37 255
-0.45735073 8.757962e-08 1.1600273 0 -1 7.54979e-08 103 67 35 255
-0.43735075 8.757962e-08 1.1600273 0 -1 7.54979e-08 102 66 35 255
-0.41735077 8.757962e-08 1.1600273 0 -1 7.54979e-08 112 73 38 255
-0.39735073 8.757962e-08 1.1600273 0 -1 7.54979e-08 112 73 38 255
-0.37735075 8.757962e-08 1.1600273 0 -1 7.54979e-08 112 73 38 255
-0.35735077 8.757962e-08 1.1600273 0 -1 7.54979e-08 106 69 36 255
-0.3373508 8.757962e-08 1.1600273 0 -1 7.54979e-08 99 65 34 255
-0.31735075 8.757962e-08 1.1600273 0 -1 7.54979e-08 80 58 27 255
-0.29735076 8.757962e-08 1.1600273 0 -1 7.54979e-08 66 49 24 255
-0.27735078 8.757962e-08 1.1600273 0 -1 7.54979e-08 66 49 23 255
-0.25735074 8.757962e-08 1.1600273 0 -1 7.54979e-08 71 51 23 255
-0.23735075 8.757962e-08 1.1600273 0 -1 7.54979e-08 76 56 26 255
-0.21735077 8.757962e-08 1.1600273 0 -1 7.54979e-08 78 58 27 255
-0.19735073 8.757962e-08 1.1600273 0 -1 7.54979e-08 51 41 16 255
-0.17735074 8.757962e-08 1.1600273 0 -1 7.54979e-08 27 18 7 255
-0.15735076 8.757962e-08 1.1600273 0 -1 7.54979e-08 45 38 24 255
-0.13735072 8.757962e-08 1.1600273 0 -1 7.54979e-08 47 46 45 255
-0.117350735 8.757962e-08 1.1600273 0 -1 7.54979e-08 43 43 43 255
-0.097350754 8.757962e-08 1.1600273 0 -1 7.54979e-08 43 43 43 255
-0.07735077 8.757962e-08 1.1600273 0 -1 7.54979e-08 43 43 43 255
-0.057350796 8.757962e-08 1.1600273 0 -1 7.54979e-08 43 43 43 255
-0.037350696 8.757962e-08 1.1600273 0 -1 7.54979e-08 46 46 46 255
-0.017350713 8.757962e-08 1.1600273 0 -1 7.54979e-08 54 46 35 255
0.0026492677 8.757962e-08 1.1600273 0 -1 7.54979e-08 37 34 29 255
0.022649249 8.757962e-08 1.1600273 0 -1 7.54979e-08 1 1 1 255
0.042649228 8.757962e-08 1.1600273 0 -1 7.54979e-08 0 0 0 255
0.06264921 8.757962e-08 1.1600273 0 -1 7.54979e-08 2 5 1 255
0.08264931 8.757962e-08 1.1600273 0 -1 7.54979e-08 6 16 3 255
0.102649294 8.757962e-08 1.1600273 0 -1 7.54979e-08 2 5 1 255
0.122649275 8.757962e-08 1.1600273 0 -1 7.54979e-08 14 8 2 255
0.14264925 8.757962e-08 1.1600273 0 -1 7.54979e-08 6 16 3 255
0.16264923 8.757962e-08 1.1600273 0 -1 7.54979e-08 0 0 0 255
0.18264921 8.757962e-08 1.1600273 0 -1 7.54979e-08 0 0 0 255
0.20264919 8.757962e-08 1.1600273 0 -1 7.54979e-08 3 9 1 255
0.22264929 8.757962e-08 1.1600273 0 -1 7.54979e-08 14 11 3 255
0.24264927 8.757962e-08 1.1600273 0 -1 7.54979e-08 16 10 3 255
0.26264924 8.757962e-08 1.1600273 0 -1 7.54979e-08 16 10 3 255
0.28264922 8.757962e-08 1.1600273 0 -1 7.54979e-08 16 10 3 255
0.3026492 8.757962e-08 1.1600273 0 -1 7.54979e-08 16 10 3 255
0.32264918 8.757962e-08 1.1600273 0 -1 7.54979e-08 16 10 3 255
0.34264928 8.757962e-08 1.1600273 0 -1 7.54979e-08 25 24 22 255
0.36264926 8.757962e-08 1.1600273 0 -1 7.54979e-08 29 28 27 255
0.38264924 8.757962e-08 1.1600273 0 -1 7.54979e-08 32 32 32 255
0.40264922 8.757962e-08 1.1600273 0 -1 7.54979e-08 40 40 40 255
0.4226492 8.757962e-08 1.1600273 0 -1 7.54979e-08 57 57 57 255
0.4426492 8.757962e-08 1.1600273 0 -1 7.54979e-08 50 51 49 255
0.46264917 8.757962e-08 1.1600273 0 -1 7.54979e-08 10 19 7 255
0.48264927 8.757962e-08 1.1600273 0 -1 7.54979e-08 7 5 2 255
0.50264925 8.757962e-08 1.1600273 0 -1 7.54979e-08 71 50 24 255
0.5226492 8.757962e-08 1.1600273 0 -1 7.54979e-08 154 99 58 255
0.5426492 8.757962e-08 1.1600273 0 -1 7.54979e-08 157 100 58 255
0.5626492 8.757962e-08 1.1600273 0 -1 7.54979e-08 131 83 47 255
0.5826492 8.757962e-08 1.1600273 0 -1 7.54979e-08 132 87 48 255
0.6026493 8.757962e-08 1.1600273 0 -1 7.54979e-08 96 62 33 255
0.62264925 8.757962e-08 1.1600273 0 -1 7.54979e-08 0 0 0 255
0.64264923 8.757962e-08 1.1600273 0 -1 7.54979e-08 0 0 0 255
-0.55735075 8.908958e-08 1.1800272 0 -1 7.54979e-08 0 0 0 255
-0.5373508 8.908958e-08 1.1800272 0 -1 7.54979e-08 0 0 0 255
-0.51735073 8.908958e-08 1.1800272 0 -1 7.54979e-08 119 77 44 255
-0.49735075 8.908958e-08 1.1800272 0 -1 7.54979e-08 128 81 47 255
-0.47735077 8.908958e-08 1.1800272 0 -1 7.54979e-08 126 80 45 255
-0.45735073 8.908958e-08 1.1800272 0 -1 7.54979e-08 113 73 39 255
-0.43735075 8.908958e-08 1.1800272 0 -1 7.54979e-08 106 69 36 255
-0.41735077 8.908958e-08 1.1800272 0 -1 7.54979e-08 103 67 35 255
-0.39735073 8.908958e-08 1.1800272 0 -1 7.54979e-08 103 67 35 255
-0.37735075 8.908958e-08 1.1800272 0 -1 7.54979e-08 102 66 35 255
-0.35735077 8.908958e-08 1.1800272 0 -1 7.54979e-08 95 64 33 255
-0.3373508 8.908958e-08 1.1800272 0 -1 7.54979e-08 83 60 28 255
-0.31735075 8.908958e-08 1.1800272 0 -1 7.54979e-08 75 53 25 255
-0.29735076 8.908958e-08 1.1800272 0 -1 7.54979e-08 89 62 31 255
-0.27735078 8.908958e-08 1.1800272 0 -1 7.54979e-08 80 59 27 255
-0.25735074 8.908958e-08 1.1800272 0 -1 7.54979e-08 80 59 27 255
-0.23735075 8.908958e-08 1.1800272 0 -1 7.54979e-08 87 61 30 255
-0.21735077 8.908958e-08 1.1800272 0 -1 7.54979e-08 84 60 29 255
-0.19735073 8.908958e-08 1.1800272 0 -1 7.54979e-08 73 52 24 255
-0.17735074 8.908958e-08 1.1800272 0 -1 7.54979e-08 63 47 23 255
-0.15735076 8.908958e-08 1.1800272 0 -1 7.54979e-08 63 47 23 255
-0.13735072 8.908958e-08 1.1800272 0 -1 7.54979e-08 54 45 31 255
-0.117350735 8.908958e-08 1.1800272 0 -1 7.54979e-08 43 43 42 255
-0.097350754 8.908958e-08 1.1800272 0 -1 7.54979e-08 43 43 43 255
-0.07735077 8.908958e-08 1.1800272 0 -1 7.54979e-08 43 43 43 255
-0.057350796 8.908958e-08 1.1800272 0 -1 7.54979e-08 41 41 41 255
-0.037350696 8.908958e-08 1.1800272 0 -1 7.54979e-08 44 44 44 255
-0.017350713 8.908958e-08 1.1800272 0 -1 7.54979e-08 48 48 48 255
0.0026492677 8.908958e-08 1.1800272 0 -1 7.54979e-08 35 35 35 255
0.022649249 8.908958e-08 1.1800272 0 -1 7.54979e-08 5 5 5 255
0.042649228 8.908958e-08 1.1800272 0 -1 7.54979e-08 0 0 0 255
0.06264921 8.908958e-08 1.1800272 0 -1 7.54979e-08 0 0 0 255
0.08264931 8.908958e-08 1.1800272 0 -1 7.54979e-08 0 0 0 255
0.102649294 8.908958e-08 1.1800272 0 -1 7.54979e-08 0 0 0 255
0.122649275 8.908958e-08 1.1800272 0 -1 7.54979e-08 0 0 0 255
0.14264925 8.908958e-08 1.1800272 0 -1 7.54979e-08 0 0 0 255
0.16264923 8.908958e-08 1.1800272 0 -1 7.54979e-08 0 0 0 255
0.18264921 8.908958e-08 1.1800272 0 -1 7.54979e-08 0 0 0 255
0.20264919 8.908958e-08 1.1800272 0 -1 7.54979e-08 0 0 0 255
0.22264929 8.908958e-08 1.1800272 0 -1 7.54979e-08 0 0 0 255
0.24264927 8.908958e-08 1.1800272 0 -1 7.54979e-08 0 0 0 255
0.26264924 8.908958e-08 1.1800272 0 -1 7.54979e-08 0 0 0 255
0.28264922 8.908958e-08 1.1800272 0 -1 7.54979e-08 0 0 0 255
0.3026492 8.908958e-08 1.1800272 0 -1 7.54979e-08 0 0 0 255
0.32264918 8.908958e-08 1.1800272 0 -1 7.54979e-08 0 0 0 255
0.34264928 8.908958e-08 1.1800272 0 -1 7.54979e-08 0 0 0 255
0.36264926 8.908958e-08 1.1800272 0 -1 7.54979e-08 19 11 3 255
0.38264924 8.908958e-08 1.1800272 0 -1 7.54979e-08 45 45 45 255
0.40264922 8.908958e-08 1.1800272 0 -1 7.54979e-08 50 50 49 255
0.4226492 8.908958e-08 1.1800272 0 -1 7.54979e-08 38 37 37 255
0.4426492 8.908958e-08 1.1800272 0 -1 7.54979e-08 13 22 11 255
0.46264917 8.908958e-08 1.1800272 0 -1 7.54979e-08 8 7 2 255
0.48264927 8.908958e-08 1.1800272 0 -1 7.54979e-08 42 29 13 255
0.50264925 8.908958e-08 1.1800272 0 -1 7.54979e-08 114 74 39 255
0.5226492 8.908958e-08 1.1800272 0 -1 7.54979e-08 125 80 45 255
0.5426492 8.908958e-08 1.1800272 0 -1 7.54979e-08 120 77 42 255
0.5626492 8.908958e-08 1.1800272 0 -1 7.54979e-08 108 71 37 255
0.5826492 8.908958e-08 1.1800272 0 -1 7.54979e-08 94 63 32 255
0.6026493 8.908958e-08 1.1800272 0 -1 7.54979e-08 50 36 16 255
0.62264925 8.908958e-08 1.1800272 0 -1 7.54979e-08 0 0 0 255
-0.51735073 9.0599535e-08 1.2000272 0 -1 7.54979e-08 0 0 0 255
-0.49735075 9.0599535e-08 1.2000272 0 -1 7.54979e-08 0 0 0 255
-0.47735077 9.0599535e-08 1.2000272 0 -1 7.54979e-08 51 33 18 255
-0.45735073 9.0599535e-08 1.2000272 0 -1 7.54979e-08 117 76 43 255
-0.43735075 9.0599535e-08 1.2000272 0 -1 7.54979e-08 123 79 44 255
-0.41735077 9.0599535e-08 1.2000272 0 -1 7.54979e-08 112 73 38 255
-0.39735073 9.0599535e-08 1.2000272 0 -1 7.54979e-08 108 71 37 255
-0.37735075 9.0599535e-08 1.2000272 0 -1 7.54979e-08 101 66 35 255
-0.35735077 9.0599535e-08 1.2000272 0 -1 7.54979e-08 98 66 34 255
-0.3373508 9.0599535e-08 1.2000272 0 -1 7.54979e-08 92 63 32 255
-0.31735075 9.0599535e-08 1.2000272 0 -1 7.54979e-08 102 67 35 255
-0.29735076 9.0599535e-08 1.2000272 0 -1 7.54979e-08 93 64 32 255
-0.27735078 9.0599535e-08 1.2000272 0 -1 7.54979e-08 92 63 31 255
-0.25735074 9.0599535e-08 1.2000272 0 -1 7.54979e-08 92 63 31 255
-0.23735075 9.0599535e-08 1.2000272 0 -1 7.54979e-08 99 66 34 255
-0.21735077 9.0599535e-08 1.2000272 0 -1 7.54979e-08 103 67 35 255
-0.19735073 9.0599535e-08 1.2000272 0 -1 7.54979e-08 90 62 31 255
-0.17735074 9.0599535e-08 1.2000272 0 -1 7.54979e-08 70 50 23 255
-0.15735076 9.0599535e-08 1.2000272 0 -1 7.54979e-08 67 49 23 255
-0.13735072 9.0599535e-08 1.2000272 0 -1 7.54979e-08 63 47 23 255
-0.117350735 9.0599535e-08 1.2000272 0 -1 7.54979e-08 49 44 36 255
-0.097350754 9.0599535e-08 1.2000272 0 -1 7.54979e-08 43 43 43 255
-0.07735077 9.0599535e-08 1.2000272 0 -1 7.54979e-08 41 41 41 255
-0.057350796 9.0599535e-08 1.2000272 0 -1 7.54979e-08 35 35 35 255
-0.037350696 9.0599535e-08 1.2000272 0 -1 7.54979e-08 33 33 33 255
-0.017350713 9.0599535e-08 1.2000272 0 -1 7.54979e-08 34 34 34 255
0.0026492677 9.0599535e-08 1.2000272 0 -1 7.54979e-08 49 49 49 255
0.022649249 9.0599535e-08 1.2000272 0 -1 7.54979e-08 60 60 60 255
0.042649228 9.0599535e-08 1.2000272 0 -1 7.54979e-08 8 8 8 255
0.06264921 9.0599535e-08 1.2000272 0 -1 7.54979e-08 0 0 0 255
0.08264931 9.0599535e-08 1.2000272 0 -1 7.54979e-08 0 0 0 255
0.102649294 9.0599535e-08 1.2000272 0 -1 7.54979e-08 0 0 0 255
0.122649275 9.0599535e-08 1.2000272 0 -1 7.54979e-08 0 0 0 255
0.14264925 9.0599535e-08 1.2000272 0 -1 7.54979e-08 0 0 0 255
0.16264923 9.0599535e-08 1.2000272 0 -1 7.54979e-08 0 0 0 255
0.18264921 9.0599535e-08 1.2000272 0 -1 7.54979e-08 0 0 0 255
0.20264919 9.0599535e-08 1.2000272 0 -1 7.54979e-08 0 0 0 255
0.22264929 9.0599535e-08 1.2000272 0 -1 7.54979e-08 0 0 0 255
0.24264927 9.0599535e-08 1.2000272 0 -1 7.54979e-08 0 0 0 255
0.26264924 9.0599535e-08 1.2000272 0 -1 7.54979e-08 0 0 0 255
0.28264922 9.0599535e-08 1.2000272 0 -1 7.54979e-08 0 0 0 255
0.3026492 9.0599535e-08 1.2000272 0 -1 7.54979e-08 0 0 0 255
0.32264918 9.0599535e-08 1.2000272 0 -1 7.54979e-08 0 0 0 255
0.34264928 9.0599535e-08 1.2000272 0 -1 7.54979e-08 3 3 3 255
0.36264926 9.0599535e-08 1.2000272 0 -1 7.54979e-08 20 12 4 255
0.38264924 9.0599535e-08 1.2000272 0 -1 7.54979e-08 46 48 45 255
0.40264922 9.0599535e-08 1.2000272 0 -1 7.54979e-08 43 43 37 255
0.4226492 9.0599535e-08 1.2000272 0 -1 7.54979e-08 14 11 4 255
0.4426492 9.0599535e-08 1.2000272 0 -1 7.54979e-08 13 18 5 255
0.46264917 9.0599535e-08 1.2000272 0 -1 7.54979e-08 58 43 19 255
0.48264927 9.0599535e-08 1.2000272 0 -1 7.54979e-08 90 62 31 255
0.50264925 9.0599535e-08 1.2000272 0 -1 7.54979e-08 91 63 31 255
0.5226492 9.0599535e-08 1.2000272 0 -1 7.54979e-08 94 64 32 255
0.5426492 9.0599535e-08 1.2000272 0 -1 7.54979e-08 90 62 31 255
0.5626492 9.0599535e-08 1.2000272 0 -1 7.54979e-08 70 51 25 255
0.5826492 9.0599535e-08 1.2000272 0 -1 7.54979e-08 47 39 15 255
0.6026493 9.0599535e-08 1.2000272 0 -1 7.54979e-08 0 0 0 255
-0.45735073 9.2109495e-08 1.2200272 0 -1 7.54979e-08 0 0 0 255
-0.43735075 9.2109495e-08 1.2200272 0 -1 7.54979e-08 68 44 23 255
-0.41735077 9.2109495e-08 1.2200272 0 -1 7.54979e-08 85 56 29 255
-0.39735073 9.2109495e-08 1.2200272 0 -1 7.54979e-08 92 63 32 255
-0.37735075 9.2109495e-08 1.2200272 0 -1 7.54979e-08 102 68 35 255
-0.35735077 9.2109495e-08 1.2200272 0 -1 7.54979e-08 115 75 40 255
-0.3373508 9.2109495e-08 1.2200272 0 -1 7.54979e-08 107 70 37 255
-0.31735075 9.2109495e-08 1.2200272 0 -1 7.54979e-08 112 73 38 255
-0.29735076 9.2109495e-08 1.2200272 0 -1 7.54979e-08 113 74 38 255
-0.27735078 9.2109495e-08 1.2200272 0 -1 7.54979e-08 104 67 35 255
-0.25735074 9.2109495e-08 1.2200272 0 -1 7.54979e-08 104 68 36 255
-0.23735075 9.2109495e-08 1.2200272 0 -1 7.54979e-08 110 72 38 255
-0.21735077 9.2109495e-08 1.2200272 0 -1 7.54979e-08 113 74 39 255
-0.19735073 9.2109495e-08 1.2200272 0 -1 7.54979e-08 93 63 32 255
-0.17735074 9.2109495e-08 1.2200272 0 -1 7.54979e-08 67 49 22 255
-0.15735076 9.2109495e-08 1.2200272 0 -1 7.54979e-08 61 45 20 255
-0.13735072 9.2109495e-08 1.2200272 0 -1 7.54979e-08 65 48 22 255
-0.117350735 9.2109495e-08 1.2200272 0 -1 7.54979e-08 48 43 36 255
-0.097350754 9.2109495e-08 1.2200272 0 -1 7.54979e-08 43 43 43 255
-0.07735077 9.2109495e-08 1.2200272 0 -1 7.54979e-08 36 36 36 255
-0.057350796 9.2109495e-08 1.2200272 0 -1 7.54979e-08 34 34 34 255
-0.037350696 9.2109495e-08 1.2200272 0 -1 7.54979e-08 31 31 31 255
-0.017350713 9.2109495e-08 1.2200272 0 -1 7.54979e-08 50 50 50 255
0.0026492677 9.2109495e-08 1.2200272 0 -1 7.54979e-08 152 152 152 255
0.022649249 9.2109495e-08 1.2200272 0 -1 7.54979e-08 223 223 223 255
0.042649228 9.2109495e-08 1.2200272 0 -1 7.54979e-08 55 55 55 255
0.06264921 9.2109495e-08 1.2200272 0 -1 7.54979e-08 0 0 0 255
0.08264931 9.2109495e-08 1.2200272 0 -1 7.54979e-08 0 0 0 255
0.102649294 9.2109495e-08 1.2200272 0 -1 7.54979e-08 0 0 0 255
0.122649275 9.2109495e-08 1.2200272 0 -1 7.54979e-08 0 0 0 255
0.14264925 9.2109495e-08 1.2200272 0 -1 7.54979e-08 0 0 0 255
0.16264923 9.2109495e-08 1.2200272 0 -1 7.54979e-08 0 0 0 255
0.18264921 9.2109495e-08 1.2200272 0 -1 7.54979e-08 0 0 0 255
0.20264919 9.2109495e-08 1.2200272 0 -1 7.54979e-08 0 0 0 255
0.22264929 9.2109495e-08 1.2200272 0 -1 7.54979e-08 0 0 0 255
0.24264927 9.2109495e-08 1.2200272 0 -1 7.54979e-08 0 0 0 255
0.26264924 9.2109495e-08 1.2200272 0 -1 7.54979e-08 0 0 0 255
0.28264922 9.2109495e-08 1.2200272 0 -1 7.54979e-08 0 0 0 255
0.3026492 9.2109495e-08 1.2200272 0 -1 7.54979e-08 0 0 0 255
0.32264918 9.2109495e-08 1.2200272 0 -1 7.54979e-08 12 12 12 255
0.34264928 9.2109495e-08 1.2200272 0 -1 7.54979e-08 57 53 51 255
0.36264926 9.2109495e-08 1.2200272 0 -1 7.54979e-08 48 42 32 255
0.38264924 9.2109495e-08 1.2200272 0 -1 7.54979e-08 14 21 5 255
0.40264922 9.2109495e-08 1.2200272 0 -1 7.54979e-08 8 18 3 255
0.4226492 9.2109495e-08 1.2200272 0 -1 7.54979e-08 29 28 9 255
0.4426492 9.2109495e-08 1.2200272 0 -1 7.54979e-08 59 44 21 255
0.46264917 9.2109495e-08 1.2200272 0 -1 7.54979e-08 86 60 29 255
0.48264927 9.2109495e-08 1.2200272 0 -1 7.54979e-08 91 63 31 255
0.50264925 9.2109495e-08 1.2200272 0 -1 7.54979e-08 82 60 28 255
0.5226492 9.2109495e-08 1.2200272 0 -1 7.54979e-08 88 62 30 255
0.5426492 9.2109495e-08 1.2200272 0 -1 7.54979e-08 91 63 31 255
0.5626492 9.2109495e-08 1.2200272 0 -1 7.54979e-08 80 59 28 255
0.5826492 9.2109495e-08 1.2200272 0 -1 7.54979e-08 40 33 13 255
-0.43735075 9.361945e-08 1.2400272 0 -1 7.54979e-08 0 0 0 255
-0.41735077 9.361945e-08 1.2400272 0 -1 7.54979e-08 0 0 0 255
-0.39735073 9.361945e-08 1.2400272 0 -1 7.54979e-08 90 58 31 255
-0.37735075 9.361945e-08 1.2400272 0 -1 7.54979e-08 121 78 43 255
-0.35735077 9.361945e-08 1.2400272 0 -1 7.54979e-08 125 80 44 255
-0.3373508 9.361945e-08 1.2400272 0 -1 7.54979e-08 117 76 41 255
-0.31735075 9.361945e-08 1.2400272 0 -1 7.54979e-08 115 75 39 255
-0.29735076 9.361945e-08 1.2400272 0 -1 7.54979e-08 115 75 39 255
-0.27735078 9.361945e-08 1.2400272 0 -1 7.54979e-08 115 75 39 255
-0.25735074 9.361945e-08 1.2400272 0 -1 7.54979e-08 118 76 41 255
-0.23735075 9.361945e-08 1.2400272 0 -1 7.54979e-08 120 78 42 255
-0.21735077 9.361945e-08 1.2400272 0 -1 7.54979e-08 115 75 40 255
-0.19735073 9.361945e-08 1.2400272 0 -1 7.54979e-08 100 66 34 255
-0.17735074 9.361945e-08 1.2400272 0 -1 7.54979e-08 60 46 22 255
-0.15735076 9.361945e-08 1.2400272 0 -1 7.54979e-08 56 43 18 255
-0.13735072 9.361945e-08 1.2400272 0 -1 7.54979e-08 58 45 19 255
-0.117350735 9.361945e-08 1.2400272 0 -1 7.54979e-08 44 41 31 255
-0.097350754 9.361945e-08 1.2400272 0 -1 7.54979e-08 43 42 42 255
-0.07735077 9.361945e-08 1.2400272 0 -1 7.54979e-08 42 42 42 255
-0.057350796 9.361945e-08 1.2400272 0 -1 7.54979e-08 36 36 36 255
-0.037350696 9.361945e-08 1.2400272 0 -1 7.54979e-08 35 35 35 255
-0.017350713 9.361945e-08 1.2400272 0 -1 7.54979e-08 42 42 42 255
0.0026492677 9.361945e-08 1.2400272 0 -1 7.54979e-08 114 114 114 255
0.022649249 9.361945e-08 1.2400272 0 -1 7.54979e-08 164 163 160 255
0.042649228 9.361945e-08 1.2400272 0 -1 7.54979e-08 31 31 31 255
0.06264921 9.361945e-08 1.2400272 0 -1 7.54979e-08 0 0 0 255
0.08264931 9.361945e-08 1.2400272 0 -1 7.54979e-08 0 0 0 255
0.102649294 9.361945e-08 1.2400272 0 -1 7.54979e-08 0 0 0 255
0.122649275 9.361945e-08 1.2400272 0 -1 7.54979e-08 0 0 0 255
0.14264925 9.361945e-08 1.2400272 0 -1 7.54979e-08 0 0 0 255
0.16264923 9.361945e-08 1.2400272 0 -1 7.54979e-08 0 0 0 255
0.18264921 9.361945e-08 1.2400272 0 -1 7.54979e-08 0 0 0 255
0.20264919 9.361945e-08 1.2400272 0 -1 7.54979e-08 0 0 0 255
0.22264929 9.361945e-08 1.2400272 0 -1 7.54979e-08 0 0 0 255
0.24264927 9.361945e-08 1.2400272 0 -1 7.54979e-08 0 0 0 255
0.26264924 9.361945e-08 1.2400272 0 -1 7.54979e-08 0 0 0 255
0.28264922 9.361945e-08 1.2400272 0 -1 7.54979e-08 0 0 0 255
0.3026492 9.361945e-08 1.2400272 0 -1 7.54979e-08 0 0 0 255
0.32264918 9.361945e-08 1.2400272 0 -1 7.54979e-08 80 80 80 255
0.34264928 9.361945e-08 1.2400272 0 -1 7.54979e-08 219 200 190 255
0.36264926 9.361945e-08 1.2400272 0 -1 7.54979e-08 166 166 166 255
0.38264924 9.361945e-08 1.2400272 0 -1 7.54979e-08 50 40 23 255
0.40264922 9.361945e-08 1.2400272 0 -1 7.54979e-08 14 13 5 255
0.4226492 9.361945e-08 1.2400272 0 -1 7.54979e-08 51 40 19 255
0.4426492 9.361945e-08 1.2400272 0 -1 7.54979e-08 73 54 25 255
0.46264917 9.361945e-08 1.2400272 0 -1 7.54979e-08 80 59 27 255
0.48264927 9.361945e-08 1.2400272 0 -1 7.54979e-08 102 66 35 255
0.50264925 9.361945e-08 1.2400272 0 -1 7.54979e-08 107 70 37 255
0.5226492 9.361945e-08 1.2400272 0 -1 7.54979e-08 116 75 40 255
0.5426492 9.361945e-08 1.2400272 0 -1 7.54979e-08 101 68 35 255
0.5626492 9.361945e-08 1.2400272 0 -1 7.54979e-08 70 51 24 255
0.5826492 9.361945e-08 1.2400272 0 -1 7.54979e-08 1 0 0 255
-0.39735073 9.5129415e-08 1.2600273 0 -1 7.54979e-08 13 8 4 255
-0.37735075 9.5129415e-08 1.2600273 0 -1 7.54979e-08 94 61 32 255
-0.35735077 9.5129415e-08 1.2600273 0 -1 7.54979e-08 121 78 43 255
-0.3373508 9.5129415e-08 1.2600273 0 -1 7.54979e-08 124 79 44 255
-0.31735075 9.5129415e-08 1.2600273 0 -1 7.54979e-08 123 79 43 255
-0.29735076 9.5129415e-08 1.2600273 0 -1 7.54979e-08 123 79 43 255
-0.27735078 9.5129415e-08 1.2600273 0 -1 7.54979e-08 123 79 43 255
-0.25735074 9.5129415e-08 1.2600273 0 -1 7.54979e-08 128 82 46 255
-0.23735075 9.5129415e-08 1.2600273 0 -1 7.54979e-08 135 88 49 255
-0.21735077 9.5129415e-08 1.2600273 0 -1 7.54979e-08 125 81 44 255
-0.19735073 9.5129415e-08 1.2600273 0 -1 7.54979e-08 91 63 31 255
-0.17735074 9.5129415e-08 1.2600273 0 -1 7.54979e-08 65 49 24 255
-0.15735076 9.5129415e-08 1.2600273 0 -1 7.54979e-08 68 50 24 255
-0.13735072 9.5129415e-08 1.2600273 0 -1 7.54979e-08 58 45 19 255
-0.117350735 9.5129415e-08 1.2600273 0 -1 7.54979e-08 47 39 15 255
-0.097350754 9.5129415e-08 1.2600273 0 -1 7.54979e-08 43 42 39 255
-0.07735077 9.5129415e-08 1.2600273 0 -1 7.54979e-08 46 43 39 255
-0.057350796 9.5129415e-08 1.2600273 0 -1 7.54979e-08 43 43 43 255
-0.037350696 9.5129415e-08 1.2600273 0 -1 7.54979e-08 43 43 43 255
-0.017350713 9.5129415e-08 1.2600273 0 -1 7.54979e-08 44 44 44 255
0.0026492677 9.5129415e-08 1.2600273 0 -1 7.54979e-08 46 46 46 255
0.022649249 9.5129415e-08 1.2600273 0 -1 7.54979e-08 38 32 16 255
0.042649228 9.5129415e-08 1.2600273 0 -1 7.54979e-08 0 0 0 255
0.06264921 9.5129415e-08 1.2600273 0 -1 7.54979e-08 0 0 0 255
0.08264931 9.5129415e-08 1.2600273 0 -1 7.54979e-08 0 0 0 255
0.102649294 9.5129415e-08 1.2600273 0 -1 7.54979e-08 0 0 0 255
0.122649275 9.5129415e-08 1.2600273 0 -1 7.54979e-08 0 0 0 255
0.14264925 9.5129415e-08 1.2600273 0 -1 7.54979e-08 0 0 0 255
0.16264923 9.5129415e-08 1.2600273 0 -1 7.54979e-08 0 0 0 255
0.18264921 9.5129415e-08 1.2600273 0 -1 7.54979e-08 0 0 0 255
0.20264919 9.5129415e-08 1.2600273 0 -1 7.54979e-08 0 0 0 255
0.22264929 9.5129415e-08 1.2600273 0 -1 7.54979e-08 0 0 0 255
0.24264927 9.5129415e-08 1.2600273 0 -1 7.54979e-08 0 0 0 255
0.26264924 9.5129415e-08 1.2600273 0 -1 7.54979e-08 0 0 0 255
0.28264922 9.5129415e-08 1.2600273 0 -1 7.54979e-08 0 0 0 255
0.3026492 9.5129415e-08 1.2600273 0 -1 7.54979e-08 0 0 0 255
0.32264918 9.5129415e-08 1.2600273 0 -1 7.54979e-08 74 74 74 255
0.34264928 9.5129415e-08 1.2600273 0 -1 7.54979e-08 163 163 163 255
0.36264926 9.5129415e-08 1.2600273 0 -1 7.54979e-08 168 165 161 255
0.38264924 9.5129415e-08 1.2600273 0 -1 7.54979e-08 61 61 55 255
0.40264922 9.5129415e-08 1.2600273 0 -1 7.54979e-08 24 29 19 255
0.4226492 9.5129415e-08 1.2600273 0 -1 7.54979e-08 52 42 27 255
0.4426492 9.5129415e-08 1.2600273 0 -1 7.54979e-08 70 51 24 255
0.46264917 9.5129415e-08 1.2600273 0 -1 7.54979e-08 90 62 31 255
0.48264927 9.5129415e-08 1.2600273 0 -1 7.54979e-08 105 68 36 255
0.50264925 9.5129415e-08 1.2600273 0 -1 7.54979e-08 120 78 42 255
0.5226492 9.5129415e-08 1.2600273 0 -1 7.54979e-08 134 85 49 255
0.5426492 9.5129415e-08 1.2600273 0 -1 7.54979e-08 103 66 36 255
0.5626492 9.5129415e-08 1.2600273 0 -1 7.54979e-08 16 10 5 255
0.5826492 9.5129415e-08 1.2600273 0 -1 7.54979e-08 0 0 0 255
-0.37735075 9.6639376e-08 1.2800273 0 -1 7.54979e-08 24 17 8 255
-0.35735077 9.6639376e-08 1.2800273 0 -1 7.54979e-08 92 62 31 255
-0.3373508 9.6639376e-08 1.2800273 0 -1 7.54979e-08 119 77 42 255
-0.31735075 9.6639376e-08 1.2800273 0 -1 7.54979e-08 127 81 46 255
-0.29735076 9.6639376e-08 1.2800273 0 -1 7.54979e-08 128 81 46 255
-0.27735078 9.6639376e-08 1.2800273 0 -1 7.54979e-08 131 83 47 255
-0.25735074 9.6639376e-08 1.2800273 0 -1 7.54979e-08 139 89 51 255
-0.23735075 9.6639376e-08 1.2800273 0 -1 7.54979e-08 137 88 50 255
-0.21735077 9.6639376e-08 1.2800273 0 -1 7.54979e-08 123 79 43 255
-0.19735073 9.6639376e-08 1.2800273 0 -1 7.54979e-08 91 63 31 255
-0.17735074 9.6639376e-08 1.2800273 0 -1 7.54979e-08 84 60 29 255
-0.15735076 9.6639376e-08 1.2800273 0 -1 7.54979e-08 86 59 29 255
-0.13735072 9.6639376e-08 1.2800273 0 -1 7.54979e-08 59 45 19 255
-0.117350735 9.6639376e-08 1.2800273 0 -1 7.54979e-08 47 39 15 255
-0.097350754 9.6639376e-08 1.2800273 0 -1 7.54979e-08 46 42 35 255
-0.07735077 9.6639376e-08 1.2800273 0 -1 7.54979e-08 59 47 29 255
-0.057350796 9.6639376e-08 1.2800273 0 -1 7.54979e-08 40 40 40 255
-0.037350696 9.6639376e-08 1.2800273 0 -1 7.54979e-08 38 41 38 255
-0.017350713 9.6639376e-08 1.2800273 0 -1 7.54979e-08 44 44 42 255
0.0026492677 9.6639376e-08 1.2800273 0 -1 7.54979e-08 53 51 49 255
0.022649249 9.6639376e-08 1.2800273 0 -1 7.54979e-08 28 30 27 255
0.042649228 9.6639376e-08 1.2800273 0 -1 7.54979e-08 0 0 0 255
0.06264921 9.6639376e-08 1.2800273 0 -1 7.54979e-08 0 0 0 255
0.08264931 9.6639376e-08 1.2800273 0 -1 7.54979e-08 0 0 0 255
0.102649294 9.6639376e-08 1.2800273 0 -1 7.54979e-08 0 0 0 255
0.122649275 9.6639376e-08 1.2800273 0 -1 7.54979e-08 0 0 0 255
0.14264925 9.6639376e-08 1.2800273 0 -1 7.54979e-08 0 0 0 255
0.16264923 9.6639376e-08 1.2800273 0 -1 7.54979e-08 0 0 0 255
0.18264921 9.6639376e-08 1.2800273 0 -1 7.54979e-08 0 0 0 255
0.20264919 9.6639376e-08 1.2800273 0 -1 7.54979e-08 0 0 0 255
0.22264929 9.6639376e-08 1.2800273 0 -1 7.54979e-08 0 0 0 255
0.24264927 9.6639376e-08 1.2800273 0 -1 7.54979e-08 0 0 0 255
0.26264924 9.6639376e-08 1.2800273 0 -1 7.54979e-08 0 0 0 255
0.28264922 9.6639376e-08 1.2800273 0 -1 7.54979e-08 0 0 0 255
0.3026492 9.6639376e-08 1.2800273 0 -1 7.54979e-08 0 0 0 255
0.32264918 9.6639376e-08 1.2800273 0 -1 7.54979e-08 0 0 0 255
0.34264928 9.6639376e-08 1.2800273 0 -1 7.54979e-08 20 20 20 255
0.36264926 9.6639376e-08 1.2800273 0 -1 7.54979e-08 47 34 15 255
0.38264924 9.6639376e-08 1.2800273 0 -1 7.54979e-08 49 40 22 255
0.40264922 9.6639376e-08 1.2800273 0 -1 7.54979e-08 55 49 41 255
0.4226492 9.6639376e-08 1.2800273 0 -1 7.54979e-08 56 42 20 255
0.4426492 9.6639376e-08 1.2800273 0 -1 7.54979e-08 79 55 27 255
0.46264917 9.6639376e-08 1.2800273 0 -1 7.54979e-08 100 66 34 255
0.48264927 9.6639376e-08 1.2800273 0 -1 7.54979e-08 116 75 40 255
0.50264925 9.6639376e-08 1.2800273 0 -1 7.54979e-08 131 84 47 255
0.5226492 9.6639376e-08 1.2800273 0 -1 7.54979e-08 142 92 53 255
0.5426492 9.6639376e-08 1.2800273 0 -1 7.54979e-08 48 31 17 255
0.5626492 9.6639376e-08 1.2800273 0 -1 7.54979e-08 0 0 0 255
-0.35735077 9.814933e-08 1.3000273 0 -1 7.54979e-08 37 26 12 255
-0.3373508 9.814933e-08 1.3000273 0 -1 7.54979e-08 78 52 27 255
-0.31735075 9.814933e-08 1.3000273 0 -1 7.54979e-08 111 72 39 255
-0.29735076 9.814933e-08 1.3000273 0 -1 7.54979e-08 118 76 41 255
-0.27735078 9.814933e-08 1.3000273 0 -1 7.54979e-08 124 79 44 255
-0.25735074 9.814933e-08 1.3000273 0 -1 7.54979e-08 121 77 43 255
-0.23735075 9.814933e-08 1.3000273 0 -1 7.54979e-08 114 74 39 255
-0.21735077 9.814933e-08 1.3000273 0 -1 7.54979e-08 113 74 38 255
-0.19735073 9.814933e-08 1.3000273 0 -1 7.54979e-08 95 65 33 255
-0.17735074 9.814933e-08 1.3000273 0 -1 7.54979e-08 104 68 35 255
-0.15735076 9.814933e-08 1.3000273 0 -1 7.54979e-08 97 65 33 255
-0.13735072 9.814933e-08 1.3000273 0 -1 7.54979e-08 66 50 22 255
-0.117350735 9.814933e-08 1.3000273 0 -1 7.54979e-08 47 39 15 255
-0.097350754 9.814933e-08 1.3000273 0 -1 7.54979e-08 57 42 18 255
-0.07735077 9.814933e-08 1.3000273 0 -1 7.54979e-08 52 49 45 255
-0.057350796 9.814933e-08 1.3000273 0 -1 7.54979e-08 34 36 33 255
-0.037350696 9.814933e-08 1.3000273 0 -1 7.54979e-08 8 16 3 255
-0.017350713 9.814933e-08 1.3000273 0 -1 7.54979e-08 11 11 3 255
0.0026492677 9.814933e-08 1.3000273 0 -1 7.54979e-08 23 15 6 255
0.022649249 9.814933e-08 1.3000273 0 -1 7.54979e-08 7 15 3 255
0.042649228 9.814933e-08 1.3000273 0 -1 7.54979e-08 0 0 0 255
0.06264921 9.814933e-08 1.3000273 0 -1 7.54979e-08 0 0 0 255
0.08264931 9.814933e-08 1.3000273 0 -1 7.54979e-08 0 0 0 255
0.102649294 9.814933e-08 1.3000273 0 -1 7.54979e-08 0 0 0 255
0.122649275 9.814933e-08 1.3000273 0 -1 7.54979e-08 0 0 0 255
0.14264925 9.814933e-08 1.3000273 0 -1 7.54979e-08 0 0 0 255
0.16264923 9.814933e-08 1.3000273 0 -1 7.54979e-08 0 0 0 255
0.18264921 9.814933e-08 1.3000273 0 -1 7.54979e-08 0 0 0 255
0.20264919 9.814933e-08 1.3000273 0 -1 7.54979e-08 0 0 0 255
0.22264929 9.814933e-08 1.3000273 0 -1 7.54979e-08 0 0 0 255
0.24264927 9.814933e-08 1.3000273 0 -1 7.54979e-08 0 0 0 255
0.26264924 9.814933e-08 1.3000273 0 -1 7.54979e-08 0 0 0 255
0.28264922 9.814933e-08 1.3000273 0 -1 7.54979e-08 0 0 0 255
0.3026492 9.814933e-08 1.3000273 0 -1 7.54979e-08 0 0 0 255
0.32264918 9.814933e-08 1.3000273 0 -1 7.54979e-08 0 0 0 255
0.34264928 9.814933e-08 1.3000273 0 -1 7.54979e-08 0 0 0 255
0.36264926 9.814933e-08 1.3000273 0 -1 7.54979e-08 0 0 0 255
0.38264924 9.814933e-08 1.3000273 0 -1 7.54979e-08 20 27 13 255
0.40264922 9.814933e-08 1.3000273 0 -1 7.54979e-08 55 49 41 255
0.4226492 9.814933e-08 1.3000273 0 -1 7.54979e-08 28 21 10 255
0.4426492 9.814933e-08 1.3000273 0 -1 7.54979e-08 52 36 17 255
0.46264917 9.814933e-08 1.3000273 0 -1 7.54979e-08 80 53 27 255
0.48264927 9.814933e-08 1.3000273 0 -1 7.54979e-08 97 63 34 255
0.50264925 9.814933e-08 1.3000273 0 -1 7.54979e-08 105 67 38 255
0.5226492 9.814933e-08 1.3000273 0 -1 7.54979e-08 61 40 22 255
0.5426492 9.814933e-08 1.3000273 0 -1 7.54979e-08 0 0 0 255
-0.3373508 9.965929e-08 1.3200272 0 -1 7.54979e-08 0 0 0 255
-0.31735075 9.965929e-08 1.3200272 0 -1 7.54979e-08 62 43 21 255
-0.29735076 9.965929e-08 1.3200272 0 -1 7.54979e-08 80 52 27 255
-0.27735078 9.965929e-08 1.3200272 0 -1 7.54979e-08 80 52 27 255
-0.25735074 9.965929e-08 1.3200272 0 -1 7.54979e-08 80 52 27 255
-0.23735075 9.965929e-08 1.3200272 0 -1 7.54979e-08 93 61 32 255
-0.21735077 9.965929e-08 1.3200272 0 -1 7.54979e-08 112 73 38 255
-0.19735073 9.965929e-08 1.3200272 0 -1 7.54979e-08 118 77 41 255
-0.17735074 9.965929e-08 1.3200272 0 -1 7.54979e-08 117 76 40 255
-0.15735076 9.965929e-08 1.3200272 0 -1 7.54979e-08 112 73 38 255
-0.13735072 9.965929e-08 1.3200272 0 -1 7.54979e-08 82 56 28 255
-0.117350735 9.965929e-08 1.3200272 0 -1 7.54979e-08 51 40 17 255
-0.097350754 9.965929e-08 1.3200272 0 -1 7.54979e-08 57 42 18 255
-0.07735077 9.965929e-08 1.3200272 0 -1 7.54979e-08 63 47 24 255
-0.057350796 9.965929e-08 1.3200272 0 -1 7.54979e-08 62 56 48 255
-0.037350696 9.965929e-08 1.3200272 0 -1 7.54979e-08 23 16 6 255
-0.017350713 9.965929e-08 1.3200272 0 -1 7.54979e-08 5 3 1 255
0.0026492677 9.965929e-08 1.3200272 0 -1 7.54979e-08 11 6 2 255
0.022649249 9.965929e-08 1.3200272 0 -1 7.54979e-08 0 0 0 255
0.042649228 9.965929e-08 1.3200272 0 -1 7.54979e-08 0 0 0 255
0.06264921 9.965929e-08 1.3200272 0 -1 7.54979e-08 0 0 0 255
0.08264931 9.965929e-08 1.3200272 0 -1 7.54979e-08 0 0 0 255
0.102649294 9.965929e-08 1.3200272 0 -1 7.54979e-08 0 0 0 255
0.122649275 9.965929e-08 1.3200272 0 -1 7.54979e-08 0 0 0 255
0.14264925 9.965929e-08 1.3200272 0 -1 7.54979e-08 0 0 0 255
0.16264923 9.965929e-08 1.3200272 0 -1 7.54979e-08 0 0 0 255
0.18264921 9.965929e-08 1.3200272 0 -1 7.54979e-08 0 0 0 255
0.20264919 9.965929e-08 1.3200272 0 -1 7.54979e-08 0 0 0 255
0.22264929 9.965929e-08 1.3200272 0 -1 7.54979e-08 0 0 0 255
0.24264927 9.965929e-08 1.3200272 0 -1 7.54979e-08 0 0 0 255
0.26264924 9.965929e-08 1.3200272 0 -1 7.54979e-08 0 0 0 255
0.28264922 9.965929e-08 1.3200272 0 -1 7.54979e-08 0 0 0 255
0.3026492 9.965929e-08 1.3200272 0 -1 7.54979e-08 0 0 0 255
0.32264918 9.965929e-08 1.3200272 0 -1 7.54979e-08 0 0 0 255
0.34264928 9.965929e-08 1.3200272 0 -1 7.54979e-08 6 5 1 255
0.36264926 9.965929e-08 1.3200272 0 -1 7.54979e-08 10 10 10 255
0.38264924 9.965929e-08 1.3200272 0 -1 7.54979e-08 42 37 23 255
0.40264922 9.965929e-08 1.3200272 0 -1 7.54979e-08 52 46 35 255
0.4226492 9.965929e-08 1.3200272 0 -1 7.54979e-08 27 20 9 255
0.4426492 9.965929e-08 1.3200272 0 -1 7.54979e-08 0 0 0 255
0.46264917 9.965929e-08 1.3200272 0 -1 7.54979e-08 0 0 0 255
0.48264927 9.965929e-08 1.3200272 0 -1 7.54979e-08 0 0 0 255
0.50264925 9.965929e-08 1.3200272 0 -1 7.54979e-08 0 0 0 255
0.5226492 9.965929e-08 1.3200272 0 -1 7.54979e-08 0 0 0 255
-0.29735076 1.0116924e-07 1.3400272 0 -1 7.54979e-08 0 0 0 255
-0.27735078 1.0116924e-07 1.3400272 0 -1 7.54979e-08 0 0 0 255
-0.25735074 1.0116924e-07 1.3400272 0 -1 7.54979e-08 0 0 0 255
-0.23735075 1.0116924e-07 1.3400272 0 -1 7.54979e-08 47 31 16 255
-0.21735077 1.0116924e-07 1.3400272 0 -1 7.54979e-08 109 70 38 255
-0.19735073 1.0116924e-07 1.3400272 0 -1 7.54979e-08 133 87 48 255
-0.17735074 1.0116924e-07 1.3400272 0 -1 7.54979e-08 130 83 47 255
-0.15735076 1.0116924e-07 1.3400272 0 -1 7.54979e-08 120 77 42 255
-0.13735072 1.0116924e-07 1.3400272 0 -1 7.54979e-08 89 61 31 255
-0.117350735 1.0116924e-07 1.3400272 0 -1 7.54979e-08 52 41 18 255
-0.097350754 1.0116924e-07 1.3400272 0 -1 7.54979e-08 57 42 18 255
-0.07735077 1.0116924e-07 1.3400272 0 -1 7.54979e-08 63 47 23 255
-0.057350796 1.0116924e-07 1.3400272 0 -1 7.54979e-08 89 62 31 255
-0.037350696 1.0116924e-07 1.3400272 0 -1 7.54979e-08 78 58 31 255
-0.017350713 1.0116924e-07 1.3400272 0 -1 7.54979e-08 36 29 17 255
0.0026492677 1.0116924e-07 1.3400272 0 -1 7.54979e-08 10 8 3 255
0.022649249 1.0116924e-07 1.3400272 0 -1 7.54979e-08 0 0 0 255
0.042649228 1.0116924e-07 1.3400272 0 -1 7.54979e-08 0 0 0 255
0.06264921 1.0116924e-07 1.3400272 0 -1 7.54979e-08 0 0 0 255
0.08264931 1.0116924e-07 1.3400272 0 -1 7.54979e-08 0 0 0 255
0.102649294 1.0116924e-07 1.3400272 0 -1 7.54979e-08 0 0 0 255
0.122649275 1.0116924e-07 1.3400272 0 -1 7.54979e-08 0 0 0 255
0.14264925 1.0116924e-07 1.3400272 0 -1 7.54979e-08 0 0 0 255
0.16264923 1.0116924e-07 1.3400272 0 -1 7.54979e-08 0 0 0 255
0.18264921 1.0116924e-07 1.3400272 0 -1 7.54979e-08 0 0 0 255
0.20264919 1.0116924e-07 1.3400272 0 -1 7.54979e-08 0 0 0 255
0.22264929 1.0116924e-07 1.3400272 0 -1 7.54979e-08 0 0 0 255
0.24264927 1.0116924e-07 1.3400272 0 -1 7.54979e-08 0 0 0 255
0.26264924 1.0116924e-07 1.3400272 0 -1 7.54979e-08 0 0 0 255
0.28264922 1.0116924e-07 1.3400272 0 -1 7.54979e-08 0 0 0 255
0.3026492 1.0116924e-07 1.3400272 0 -1 7.54979e-08 0 0 0 255
0.32264918 1.0116924e-07 1.3400272 0 -1 7.54979e-08 1 2 0 255
0.34264928 1.0116924e-07 1.3400272 0 -1 7.54979e-08 42 37 24 255
0.36264926 1.0116924e-07 1.3400272 0 -1 7.54979e-08 54 54 54 255
0.38264924 1.0116924e-07 1.3400272 0 -1 7.54979e-08 47 44 37 255
0.40264922 1.0116924e-07 1.3400272 0 -1 7.54979e-08 42 33 13 255
0.4226492 1.0116924e-07 1.3400272 0 -1 7.54979e-08 16 13 5 255
-0.23735075 1.026792e-07 1.3600272 0 -1 7.54979e-08 0 0 0 255
-0.21735077 1.026792e-07 1.3600272 0 -1 7.54979e-08 61 40 21 255
-0.19735073 1.026792e-07 1.3600272 0 -1 7.54979e-08 93 60 32 255
-0.17735074 1.026792e-07 1.3600272 0 -1 7.54979e-08 128 84 46 255
-0.15735076 1.026792e-07 1.3600272 0 -1 7.54979e-08 117 76 41 255
-0.13735072 1.026792e-07 1.3600272 0 -1 7.54979e-08 80 55 27 255
-0.117350735 1.026792e-07 1.3600272 0 -1 7.54979e-08 42 33 13 255
-0.097350754 1.026792e-07 1.3600272 0 -1 7.54979e-08 53 40 17 255
-0.07735077 1.026792e-07 1.3600272 0 -1 7.54979e-08 63 47 23 255
-0.057350796 1.026792e-07 1.3600272 0 -1 7.54979e-08 97 66 33 255
-0.037350696 1.026792e-07 1.3600272 0 -1 7.54979e-08 104 78 57 255
-0.017350713 1.026792e-07 1.3600272 0 -1 7.54979e-08 78 69 55 255
0.0026492677 1.026792e-07 1.3600272 0 -1 7.54979e-08 53 44 27 255
0.022649249 1.026792e-07 1.3600272 0 -1 7.54979e-08 10 8 3 255
0.042649228 1.026792e-07 1.3600272 0 -1 7.54979e-08 0 0 0 255
0.06264921 1.026792e-07 1.3600272 0 -1 7.54979e-08 0 0 0 255
0.08264931 1.026792e-07 1.3600272 0 -1 7.54979e-08 4 3 1 255
0.102649294 1.026792e-07 1.3600272 0 -1 7.54979e-08 8 7 2 255
0.122649275 1.026792e-07 1.3600272 0 -1 7.54979e-08 6 4 1 255
0.14264925 1.026792e-07 1.3600272 0 -1 7.54979e-08 6 4 1 255
0.16264923 1.026792e-07 1.3600272 0 -1 7.54979e-08 0 0 0 255
0.18264921 1.026792e-07 1.3600272 0 -1 7.54979e-08 0 1 0 255
0.20264919 1.026792e-07 1.3600272 0 -1 7.54979e-08 5 5 1 255
0.22264929 1.026792e-07 1.3600272 0 -1 7.54979e-08 3 5 1 255
0.24264927 1.026792e-07 1.3600272 0 -1 7.54979e-08 0 0 0 255
0.26264924 1.026792e-07 1.3600272 0 -1 7.54979e-08 0 0 0 255
0.28264922 1.026792e-07 1.3600272 0 -1 7.54979e-08 4 2 0 255
0.3026492 1.026792e-07 1.3600272 0 -1 7.54979e-08 2 1 0 255
0.32264918 1.026792e-07 1.3600272 0 -1 7.54979e-08 4 12 2 255
0.34264928 1.026792e-07 1.3600272 0 -1 7.54979e-08 76 78 75 255
0.36264926 1.026792e-07 1.3600272 0 -1 7.54979e-08 64 61 55 255
0.38264924 1.026792e-07 1.3600272 0 -1 7.54979e-08 49 38 15 255
0.40264922 1.026792e-07 1.3600272 0 -1 7.54979e-08 41 30 13 255
0.4226492 1.026792e-07 1.3600272 0 -1 7.54979e-08 0 0 0 255
-0.21735077 1.0418916e-07 1.3800273 0 -1 7.54979e-08 0 0 0 255
-0.19735073 1.0418916e-07 1.3800273 0 -1 7.54979e-08 0 0 0 255
-0.17735074 1.0418916e-07 1.3800273 0 -1 7.54979e-08 77 50 26 255
-0.15735076 1.0418916e-07 1.3800273 0 -1 7.54979e-08 71 48 24 255
-0.13735072 1.0418916e-07 1.3800273 0 -1 7.54979e-08 29 22 10 255
-0.117350735 1.0418916e-07 1.3800273 0 -1 7.54979e-08 0 0 0 255
-0.097350754 1.0418916e-07 1.3800273 0 -1 7.54979e-08 30 25 10 255
-0.07735077 1.0418916e-07 1.3800273 0 -1 7.54979e-08 63 47 23 255
-0.057350796 1.0418916e-07 1.3800273 0 -1 7.54979e-08 97 66 33 255
-0.037350696 1.0418916e-07 1.3800273 0 -1 7.54979e-08 100 74 53 255
-0.017350713 1.0418916e-07 1.3800273 0 -1 7.54979e-08 70 70 70 255
0.0026492677 1.0418916e-07 1.3800273 0 -1 7.54979e-08 65 65 65 255
0.022649249 1.0418916e-07 1.3800273 0 -1 7.54979e-08 46 41 27 255
0.042649228 1.0418916e-07 1.3800273 0 -1 7.54979e-08 4 2 0 255
0.06264921 1.0418916e-07 1.3800273 0 -1 7.54979e-08 5 6 2 255
0.08264931 1.0418916e-07 1.3800273 0 -1 7.54979e-08 31 26 16 255
0.102649294 1.0418916e-07 1.3800273 0 -1 7.54979e-08 49 43 28 255
0.122649275 1.0418916e-07 1.3800273 0 -1 7.54979e-08 45 39 29 255
0.14264925 1.0418916e-07 1.3800273 0 -1 7.54979e-08 39 34 25 255
0.16264923 1.0418916e-07 1.3800273 0 -1 7.54979e-08 7 7 6 255
0.18264921 1.0418916e-07 1.3800273 0 -1 7.54979e-08 14 16 11 255
0.20264919 1.0418916e-07 1.3800273 0 -1 7.54979e-08 57 58 44 255
0.22264929 1.0418916e-07 1.3800273 0 -1 7.54979e-08 49 54 42 255
0.24264927 1.0418916e-07 1.3800273 0 -1 7.54979e-08 17 18 17 255
0.26264924 1.0418916e-07 1.3800273 0 -1 7.54979e-08 18 17 16 255
0.28264922 1.0418916e-07 1.3800273 0 -1 7.54979e-08 37 31 25 255
0.3026492 1.0418916e-07 1.3800273 0 -1 7.54979e-08 22 18 13 255
0.32264918 1.0418916e-07 1.3800273 0 -1 7.54979e-08 13 16 4 255
0.34264928 1.0418916e-07 1.3800273 0 -1 7.54979e-08 63 63 55 255
0.36264926 1.0418916e-07 1.3800273 0 -1 7.54979e-08 69 48 23 255
0.38264924 1.0418916e-07 1.3800273 0 -1 7.54979e-08 64 47 21 255
0.40264922 1.0418916e-07 1.3800273 0 -1 7.54979e-08 22 18 7 255
0.4226492 1.0418916e-07 1.3800273 0 -1 7.54979e-08 0 0 0 255
-0.17735074 1.0569912e-07 1.4000273 0 -1 7.54979e-08 0 0 0 255
-0.15735076 1.0569912e-07 1.4000273 0 -1 7.54979e-08 0 0 0 255
-0.13735072 1.0569912e-07 1.4000273 0 -1 7.54979e-08 0 0 0 255
-0.097350754 1.0569912e-07 1.4000273 0 -1 7.54979e-08 0 0 0 255
-0.07735077 1.0569912e-07 1.4000273 0 -1 7.54979e-08 48 36 18 255
-0.057350796 1.0569912e-07 1.4000273 0 -1 7.54979e-08 93 64 32 255
-0.037350696 1.0569912e-07 1.4000273 0 -1 7.54979e-08 99 74 53 255
-0.017350713 1.0569912e-07 1.4000273 0 -1 7.54979e-08 66 66 66 255
0.0026492677 1.0569912e-07 1.4000273 0 -1 7.54979e-08 53 53 53 255
0.022649249 1.0569912e-07 1.4000273 0 -1 7.54979e-08 60 60 60 255
0.042649228 1.0569912e-07 1.4000273 0 -1 7.54979e-08 24 20 13 255
0.06264921 1.0569912e-07 1.4000273 0 -1 7.54979e-08 28 30 17 255
0.08264931 1.0569912e-07 1.4000273 0 -1 7.54979e-08 64 58 49 255
0.102649294 1.0569912e-07 1.4000273 0 -1 7.54979e-08 76 76 76 255
0.122649275 1.0569912e-07 1.4000273 0 -1 7.54979e-08 87 87 87 255
0.14264925 1.0569912e-07 1.4000273 0 -1 7.54979e-08 75 71 66 255
0.16264923 1.0569912e-07 1.4000273 0 -1 7.54979e-08 32 31 30 255
0.18264921 1.0569912e-07 1.4000273 0 -1 7.54979e-08 49 45 41 255
0.20264919 1.0569912e-07 1.4000273 0 -1 7.54979e-08 133 133 133 255
0.22264929 1.0569912e-07 1.4000273 0 -1 7.54979e-08 131 131 131 255
0.24264927 1.0569912e-07 1.4000273 0 -1 7.54979e-08 65 65 65 255
0.26264924 1.0569912e-07 1.4000273 0 -1 7.54979e-08 63 62 62 255
0.28264922 1.0569912e-07 1.4000273 0 -1 7.54979e-08 80 79 77 255
0.3026492 1.0569912e-07 1.4000273 0 -1 7.54979e-08 60 58 51 255
0.32264918 1.0569912e-07 1.4000273 0 -1 7.54979e-08 45 39 24 255
0.34264928 1.0569912e-07 1.4000273 0 -1 7.54979e-08 58 44 21 255
0.36264926 1.0569912e-07 1.4000273 0 -1 7.54979e-08 94 62 32 255
0.38264924 1.0569912e-07 1.4000273 0 -1 7.54979e-08 43 31 14 255
0.40264922 1.0569912e-07 1.4000273 0 -1 7.54979e-08 0 0 0 255
-0.07735077 1.07209075e-07 1.4200273 0 -1 7.54979e-08 2 1 0 255
-0.057350796 1.07209075e-07 1.4200273 0 -1 7.54979e-08 66 48 23 255
-0.037350696 1.07209075e-07 1.4200273 0 -1 7.54979e-08 84 65 46 255
-0.017350713 1.07209075e-07 1.4200273 0 -1 7.54979e-08 64 64 64 255
0.0026492677 1.07209075e-07 1.4200273 0 -1 7.54979e-08 53 53 53 255
0.022649249 1.07209075e-07 1.4200273 0 -1 7.54979e-08 43 43 43 255
0.042649228 1.07209075e-07 1.4200273 0 -1 7.54979e-08 43 43 43 255
0.06264921 1.07209075e-07 1.4200273 0 -1 7.54979e-08 43 43 43 255
0.08264931 1.07209075e-07 1.4200273 0 -1 7.54979e-08 45 45 45 255
0.102649294 1.07209075e-07 1.4200273 0 -1 7.54979e-08 54 54 54 255
0.122649275 1.07209075e-07 1.4200273 0 -1 7.54979e-08 50 50 50 255
0.14264925 1.07209075e-07 1.4200273 0 -1 7.54979e-08 52 40 23 255
0.16264923 1.07209075e-07 1.4200273 0 -1 7.54979e-08 35 35 35 255
0.18264921 1.07209075e-07 1.4200273 0 -1 7.54979e-08 39 39 39 255
0.20264919 1.07209075e-07 1.4200273 0 -1 7.54979e-08 48 48 48 255
0.22264929 1.07209075e-07 1.4200273 0 -1 7.54979e-08 48 48 48 255
0.24264927 1.07209075e-07 1.4200273 0 -1 7.54979e-08 43 43 43 255
0.26264924 1.07209075e-07 1.4200273 0 -1 7.54979e-08 41 41 40 255
0.28264922 1.07209075e-07 1.4200273 0 -1 7.54979e-08 34 30 24 255
0.3026492 1.07209075e-07 1.4200273 0 -1 7.54979e-08 56 56 56 255
0.32264918 1.07209075e-07 1.4200273 0 -1 7.54979e-08 62 62 62 255
0.34264928 1.07209075e-07 1.4200273 0 -1 7.54979e-08 88 62 37 255
0.36264926 1.07209075e-07 1.4200273 0 -1 7.54979e-08 52 37 17 255
0.38264924 1.07209075e-07 1.4200273 0 -1 7.54979e-08 0 0 0 255
0.40264922 1.07209075e-07 1.4200273 0 -1 7.54979e-08 0 0 0 255
-0.07735077 1.08719036e-07 1.4400272 0 -1 7.54979e-08 0 0 0 255
-0.057350796 1.08719036e-07 1.4400272 0 -1 7.54979e-08 12 9 4 255
-0.037350696 1.08719036e-07 1.4400272 0 -1 7.54979e-08 61 52 38 255
-0.017350713 1.08719036e-07 1.4400272 0 -1 7.54979e-08 64 64 64 255
0.0026492677 1.08719036e-07 1.4400272 0 -1 7.54979e-08 53 53 53 255
0.022649249 1.08719036e-07 1.4400272 0 -1 7.54979e-08 43 43 43 255
0.042649228 1.08719036e-07 1.4400272 0 -1 7.54979e-08 43 43 43 255
0.06264921 1.08719036e-07 1.4400272 0 -1 7.54979e-08 43 43 43 255
0.08264931 1.08719036e-07 1.4400272 0 -1 7.54979e-08 43 43 43 255
0.102649294 1.08719036e-07 1.4400272 0 -1 7.54979e-08 43 43 43 255
0.122649275 1.08719036e-07 1.4400272 0 -1 7.54979e-08 43 43 43 255
0.14264925 1.08719036e-07 1.4400272 0 -1 7.54979e-08 35 35 35 255
0.16264923 1.08719036e-07 1.4400272 0 -1 7.54979e-08 36 36 36 255
0.18264921 1.08719036e-07 1.4400272 0 -1 7.54979e-08 43 43 43 255
0.20264919 1.08719036e-07 1.4400272 0 -1 7.54979e-08 43 43 43 255
0.22264929 1.08719036e-07 1.4400272 0 -1 7.54979e-08 43 43 43 255
0.24264927 1.08719036e-07 1.4400272 0 -1 7.54979e-08 43 43 43 255
0.26264924 1.08719036e-07 1.4400272 0 -1 7.54979e-08 42 42 42 255
0.28264922 1.08719036e-07 1.4400272 0 -1 7.54979e-08 37 37 37 255
0.3026492 1.08719036e-07 1.4400272 0 -1 7.54979e-08 56 56 56 255
0.32264918 1.08719036e-07 1.4400272 0 -1 7.54979e-08 55 55 55 255
0.34264928 1.08719036e-07 1.4400272 0 -1 7.54979e-08 51 39 23 255
0.36264926 1.08719036e-07 1.4400272 0 -1 7.54979e-08 0 0 0 255
0.38264924 1.08719036e-07 1.4400272 0 -1 7.54979e-08 0 0 0 255
-0.057350796 1.1022899e-07 1.4600272 0 -1 7.54979e-08 0 0 0 255
-0.037350696 1.1022899e-07 1.4600272 0 -1 7.54979e-08 19 19 19 255
-0.017350713 1.1022899e-07 1.4600272 0 -1 7.54979e-08 56 56 56 255
0.0026492677 1.1022899e-07 1.4600272 0 -1 7.54979e-08 53 53 53 255
0.022649249 1.1022899e-07 1.4600272 0 -1 7.54979e-08 43 43 43 255
0.042649228 1.1022899e-07 1.4600272 0 -1 7.54979e-08 43 43 43 255
0.06264921 1.1022899e-07 1.4600272 0 -1 7.54979e-08 43 43 43 255
0.08264931 1.1022899e-07 1.4600272 0 -1 7.54979e-08 43 43 43 255
0.102649294 1.1022899e-07 1.4600272 0 -1 7.54979e-08 44 44 44 255
0.122649275 1.1022899e-07 1.4600272 0 -1 7.54979e-08 43 43 43 255
0.14264925 1.1022899e-07 1.4600272 0 -1 7.54979e-08 35 35 35 255
0.16264923 1.1022899e-07 1.4600272 0 -1 7.54979e-08 36 36 36 255
0.18264921 1.1022899e-07 1.4600272 0 -1 7.54979e-08 43 43 43 255
0.20264919 1.1022899e-07 1.4600272 0 -1 7.54979e-08 43 43 43 255
0.22264929 1.1022899e-07 1.4600272 0 -1 7.54979e-08 43 43 43 255
0.24264927 1.1022899e-07 1.4600272 0 -1 7.54979e-08 43 43 43 255
0.26264924 1.1022899e-07 1.4600272 0 -1 7.54979e-08 42 42 42 255
0.28264922 1.1022899e-07 1.4600272 0 -1 7.54979e-08 41 41 41 255
0.3026492 1.1022899e-07 1.4600272 0 -1 7.54979e-08 56 56 56 255
0.32264918 1.1022899e-07 1.4600272 0 -1 7.54979e-08 46 46 46 255
0.34264928 1.1022899e-07 1.4600272 0 -1 7.54979e-08 6 6 6 255
0.36264926 1.1022899e-07 1.4600272 0 -1 7.54979e-08 0 0 0 255
-0.037350696 1.1173895e-07 1.4800272 0 -1 7.54979e-08 0 0 0 255
-0.017350713 1.1173895e-07 1.4800272 0 -1 7.54979e-08 36 36 36 255
0.0026492677 1.1173895e-07 1.4800272 0 -1 7.54979e-08 53 53 53 255
0.022649249 1.1173895e-07 1.4800272 0 -1 7.54979e-08 43 43 43 255
0.042649228 1.1173895e-07 1.4800272 0 -1 7.54979e-08 43 43 43 255
0.06264921 1.1173895e-07 1.4800272 0 -1 7.54979e-08 43 43 43 255
0.08264931 1.1173895e-07 1.4800272 0 -1 7.54979e-08 43 43 43 255
0.102649294 1.1173895e-07 1.4800272 0 -1 7.54979e-08 48 48 48 255
0.122649275 1.1173895e-07 1.4800272 0 -1 7.54979e-08 44 44 44 255
0.14264925 1.1173895e-07 1.4800272 0 -1 7.54979e-08 35 35 35 255
0.16264923 1.1173895e-07 1.4800272 0 -1 7.54979e-08 36 36 36 255
0.18264921 1.1173895e-07 1.4800272 0 -1 7.54979e-08 43 43 43 255
0.20264919 1.1173895e-07 1.4800272 0 -1 7.54979e-08 43 43 43 255
0.22264929 1.1173895e-07 1.4800272 0 -1 7.54979e-08 43 43 43 255
0.24264927 1.1173895e-07 1.4800272 0 -1 7.54979e-08 43 43 43 255
0.26264924 1.1173895e-07 1.4800272 0 -1 7.54979e-08 43 43 43 255
0.28264922 1.1173895e-07 1.4800272 0 -1 7.54979e-08 45 45 45 255
0.3026492 1.1173895e-07 1.4800272 0 -1 7.54979e-08 56 56 56 255
0.32264918 1.1173895e-07 1.4800272 0 -1 7.54979e-08 22 22 22 255
0.34264928 1.1173895e-07 1.4800272 0 -1 7.54979e-08 0 0 0 255
-0.037350696 1.132489e-07 1.5000272 0 -1 7.54979e-08 0 0 0 255
-0.017350713 1.132489e-07 1.5000272 0 -1 7.54979e-08 36 36 36 255
0.0026492677 1.132489e-07 1.5000272 0 -1 7.54979e-08 53 53 53 255
0.022649249 1.132489e-07 1.5000272 0 -1 7.54979e-08 43 43 43 255
0.042649228 1.132489e-07 1.5000272 0 -1 7.54979e-08 43 43 43 255
0.06264921 1.132489e-07 1.5000272 0 -1 7.54979e-08 43 43 43 255
0.08264931 1.132489e-07 1.5000272 0 -1 7.54979e-08 43 43 43 255
0.102649294 1.132489e-07 1.5000272 0 -1 7.54979e-08 48 48 48 255
0.122649275 1.132489e-07 1.5000272 0 -1 7.54979e-08 44 44 44 255
0.14264925 1.132489e-07 1.5000272 0 -1 7.54979e-08 35 35 35 255
0.16264923 1.132489e-07 1.5000272 0 -1 7.54979e-08 36 36 36 255
0.18264921 1.132489e-07 1.5000272 0 -1 7.54979e-08 43 43 43 255
0.20264919 1.132489e-07 1.5000272 0 -1 7.54979e-08 43 43 43 255
0.22264929 1.132489e-07 1.5000272 0 -1 7.54979e-08 43 43 43 255
0.24264927 1.132489e-07 1.5000272 0 -1 7.54979e-08 43 43 43 255
0.26264924 1.132489e-07 1.5000272 0 -1 7.54979e-08 43 43 43 255
0.28264922 1.132489e-07 1.5000272 0 -1 7.54979e-08 45 45 45 255
0.3026492 1.132489e-07 1.5000272 0 -1 7.54979e-08 56 56 56 255
0.32264918 1.132489e-07 1.5000272 0 -1 7.54979e-08 22 22 22 255
-0.037350696 1.1475887e-07 1.5200273 0 -1 7.54979e-08 0 0 0 255
-0.017350713 1.1475887e-07 1.5200273 0 -1 7.54979e-08 31 31 31 255
0.0026492677 1.1475887e-07 1.5200273 0 -1 7.54979e-08 51 51 51 255
0.022649249 1.1475887e-07 1.5200273 0 -1 7.54979e-08 43 43 43 255
0.042649228 1.1475887e-07 1.5200273 0 -1 7.54979e-08 43 43 43 255
0.06264921 1.1475887e-07 1.5200273 0 -1 7.54979e-08 43 43 43 255
0.08264931 1.1475887e-07 1.5200273 0 -1 7.54979e-08 44 44 44 255
0.102649294 1.1475887e-07 1.5200273 0 -1 7.54979e-08 51 51 51 255
0.122649275 1.1475887e-07 1.5200273 0 -1 7.54979e-08 44 44 44 255
0.14264925 1.1475887e-07 1.5200273 0 -1 7.54979e-08 35 35 35 255
0.16264923 1.1475887e-07 1.5200273 0 -1 7.54979e-08 36 36 36 255
0.18264921 1.1475887e-07 1.5200273 0 -1 7.54979e-08 43 43 43 255
0.20264919 1.1475887e-07 1.5200273 0 -1 7.54979e-08 43 43 43 255
0.22264929 1.1475887e-07 1.5200273 0 -1 7.54979e-08 43 43 43 255
0.24264927 1.1475887e-07 1.5200273 0 -1 7.54979e-08 43 43 43 255
0.26264924 1.1475887e-07 1.5200273 0 -1 7.54979e-08 43 43 43 255
0.28264922 1.1475887e-07 1.5200273 0 -1 7.54979e-08 45 45 45 255
0.3026492 1.1475887e-07 1.5200273 0 -1 7.54979e-08 52 52 52 255
0.32264918 1.1475887e-07 1.5200273 0 -1 7.54979e-08 19 19 19 255
0.34264928 1.1475887e-07 1.5200273 0 -1 7.54979e-08 0 0 0 255
-0.057350796 1.1626883e-07 1.5400273 0 -1 7.54979e-08 0 0 0 255
-0.037350696 1.1626883e-07 1.5400273 0 -1 7.54979e-08 28 18 18 255
-0.017350713 1.1626883e-07 1.5400273 0 -1 7.54979e-08 50 39 39 255
0.0026492677 1.1626883e-07 1.5400273 0 -1 7.54979e-08 52 52 52 255
0.022649249 1.1626883e-07 1.5400273 0 -1 7.54979e-08 46 46 46 255
0.042649228 1.1626883e-07 1.5400273 0 -1 7.54979e-08 43 43 43 255
0.06264921 1.1626883e-07 1.5400273 0 -1 7.54979e-08 43 43 43 255
0.08264931 1.1626883e-07 1.5400273 0 -1 7.54979e-08 46 46 46 255
0.102649294 1.1626883e-07 1.5400273 0 -1 7.54979e-08 58 58 58 255
0.122649275 1.1626883e-07 1.5400273 0 -1 7.54979e-08 46 46 46 255
0.14264925 1.1626883e-07 1.5400273 0 -1 7.54979e-08 35 35 35 255
0.16264923 1.1626883e-07 1.5400273 0 -1 7.54979e-08 37 37 37 255
0.18264921 1.1626883e-07 1.5400273 0 -1 7.54979e-08 44 44 44 255
0.20264919 1.1626883e-07 1.5400273 0 -1 7.54979e-08 43 43 43 255
0.22264929 1.1626883e-07 1.5400273 0 -1 7.54979e-08 43 43 43 255
0.24264927 1.1626883e-07 1.5400273 0 -1 7.54979e-08 43 43 43 255
0.26264924 1.1626883e-07 1.5400273 0 -1 7.54979e-08 46 46 46 255
0.28264922 1.1626883e-07 1.5400273 0 -1 7.54979e-08 56 56 56 255
0.3026492 1.1626883e-07 1.5400273 0 -1 7.54979e-08 45 45 45 255
0.32264918 1.1626883e-07 1.5400273 0 -1 7.54979e-08 58 41 41 255
0.34264928 1.1626883e-07 1.5400273 0 -1 7.54979e-08 12 8 8 255
-0.057350796 1.1777878e-07 1.5600272 0 -1 7.54979e-08 0 0 0 255
-0.037350696 1.1777878e-07 1.5600272 0 -1 7.54979e-08 65 43 43 255
-0.017350713 1.1777878e-07 1.5600272 0 -1 7.54979e-08 87 64 64 255
0.0026492677 1.1777878e-07 1.5600272 0 -1 7.54979e-08 77 77 77 255
0.022649249 1.1777878e-07 1.5600272 0 -1 7.54979e-08 60 60 60 255
0.042649228 1.1777878e-07 1.5600272 0 -1 7.54979e-08 43 43 43 255
0.06264921 1.1777878e-07 1.5600272 0 -1 7.54979e-08 43 43 43 255
0.08264931 1.1777878e-07 1.5600272 0 -1 7.54979e-08 46 46 46 255
0.102649294 1.1777878e-07 1.5600272 0 -1 7.54979e-08 58 58 58 255
0.122649275 1.1777878e-07 1.5600272 0 -1 7.54979e-08 46 46 46 255
0.14264925 1.1777878e-07 1.5600272 0 -1 7.54979e-08 33 33 33 255
0.16264923 1.1777878e-07 1.5600272 0 -1 7.54979e-08 37 37 37 255
0.18264921 1.1777878e-07 1.5600272 0 -1 7.54979e-08 47 47 47 255
0.20264919 1.1777878e-07 1.5600272 0 -1 7.54979e-08 43 43 43 255
0.22264929 1.1777878e-07 1.5600272 0 -1 7.54979e-08 43 43 43 255
0.24264927 1.1777878e-07 1.5600272 0 -1 7.54979e-08 43 43 43 255
0.26264924 1.1777878e-07 1.5600272 0 -1 7.54979e-08 59 59 59 255
0.28264922 1.1777878e-07 1.5600272 0 -1 7.54979e-08 86 86 86 255
0.3026492 1.1777878e-07 1.5600272 0 -1 7.54979e-08 54 54 54 255
0.32264918 1.1777878e-07 1.5600272 0 -1 7.54979e-08 117 81 81 255
0.34264928 1.1777878e-07 1.5600272 0 -1 7.54979e-08 29 19 19 255
-0.057350796 1.1928874e-07 1.5800272 0 -1 7.54979e-08 0 0 0 255
-0.037350696 1.1928874e-07 1.5800272 0 -1 7.54979e-08 13 13 13 255
-0.017350713 1.1928874e-07 1.5800272 0 -1 7.54979e-08 35 35 35 255
0.0026492677 1.1928874e-07 1.5800272 0 -1 7.54979e-08 95 95 95 255
0.022649249 1.1928874e-07 1.5800272 0 -1 7.54979e-08 85 85 85 255
0.042649228 1.1928874e-07 1.5800272 0 -1 7.54979e-08 42 42 42 255
0.06264921 1.1928874e-07 1.5800272 0 -1 7.54979e-08 41 41 41 255
0.08264931 1.1928874e-07 1.5800272 0 -1 7.54979e-08 46 46 46 255
0.102649294 1.1928874e-07 1.5800272 0 -1 7.54979e-08 59 59 59 255
0.122649275 1.1928874e-07 1.5800272 0 -1 7.54979e-08 46 46 46 255
0.14264925 1.1928874e-07 1.5800272 0 -1 7.54979e-08 29 27 23 255
0.16264923 1.1928874e-07 1.5800272 0 -1 7.54979e-08 34 32 29 255
0.18264921 1.1928874e-07 1.5800272 0 -1 7.54979e-08 50 50 50 255
0.20264919 1.1928874e-07 1.5800272 0 -1 7.54979e-08 43 43 43 255
0.22264929 1.1928874e-07 1.5800272 0 -1 7.54979e-08 43 43 43 255
0.24264927 1.1928874e-07 1.5800272 0 -1 7.54979e-08 45 45 45 255
0.26264924 1.1928874e-07 1.5800272 0 -1 7.54979e-08 88 88 88 255
0.28264922 1.1928874e-07 1.5800272 0 -1 7.54979e-08 107 107 107 255
0.3026492 1.1928874e-07 1.5800272 0 -1 7.54979e-08 58 58 58 255
0.32264918 1.1928874e-07 1.5800272 0 -1 7.54979e-08 34 34 34 255
0.34264928 1.1928874e-07 1.5800272 0 -1 7.54979e-08 5 5 5 255
-0.017350713 1.207987e-07 1.6000272 0 -1 7.54979e-08 33 33 33 255
0.0026492677 1.207987e-07 1.6000272 0 -1 7.54979e-08 71 71 71 255
0.022649249 1.207987e-07 1.6000272 0 -1 7.54979e-08 107 107 107 255
0.042649228 1.207987e-07 1.6000272 0 -1 7.54979e-08 49 49 49 255
0.06264921 1.207987e-07 1.6000272 0 -1 7.54979e-08 39 39 39 255
0.08264931 1.207987e-07 1.6000272 0 -1 7.54979e-08 46 46 46 255
0.102649294 1.207987e-07 1.6000272 0 -1 7.54979e-08 63 63 63 255
0.122649275 1.207987e-07 1.6000272 0 -1 7.54979e-08 47 47 47 255
0.14264925 1.207987e-07 1.6000272 0 -1 7.54979e-08 27 19 7 255
0.16264923 1.207987e-07 1.6000272 0 -1 7.54979e-08 34 28 18 255
0.18264921 1.207987e-07 1.6000272 0 -1 7.54979e-08 55 55 55 255
0.20264919 1.207987e-07 1.6000272 0 -1 7.54979e-08 44 44 44 255
0.22264929 1.207987e-07 1.6000272 0 -1 7.54979e-08 45 45 45 255
0.24264927 1.207987e-07 1.6000272 0 -1 7.54979e-08 55 55 55 255
0.26264924 1.207987e-07 1.6000272 0 -1 7.54979e-08 123 123 123 255
0.28264922 1.207987e-07 1.6000272 0 -1 7.54979e-08 109 109 109 255
0.3026492 1.207987e-07 1.6000272 0 -1 7.54979e-08 48 48 48 255
0.32264918 1.207987e-07 1.6000272 0 -1 7.54979e-08 32 32 32 255
-0.017350713 1.2230865e-07 1.6200272 0 -1 7.54979e-08 31 31 31 255
0.0026492677 1.2230865e-07 1.6200272 0 -1 7.54979e-08 46 46 46 255
0.022649249 1.2230865e-07 1.6200272 0 -1 7.54979e-08 104 104 104 255
0.042649228 1.2230865e-07 1.6200272 0 -1 7.54979e-08 76 76 76 255
0.06264921 1.2230865e-07 1.6200272 0 -1 7.54979e-08 49 49 49 255
0.08264931 1.2230865e-07 1.6200272 0 -1 7.54979e-08 45 45 45 255
0.102649294 1.2230865e-07 1.6200272 0 -1 7.54979e-08 67 67 67 255
0.122649275 1.2230865e-07 1.6200272 0 -1 7.54979e-08 50 50 50 255
0.14264925 1.2230865e-07 1.6200272 0 -1 7.54979e-08 17 12 4 255
0.16264923 1.2230865e-07 1.6200272 0 -1 7.54979e-08 32 26 17 255
0.18264921 1.2230865e-07 1.6200272 0 -1 7.54979e-08 57 57 57 255
0.20264919 1.2230865e-07 1.6200272 0 -1 7.54979e-08 48 48 48 255
0.22264929 1.2230865e-07 1.6200272 0 -1 7.54979e-08 55 55 55 255
0.24264927 1.2230865e-07 1.6200272 0 -1 7.54979e-08 84 84 84 255
0.26264924 1.2230865e-07 1.6200272 0 -1 7.54979e-08 110 110 110 255
0.28264922 1.2230865e-07 1.6200272 0 -1 7.54979e-08 64 64 64 255
0.3026492 1.2230865e-07 1.6200272 0 -1 7.54979e-08 41 41 41 255
0.32264918 1.2230865e-07 1.6200272 0 -1 7.54979e-08 32 32 32 255
0.0026492677 1.2381862e-07 1.6400273 0 -1 7.54979e-08 32 32 32 255
0.022649249 1.2381862e-07 1.6400273 0 -1 7.54979e-08 69 69 69 255
0.042649228 1.2381862e-07 1.6400273 0 -1 7.54979e-08 87 87 87 255
0.06264921 1.2381862e-07 1.6400273 0 -1 7.54979e-08 71 71 71 255
0.08264931 1.2381862e-07 1.6400273 0 -1 7.54979e-08 49 49 49 255
0.102649294 1.2381862e-07 1.6400273 0 -1 7.54979e-08 70 70 70 255
0.122649275 1.2381862e-07 1.6400273 0 -1 7.54979e-08 55 55 55 255
0.14264925 1.2381862e-07 1.6400273 0 -1 7.54979e-08 0 0 0 255
0.16264923 1.2381862e-07 1.6400273 0 -1 7.54979e-08 26 26 17 255
0.18264921 1.2381862e-07 1.6400273 0 -1 7.54979e-08 66 66 66 255
0.20264919 1.2381862e-07 1.6400273 0 -1 7.54979e-08 56 56 56 255
0.22264929 1.2381862e-07 1.6400273 0 -1 7.54979e-08 73 73 73 255
0.24264927 1.2381862e-07 1.6400273 0 -1 7.54979e-08 99 99 99 255
0.26264924 1.2381862e-07 1.6400273 0 -1 7.54979e-08 76 76 76 255
0.28264922 1.2381862e-07 1.6400273 0 -1 7.54979e-08 40 40 40 255
0.3026492 1.2381862e-07 1.6400273 0 -1 7.54979e-08 28 30 27 255
0.32264918 1.2381862e-07 1.6400273 0 -1 7.54979e-08 20 22 20 255
0.0026492677 1.2532857e-07 1.6600273 0 -1 7.54979e-08 24 24 24 255
0.022649249 1.2532857e-07 1.6600273 0 -1 7.54979e-08 44 44 44 255
0.042649228 1.2532857e-07 1.6600273 0 -1 7.54979e-08 58 58 58 255
0.06264921 1.2532857e-07 1.6600273 0 -1 7.54979e-08 78 78 78 255
0.08264931 1.2532857e-07 1.6600273 0 -1 7.54979e-08 66 66 66 255
0.102649294 1.2532857e-07 1.6600273 0 -1 7.54979e-08 88 88 88 255
0.122649275 1.2532857e-07 1.6600273 0 -1 7.54979e-08 66 66 66 255
0.14264925 1.2532857e-07 1.6600273 0 -1 7.54979e-08 0 0 0 255
0.16264923 1.2532857e-07 1.6600273 0 -1 7.54979e-08 29 33 22 255
0.18264921 1.2532857e-07 1.6600273 0 -1 7.54979e-08 91 91 91 255
0.20264919 1.2532857e-07 1.6600273 0 -1 7.54979e-08 72 72 72 255
0.22264929 1.2532857e-07 1.6600273 0 -1 7.54979e-08 79 79 79 255
0.24264927 1.2532857e-07 1.6600273 0 -1 7.54979e-08 59 59 59 255
0.26264924 1.2532857e-07 1.6600273 0 -1 7.54979e-08 43 43 43 255
0.28264922 1.2532857e-07 1.6600273 0 -1 7.54979e-08 19 19 19 255
0.3026492 1.2532857e-07 1.6600273 0 -1 7.54979e-08 18 21 16 255
0.022649249 1.2683853e-07 1.6800272 0 -1 7.54979e-08 18 18 18 255
0.042649228 1.2683853e-07 1.6800272 0 -1 7.54979e-08 24 24 24 255
0.06264921 1.2683853e-07 1.6800272 0 -1 7.54979e-08 47 47 47 255
0.08264931 1.2683853e-07 1.6800272 0 -1 7.54979e-08 62 62 62 255
0.102649294 1.2683853e-07 1.6800272 0 -1 7.54979e-08 87 87 87 255
0.122649275 1.2683853e-07 1.6800272 0 -1 7.54979e-08 64 64 64 255
0.14264925 1.2683853e-07 1.6800272 0 -1 7.54979e-08 0 0 0 255
0.16264923 1.2683853e-07 1.6800272 0 -1 7.54979e-08 33 27 21 255
0.18264921 1.2683853e-07 1.6800272 0 -1 7.54979e-08 86 86 86 255
0.20264919 1.2683853e-07 1.6800272 0 -1 7.54979e-08 67 67 67 255
0.22264929 1.2683853e-07 1.6800272 0 -1 7.54979e-08 49 49 49 255
0.24264927 1.2683853e-07 1.6800272 0 -1 7.54979e-08 30 34 29 255
0.26264924 1.2683853e-07 1.6800272 0 -1 7.54979e-08 17 17 17 255
0.06264921 1.2834849e-07 1.7000272 0 -1 7.54979e-08 27 24 20 255
0.08264931 1.2834849e-07 1.7000272 0 -1 7.54979e-08 28 29 24 255
0.102649294 1.2834849e-07 1.7000272 0 -1 7.54979e-08 26 28 26 255
0.122649275 1.2834849e-07 1.7000272 0 -1 7.54979e-08 21 21 21 255
0.14264925 1.2834849e-07 1.7000272 0 -1 7.54979e-08 0 0 0 255
0.16264923 1.2834849e-07 1.7000272 0 -1 7.54979e-08 15 10 6 255
0.18264921 1.2834849e-07 1.7000272 0 -1 7.54979e-08 28 28 24 255
0.20264919 1.2834849e-07 1.7000272 0 -1 7.54979e-08 31 31 27 255
0.22264929 1.2834849e-07 1.7000272 0 -1 7.54979e-08 30 27 23 255
0.24264927 1.2834849e-07 1.7000272 0 -1 7.54979e-08 6 12 3 255
0.14264925 1.2985845e-07 1.7200272 0 -1 7.54979e-08 3 7 1 255
0.16264923 1.2985845e-07 1.7200272 0 -1 7.54979e-08 10 6 2 255
0.14264925 1.313684e-07 1.7400272 0 -1 7.54979e-08 4 11 2 255
0.16264923 1.313684e-07 1.7400272 0 -1 7.54979e-08 11 6 2 255
0.14264925 1.3287837e-07 1.7600273 0 -1 7.54979e-08 0 0 0 255
0.16264923 1.3287837e-07 1.7600273 0 -1 7.54979e-08 0 0 0 255
3 1 87 0
3 2 88 1
3 3 89 2
3 4 90 3
3 5 91 4
3 6 92 5
3 7 93 6
3 8 94 7
3 9 95 8
3 10 96 9
3 11 97 10
3 12 98 11
3 13 99 12
3 14 100 13
3 15 101 14
3 16 102 15
3 17 103 16
3 18 104 17
3 19 105 18
3 20 106 19
3 21 107 20
3 22 108 21
3 23 109 22
3 24 110 23
3 25 111 24
3 26 112 25
3 27 113 26
3 28 114 27
3 29 115 28
3 30 116 29
3 31 117 30
3 32 118 31
3 33 119 32
3 34 120 33
3 35 121 34
3 36 122 35
3 37 123 36
3 38 124 37
3 39 125 38
3 40 126 39
3 41 127 40
3 42 128 41
3 43 129 42
3 44 130 43
3 45 131 44
3 46 132 45
3 47 133 46
3 48 134 47
3 49 135 48
3 50 136 49
3 51 137 50
3 52 138 51
3 53 139 52
3 54 140 53
3 55 141 54
3 56 142 55
3 57 143 56
3 58 144 57
3 59 145 58
3 60 146 59
3 61 147 60
3 62 148 61
3 63 149 62
3 64 150 63
3 65 151 64
3 66 152 65
3 67 153 66
3 68 154 67
3 69 155 68
3 70 156 69
3 71 157 70
3 72 158 71
3 73 159 72
3 74 160 73
3 75 161 74
3 76 162 75
3 77 163 76
3 78 164 77
3 79 165 78
3 80 166 79
3 81 167 80
3 82 168 81
3 83 169 82
3 84 170 83
3 85 171 84
3 86 172 85
3 89 174 88
3 90 175 89
3 91 176 90
3 92 177 91
3 93 178 92
3 94 179 93
3 95 180 94
3 96 181 95
3 97 182 96
3 98 183 97
3 99 184 98
3 100 185 99
3 101 186 100
3 102 187 101
3 103 188 102
3 104 189 103
3 105 190 104
3 106 191 105
3 107 192 106
3 108 193 107
3 109 194 108
3 110 195 109
3 111 196 110
3 112 197 111
3 113 198 112
3 114 199 113
3 115 200 114
3 116 201 115
3 117 202 116
3 118 203 117
3 119 204 118
3 120 205 119
3 121 206 120
3 122 207 121
3 123 208 122
3 124 209 123
3 125 210 124
3 126 211 125
3 127 212 126
3 128 213 127
3 129 214 128
3 130 215 129
3 131 216 130
3 132 217 131
3 133 218 132
3 134 219 133
3 135 220 134
3 136 221 135
3 137 222 136
3 138 223 137
3 139 224 138
3 140 225 139
3 141 226 140
3 142 227 141
3 143 228 142
3 144 229 143
3 145 230 144
3 146 231 145
3 147 232 146
3 148 233 147
3 149 234 148
3 150 235 149
3 151 236 150
3 152 237 151
3 153 238 152
3 154 239 153
3 155 240 154
3 156 241 155
3 157 242 156
3 158 243 157
3 159 244 158
3 160 245 159
3 161 246 160
3 162 247 161
3 163 248 162
3 164 249 163
3 165 250 164
3 166 251 165
3 167 252 166
3 168 253 167
3 169 254 168
3 170 255 169
3 171 256 170
3 172 257 171
3 173 258 172
3 176 260 175
3 177 261 176
3 178 262 177
3 179 263 178
3 180 264 179
3 181 265 180
3 182 266 181
3 183 267 182
3 184 268 183
3 185 269 184
3 186 270 185
3 187 271 186
3 188 272 187
3 189 273 188
3 190 274 189
3 191 275 190
3 192 276 191
3 193 277 192
3 194 278 193
3 195 279 194
3 196 280 195
3 197 281 196
3 198 282 197
3 199 283 198
3 200 284 199
3 201 285 200
3 202 286 201
3 203 287 202
3 204 288 203
3 205 289 204
3 206 290 205
3 207 291 206
3 208 292 207
3 209 293 208
3 210 294 209
3 211 295 210
3 212 296 211
3 213 297 212
3 214 298 213
3 215 299 214
3 216 300 215
3 217 301 216
3 218 302 217
3 219 303 218
3 220 304 219
3 221 305 220
3 222 306 221
3 223 307 222
3 224 308 223
3 225 309 224
3 226 310 225
3 227 311 226
3 228 312 227
3 229 313 228
3 230 314 229
3 231 315 230
3 232 316 231
3 233 317 232
3 234 318 233
3 235 319 234
3 236 320 235
3 237 321 236
3 238 322 237
3 239 323 238
3 240 324 239
3 241 325 240
3 242 326 241
3 243 327 242
3 244 328 243
3 245 329 244
3 246 330 245
3 247 331 246
3 248 332 247
3 249 333 248
3 250 334 249
3 251 335 250
3 252 336 251
3 253 337 252
3 254 338 253
3 255 339 254
3 256 340 255
3 257 341 256
3 258 342 257
3 259 343 258
3 262 345 261
3 263 346 262
3 264 347 263
3 265 348 264
3 266 349 265
3 267 350 266
3 268 351 267
3 269 352 268
3 270 353 269
3 271 354 270
3 272 355 271
3 273 356 272
3 274 357 273
3 275 358 274
3 276 359 275
3 277 360 276
3 278 361 277
3 279 362 278
3 280 363 279
3 281 364 280
3 282 365 281
3 283 366 282
3 284 367 283
3 285 368 284
3 286 369 285
3 287 370 286
3 288 371 287
3 289 372 288
3 290 373 289
3 291 374 290
3 292 375 291
3 293 376 292
3 294 377 293
3 295 378 294
3 296 379 295
3 297 380 296
3 298 381 297
3 299 382 298
3 300 383 299
3 301 384 300
3 302 385 301
3 303 386 302
3 304 387 303
3 305 388 304
3 306 389 305
3 307 390 306
3 308 391 307
3 309 392 308
3 310 393 309
3 311 394 310
3 312 395 311
3 313 396 312
3 314 397 313
3 315 398 314
3 316 399 315
3 317 400 316
3 318 401 317
3 319 402 318
3 320 403 319
3 321 404 320
3 322 405 321
3 323 406 322
3 324 407 323
3 325 408 324
3 326 409 325
3 327 410 326
3 328 411 327
3 329 412 328
3 330 413 329
3 331 414 330
3 332 415 331
3 333 416 332
3 334 417 333
3 335 418 334
3 336 419 335
3 337 420 336
3 338 421 337
3 339 422 338
3 340 423 339
3 341 424 340
3 342 425 341
3 343 426 342
3 344 427 343
3 347 429 346
3 348 430 347
3 349 431 348
3 350 432 349
3 351 433 350
3 352 434 351
3 353 435 352
3 354 436 353
3 355 437 354
3 356 438 355
3 357 439 356
3 358 440 357
3 359 441 358
3 360 442 359
3 361 443 360
3 362 444 361
3 363 445 362
3 364 446 363
3 365 447 364
3 366 448 365
3 367 449 366
3 368 450 367
3 369 451 368
3 370 452 369
3 371 453 370
3 372 454 371
3 373 455 372
3 374 456 373
3 375 457 374
3 376 458 375
3 377 459 376
3 378 460 377
3 379 461 378
3 380 462 379
3 381 463 380
3 382 464 381
3 383 465 382
3 384 466 383
3 385 467 384
3 386 468 385
3 387 469 386
3 388 470 387
3 389 471 388
3 390 472 389
3 391 473 390
3 392 474 391
3 393 475 392
3 394 476 393
3 395 477 394
3 396 478 395
3 397 479 396
3 398 480 397
3 399 481 398
3 400 482 399
3 401 483 400
3 402 484 401
3 403 485 402
3 404 486 403
3 405 487 404
3 406 488 405
3 407 489 406
3 408 490 407
3 409 491 408
3 410 492 409
3 411 493 410
3 412 494 411
3 413 495 412
3 414 496 413
3 415 497 414
3 416 498 415
3 417 499 416
3 418 500 417
3 419 501 418
3 420 502 419
3 421 503 420
3 422 504 421
3 423 505 422
3 424 506 423
3 425 507 424
3 426 508 425
3 427 509 426
3 428 510 427
3 431 512 430
3 432 513 431
3 433 514 432
3 434 515 433
3 435 516 434
3 436 517 435
3 437 518 436
3 438 519 437
3 439 520 438
3 440 521 439
3 441 522 440
3 442 523 441
3 443 524 442
3 444 525 443
3 445 526 444
3 446 527 445
3 447 528 446
3 448 529 447
3 449 530 448
3 450 531 449
3 451 532 450
3 452 533 451
3 453 534 452
3 454 535 453
3 455 536 454
3 456 537 455
3 457 538 456
3 458 539 457
3 459 540 458
3 460 541 459
3 461 542 460
3 462 543 461
3 463 544 462
3 464 545 463
3 465 546 464
3 466 547 465
3 467 548 466
3 468 549 467
3 469 550 468
3 470 551 469
3 471 552 470
3 472 553 471
3 473 554 472
3 474 555 473
3 475 556 474
3 476 557 475
3 477 558 476
3 478 559 477
3 479 560 478
3 480 561 479
3 481 562 480
3 482 563 481
3 483 564 482
3 484 565 483
3 485 566 484
3 486 567 485
3 487 568 486
3 488 569 487
3 489 570 488
3 490 571 489
3 491 572 490
3 492 573 491
3 493 574 492
3 494 575 493
3 495 576 494
3 496 577 495
3 497 578 496
3 498 579 497
3 499 580 498
3 500 581 499
3 501 582 500
3 502 583 501
3 503 584 502
3 504 585 503
3 505 586 504
3 506 587 505
3 507 588 506
3 508 589 507
3 509 590 508
3 510 591 509
3 511 592 510
3 514 594 513
3 515 595 514
3 516 596 515
3 517 597 516
3 518 598 517
3 519 599 518
3 520 600 519
3 521 601 520
3 522 602 521
3 523 603 522
3 524 604 523
3 525 605 524
3 526 606 525
3 527 607 526
3 528 608 527
3 529 609 528
3 530 610 529
3 531 611 530
3 532 612 531
3 533 613 532
3 534 614 533
3 535 615 534
3 536 616 535
3 537 617 536
3 538 618 537
3 539 619 538
3 540 620 539
3 541 621 540
3 542 622 541
3 543 623 542
3 544 624 543
3 545 625 544
3 546 626 545
3 547 627 546
3 548 628 547
3 549 629 548
3 550 630 549
3 551 631 550
3 552 632 551
3 553 633 552
3 554 634 553
3 555 635 554
3 556 636 555
3 557 637 556
3 558 638 557
3 559 639 558
3 560 640 559
3 561 641 560
3 562 642 561
3 563 643 562
3 564 644 563
3 565 645 564
3 566 646 565
3 567 647 566
3 568 648 567
3 569 649 568
3 570 650 569
3 571 651 570
3 572 652 571
3 573 653 572
3 574 654 573
3 575 655 574
3 576 656 575
3 577 657 576
3 578 658 577
3 579 659 578
3 580 660 579
3 581 661 580
3 582 662 581
3 583 663 582
3 584 664 583
3 585 665 584
3 586 666 585
3 587 667 586
3 588 668 587
3 589 669 588
3 590 670 589
3 591 671 590
3 592 672 591
3 593 673 592
3 596 675 595
3 597 676 596
3 598 677 597
3 599 678 598
3 600 679 599
3 601 680 600
3 602 681 601
3 603 682 602
3 604 683 603
3 605 684 604
3 606 685 605
3 607 686 606
3 608 687 607
3 609 688 608
3 610 689 609
3 611 690 610
3 612 691 611
3 613 692 612
3 614 693 613
3 615 694 614
3 616 695 615
3 617 696 616
3 618 697 617
3 619 698 618
3 620 699 619
3 621 700 620
3 622 701 621
3 623 702 622
3 624 703 623
3 625 704 624
3 626 705 625
3 627 706 626
3 628 707 627
3 629 708 628
3 630 709 629
3 631 710 630
3 632 711 631
3 633 712 632
3 634 713 633
3 635 714 634
3 636 715 635
3 637 716 636
3 638 717 637
3 639 718 638
3 640 719 639
3 641 720 640
3 642 721 641
3 643 722 642
3 644 723 643
3 645 724 644
3 646 725 645
3 647 726 646
3 648 727 647
3 649 728 648
3 650 729 649
3 651 730 650
3 652 731 651
3 653 732 652
3 654 733 653
3 655 734 654
3 656 735 655
3 657 736 656
3 658 737 657
3 659 738 658
3 660 739 659
3 661 740 660
3 662 741 661
3 663 742 662
3 664 743 663
3 665 744 664
3 666 745 665
3 667 746 666
3 668 747 667
3 669 748 668
3 670 749 669
3 671 750 670
3 672 751 671
3 673 752 672
3 674 753 673
3 677 755 676
3 678 756 677
3 679 757 678
3 680 758 679
3 681 759 680
3 682 760 681
3 683 761 682
3 684 762 683
3 685 763 684
3 686 764 685
3 687 765 686
3 688 766 687
3 689 767 688
3 690 768 689
3 691 769 690
3 692 770 691
3 693 771 692
3 694 772 693
3 695 773 694
3 696 774 695
3 697 775 696
3 698 776 697
3 699 777 698
3 700 778 699
3 701 779 700
3 702 780 701
3 703 781 702
3 704 782 703
3 705 783 704
3 706 784 705
3 707 785 706
3 708 786 707
3 709 787 708
3 710 788 709
3 711 789 710
3 712 790 711
3 713 791 712
3 714 792 713
3 715 793 714
3 716 794 715
3 717 795 716
3 718 796 717
3 719 797 718
3 720 798 719
3 721 799 720
3 722 800 721
3 723 801 722
3 724 802 723
3 725 803 724
3 726 804 725
3 727 805 726
3 728 806 727
3 729 807 728
3 730 808 729
3 731 809 730
3 732 810 731
3 733 811 732
3 734 812 733
3 735 813 734
3 736 814 735
3 737 815 736
3 738 816 737
3 739 817 738
3 740 818 739
3 741 819 740
3 742 820 741
3 743 821 742
3 744 822 743
3 745 823 744
3 746 824 745
3 747 825 746
3 748 826 747
3 749 827 748
3 750 828 749
3 751 829 750
3 752 830 751
3 753 831 752
3 754 832 753
3 757 834 756
3 758 835 757
3 759 836 758
3 760 837 759
3 761 838 760
3 762 839 761
3 763 840 762
3 764 841 763
3 765 842 764
3 766 843 765
3 767 844 766
3 768 845 767
3 769 846 768
3 770 847 769
3 771 848 770
3 772 849 771
3 773 850 772
3 774 851 773
3 775 852 774
3 776 853 775
3 777 854 776
3 778 855 777
3 779 856 778
3 780 857 779
3 781 858 780
3 782 859 781
3 783 860 782
3 784 861 783
3 785 862 784
3 786 863 785
3 787 864 786
3 788 865 787
3 789 866 788
3 790 867 789
3 791 868 790
3 792 869 791
3 793 870 792
3 794 871 793
3 795 872 794
3 796 873 795
3 797 874 796
3 798 875 797
3 799 876 798
3 800 877 799
3 801 878 800
3 802 879 801
3 803 880 802
3 804 881 803
3 805 882 804
3 806 883 805
3 807 884 806
3 808 885 807
3 809 886 808
3 810 887 809
3 811 888 810
3 812 889 811
3 813 890 812
3 814 891 813
3 815 892 814
3 816 893 815
3 817 894 816
3 818 895 817
3 819 896 818
3 820 897 819
3 821 898 820
3 822 899 821
3 823 900 822
3 824 901 823
3 825 902 824
3 826 903 825
3 827 904 826
3 828 905 827
3 829 906 828
3 830 907 829
3 831 908 830
3 832 909 831
3 833 910 832
3 836 912 835
3 837 913 836
3 838 914 837
3 839 915 838
3 840 916 839
3 841 917 840
3 842 918 841
3 843 919 842
3 844 920 843
3 845 921 844
3 846 922 845
3 847 923 846
3 848 924 847
3 849 925 848
3 850 926 849
3 851 927 850
3 852 928 851
3 853 929 852
3 854 930 853
3 855 931 854
3 856 932 855
3 857 933 856
3 858 934 857
3 859 935 858
3 860 936 859
3 861 937 860
3 862 938 861
3 863 939 862
3 864 940 863
3 865 941 864
3 866 942 865
3 867 943 866
3 868 944 867
3 869 945 868
3 870 946 869
3 871 947 870
3 872 948 871
3 873 949 872
3 874 950 873
3 875 951 874
3 876 952 875
3 877 953 876
3 878 954 877
3 879 955 878
3 880 956 879
3 881 957 880
3 882 958 881
3 883 959 882
3 884 960 883
3 885 961 884
3 886 962 885
3 887 963 886
3 888 964 887
3 889 965 888
3 890 966 889
3 891 967 890
3 892 968 891
3 893 969 892
3 894 970 893
3 895 971 894
3 896 972 895
3 897 973 896
3 898 974 897
3 899 975 898
3 900 976 899
3 901 977 900
3 902 978 901
3 903 979 902
3 904 980 903
3 905 981 904
3 906 982 905
3 907 983 906
3 908 984 907
3 909 985 908
3 910 986 909
3 911 987 910
3 913 989 912
3 914 990 913
3 915 991 914
3 916 992 915
3 917 993 916
3 918 994 917
3 919 995 918
3 920 996 919
3 921 997 920
3 922 998 921
3 923 999 922
3 924 1000 923
3 925 1001 924
3 926 1002 925
3 927 1003 926
3 928 1004 927
3 929 1005 928
3 930 1006 929
3 931 1007 930
3 932 1008 931
3 933 1009 932
3 934 1010 933
3 935 1011 934
3 936 1012 935
3 937 1013 936
3 938 1014 937
3 939 1015 938
3 940 1016 939
3 941 1017 940
3 942 1018 941
3 943 1019 942
3 944 1020 943
3 945 1021 944
3 946 1022 945
3 947 1023 946
3 948 1024 947
3 949 1025 948
3 950 1026 949
3 951 1027 950
3 952 1028 951
3 953 1029 952
3 954 1030 953
3 955 1031 954
3 956 1032 955
3 957 1033 956
3 958 1034 957
3 959 1035 958
3 960 1036 959
3 961 1037 960
3 962 1038 961
3 963 1039 962
3 964 1040 963
3 965 1041 964
3 966 1042 965
3 967 1043 966
3 968 1044 967
3 969 1045 968
3 970 1046 969
3 971 1047 970
3 972 1048 971
3 973 1049 972
3 974 1050 973
3 975 1051 974
3 976 1052 975
3 977 1053 976
3 978 1054 977
3 979 1055 978
3 980 1056 979
3 981 1057 980
3 982 1058 981
3 983 1059 982
3 984 1060 983
3 985 1061 984
3 986 1062 985
3 987 1063 986
3 988 1064 987
3 990 1066 989
3 991 1067 990
3 992 1068 991
3 993 1069 992
3 994 1070 993
3 995 1071 994
3 996 1072 995
3 997 1073 996
3 998 1074 997
3 999 1075 998
3 1000 1076 999
3 1001 1077 1000
3 1002 1078 1001
3 1003 1079 1002
3 1004 1080 1003
3 1005 1081 1004
3 1006 1082 1005
3 1007 1083 1006
3 1008 1084 1007
3 1009 1085 1008
3 1010 1086 1009
3 1011 1087 1010
3 1012 1088 1011
3 1013 1089 1012
3 1014 1090 1013
3 1015 1091 1014
3 1016 1092 1015
3 1017 1093 1016
3 1018 1094 1017
3 1019 1095 1018
3 1020 1096 1019
3 1021 1097 1020
3 1022 1098 1021
3 1023 1099 1022
3 1024 1100 1023
3 1025 1101 1024
3 1026 1102 1025
3 1027 1103 1026
3 1028 1104 1027
3 1029 1105 1028
3 1030 1106 1029
3 1031 1107 1030
3 1032 1108 1031
3 1033 1109 1032
3 1034 1110 1033
3 1035 1111 1034
3 1036 1112 1035
3 1037 1113 1036
3 1038 1114 1037
3 1039 1115 1038
3 1040 1116 1039
3 1041 1117 1040
3 1042 1118 1041
3 1043 1119 1042
3 1044 1120 1043
3 1045 1121 1044
3 1046 1122 1045
3 1047 1123 1046
3 1048 1124 1047
3 1049 1125 1048
3 1050 1126 1049
3 1051 1127 1050
3 1052 1128 1051
3 1053 1129 1052
3 1054 1130 1053
3 1055 1131 1054
3 1056 1132 1055
3 1057 1133 1056
3 1058 1134 1057
3 1059 1135 1058
3 1060 1136 1059
3 1061 1137 1060
3 1062 1138 1061
3 1063 1139 1062
3 1064 1140 1063
3 1065 1141 1064
3 1067 1144 1066
3 1068 1145 1067
3 1069 1146 1068
3 1070 1147 1069
3 1071 1148 1070
3 1072 1149 1071
3 1073 1150 1072
3 1074 1151 1073
3 1075 1152 1074
3 1076 1153 1075
3 1077 1154 1076
3 1078 1155 1077
3 1079 1156 1078
3 1080 1157 1079
3 1081 1158 1080
3 1082 1159 1081
3 1083 1160 1082
3 1084 1161 1083
3 1085 1162 1084
3 1086 1163 1085
3 1087 1164 1086
3 1088 1165 1087
3 1089 1166 1088
3 1090 1167 1089
3 1091 1168 1090
3 1092 1169 1091
3 1093 1170 1092
3 1094 1171 1093
3 1095 1172 1094
3 1096 1173 1095
3 1097 1174 1096
3 1098 1175 1097
3 1099 1176 1098
3 1100 1177 1099
3 1101 1178 1100
3 1102 1179 1101
3 1103 1180 1102
3 1104 1181 1103
3 1105 1182 1104
3 1106 1183 1105
3 1107 1184 1106
3 1108 1185 1107
3 1109 1186 1108
3 1110 1187 1109
3 1111 1188 1110
3 1112 1189 1111
3 1113 1190 1112
3 1114 1191 1113
3 1115 1192 1114
3 1116 1193 1115
3 1117 1194 1116
3 1118 1195 1117
3 1119 1196 1118
3 1120 1197 1119
3 1121 1198 1120
3 1122 1199 1121
3 1123 1200 1122
3 1124 1201 1123
3 1125 1202 1124
3 1126 1203 1125
3 1127 1204 1126
3 1128 1205 1127
3 1129 1206 1128
3 1130 1207 1129
3 1131 1208 1130
3 1132 1209 1131
3 1133 1210 1132
3 1134 1211 1133
3 1135 1212 1134
3 1136 1213 1135
3 1137 1214 1136
3 1138 1215 1137
3 1139 1216 1138
3 1140 1217 1139
3 1141 1218 1140
3 1142 1219 1141
3 1143 1220 1142
3 1145 1223 1144
3 1146 1224 1145
3 1147 1225 1146
3 1148 1226 1147
3 1149 1227 1148
3 1150 1228 1149
3 1151 1229 1150
3 1152 1230 1151
3 1153 1231 1152
3 1154 1232 1153
3 1155 1233 1154
3 1156 1234 1155
3 1157 1235 1156
3 1158 1236 1157
3 1159 1237 1158
3 1160 1238 1159
3 1161 1239 1160
3 1162 1240 1161
3 1163 1241 1162
3 1164 1242 1163
3 1165 1243 1164
3 1166 1244 1165
3 1167 1245 1166
3 1168 1246 1167
3 1169 1247 1168
3 1170 1248 1169
3 1171 1249 1170
3 1172 1250 1171
3 1173 1251 1172
3 1174 1252 1173
3 1175 1253 1174
3 1176 1254 1175
3 1177 1255 1176
3 1178 1256 1177
3 1179 1257 1178
3 1180 1258 1179
3 1181 1259 1180
3 1182 1260 1181
3 1183 1261 1182
3 1184 1262 1183
3 1185 1263 1184
3 1186 1264 1185
3 1187 1265 1186
3 1188 1266 1187
3 1189 1267 1188
3 1190 1268 1189
3 1191 1269 1190
3 1192 1270 1191
3 1193 1271 1192
3 1194 1272 1193
3 1195 1273 1194
3 1196 1274 1195
3 1197 1275 1196
3 1198 1276 1197
3 1199 1277 1198
3 1200 1278 1199
3 1201 1279 1200
3 1202 1280 1201
3 1203 1281 1202
3 1204 1282 1203
3 1205 1283 1204
3 1206 1284 1205
3 1207 1285 1206
3 1208 1286 1207
3 1209 1287 1208
3 1210 1288 1209
3 1211 1289 1210
3 1212 1290 1211
3 1213 1291 1212
3 1214 1292 1213
3 1215 1293 1214
3 1216 1294 1215
3 1217 1295 1216
3 1218 1296 1217
3 1219 1297 1218
3 1220 1298 1219
3 1221 1299 1220
3 1222 1300 1221
3 1224 1303 1223
3 1225 1304 1224
3 1226 1305 1225
3 1227 1306 1226
3 1228 1307 1227
3 1229 1308 1228
3 1230 1309 1229
3 1231 1310 1230
3 1232 1311 1231
3 1233 1312 1232
3 1234 1313 1233
3 1235 1314 1234
3 1236 1315 1235
3 1237 1316 1236
3 1238 1317 1237
3 1239 1318 1238
3 1240 1319 1239
3 1241 1320 1240
3 1242 1321 1241
3 1243 1322 1242
3 1244 1323 1243
3 1245 1324 1244
3 1246 1325 1245
3 1247 1326 1246
3 1248 1327 1247
3 1249 1328 1248
3 1250 1329 1249
3 1251 1330 1250
3 1252 1331 1251
3 1253 1332 1252
3 1254 1333 1253
3 1255 1334 1254
3 1256 1335 1255
3 1257 1336 1256
3 1258 1337 1257
3 1259 1338 1258
3 1260 1339 1259
3 1261 1340 1260
3 1262 1341 1261
3 1263 1342 1262
3 1264 1343 1263
3 1265 1344 1264
3 1266 1345 1265
3 1267 1346 1266
3 1268 1347 1267
3 1269 1348 1268
3 1270 1349 1269
3 1271 1350 1270
3 1272 1351 1271
3 1273 1352 1272
3 1274 1353 1273
3 1275 1354 1274
3 1276 1355 1275
3 1277 1356 1276
3 1278 1357 1277
3 1279 1358 1278
3 1280 1359 1279
3 1281 1360 1280
3 1282 1361 1281
3 1283 1362 1282
3 1284 1363 1283
3 1285 1364 1284
3 1286 1365 1285
3 1287 1366 1286
3 1288 1367 1287
3 1289 1368 1288
3 1290 1369 1289
3 1291 1370 1290
3 1292 1371 1291
3 1293 1372 1292
3 1294 1373 1293
3 1295 1374 1294
3 1296 1375 1295
3 1297 1376 1296
3 1298 1377 1297
3 1299 1378 1298
3 1300 1379 1299
3 1301 1380 1300
3 1302 1381 1301
3 1304 1383 1303
3 1305 1384 1304
3 1306 1385 1305
3 1307 1386 1306
3 1308 1387 1307
3 1309 1388 1308
3 1310 1389 1309
3 1311 1390 1310
3 1312 1391 1311
3 1313 1392 1312
3 1314 1393 1313
3 1315 1394 1314
3 1316 1395 1315
3 1317 1396 1316
3 1318 1397 1317
3 1319 1398 1318
3 1320 1399 1319
3 1321 1400 1320
3 1322 1401 1321
3 1323 1402 1322
3 1324 1403 1323
3 1325 1404 1324
3 1326 1405 1325
3 1327 1406 1326
3 1328 1407 1327
3 1329 1408 1328
3 1330 1409 1329
3 1331 1410 1330
3 1332 1411 1331
3 1333 1412 1332
3 1334 1413 1333
3 1335 1414 1334
3 1336 1415 1335
3 1337 1416 1336
3 1338 1417 1337
3 1339 1418 1338
3 1340 1419 1339
3 1341 1420 1340
3 1342 1421 1341
3 1343 1422 1342
3 1344 1423 1343
3 1345 1424 1344
3 1346 1425 1345
3 1347 1426 1346
3 1348 1427 1347
3 1349 1428 1348
3 1350 1429 1349
3 1351 1430 1350
3 1352 1431 1351
3 1353 1432 1352
3 1354 1433 1353
3 1355 1434 1354
3 1356 1435 1355
3 1357 1436 1356
3 1358 1437 1357
3 1359 1438 1358
3 1360 1439 1359
3 1361 1440 1360
3 1362 1441 1361
3 1363 1442 1362
3 1364 1443 1363
3 1365 1444 1364
3 1366 1445 1365
3 1367 1446 1366
3 1368 1447 1367
3 1369 1448 1368
3 1370 1449 1369
3 1371 1450 1370
3 1372 1451 1371
3 1373 1452 1372
3 1374 1453 1373
3 1375 1454 1374
3 1376 1455 1375
3 1377 1456 1376
3 1378 1457 1377
3 1379 1458 1378
3 1380 1459 1379
3 1381 1460 1380
3 1382 1461 1381
3 1384 1464 1383
3 1385 1465 1384
3 1386 1466 1385
3 1387 1467 1386
3 1388 1468 1387
3 1389 1469 1388
3 1390 1470 1389
3 1391 1471 1390
3 1392 1472 1391
3 1393 1473 1392
3 1394 1474 1393
3 1395 1475 1394
3 1396 1476 1395
3 1397 1477 1396
3 1398 1478 1397
3 1399 1479 1398
3 1400 1480 1399
3 1401 1481 1400
3 1402 1482 1401
3 1403 1483 1402
3 1404 1484 1403
3 1405 1485 1404
3 1406 1486 1405
3 1407 1487 1406
3 1408 1488 1407
3 1409 1489 1408
3 1410 1490 1409
3 1411 1491 1410
3 1412 1492 1411
3 1413 1493 1412
3 1414 1494 1413
3 1415 1495 1414
3 1416 1496 1415
3 1417 1497 1416
3 1418 1498 1417
3 1419 1499 1418
3 1420 1500 1419
3 1421 1501 1420
3 1422 1502 1421
3 1423 1503 1422
3 1424 1504 1423
3 1425 1505 1424
3 1426 1506 1425
3 1427 1507 1426
3 1428 1508 1427
3 1429 1509 1428
3 1430 1510 1429
3 1431 1511 1430
3 1432 1512 1431
3 1433 1513 1432
3 1434 1514 1433
3 1435 1515 1434
3 1436 1516 1435
3 1437 1517 1436
3 1438 1518 1437
3 1439 1519 1438
3 1440 1520 1439
3 1441 1521 1440
3 1442 1522 1441
3 1443 1523 1442
3 1444 1524 1443
3 1445 1525 1444
3 1446 1526 1445
3 1447 1527 1446
3 1448 1528 1447
3 1449 1529 1448
3 1450 1530 1449
3 1451 1531 1450
3 1452 1532 1451
3 1453 1533 1452
3 1454 1534 1453
3 1455 1535 1454
3 1456 1536 1455
3 1457 1537 1456
3 1458 1538 1457
3 1459 1539 1458
3 1460 1540 1459
3 1461 1541 1460
3 1462 1542 1461
3 1463 1543 1462
3 1466 1546 1465
3 1467 1547 1466
3 1468 1548 1467
3 1469 1549 1468
3 1470 1550 1469
3 1471 1551 1470
3 1472 1552 1471
3 1473 1553 1472
3 1474 1554 1473
3 1475 1555 1474
3 1476 1556 1475
3 1477 1557 1476
3 1478 1558 1477
3 1479 1559 1478
3 1480 1560 1479
3 1481 1561 1480
3 1482 1562 1481
3 1483 1563 1482
3 1484 1564 1483
3 1485 1565 1484
3 1486 1566 1485
3 1487 1567 1486
3 1488 1568 1487
3 1489 1569 1488
3 1490 1570 1489
3 1491 1571 1490
3 1492 1572 1491
3 1493 1573 1492
3 1494 1574 1493
3 1495 1575 1494
3 1496 1576 1495
3 1497 1577 1496
3 1498 1578 1497
3 1499 1579 1498
3 1500 1580 1499
3 1501 1581 1500
3 1502 1582 1501
3 1503 1583 1502
3 1504 1584 1503
3 1505 1585 1504
3 1506 1586 1505
3 1507 1587 1506
3 1508 1588 1507
3 1509 1589 1508
3 1510 1590 1509
3 1511 1591 1510
3 1512 1592 1511
3 1513 1593 1512
3 1514 1594 1513
3 1515 1595 1514
3 1516 1596 1515
3 1517 1597 1516
3 1518 1598 1517
3 1519 1599 1518
3 1520 1600 1519
3 1521 1601 1520
3 1522 1602 1521
3 1523 1603 1522
3 1524 1604 1523
3 1525 1605 1524
3 1526 1606 1525
3 1527 1607 1526
3 1528 1608 1527
3 1529 1609 1528
3 1530 1610 1529
3 1531 1611 1530
3 1532 1612 1531
3 1533 1613 1532
3 1534 1614 1533
3 1535 1615 1534
3 1536 1616 1535
3 1537 1617 1536
3 1538 1618 1537
3 1539 1619 1538
3 1540 1620 1539
3 1541 1621 1540
3 1542 1622 1541
3 1543 1623 1542
3 1544 1624 1543
3 1545 1625 1544
3 1547 1628 1546
3 1548 1629 1547
3 1549 1630 1548
3 1550 1631 1549
3 1551 1632 1550
3 1552 1633 1551
3 1553 1634 1552
3 1554 1635 1553
3 1555 1636 1554
3 1556 1637 1555
3 1557 1638 1556
3 1558 1639 1557
3 1559 1640 1558
3 1560 1641 1559
3 1561 1642 1560
3 1562 1643 1561
3 1563 1644 1562
3 1564 1645 1563
3 1565 1646 1564
3 1566 1647 1565
3 1567 1648 1566
3 1568 1649 1567
3 1569 1650 1568
3 1570 1651 1569
3 1571 1652 1570
3 1572 1653 1571
3 1573 1654 1572
3 1574 1655 1573
3 1575 1656 1574
3 1576 1657 1575
3 1577 1658 1576
3 1578 1659 1577
3 1579 1660 1578
3 1580 1661 1579
3 1581 1662 1580
3 1582 1663 1581
3 1583 1664 1582
3 1584 1665 1583
3 1585 1666 1584
3 1586 1667 1585
3 1587 1668 1586
3 1588 1669 1587
3 1589 1670 1588
3 1590 1671 1589
3 1591 1672 1590
3 1592 1673 1591
3 1593 1674 1592
3 1594 1675 1593
3 1595 1676 1594
3 1596 1677 1595
3 1597 1678 1596
3 1598 1679 1597
3 1599 1680 1598
3 1600 1681 1599
3 1601 1682 1600
3 1602 1683 1601
3 1603 1684 1602
3 1604 1685 1603
3 1605 1686 1604
3 1606 1687 1605
3 1607 1688 1606
3 1608 1689 1607
3 1609 1690 1608
3 1610 1691 1609
3 1611 1692 1610
3 1612 1693 1611
3 1613 1694 1612
3 1614 1695 1613
3 1615 1696 1614
3 1616 1697 1615
3 1617 1698 1616
3 1618 1699 1617
3 1619 1700 1618
3 1620 1701 1619
3 1621 1702 1620
3 1622 1703 1621
3 1623 1704 1622
3 1624 1705 1623
3 1625 1706 1624
3 1626 1707 1625
3 1627 1708 1626
3 1630 1711 1629
3 1631 1712 1630
3 1632 1713 1631
3 1633 1714 1632
3 1634 1715 1633
3 1635 1716 1634
3 1636 1717 1635
3 1637 1718 1636
3 1638 1719 1637
3 1639 1720 1638
3 1640 1721 1639
3 1641 1722 1640
3 1642 1723 1641
3 1643 1724 1642
3 1644 1725 1643
3 1645 1726 1644
3 1646 1727 1645
3 1647 1728 1646
3 1648 1729 1647
3 1649 1730 1648
3 1650 1731 1649
3 1651 1732 1650
3 1652 1733 1651
3 1653 1734 1652
3 1654 1735 1653
3 1655 1736 1654
3 1656 1737 1655
3 1657 1738 1656
3 1658 1739 1657
3 1659 1740 1658
3 1660 1741 1659
3 1661 1742 1660
3 1662 1743 1661
3 1663 1744 1662
3 1664 1745 1663
3 1665 1746 1664
3 1666 1747 1665
3 1667 1748 1666
3 1668 1749 1667
3 1669 1750 1668
3 1670 1751 1669
3 1671 1752 1670
3 1672 1753 1671
3 1673 1754 1672
3 1674 1755 1673
3 1675 1756 1674
3 1676 1757 1675
3 1677 1758 1676
3 1678 1759 1677
3 1679 1760 1678
3 1680 1761 1679
3 1681 1762 1680
3 1682 1763 1681
3 1683 1764 1682
3 1684 1765 1683
3 1685 1766 1684
3 1686 1767 1685
3 1687 1768 1686
3 1688 1769 1687
3 1689 1770 1688
3 1690 1771 1689
3 1691 1772 1690
3 1692 1773 1691
3 1693 1774 1692
3 1694 1775 1693
3 1695 1776 1694
3 1696 1777 1695
3 1697 1778 1696
3 1698 1779 1697
3 1699 1780 1698
3 1700 1781 1699
3 1701 1782 1700
3 1702 1783 1701
3 1703 1784 1702
3 1704 1785 1703
3 1705 1786 1704
3 1706 1787 1705
3 1707 1788 1706
3 1708 1789 1707
3 1709 1790 1708
3 1710 1791 1709
3 1714 1793 1713
3 1715 1794 1714
3 1716 1795 1715
3 1717 1796 1716
3 1718 1797 1717
3 1719 1798 1718
3 1720 1799 1719
3 1721 1800 1720
3 1722 1801 1721
3 1723 1802 1722
3 1724 1803 1723
3 1725 1804 1724
3 1726 1805 1725
3 1727 1806 1726
3 1728 1807 1727
3 1729 1808 1728
3 1730 1809 1729
3 1731 1810 1730
3 1732 1811 1731
3 1733 1812 1732
3 1734 1813 1733
3 1735 1814 1734
3 1736 1815 1735
3 1737 1816 1736
3 1738 1817 1737
3 1739 1818 1738
3 1740 1819 1739
3 1741 1820 1740
3 1742 1821 1741
3 1743 1822 1742
3 1744 1823 1743
3 1745 1824 1744
3 1746 1825 1745
3 1747 1826 1746
3 1748 1827 1747
3 1749 1828 1748
3 1750 1829 1749
3 1751 1830 1750
3 1752 1831 1751
3 1753 1832 1752
3 1754 1833 1753
3 1755 1834 1754
3 1756 1835 1755
3 1757 1836 1756
3 1758 1837 1757
3 1759 1838 1758
3 1760 1839 1759
3 1761 1840 1760
3 1762 1841 1761
3 1763 1842 1762
3 1764 1843 1763
3 1765 1844 1764
3 1766 1845 1765
3 1767 1846 1766
3 1768 1847 1767
3 1769 1848 1768
3 1770 1849 1769
3 1771 1850 1770
3 1772 1851 1771
3 1773 1852 1772
3 1774 1853 1773
3 1775 1854 1774
3 1776 1855 1775
3 1777 1856 1776
3 1778 1857 1777
3 1779 1858 1778
3 1780 1859 1779
3 1781 1860 1780
3 1782 1861 1781
3 1783 1862 1782
3 1784 1863 1783
3 1785 1864 1784
3 1786 1865 1785
3 1787 1866 1786
3 1788 1867 1787
3 1789 1868 1788
3 1790 1869 1789
3 1791 1870 1790
3 1792 1871 1791
3 1794 1874 1793
3 1795 1875 1794
3 1796 1876 1795
3 1797 1877 1796
3 1798 1878 1797
3 1799 1879 1798
3 1800 1880 1799
3 1801 1881 1800
3 1802 1882 1801
3 1803 1883 1802
3 1804 1884 1803
3 1805 1885 1804
3 1806 1886 1805
3 1807 1887 1806
3 1808 1888 1807
3 1809 1889 1808
3 1810 1890 1809
3 1811 1891 1810
3 1812 1892 1811
3 1813 1893 1812
3 1814 1894 1813
3 1815 1895 1814
3 1816 1896 1815
3 1817 1897 1816
3 1818 1898 1817
3 1819 1899 1818
3 1820 1900 1819
3 1821 1901 1820
3 1822 1902 1821
3 1823 1903 1822
3 1824 1904 1823
3 1825 1905 1824
3 1826 1906 1825
3 1827 1907 1826
3 1828 1908 1827
3 1829 1909 1828
3 1830 1910 1829
3 1831 1911 1830
3 1832 1912 1831
3 1833 1913 1832
3 1834 1914 1833
3 1835 1915 1834
3 1836 1916 1835
3 1837 1917 1836
3 1838 1918 1837
3 1839 1919 1838
3 1840 1920 1839
3 1841 1921 1840
3 1842 1922 1841
3 1843 1923 1842
3 1844 1924 1843
3 1845 1925 1844
3 1846 1926 1845
3 1847 1927 1846
3 1848 1928 1847
3 1849 1929 1848
3 1850 1930 1849
3 1851 1931 1850
3 1852 1932 1851
3 1853 1933 1852
3 1854 1934 1853
3 1855 1935 1854
3 1856 1936 1855
3 1857 1937 1856
3 1858 1938 1857
3 1859 1939 1858
3 1860 1940 1859
3 1861 1941 1860
3 1862 1942 1861
3 1863 1943 1862
3 1864 1944 1863
3 1865 1945 1864
3 1866 1946 1865
3 1867 1947 1866
3 1868 1948 1867
3 1869 1949 1868
3 1870 1950 1869
3 1871 1951 1870
3 1872 1952 1871
3 1873 1953 1872
3 1875 1955 1874
3 1876 1956 1875
3 1877 1957 1876
3 1878 1958 1877
3 1879 1959 1878
3 1880 1960 1879
3 1881 1961 1880
3 1882 1962 1881
3 1883 1963 1882
3 1884 1964 1883
3 1885 1965 1884
3 1886 1966 1885
3 1887 1967 1886
3 1888 1968 1887
3 1889 1969 1888
3 1890 1970 1889
3 1891 1971 1890
3 1892 1972 1891
3 1893 1973 1892
3 1894 1974 1893
3 1895 1975 1894
3 1896 1976 1895
3 1897 1977 1896
3 1898 1978 1897
3 1899 1979 1898
3 1900 1980 1899
3 1901 1981 1900
3 1902 1982 1901
3 1903 1983 1902
3 1904 1984 1903
3 1905 1985 1904
3 1906 1986 1905
3 1907 1987 1906
3 1908 1988 1907
3 1909 1989 1908
3 1910 1990 1909
3 1911 1991 1910
3 1912 1992 1911
3 1913 1993 1912
3 1914 1994 1913
3 1915 1995 1914
3 1916 1996 1915
3 1917 1997 1916
3 1918 1998 1917
3 1919 1999 1918
3 1920 2000 1919
3 1921 2001 1920
3 1922 2002 1921
3 1923 2003 1922
3 1924 2004 1923
3 1925 2005 1924
3 1926 2006 1925
3 1927 2007 1926
3 1928 2008 1927
3 1929 2009 1928
3 1930 2010 1929
3 1931 2011 1930
3 1932 2012 1931
3 1933 2013 1932
3 1934 2014 1933
3 1935 2015 1934
3 1936 2016 1935
3 1937 2017 1936
3 1938 2018 1937
3 1939 2019 1938
3 1940 2020 1939
3 1941 2021 1940
3 1942 2022 1941
3 1943 2023 1942
3 1944 2024 1943
3 1945 2025 1944
3 1946 2026 1945
3 1947 2027 1946
3 1948 2028 1947
3 1949 2029 1948
3 1950 2030 1949
3 1951 2031 1950
3 1952 2032 1951
3 1953 2033 1952
3 1954 2034 1953
3 1956 2037 1955
3 1957 2038 1956
3 1958 2039 1957
3 1959 2040 1958
3 1960 2041 1959
3 1961 2042 1960
3 1962 2043 1961
3 1963 2044 1962
3 1964 2045 1963
3 1965 2046 1964
3 1966 2047 1965
3 1967 2048 1966
3 1968 2049 1967
3 1969 2050 1968
3 1970 2051 1969
3 1971 2052 1970
3 1972 2053 1971
3 1973 2054 1972
3 1974 2055 1973
3 1975 2056 1974
3 1976 2057 1975
3 1977 2058 1976
3 1978 2059 1977
3 1979 2060 1978
3 1980 2061 1979
3 1981 2062 1980
3 1982 2063 1981
3 1983 2064 1982
3 1984 2065 1983
3 1985 2066 1984
3 1986 2067 1985
3 1987 2068 1986
3 1988 2069 1987
3 1989 2070 1988
3 1990 2071 1989
3 1991 2072 1990
3 1992 2073 1991
3 1993 2074 1992
3 1994 2075 1993
3 1995 2076 1994
3 1996 2077 1995
3 1997 2078 1996
3 1998 2079 1997
3 1999 2080 1998
3 2000 2081 1999
3 2001 2082 2000
3 2002 2083 2001
3 2003 2084 2002
3 2004 2085 2003
3 2005 2086 2004
3 2006 2087 2005
3 2007 2088 2006
3 2008 2089 2007
3 2009 2090 2008
3 2010 2091 2009
3 2011 2092 2010
3 2012 2093 2011
3 2013 2094 2012
3 2014 2095 2013
3 2015 2096 2014
3 2016 2097 2015
3 2017 2098 2016
3 2018 2099 2017
3 2019 2100 2018
3 2020 2101 2019
3 2021 2102 2020
3 2022 2103 2021
3 2023 2104 2022
3 2024 2105 2023
3 2025 2106 2024
3 2026 2107 2025
3 2027 2108 2026
3 2028 2109 2027
3 2029 2110 2028
3 2030 2111 2029
3 2031 2112 2030
3 2032 2113 2031
3 2033 2114 2032
3 2034 2115 2033
3 2035 2116 2034
3 2036 2117 2035
3 2039 2120 2038
3 2040 2121 2039
3 2041 2122 2040
3 2042 2123 2041
3 2043 2124 2042
3 2044 2125 2043
3 2045 2126 2044
3 2046 2127 2045
3 2047 2128 2046
3 2048 2129 2047
3 2049 2130 2048
3 2050 2131 2049
3 2051 2132 2050
3 2052 2133 2051
3 2053 2134 2052
3 2054 2135 2053
3 2055 2136 2054
3 2056 2137 2055
3 2057 2138 2056
3 2058 2139 2057
3 2059 2140 2058
3 2060 2141 2059
3 2061 2142 2060
3 2062 2143 2061
3 2063 2144 2062
3 2064 2145 2063
3 2065 2146 2064
3 2066 2147 2065
3 2067 2148 2066
3 2068 2149 2067
3 2069 2150 2068
3 2070 2151 2069
3 2071 2152 2070
3 2072 2153 2071
3 2073 2154 2072
3 2074 2155 2073
3 2075 2156 2074
3 2076 2157 2075
3 2077 2158 2076
3 2078 2159 2077
3 2079 2160 2078
3 2080 2161 2079
3 2081 2162 2080
3 2082 2163 2081
3 2083 2164 2082
3 2084 2165 2083
3 2085 2166 2084
3 2086 2167 2085
3 2087 2168 2086
3 2088 2169 2087
3 2089 2170 2088
3 2090 2171 2089
3 2091 2172 2090
3 2092 2173 2091
3 2093 2174 2092
3 2094 2175 2093
3 2095 2176 2094
3 2096 2177 2095
3 2097 2178 2096
3 2098 2179 2097
3 2099 2180 2098
3 2100 2181 2099
3 2101 2182 2100
3 2102 2183 2101
3 2103 2184 2102
3 2104 2185 2103
3 2105 2186 2104
3 2106 2187 2105
3 2107 2188 2106
3 2108 2189 2107
3 2109 2190 2108
3 2110 2191 2109
3 2111 2192 2110
3 2112 2193 2111
3 2113 2194 2112
3 2114 2195 2113
3 2115 2196 2114
3 2116 2197 2115
3 2117 2198 2116
3 2118 2199 2117
3 2119 2200 2118
3 2121 2202 2120
3 2122 2203 2121
3 2123 2204 2122
3 2124 2205 2123
3 2125 2206 2124
3 2126 2207 2125
3 2127 2208 2126
3 2128 2209 2127
3 2129 2210 2128
3 2130 2211 2129
3 2131 2212 2130
3 2132 2213 2131
3 2133 2214 2132
3 2134 2215 2133
3 2135 2216 2134
3 2136 2217 2135
3 2137 2218 2136
3 2138 2219 2137
3 2139 2220 2138
3 2140 2221 2139
3 2141 2222 2140
3 2142 2223 2141
3 2143 2224 2142
3 2144 2225 2143
3 2145 2226 2144
3 2146 2227 2145
3 2147 2228 2146
3 2148 2229 2147
3 2149 2230 2148
3 2150 2231 2149
3 2151 2232 2150
3 2152 2233 2151
3 2153 2234 2152
3 2154 2235 2153
3 2155 2236 2154
3 2156 2237 2155
3 2157 2238 2156
3 2158 2239 2157
3 2159 2240 2158
3 2160 2241 2159
3 2161 2242 2160
3 2162 2243 2161
3 2163 2244 2162
3 2164 2245 2163
3 2165 2246 2164
3 2166 2247 2165
3 2167 2248 2166
3 2168 2249 2167
3 2169 2250 2168
3 2170 2251 2169
3 2171 2252 2170
3 2172 2253 2171
3 2173 2254 2172
3 2174 2255 2173
3 2175 2256 2174
3 2176 2257 2175
3 2177 2258 2176
3 2178 2259 2177
3 2179 2260 2178
3 2180 2261 2179
3 2181 2262 2180
3 2182 2263 2181
3 2183 2264 2182
3 2184 2265 2183
3 2185 2266 2184
3 2186 2267 2185
3 2187 2268 2186
3 2188 2269 2187
3 2189 2270 2188
3 2190 2271 2189
3 2191 2272 2190
3 2192 2273 2191
3 2193 2274 2192
3 2194 2275 2193
3 2195 2276 2194
3 2196 2277 2195
3 2197 2278 2196
3 2198 2279 2197
3 2199 2280 2198
3 2200 2281 2199
3 2201 2282 2200
3 2203 2284 2202
3 2204 2285 2203
3 2205 2286 2204
3 2206 2287 2205
3 2207 2288 2206
3 2208 2289 2207
3 2209 2290 2208
3 2210 2291 2209
3 2211 2292 2210
3 2212 2293 2211
3 2213 2294 2212
3 2214 2295 2213
3 2215 2296 2214
3 2216 2297 2215
3 2217 2298 2216
3 2218 2299 2217
3 2219 2300 2218
3 2220 2301 2219
3 2221 2302 2220
3 2222 2303 2221
3 2223 2304 2222
3 2224 2305 2223
3 2225 2306 2224
3 2226 2307 2225
3 2227 2308 2226
3 2228 2309 2227
3 2229 2310 2228
3 2230 2311 2229
3 2231 2312 2230
3 2232 2313 2231
3 2233 2314 2232
3 2234 2315 2233
3 2235 2316 2234
3 2236 2317 2235
3 2237 2318 2236
3 2238 2319 2237
3 2239 2320 2238
3 2240 2321 2239
3 2241 2322 2240
3 2242 2323 2241
3 2243 2324 2242
3 2244 2325 2243
3 2245 2326 2244
3 2246 2327 2245
3 2247 2328 2246
3 2248 2329 2247
3 2249 2330 2248
3 2250 2331 2249
3 2251 2332 2250
3 2252 2333 2251
3 2253 2334 2252
3 2254 2335 2253
3 2255 2336 2254
3 2256 2337 2255
3 2257 2338 2256
3 2258 2339 2257
3 2259 2340 2258
3 2260 2341 2259
3 2261 2342 2260
3 2262 2343 2261
3 2263 2344 2262
3 2264 2345 2263
3 2265 2346 2264
3 2266 2347 2265
3 2267 2348 2266
3 2268 2349 2267
3 2269 2350 2268
3 2270 2351 2269
3 2271 2352 2270
3 2272 2353 2271
3 2273 2354 2272
3 2274 2355 2273
3 2275 2356 2274
3 2276 2357 2275
3 2277 2358 2276
3 2278 2359 2277
3 2279 2360 2278
3 2280 2361 2279
3 2281 2362 2280
3 2282 2363 2281
3 2283 2364 2282
3 2285 2366 2284
3 2286 2367 2285
3 2287 2368 2286
3 2288 2369 2287
3 2289 2370 2288
3 2290 2371 2289
3 2291 2372 2290
3 2292 2373 2291
3 2293 2374 2292
3 2294 2375 2293
3 2295 2376 2294
3 2296 2377 2295
3 2297 2378 2296
3 2298 2379 2297
3 2299 2380 2298
3 2300 2381 2299
3 2301 2382 2300
3 2302 2383 2301
3 2303 2384 2302
3 2304 2385 2303
3 2305 2386 2304
3 2306 2387 2305
3 2307 2388 2306
3 2308 2389 2307
3 2309 2390 2308
3 2310 2391 2309
3 2311 2392 2310
3 2312 2393 2311
3 2313 2394 2312
3 2314 2395 2313
3 2315 2396 2314
3 2316 2397 2315
3 2317 2398 2316
3 2318 2399 2317
3 2319 2400 2318
3 2320 2401 2319
3 2321 2402 2320
3 2322 2403 2321
3 2323 2404 2322
3 2324 2405 2323
3 2325 2406 2324
3 2326 2407 2325
3 2327 2408 2326
3 2328 2409 2327
3 2329 2410 2328
3 2330 2411 2329
3 2331 2412 2330
3 2332 2413 2331
3 2333 2414 2332
3 2334 2415 2333
3 2335 2416 2334
3 2336 2417 2335
3 2337 2418 2336
3 2338 2419 2337
3 2339 2420 2338
3 2340 2421 2339
3 2341 2422 2340
3 2342 2423 2341
3 2343 2424 2342
3 2344 2425 2343
3 2345 2426 2344
3 2346 2427 2345
3 2347 2428 2346
3 2348 2429 2347
3 2349 2430 2348
3 2350 2431 2349
3 2351 2432 2350
3 2352 2433 2351
3 2353 2434 2352
3 2354 2435 2353
3 2355 2436 2354
3 2356 2437 2355
3 2357 2438 2356
3 2358 2439 2357
3 2359 2440 2358
3 2360 2441 2359
3 2361 2442 2360
3 2362 2443 2361
3 2363 2444 2362
3 2364 2445 2363
3 2365 2446 2364
3 2367 2448 2366
3 2368 2449 2367
3 2369 2450 2368
3 2370 2451 2369
3 2371 2452 2370
3 2372 2453 2371
3 2373 2454 2372
3 2374 2455 2373
3 2375 2456 2374
3 2376 2457 2375
3 2377 2458 2376
3 2378 2459 2377
3 2379 2460 2378
3 2380 2461 2379
3 2381 2462 2380
3 2382 2463 2381
3 2383 2464 2382
3 2384 2465 2383
3 2385 2466 2384
3 2386 2467 2385
3 2387 2468 2386
3 2388 2469 2387
3 2389 2470 2388
3 2390 2471 2389
3 2391 2472 2390
3 2392 2473 2391
3 2393 2474 2392
3 2394 2475 2393
3 2395 2476 2394
3 2396 2477 2395
3 2397 2478 2396
3 2398 2479 2397
3 2399 2480 2398
3 2400 2481 2399
3 2401 2482 2400
3 2402 2483 2401
3 2403 2484 2402
3 2404 2485 2403
3 2405 2486 2404
3 2406 2487 2405
3 2407 2488 2406
3 2408 2489 2407
3 2409 2490 2408
3 2410 2491 2409
3 2411 2492 2410
3 2412 2493 2411
3 2413 2494 2412
3 2414 2495 2413
3 2415 2496 2414
3 2416 2497 2415
3 2417 2498 2416
3 2418 2499 2417
3 2419 2500 2418
3 2420 2501 2419
3 2421 2502 2420
3 2422 2503 2421
3 2423 2504 2422
3 2424 2505 2423
3 2425 2506 2424
3 2426 2507 2425
3 2427 2508 2426
3 2428 2509 2427
3 2429 2510 2428
3 2430 2511 2429
3 2431 2512 2430
3 2432 2513 2431
3 2433 2514 2432
3 2434 2515 2433
3 2435 2516 2434
3 2436 2517 2435
3 2437 2518 2436
3 2438 2519 2437
3 2439 2520 2438
3 2440 2521 2439
3 2441 2522 2440
3 2442 2523 2441
3 2443 2524 2442
3 2444 2525 2443
3 2445 2526 2444
3 2446 2527 2445
3 2447 2528 2446
3 2450 2530 2449
3 2451 2531 2450
3 2452 2532 2451
3 2453 2533 2452
3 2454 2534 2453
3 2455 2535 2454
3 2456 2536 2455
3 2457 2537 2456
3 2458 2538 2457
3 2459 2539 2458
3 2460 2540 2459
3 2461 2541 2460
3 2462 2542 2461
3 2463 2543 2462
3 2464 2544 2463
3 2465 2545 2464
3 2466 2546 2465
3 2467 2547 2466
3 2468 2548 2467
3 2469 2549 2468
3 2470 2550 2469
3 2471 2551 2470
3 2472 2552 2471
3 2473 2553 2472
3 2474 2554 2473
3 2475 2555 2474
3 2476 2556 2475
3 2477 2557 2476
3 2478 2558 2477
3 2479 2559 2478
3 2480 2560 2479
3 2481 2561 2480
3 2482 2562 2481
3 2483 2563 2482
3 2484 2564 2483
3 2485 2565 2484
3 2486 2566 2485
3 2487 2567 2486
3 2488 2568 2487
3 2489 2569 2488
3 2490 2570 2489
3 2491 2571 2490
3 2492 2572 2491
3 2493 2573 2492
3 2494 2574 2493
3 2495 2575 2494
3 2496 2576 2495
3 2497 2577 2496
3 2498 2578 2497
3 2499 2579 2498
3 2500 2580 2499
3 2501 2581 2500
3 2502 2582 2501
3 2503 2583 2502
3 2504 2584 2503
3 2505 2585 2504
3 2506 2586 2505
3 2507 2587 2506
3 2508 2588 2507
3 2509 2589 2508
3 2510 2590 2509
3 2511 2591 2510
3 2512 2592 2511
3 2513 2593 2512
3 2514 2594 2513
3 2515 2595 2514
3 2516 2596 2515
3 2517 2597 2516
3 2518 2598 2517
3 2519 2599 2518
3 2520 2600 2519
3 2521 2601 2520
3 2522 2602 2521
3 2523 2603 2522
3 2524 2604 2523
3 2525 2605 2524
3 2526 2606 2525
3 2527 2607 2526
3 2528 2608 2527
3 2529 2609 2528
3 2531 2611 2530
3 2532 2612 2531
3 2533 2613 2532
3 2534 2614 2533
3 2535 2615 2534
3 2536 2616 2535
3 2537 2617 2536
3 2538 2618 2537
3 2539 2619 2538
3 2540 2620 2539
3 2541 2621 2540
3 2542 2622 2541
3 2543 2623 2542
3 2544 2624 2543
3 2545 2625 2544
3 2546 2626 2545
3 2547 2627 2546
3 2548 2628 2547
3 2549 2629 2548
3 2550 2630 2549
3 2551 2631 2550
3 2552 2632 2551
3 2553 2633 2552
3 2554 2634 2553
3 2555 2635 2554
3 2556 2636 2555
3 2557 2637 2556
3 2558 2638 2557
3 2559 2639 2558
3 2560 2640 2559
3 2561 2641 2560
3 2562 2642 2561
3 2563 2643 2562
3 2564 2644 2563
3 2565 2645 2564
3 2566 2646 2565
3 2567 2647 2566
3 2568 2648 2567
3 2569 2649 2568
3 2570 2650 2569
3 2571 2651 2570
3 2572 2652 2571
3 2573 2653 2572
3 2574 2654 2573
3 2575 2655 2574
3 2576 2656 2575
3 2577 2657 2576
3 2578 2658 2577
3 2579 2659 2578
3 2580 2660 2579
3 2581 2661 2580
3 2582 2662 2581
3 2583 2663 2582
3 2584 2664 2583
3 2585 2665 2584
3 2586 2666 2585
3 2587 2667 2586
3 2588 2668 2587
3 2589 2669 2588
3 2590 2670 2589
3 2591 2671 2590
3 2592 2672 2591
3 2593 2673 2592
3 2594 2674 2593
3 2595 2675 2594
3 2596 2676 2595
3 2597 2677 2596
3 2598 2678 2597
3 2599 2679 2598
3 2600 2680 2599
3 2601 2681 2600
3 2602 2682 2601
3 2603 2683 2602
3 2604 2684 2603
3 2605 2685 2604
3 2606 2686 2605
3 2607 2687 2606
3 2608 2688 2607
3 2609 2689 2608
3 2610 2690 2609
3 2612 2692 2611
3 2613 2693 2612
3 2614 2694 2613
3 2615 2695 2614
3 2616 2696 2615
3 2617 2697 2616
3 2618 2698 2617
3 2619 2699 2618
3 2620 2700 2619
3 2621 2701 2620
3 2622 2702 2621
3 2623 2703 2622
3 2624 2704 2623
3 2625 2705 2624
3 2626 2706 2625
3 2627 2707 2626
3 2628 2708 2627
3 2629 2709 2628
3 2630 2710 2629
3 2631 2711 2630
3 2632 2712 2631
3 2633 2713 2632
3 2634 2714 2633
3 2635 2715 2634
3 2636 2716 2635
3 2637 2717 2636
3 2638 2718 2637
3 2639 2719 2638
3 2640 2720 2639
3 2641 2721 2640
3 2642 2722 2641
3 2643 2723 2642
3 2644 2724 2643
3 2645 2725 2644
3 2646 2726 2645
3 2647 2727 2646
3 2648 2728 2647
3 2649 2729 2648
3 2650 2730 2649
3 2651 2731 2650
3 2652 2732 2651
3 2653 2733 2652
3 2654 2734 2653
3 2655 2735 2654
3 2656 2736 2655
3 2657 2737 2656
3 2658 2738 2657
3 2659 2739 2658
3 2660 2740 2659
3 2661 2741 2660
3 2662 2742 2661
3 2663 2743 2662
3 2664 2744 2663
3 2665 2745 2664
3 2666 2746 2665
3 2667 2747 2666
3 2668 2748 2667
3 2669 2749 2668
3 2670 2750 2669
3 2671 2751 2670
3 2672 2752 2671
3 2673 2753 2672
3 2674 2754 2673
3 2675 2755 2674
3 2676 2756 2675
3 2677 2757 2676
3 2678 2758 2677
3 2679 2759 2678
3 2680 2760 2679
3 2681 2761 2680
3 2682 2762 2681
3 2683 2763 2682
3 2684 2764 2683
3 2685 2765 2684
3 2686 2766 2685
3 2687 2767 2686
3 2688 2768 2687
3 2689 2769 2688
3 2690 2770 2689
3 2691 2771 2690
3 2693 2773 2692
3 2694 2774 2693
3 2695 2775 2694
3 2696 2776 2695
3 2697 2777 2696
3 2698 2778 2697
3 2699 2779 2698
3 2700 2780 2699
3 2701 2781 2700
3 2702 2782 2701
3 2703 2783 2702
3 2704 2784 2703
3 2705 2785 2704
3 2706 2786 2705
3 2707 2787 2706
3 2708 2788 2707
3 2709 2789 2708
3 2710 2790 2709
3 2711 2791 2710
3 2712 2792 2711
3 2713 2793 2712
3 2714 2794 2713
3 2715 2795 2714
3 2716 2796 2715
3 2717 2797 2716
3 2718 2798 2717
3 2719 2799 2718
3 2720 2800 2719
3 2721 2801 2720
3 2722 2802 2721
3 2723 2803 2722
3 2724 2804 2723
3 2725 2805 2724
3 2726 2806 2725
3 2727 2807 2726
3 2728 2808 2727
3 2729 2809 2728
3 2730 2810 2729
3 2731 2811 2730
3 2732 2812 2731
3 2733 2813 2732
3 2734 2814 2733
3 2735 2815 2734
3 2736 2816 2735
3 2737 2817 2736
3 2738 2818 2737
3 2739 2819 2738
3 2740 2820 2739
3 2741 2821 2740
3 2742 2822 2741
3 2743 2823 2742
3 2744 2824 2743
3 2745 2825 2744
3 2746 2826 2745
3 2747 2827 2746
3 2748 2828 2747
3 2749 2829 2748
3 2750 2830 2749
3 2751 2831 2750
3 2752 2832 2751
3 2753 2833 2752
3 2754 2834 2753
3 2755 2835 2754
3 2756 2836 2755
3 2757 2837 2756
3 2758 2838 2757
3 2759 2839 2758
3 2760 2840 2759
3 2761 2841 2760
3 2762 2842 2761
3 2763 2843 2762
3 2764 2844 2763
3 2765 2845 2764
3 2766 2846 2765
3 2767 2847 2766
3 2768 2848 2767
3 2769 2849 2768
3 2770 2850 2769
3 2771 2851 2770
3 2772 2852 2771
3 2774 2854 2773
3 2775 2855 2774
3 2776 2856 2775
3 2777 2857 2776
3 2778 2858 2777
3 2779 2859 2778
3 2780 2860 2779
3 2781 2861 2780
3 2782 2862 2781
3 2783 2863 2782
3 2784 2864 2783
3 2785 2865 2784
3 2786 2866 2785
3 2787 2867 2786
3 2788 2868 2787
3 2789 2869 2788
3 2790 2870 2789
3 2791 2871 2790
3 2792 2872 2791
3 2793 2873 2792
3 2794 2874 2793
3 2795 2875 2794
3 2796 2876 2795
3 2797 2877 2796
3 2798 2878 2797
3 2799 2879 2798
3 2800 2880 2799
3 2801 2881 2800
3 2802 2882 2801
3 2803 2883 2802
3 2804 2884 2803
3 2805 2885 2804
3 2806 2886 2805
3 2807 2887 2806
3 2808 2888 2807
3 2809 2889 2808
3 2810 2890 2809
3 2811 2891 2810
3 2812 2892 2811
3 2813 2893 2812
3 2814 2894 2813
3 2815 2895 2814
3 2816 2896 2815
3 2817 2897 2816
3 2818 2898 2817
3 2819 2899 2818
3 2820 2900 2819
3 2821 2901 2820
3 2822 2902 2821
3 2823 2903 2822
3 2824 2904 2823
3 2825 2905 2824
3 2826 2906 2825
3 2827 2907 2826
3 2828 2908 2827
3 2829 2909 2828
3 2830 2910 2829
3 2831 2911 2830
3 2832 2912 2831
3 2833 2913 2832
3 2834 2914 2833
3 2835 2915 2834
3 2836 2916 2835
3 2837 2917 2836
3 2838 2918 2837
3 2839 2919 2838
3 2840 2920 2839
3 2841 2921 2840
3 2842 2922 2841
3 2843 2923 2842
3 2844 2924 2843
3 2845 2925 2844
3 2846 2926 2845
3 2847 2927 2846
3 2848 2928 2847
3 2849 2929 2848
3 2850 2930 2849
3 2851 2931 2850
3 2852 2932 2851
3 2856 2934 2855
3 2857 2935 2856
3 2858 2936 2857
3 2859 2937 2858
3 2860 2938 2859
3 2861 2939 2860
3 2862 2940 2861
3 2863 2941 2862
3 2864 2942 2863
3 2865 2943 2864
3 2866 2944 2865
3 2867 2945 2866
3 2868 2946 2867
3 2869 2947 2868
3 2870 2948 2869
3 2871 2949 2870
3 2872 2950 2871
3 2873 2951 2872
3 2874 2952 2873
3 2875 2953 2874
3 2876 2954 2875
3 2877 2955 2876
3 2878 2956 2877
3 2879 2957 2878
3 2880 2958 2879
3 2881 2959 2880
3 2882 2960 2881
3 2883 2961 2882
3 2884 2962 2883
3 2885 2963 2884
3 2886 2964 2885
3 2887 2965 2886
3 2888 2966 2887
3 2889 2967 2888
3 2890 2968 2889
3 2891 2969 2890
3 2892 2970 2891
3 2893 2971 2892
3 2894 2972 2893
3 2895 2973 2894
3 2896 2974 2895
3 2897 2975 2896
3 2898 2976 2897
3 2899 2977 2898
3 2900 2978 2899
3 2901 2979 2900
3 2902 2980 2901
3 2903 2981 2902
3 2904 2982 2903
3 2905 2983 2904
3 2906 2984 2905
3 2907 2985 2906
3 2908 2986 2907
3 2909 2987 2908
3 2910 2988 2909
3 2911 2989 2910
3 2912 2990 2911
3 2913 2991 2912
3 2914 2992 2913
3 2915 2993 2914
3 2916 2994 2915
3 2917 2995 2916
3 2918 2996 2917
3 2919 2997 2918
3 2920 2998 2919
3 2921 2999 2920
3 2922 3000 2921
3 2923 3001 2922
3 2924 3002 2923
3 2925 3003 2924
3 2926 3004 2925
3 2927 3005 2926
3 2928 3006 2927
3 2929 3007 2928
3 2930 3008 2929
3 2931 3009 2930
3 2932 3010 2931
3 2933 3011 2932
3 2935 3013 2934
3 2936 3014 2935
3 2937 3015 2936
3 2938 3016 2937
3 2939 3017 2938
3 2940 3018 2939
3 2941 3019 2940
3 2942 3020 2941
3 2943 3021 2942
3 2944 3022 2943
3 2945 3023 2944
3 2946 3024 2945
3 2947 3025 2946
3 2948 3026 2947
3 2949 3027 2948
3 2950 3028 2949
3 2951 3029 2950
3 2952 3030 2951
3 2953 3031 2952
3 2954 3032 2953
3 2955 3033 2954
3 2956 3034 2955
3 2957 3035 2956
3 2958 3036 2957
3 2959 3037 2958
3 2960 3038 2959
3 2961 3039 2960
3 2962 3040 2961
3 2963 3041 2962
3 2964 3042 2963
3 2965 3043 2964
3 2966 3044 2965
3 2967 3045 2966
3 2968 3046 2967
3 2969 3047 2968
3 2970 3048 2969
3 2971 3049 2970
3 2972 3050 2971
3 2973 3051 2972
3 2974 3052 2973
3 2975 3053 2974
3 2976 3054 2975
3 2977 3055 2976
3 2978 3056 2977
3 2979 3057 2978
3 2980 3058 2979
3 2981 3059 2980
3 2982 3060 2981
3 2983 3061 2982
3 2984 3062 2983
3 2985 3063 2984
3 2986 3064 2985
3 2987 3065 2986
3 2988 3066 2987
3 2989 3067 2988
3 2990 3068 2989
3 2991 3069 2990
3 2992 3070 2991
3 2993 3071 2992
3 2994 3072 2993
3 2995 3073 2994
3 2996 3074 2995
3 2997 3075 2996
3 2998 3076 2997
3 2999 3077 2998
3 3000 3078 2999
3 3001 3079 3000
3 3002 3080 3001
3 3003 3081 3002
3 3004 3082 3003
3 3005 3083 3004
3 3006 3084 3005
3 3007 3085 3006
3 3008 3086 3007
3 3009 3087 3008
3 3010 3088 3009
3 3011 3089 3010
3 3014 3091 3013
3 3015 3092 3014
3 3016 3093 3015
3 3017 3094 3016
3 3018 3095 3017
3 3019 3096 3018
3 3020 3097 3019
3 3021 3098 3020
3 3022 3099 3021
3 3023 3100 3022
3 3024 3101 3023
3 3025 3102 3024
3 3026 3103 3025
3 3027 3104 3026
3 3028 3105 3027
3 3029 3106 3028
3 3030 3107 3029
3 3031 3108 3030
3 3032 3109 3031
3 3033 3110 3032
3 3034 3111 3033
3 3035 3112 3034
3 3036 3113 3035
3 3037 3114 3036
3 3038 3115 3037
3 3039 3116 3038
3 3040 3117 3039
3 3041 3118 3040
3 3042 3119 3041
3 3043 3120 3042
3 3044 3121 3043
3 3045 3122 3044
3 3046 3123 3045
3 3047 3124 3046
3 3048 3125 3047
3 3049 3126 3048
3 3050 3127 3049
3 3051 3128 3050
3 3052 3129 3051
3 3053 3130 3052
3 3054 3131 3053
3 3055 3132 3054
3 3056 3133 3055
3 3057 3134 3056
3 3058 3135 3057
3 3059 3136 3058
3 3060 3137 3059
3 3061 3138 3060
3 3062 3139 3061
3 3063 3140 3062
3 3064 3141 3063
3 3065 3142 3064
3 3066 3143 3065
3 3067 3144 3066
3 3068 3145 3067
3 3069 3146 3068
3 3070 3147 3069
3 3071 3148 3070
3 3072 3149 3071
3 3073 3150 3072
3 3074 3151 3073
3 3075 3152 3074
3 3076 3153 3075
3 3077 3154 3076
3 3078 3155 3077
3 3079 3156 3078
3 3080 3157 3079
3 3081 3158 3080
3 3082 3159 3081
3 3083 3160 3082
3 3084 3161 3083
3 3085 3162 3084
3 3086 3163 3085
3 3087 3164 3086
3 3088 3165 3087
3 3089 3166 3088
3 3090 3167 3089
3 3092 3169 3091
3 3093 3170 3092
3 3094 3171 3093
3 3095 3172 3094
3 3096 3173 3095
3 3097 3174 3096
3 3098 3175 3097
3 3099 3176 3098
3 3100 3177 3099
3 3101 3178 3100
3 3102 3179 3101
3 3103 3180 3102
3 3104 3181 3103
3 3105 3182 3104
3 3106 3183 3105
3 3107 3184 3106
3 3108 3185 3107
3 3109 3186 3108
3 3110 3187 3109
3 3111 3188 3110
3 3112 3189 3111
3 3113 3190 3112
3 3114 3191 3113
3 3115 3192 3114
3 3116 3193 3115
3 3117 3194 3116
3 3118 3195 3117
3 3119 3196 3118
3 3120 3197 3119
3 3121 3198 3120
3 3122 3199 3121
3 3123 3200 3122
3 3124 3201 3123
3 3125 3202 3124
3 3126 3203 3125
3 3127 3204 3126
3 3128 3205 3127
3 3129 3206 3128
3 3130 3207 3129
3 3131 3208 3130
3 3132 3209 3131
3 3133 3210 3132
3 3134 3211 3133
3 3135 3212 3134
3 3136 3213 3135
3 3137 3214 3136
3 3138 3215 3137
3 3139 3216 3138
3 3140 3217 3139
3 3141 3218 3140
3 3142 3219 3141
3 3143 3220 3142
3 3144 3221 3143
3 3145 3222 3144
3 3146 3223 3145
3 3147 3224 3146
3 3148 3225 3147
3 3149 3226 3148
3 3150 3227 3149
3 3151 3228 3150
3 3152 3229 3151
3 3153 3230 3152
3 3154 3231 3153
3 3155 3232 3154
3 3156 3233 3155
3 3157 3234 3156
3 3158 3235 3157
3 3159 3236 3158
3 3160 3237 3159
3 3161 3238 3160
3 3162 3239 3161
3 3163 3240 3162
3 3164 3241 3163
3 3165 3242 3164
3 3166 3243 3165
3 3167 3244 3166
3 3170 3246 3169
3 3171 3247 3170
3 3172 3248 3171
3 3173 3249 3172
3 3174 3250 3173
3 3175 3251 3174
3 3176 3252 3175
3 3177 3253 3176
3 3178 3254 3177
3 3179 3255 3178
3 3180 3256 3179
3 3181 3257 3180
3 3182 3258 3181
3 3183 3259 3182
3 3184 3260 3183
3 3185 3261 3184
3 3186 3262 3185
3 3187 3263 3186
3 3188 3264 3187
3 3189 3265 3188
3 3190 3266 3189
3 3191 3267 3190
3 3192 3268 3191
3 3193 3269 3192
3 3194 3270 3193
3 3195 3271 3194
3 3196 3272 3195
3 3197 3273 3196
3 3198 3274 3197
3 3199 3275 3198
3 3200 3276 3199
3 3201 3277 3200
3 3202 3278 3201
3 3203 3279 3202
3 3204 3280 3203
3 3205 3281 3204
3 3206 3282 3205
3 3207 3283 3206
3 3208 3284 3207
3 3209 3285 3208
3 3210 3286 3209
3 3211 3287 3210
3 3212 3288 3211
3 3213 3289 3212
3 3214 3290 3213
3 3215 3291 3214
3 3216 3292 3215
3 3217 3293 3216
3 3218 3294 3217
3 3219 3295 3218
3 3220 3296 3219
3 3221 3297 3220
3 3222 3298 3221
3 3223 3299 3222
3 3224 3300 3223
3 3225 3301 3224
3 3226 3302 3225
3 3227 3303 3226
3 3228 3304 3227
3 3229 3305 3228
3 3230 3306 3229
3 3231 3307 3230
3 3232 3308 3231
3 3233 3309 3232
3 3234 3310 3233
3 3235 3311 3234
3 3236 3312 3235
3 3237 3313 3236
3 3238 3314 3237
3 3239 3315 3238
3 3240 3316 3239
3 3241 3317 3240
3 3242 3318 3241
3 3243 3319 3242
3 3244 3320 3243
3 3247 3322 3246
3 3248 3323 3247
3 3249 3324 3248
3 3250 3325 3249
3 3251 3326 3250
3 3252 3327 3251
3 3253 3328 3252
3 3254 3329 3253
3 3255 3330 3254
3 3256 3331 3255
3 3257 3332 3256
3 3258 3333 3257
3 3259 3334 3258
3 3260 3335 3259
3 3261 3336 3260
3 3262 3337 3261
3 3263 3338 3262
3 3264 3339 3263
3 3265 3340 3264
3 3266 3341 3265
3 3267 3342 3266
3 3268 3343 3267
3 3269 3344 3268
3 3270 3345 3269
3 3271 3346 3270
3 3272 3347 3271
3 3273 3348 3272
3 3274 3349 3273
3 3275 3350 3274
3 3276 3351 3275
3 3277 3352 3276
3 3278 3353 3277
3 3279 3354 3278
3 3280 3355 3279
3 3281 3356 3280
3 3282 3357 3281
3 3283 3358 3282
3 3284 3359 3283
3 3285 3360 3284
3 3286 3361 3285
3 3287 3362 3286
3 3288 3363 3287
3 3289 3364 3288
3 3290 3365 3289
3 3291 3366 3290
3 3292 3367 3291
3 3293 3368 3292
3 3294 3369 3293
3 3295 3370 3294
3 3296 3371 3295
3 3297 3372 3296
3 3298 3373 3297
3 3299 3374 3298
3 3300 3375 3299
3 3301 3376 3300
3 3302 3377 3301
3 3303 3378 3302
3 3304 3379 3303
3 3305 3380 3304
3 3306 3381 3305
3 3307 3382 3306
3 3308 3383 3307
3 3309 3384 3308
3 3310 3385 3309
3 3311 3386 3310
3 3312 3387 3311
3 3313 3388 3312
3 3314 3389 3313
3 3315 3390 3314
3 3316 3391 3315
3 3317 3392 3316
3 3318 3393 3317
3 3319 3394 3318
3 3320 3395 3319
3 3321 3396 3320
3 3323 3398 3322
3 3324 3399 3323
3 3325 3400 3324
3 3326 3401 3325
3 3327 3402 3326
3 3328 3403 3327
3 3329 3404 3328
3 3330 3405 3329
3 3331 3406 3330
3 3332 3407 3331
3 3333 3408 3332
3 3334 3409 3333
3 3335 3410 3334
3 3336 3411 3335
3 3337 3412 3336
3 3338 3413 3337
3 3339 3414 3338
3 3340 3415 3339
3 3341 3416 3340
3 3342 3417 3341
3 3343 3418 3342
3 3344 3419 3343
3 3345 3420 3344
3 3346 3421 3345
3 3347 3422 3346
3 3348 3423 3347
3 3349 3424 3348
3 3350 3425 3349
3 3351 3426 3350
3 3352 3427 3351
3 3353 3428 3352
3 3354 3429 3353
3 3355 3430 3354
3 3356 3431 3355
3 3357 3432 3356
3 3358 3433 3357
3 3359 3434 3358
3 3360 3435 3359
3 3361 3436 3360
3 3362 3437 3361
3 3363 3438 3362
3 3364 3439 3363
3 3365 3440 3364
3 3366 3441 3365
3 3367 3442 3366
3 3368 3443 3367
3 3369 3444 3368
3 3370 3445 3369
3 3371 3446 3370
3 3372 3447 3371
3 3373 3448 3372
3 3374 3449 3373
3 3375 3450 3374
3 3376 3451 3375
3 3377 3452 3376
3 3378 3453 3377
3 3379 3454 3378
3 3380 3455 3379
3 3381 3456 3380
3 3382 3457 3381
3 3383 3458 3382
3 3384 3459 3383
3 3385 3460 3384
3 3386 3461 3385
3 3387 3462 3386
3 3388 3463 3387
3 3389 3464 3388
3 3390 3465 3389
3 3391 3466 3390
3 3392 3467 3391
3 3393 3468 3392
3 3394 3469 3393
3 3395 3470 3394
3 3396 3471 3395
3 3399 3473 3398
3 3400 3474 3399
3 3401 3475 3400
3 3402 3476 3401
3 3403 3477 3402
3 3404 3478 3403
3 3405 3479 3404
3 3406 3480 3405
3 3407 3481 3406
3 3408 3482 3407
3 3409 3483 3408
3 3410 3484 3409
3 3411 3485 3410
3 3412 3486 3411
3 3413 3487 3412
3 3414 3488 3413
3 3415 3489 3414
3 3416 3490 3415
3 3417 3491 3416
3 3418 3492 3417
3 3419 3493 3418
3 3420 3494 3419
3 3421 3495 3420
3 3422 3496 3421
3 3423 3497 3422
3 3424 3498 3423
3 3425 3499 3424
3 3426 3500 3425
3 3427 3501 3426
3 3428 3502 3427
3 3429 3503 3428
3 3430 3504 3429
3 3431 3505 3430
3 3432 3506 3431
3 3433 3507 3432
3 3434 3508 3433
3 3435 3509 3434
3 3436 3510 3435
3 3437 3511 3436
3 3438 3512 3437
3 3439 3513 3438
3 3440 3514 3439
3 3441 3515 3440
3 3442 3516 3441
3 3443 3517 3442
3 3444 3518 3443
3 3445 3519 3444
3 3446 3520 3445
3 3447 3521 3446
3 3448 3522 3447
3 3449 3523 3448
3 3450 3524 3449
3 3451 3525 3450
3 3452 3526 3451
3 3453 3527 3452
3 3454 3528 3453
3 3455 3529 3454
3 3456 3530 3455
3 3457 3531 3456
3 3458 3532 3457
3 3459 3533 3458
3 3460 3534 3459
3 3461 3535 3460
3 3462 3536 3461
3 3463 3537 3462
3 3464 3538 3463
3 3465 3539 3464
3 3466 3540 3465
3 3467 3541 3466
3 3468 3542 3467
3 3469 3543 3468
3 3470 3544 3469
3 3471 3545 3470
3 3472 3546 3471
3 3475 3548 3474
3 3476 3549 3475
3 3477 3550 3476
3 3478 3551 3477
3 3479 3552 3478
3 3480 3553 3479
3 3481 3554 3480
3 3482 3555 3481
3 3483 3556 3482
3 3484 3557 3483
3 3485 3558 3484
3 3486 3559 3485
3 3487 3560 3486
3 3488 3561 3487
3 3489 3562 3488
3 3490 3563 3489
3 3491 3564 3490
3 3492 3565 3491
3 3493 3566 3492
3 3494 3567 3493
3 3495 3568 3494
3 3496 3569 3495
3 3497 3570 3496
3 3498 3571 3497
3 3499 3572 3498
3 3500 3573 3499
3 3501 3574 3500
3 3502 3575 3501
3 3503 3576 3502
3 3504 3577 3503
3 3505 3578 3504
3 3506 3579 3505
3 3507 3580 3506
3 3508 3581 3507
3 3509 3582 3508
3 3510 3583 3509
3 3511 3584 3510
3 3512 3585 3511
3 3513 3586 3512
3 3514 3587 3513
3 3515 3588 3514
3 3516 3589 3515
3 3517 3590 3516
3 3518 3591 3517
3 3519 3592 3518
3 3520 3593 3519
3 3521 3594 3520
3 3522 3595 3521
3 3523 3596 3522
3 3524 3597 3523
3 3525 3598 3524
3 3526 3599 3525
3 3527 3600 3526
3 3528 3601 3527
3 3529 3602 3528
3 3530 3603 3529
3 3531 3604 3530
3 3532 3605 3531
3 3533 3606 3532
3 3534 3607 3533
3 3535 3608 3534
3 3536 3609 3535
3 3537 3610 3536
3 3538 3611 3537
3 3539 3612 3538
3 3540 3613 3539
3 3541 3614 3540
3 3542 3615 3541
3 3543 3616 3542
3 3544 3617 3543
3 3545 3618 3544
3 3546 3619 3545
3 3549 3621 3548
3 3550 3622 3549
3 3551 3623 3550
3 3552 3624 3551
3 3553 3625 3552
3 3554 3626 3553
3 3555 3627 3554
3 3556 3628 3555
3 3557 3629 3556
3 3558 3630 3557
3 3559 3631 3558
3 3560 3632 3559
3 3561 3633 3560
3 3562 3634 3561
3 3563 3635 3562
3 3564 3636 3563
3 3565 3637 3564
3 3566 3638 3565
3 3567 3639 3566
3 3568 3640 3567
3 3569 3641 3568
3 3570 3642 3569
3 3571 3643 3570
3 3572 3644 3571
3 3573 3645 3572
3 3574 3646 3573
3 3575 3647 3574
3 3576 3648 3575
3 3577 3649 3576
3 3578 3650 3577
3 3579 3651 3578
3 3580 3652 3579
3 3581 3653 3580
3 3582 3654 3581
3 3583 3655 3582
3 3584 3656 3583
3 3585 3657 3584
3 3586 3658 3585
3 3587 3659 3586
3 3588 3660 3587
3 3589 3661 3588
3 3590 3662 3589
3 3591 3663 3590
3 3592 3664 3591
3 3593 3665 3592
3 3594 3666 3593
3 3595 3667 3594
3 3596 3668 3595
3 3597 3669 3596
3 3598 3670 3597
3 3599 3671 3598
3 3600 3672 3599
3 3601 3673 3600
3 3602 3674 3601
3 3603 3675 3602
3 3604 3676 3603
3 3605 3677 3604
3 3606 3678 3605
3 3607 3679 3606
3 3608 3680 3607
3 3609 3681 3608
3 3610 3682 3609
3 3611 3683 3610
3 3612 3684 3611
3 3613 3685 3612
3 3614 3686 3613
3 3615 3687 3614
3 3616 3688 3615
3 3617 3689 3616
3 3618 3690 3617
3 3619 3691 3618
3 3620 3692 3619
3 3622 3694 3621
3 3623 3695 3622
3 3624 3696 3623
3 3625 3697 3624
3 3626 3698 3625
3 3627 3699 3626
3 3628 3700 3627
3 3629 3701 3628
3 3630 3702 3629
3 3631 3703 3630
3 3632 3704 3631
3 3633 3705 3632
3 3634 3706 3633
3 3635 3707 3634
3 3636 3708 3635
3 3637 3709 3636
3 3638 3710 3637
3 3639 3711 3638
3 3640 3712 3639
3 3641 3713 3640
3 3642 3714 3641
3 3643 3715 3642
3 3644 3716 3643
3 3645 3717 3644
3 3646 3718 3645
3 3647 3719 3646
3 3648 3720 3647
3 3649 3721 3648
3 3650 3722 3649
3 3651 3723 3650
3 3652 3724 3651
3 3653 3725 3652
3 3654 3726 3653
3 3655 3727 3654
3 3656 3728 3655
3 3657 3729 3656
3 3658 3730 3657
3 3659 3731 3658
3 3660 3732 3659
3 3661 3733 3660
3 3662 3734 3661
3 3663 3735 3662
3 3664 3736 3663
3 3665 3737 3664
3 3666 3738 3665
3 3667 3739 3666
3 3668 3740 3667
3 3669 3741 3668
3 3670 3742 3669
3 3671 3743 3670
3 3672 3744 3671
3 3673 3745 3672
3 3674 3746 3673
3 3675 3747 3674
3 3676 3748 3675
3 3677 3749 3676
3 3678 3750 3677
3 3679 3751 3678
3 3680 3752 3679
3 3681 3753 3680
3 3682 3754 3681
3 3683 3755 3682
3 3684 3756 3683
3 3685 3757 3684
3 3686 3758 3685
3 3687 3759 3686
3 3688 3760 3687
3 3689 3761 3688
3 3690 3762 3689
3 3691 3763 3690
3 3692 3764 3691
3 3693 3765 3692
3 3695 3767 3694
3 3696 3768 3695
3 3697 3769 3696
3 3698 3770 3697
3 3699 3771 3698
3 3700 3772 3699
3 3701 3773 3700
3 3702 3774 3701
3 3703 3775 3702
3 3704 3776 3703
3 3705 3777 3704
3 3706 3778 3705
3 3707 3779 3706
3 3708 3780 3707
3 3709 3781 3708
3 3710 3782 3709
3 3711 3783 3710
3 3712 3784 3711
3 3713 3785 3712
3 3714 3786 3713
3 3715 3787 3714
3 3716 3788 3715
3 3717 3789 3716
3 3718 3790 3717
3 3719 3791 3718
3 3720 3792 3719
3 3721 3793 3720
3 3722 3794 3721
3 3723 3795 3722
3 3724 3796 3723
3 3725 3797 3724
3 3726 3798 3725
3 3727 3799 3726
3 3728 3800 3727
3 3729 3801 3728
3 3730 3802 3729
3 3731 3803 3730
3 3732 3804 3731
3 3733 3805 3732
3 3734 3806 3733
3 3735 3807 3734
3 3736 3808 3735
3 3737 3809 3736
3 3738 3810 3737
3 3739 3811 3738
3 3740 3812 3739
3 3741 3813 3740
3 3742 3814 3741
3 3743 3815 3742
3 3744 3816 3743
3 3745 3817 3744
3 3746 3818 3745
3 3747 3819 3746
3 3748 3820 3747
3 3749 3821 3748
3 3750 3822 3749
3 3751 3823 3750
3 3752 3824 3751
3 3753 3825 3752
3 3754 3826 3753
3 3755 3827 3754
3 3756 3828 3755
3 3757 3829 3756
3 3758 3830 3757
3 3759 3831 3758
3 3760 3832 3759
3 3761 3833 3760
3 3762 3834 3761
3 3763 3835 3762
3 3764 3836 3763
3 3765 3837 3764
3 3766 3838 3765
3 3768 3840 3767
3 3769 3841 3768
3 3770 3842 3769
3 3771 3843 3770
3 3772 3844 3771
3 3773 3845 3772
3 3774 3846 3773
3 3775 3847 3774
3 3776 3848 3775
3 3777 3849 3776
3 3778 3850 3777
3 3779 3851 3778
3 3780 3852 3779
3 3781 3853 3780
3 3782 3854 3781
3 3783 3855 3782
3 3784 3856 3783
3 3785 3857 3784
3 3786 3858 3785
3 3787 3859 3786
3 3788 3860 3787
3 3789 3861 3788
3 3790 3862 3789
3 3791 3863 3790
3 3792 3864 3791
3 3793 3865 3792
3 3794 3866 3793
3 3795 3867 3794
3 3796 3868 3795
3 3797 3869 3796
3 3798 3870 3797
3 3799 3871 3798
3 3800 3872 3799
3 3801 3873 3800
3 3802 3874 3801
3 3803 3875 3802
3 3804 3876 3803
3 3805 3877 3804
3 3806 3878 3805
3 3807 3879 3806
3 3808 3880 3807
3 3809 3881 3808
3 3810 3882 3809
3 3811 3883 3810
3 3812 3884 3811
3 3813 3885 3812
3 3814 3886 3813
3 3815 3887 3814
3 3816 3888 3815
3 3817 3889 3816
3 3818 3890 3817
3 3819 3891 3818
3 3820 3892 3819
3 3821 3893 3820
3 3822 3894 3821
3 3823 3895 3822
3 3824 3896 3823
3 3825 3897 3824
3 3826 3898 3825
3 3827 3899 3826
3 3828 3900 3827
3 3829 3901 3828
3 3830 3902 3829
3 3831 3903 3830
3 3832 3904 3831
3 3833 3905 3832
3 3834 3906 3833
3 3835 3907 3834
3 3836 3908 3835
3 3837 3909 3836
3 3838 3910 3837
3 3839 3911 3838
3 3842 3913 3841
3 3843 3914 3842
3 3844 3915 3843
3 3845 3916 3844
3 3846 3917 3845
3 3847 3918 3846
3 3848 3919 3847
3 3849 3920 3848
3 3850 3921 3849
3 3851 3922 3850
3 3852 3923 3851
3 3853 3924 3852
3 3854 3925 3853
3 3855 3926 3854
3 3856 3927 3855
3 3857 3928 3856
3 3858 3929 3857
3 3859 3930 3858
3 3860 3931 3859
3 3861 3932 3860
3 3862 3933 3861
3 3863 3934 3862
3 3864 3935 3863
3 3865 3936 3864
3 3866 3937 3865
3 3867 3938 3866
3 3868 3939 3867
3 3869 3940 3868
3 3870 3941 3869
3 3871 3942 3870
3 3872 3943 3871
3 3873 3944 3872
3 3874 3945 3873
3 3875 3946 3874
3 3876 3947 3875
3 3877 3948 3876
3 3878 3949 3877
3 3879 3950 3878
3 3880 3951 3879
3 3881 3952 3880
3 3882 3953 3881
3 3883 3954 3882
3 3884 3955 3883
3 3885 3956 3884
3 3886 3957 3885
3 3887 3958 3886
3 3888 3959 3887
3 3889 3960 3888
3 3890 3961 3889
3 3891 3962 3890
3 3892 3963 3891
3 3893 3964 3892
3 3894 3965 3893
3 3895 3966 3894
3 3896 3967 3895
3 3897 3968 3896
3 3898 3969 3897
3 3899 3970 3898
3 3900 3971 3899
3 3901 3972 3900
3 3902 3973 3901
3 3903 3974 3902
3 3904 3975 3903
3 3905 3976 3904
3 3906 3977 3905
3 3907 3978 3906
3 3908 3979 3907
3 3909 3980 3908
3 3910 3981 3909
3 3911 3982 3910
3 3914 3984 3913
3 3915 3985 3914
3 3916 3986 3915
3 3917 3987 3916
3 3918 3988 3917
3 3919 3989 3918
3 3920 3990 3919
3 3921 3991 3920
3 3922 3992 3921
3 3923 3993 3922
3 3924 3994 3923
3 3925 3995 3924
3 3926 3996 3925
3 3927 3997 3926
3 3928 3998 3927
3 3929 3999 3928
3 3930 4000 3929
3 3931 4001 3930
3 3932 4002 3931
3 3933 4003 3932
3 3934 4004 3933
3 3935 4005 3934
3 3936 4006 3935
3 3937 4007 3936
3 3938 4008 3937
3 3939 4009 3938
3 3940 4010 3939
3 3941 4011 3940
3 3942 4012 3941
3 3943 4013 3942
3 3944 4014 3943
3 3945 4015 3944
3 3946 4016 3945
3 3947 4017 3946
3 3948 4018 3947
3 3949 4019 3948
3 3950 4020 3949
3 3951 4021 3950
3 3952 4022 3951
3 3953 4023 3952
3 3954 4024 3953
3 3955 4025 3954
3 3956 4026 3955
3 3957 4027 3956
3 3958 4028 3957
3 3959 4029 3958
3 3960 4030 3959
3 3961 4031 3960
3 3962 4032 3961
3 3963 4033 3962
3 3964 4034 3963
3 3965 4035 3964
3 3966 4036 3965
3 3967 4037 3966
3 3968 4038 3967
3 3969 4039 3968
3 3970 4040 3969
3 3971 4041 3970
3 3972 4042 3971
3 3973 4043 3972
3 3974 4044 3973
3 3975 4045 3974
3 3976 4046 3975
3 3977 4047 3976
3 3978 4048 3977
3 3979 4049 3978
3 3980 4050 3979
3 3981 4051 3980
3 3982 4052 3981
3 3983 4053 3982
3 3985 4055 3984
3 3986 4056 3985
3 3987 4057 3986
3 3988 4058 3987
3 3989 4059 3988
3 3990 4060 3989
3 3991 4061 3990
3 3992 4062 3991
3 3993 4063 3992
3 3994 4064 3993
3 3995 4065 3994
3 3996 4066 3995
3 3997 4067 3996
3 3998 4068 3997
3 3999 4069 3998
3 4000 4070 3999
3 4001 4071 4000
3 4002 4072 4001
3 4003 4073 4002
3 4004 4074 4003
3 4005 4075 4004
3 4006 4076 4005
3 4007 4077 4006
3 4008 4078 4007
3 4009 4079 4008
3 4010 4080 4009
3 4011 4081 4010
3 4012 4082 4011
3 4013 4083 4012
3 4014 4084 4013
3 4015 4085 4014
3 4016 4086 4015
3 4017 4087 4016
3 4018 4088 4017
3 4019 4089 4018
3 4020 4090 4019
3 4021 4091 4020
3 4022 4092 4021
3 4023 4093 4022
3 4024 4094 4023
3 4025 4095 4024
3 4026 4096 4025
3 4027 4097 4026
3 4028 4098 4027
3 4029 4099 4028
3 4030 4100 4029
3 4031 4101 4030
3 4032 4102 4031
3 4033 4103 4032
3 4034 4104 4033
3 4035 4105 4034
3 4036 4106 4035
3 4037 4107 4036
3 4038 4108 4037
3 4039 4109 4038
3 4040 4110 4039
3 4041 4111 4040
3 4042 4112 4041
3 4043 4113 4042
3 4044 4114 4043
3 4045 4115 4044
3 4046 4116 4045
3 4047 4117 4046
3 4048 4118 4047
3 4049 4119 4048
3 4050 4120 4049
3 4051 4121 4050
3 4052 4122 4051
3 4053 4123 4052
3 4054 4124 4053
3 4056 4126 4055
3 4057 4127 4056
3 4058 4128 4057
3 4059 4129 4058
3 4060 4130 4059
3 4061 4131 4060
3 4062 4132 4061
3 4063 4133 4062
3 4064 4134 4063
3 4065 4135 4064
3 4066 4136 4065
3 4067 4137 4066
3 4068 4138 4067
3 4069 4139 4068
3 4070 4140 4069
3 4071 4141 4070
3 4072 4142 4071
3 4073 4143 4072
3 4074 4144 4073
3 4075 4145 4074
3 4076 4146 4075
3 4077 4147 4076
3 4078 4148 4077
3 4079 4149 4078
3 4080 4150 4079
3 4081 4151 4080
3 4082 4152 4081
3 4083 4153 4082
3 4084 4154 4083
3 4085 4155 4084
3 4086 4156 4085
3 4087 4157 4086
3 4088 4158 4087
3 4089 4159 4088
3 4090 4160 4089
3 4091 4161 4090
3 4092 4162 4091
3 4093 4163 4092
3 4094 4164 4093
3 4095 4165 4094
3 4096 4166 4095
3 4097 4167 4096
3 4098 4168 4097
3 4099 4169 4098
3 4100 4170 4099
3 4101 4171 4100
3 4102 4172 4101
3 4103 4173 4102
3 4104 4174 4103
3 4105 4175 4104
3 4106 4176 4105
3 4107 4177 4106
3 4108 4178 4107
3 4109 4179 4108
3 4110 4180 4109
3 4111 4181 4110
3 4112 4182 4111
3 4113 4183 4112
3 4114 4184 4113
3 4115 4185 4114
3 4116 4186 4115
3 4117 4187 4116
3 4118 4188 4117
3 4119 4189 4118
3 4120 4190 4119
3 4121 4191 4120
3 4122 4192 4121
3 4123 4193 4122
3 4124 4194 4123
3 4125 4195 4124
3 4128 4197 4127
3 4129 4198 4128
3 4130 4199 4129
3 4131 4200 4130
3 4132 4201 4131
3 4133 4202 4132
3 4134 4203 4133
3 4135 4204 4134
3 4136 4205 4135
3 4137 4206 4136
3 4138 4207 4137
3 4139 4208 4138
3 4140 4209 4139
3 4141 4210 4140
3 4142 4211 4141
3 4143 4212 4142
3 4144 4213 4143
3 4145 4214 4144
3 4146 4215 4145
3 4147 4216 4146
3 4148 4217 4147
3 4149 4218 4148
3 4150 4219 4149
3 4151 4220 4150
3 4152 4221 4151
3 4153 4222 4152
3 4154 4223 4153
3 4155 4224 4154
3 4156 4225 4155
3 4157 4226 4156
3 4158 4227 4157
3 4159 4228 4158
3 4160 4229 4159
3 4161 4230 4160
3 4162 4231 4161
3 4163 4232 4162
3 4164 4233 4163
3 4165 4234 4164
3 4166 4235 4165
3 4167 4236 4166
3 4168 4237 4167
3 4169 4238 4168
3 4170 4239 4169
3 4171 4240 4170
3 4172 4241 4171
3 4173 4242 4172
3 4174 4243 4173
3 4175 4244 4174
3 4176 4245 4175
3 4177 4246 4176
3 4178 4247 4177
3 4179 4248 4178
3 4180 4249 4179
3 4181 4250 4180
3 4182 4251 4181
3 4183 4252 4182
3 4184 4253 4183
3 4185 4254 4184
3 4186 4255 4185
3 4187 4256 4186
3 4188 4257 4187
3 4189 4258 4188
3 4190 4259 4189
3 4191 4260 4190
3 4192 4261 4191
3 4193 4262 4192
3 4194 4263 4193
3 4195 4264 4194
3 4196 4265 4195
3 4198 4267 4197
3 4199 4268 4198
3 4200 4269 4199
3 4201 4270 4200
3 4202 4271 4201
3 4203 4272 4202
3 4204 4273 4203
3 4205 4274 4204
3 4206 4275 4205
3 4207 4276 4206
3 4208 4277 4207
3 4209 4278 4208
3 4210 4279 4209
3 4211 4280 4210
3 4212 4281 4211
3 4213 4282 4212
3 4214 4283 4213
3 4215 4284 4214
3 4216 4285 4215
3 4217 4286 4216
3 4218 4287 4217
3 4219 4288 4218
3 4220 4289 4219
3 4221 4290 4220
3 4222 4291 4221
3 4223 4292 4222
3 4224 4293 4223
3 4225 4294 4224
3 4226 4295 4225
3 4227 4296 4226
3 4228 4297 4227
3 4229 4298 4228
3 4230 4299 4229
3 4231 4300 4230
3 4232 4301 4231
3 4233 4302 4232
3 4234 4303 4233
3 4235 4304 4234
3 4236 4305 4235
3 4237 4306 4236
3 4238 4307 4237
3 4239 4308 4238
3 4240 4309 4239
3 4241 4310 4240
3 4242 4311 4241
3 4243 4312 4242
3 4244 4313 4243
3 4245 4314 4244
3 4246 4315 4245
3 4247 4316 4246
3 4248 4317 4247
3 4249 4318 4248
3 4250 4319 4249
3 4251 4320 4250
3 4252 4321 4251
3 4253 4322 4252
3 4254 4323 4253
3 4255 4324 4254
3 4256 4325 4255
3 4257 4326 4256
3 4258 4327 4257
3 4259 4328 4258
3 4260 4329 4259
3 4261 4330 4260
3 4262 4331 4261
3 4263 4332 4262
3 4264 4333 4263
3 4265 4334 4264
3 4268 4336 4267
3 4269 4337 4268
3 4270 4338 4269
3 4271 4339 4270
3 4272 4340 4271
3 4273 4341 4272
3 4274 4342 4273
3 4275 4343 4274
3 4276 4344 4275
3 4277 4345 4276
3 4278 4346 4277
3 4279 4347 4278
3 4280 4348 4279
3 4281 4349 4280
3 4282 4350 4281
3 4283 4351 4282
3 4284 4352 4283
3 4285 4353 4284
3 4286 4354 4285
3 4287 4355 4286
3 4288 4356 4287
3 4289 4357 4288
3 4290 4358 4289
3 4291 4359 4290
3 4292 4360 4291
3 4293 4361 4292
3 4294 4362 4293
3 4295 4363 4294
3 4296 4364 4295
3 4297 4365 4296
3 4298 4366 4297
3 4299 4367 4298
3 4300 4368 4299
3 4301 4369 4300
3 4302 4370 4301
3 4303 4371 4302
3 4304 4372 4303
3 4305 4373 4304
3 4306 4374 4305
3 4307 4375 4306
3 4308 4376 4307
3 4309 4377 4308
3 4310 4378 4309
3 4311 4379 4310
3 4312 4380 4311
3 4313 4381 4312
3 4314 4382 4313
3 4315 4383 4314
3 4316 4384 4315
3 4317 4385 4316
3 4318 4386 4317
3 4319 4387 4318
3 4320 4388 4319
3 4321 4389 4320
3 4322 4390 4321
3 4323 4391 4322
3 4324 4392 4323
3 4325 4393 4324
3 4326 4394 4325
3 4327 4395 4326
3 4328 4396 4327
3 4329 4397 4328
3 4330 4398 4329
3 4331 4399 4330
3 4332 4400 4331
3 4333 4401 4332
3 4334 4402 4333
3 4338 4404 4337
3 4339 4405 4338
3 4340 4406 4339
3 4341 4407 4340
3 4342 4408 4341
3 4343 4409 4342
3 4344 4410 4343
3 4345 4411 4344
3 4346 4412 4345
3 4347 4413 4346
3 4348 4414 4347
3 4349 4415 4348
3 4350 4416 4349
3 4351 4417 4350
3 4352 4418 4351
3 4353 4419 4352
3 4354 4420 4353
3 4355 4421 4354
3 4356 4422 4355
3 4357 4423 4356
3 4358 4424 4357
3 4359 4425 4358
3 4360 4426 4359
3 4361 4427 4360
3 4362 4428 4361
3 4363 4429 4362
3 4364 4430 4363
3 4365 4431 4364
3 4366 4432 4365
3 4367 4433 4366
3 4368 4434 4367
3 4369 4435 4368
3 4370 4436 4369
3 4371 4437 4370
3 4372 4438 4371
3 4373 4439 4372
3 4374 4440 4373
3 4375 4441 4374
3 4376 4442 4375
3 4377 4443 4376
3 4378 4444 4377
3 4379 4445 4378
3 4380 4446 4379
3 4381 4447 4380
3 4382 4448 4381
3 4383 4449 4382
3 4384 4450 4383
3 4385 4451 4384
3 4386 4452 4385
3 4387 4453 4386
3 4388 4454 4387
3 4389 4455 4388
3 4390 4456 4389
3 4391 4457 4390
3 4392 4458 4391
3 4393 4459 4392
3 4394 4460 4393
3 4395 4461 4394
3 4396 4462 4395
3 4397 4463 4396
3 4398 4464 4397
3 4399 4465 4398
3 4400 4466 4399
3 4401 4467 4400
3 4402 4468 4401
3 4406 4470 4405
3 4407 4471 4406
3 4408 4472 4407
3 4409 4473 4408
3 4410 4474 4409
3 4411 4475 4410
3 4412 4476 4411
3 4413 4477 4412
3 4414 4478 4413
3 4415 4479 4414
3 4416 4480 4415
3 4417 4481 4416
3 4418 4482 4417
3 4419 4483 4418
3 4420 4484 4419
3 4421 4485 4420
3 4422 4486 4421
3 4423 4487 4422
3 4424 4488 4423
3 4425 4489 4424
3 4426 4490 4425
3 4427 4491 4426
3 4428 4492 4427
3 4429 4493 4428
3 4430 4494 4429
3 4431 4495 4430
3 4432 4496 4431
3 4433 4497 4432
3 4434 4498 4433
3 4435 4499 4434
3 4436 4500 4435
3 4437 4501 4436
3 4438 4502 4437
3 4439 4503 4438
3 4440 4504 4439
3 4441 4505 4440
3 4442 4506 4441
3 4443 4507 4442
3 4444 4508 4443
3 4445 4509 4444
3 4446 4510 4445
3 4447 4511 4446
3 4448 4512 4447
3 4449 4513 4448
3 4450 4514 4449
3 4451 4515 4450
3 4452 4516 4451
3 4453 4517 4452
3 4454 4518 4453
3 4455 4519 4454
3 4456 4520 4455
3 4457 4521 4456
3 4458 4522 4457
3 4459 4523 4458
3 4460 4524 4459
3 4461 4525 4460
3 4462 4526 4461
3 4463 4527 4462
3 4464 4528 4463
3 4465 4529 4464
3 4466 4530 4465
3 4467 4531 4466
3 4468 4532 4467
3 4469 4533 4468
3 4472 4535 4471
3 4473 4536 4472
3 4474 4537 4473
3 4475 4538 4474
3 4476 4539 4475
3 4477 4540 4476
3 4478 4541 4477
3 4479 4542 4478
3 4480 4543 4479
3 4481 4544 4480
3 4482 4545 4481
3 4483 4546 4482
3 4484 4547 4483
3 4485 4548 4484
3 4486 4549 4485
3 4487 4550 4486
3 4488 4551 4487
3 4489 4552 4488
3 4490 4553 4489
3 4491 4554 4490
3 4492 4555 4491
3 4493 4556 4492
3 4494 4557 4493
3 4495 4558 4494
3 4496 4559 4495
3 4497 4560 4496
3 4498 4561 4497
3 4499 4562 4498
3 4500 4563 4499
3 4501 4564 4500
3 4502 4565 4501
3 4503 4566 4502
3 4504 4567 4503
3 4505 4568 4504
3 4506 4569 4505
3 4507 4570 4506
3 4508 4571 4507
3 4509 4572 4508
3 4510 4573 4509
3 4511 4574 4510
3 4512 4575 4511
3 4513 4576 4512
3 4514 4577 4513
3 4515 4578 4514
3 4516 4579 4515
3 4517 4580 4516
3 4518 4581 4517
3 4519 4582 4518
3 4520 4583 4519
3 4521 4584 4520
3 4522 4585 4521
3 4523 4586 4522
3 4524 4587 4523
3 4525 4588 4524
3 4526 4589 4525
3 4527 4590 4526
3 4528 4591 4527
3 4529 4592 4528
3 4530 4593 4529
3 4531 4594 4530
3 4532 4595 4531
3 4533 4596 4532
3 4538 4598 4537
3 4539 4599 4538
3 4540 4600 4539
3 4541 4601 4540
3 4542 4602 4541
3 4543 4603 4542
3 4544 4604 4543
3 4545 4605 4544
3 4546 4606 4545
3 4547 4607 4546
3 4548 4608 4547
3 4549 4609 4548
3 4550 4610 4549
3 4551 4611 4550
3 4552 4612 4551
3 4553 4613 4552
3 4554 4614 4553
3 4555 4615 4554
3 4556 4616 4555
3 4557 4617 4556
3 4558 4618 4557
3 4559 4619 4558
3 4560 4620 4559
3 4561 4621 4560
3 4562 4622 4561
3 4563 4623 4562
3 4564 4624 4563
3 4565 4625 4564
3 4566 4626 4565
3 4567 4627 4566
3 4568 4628 4567
3 4569 4629 4568
3 4570 4630 4569
3 4571 4631 4570
3 4572 4632 4571
3 4573 4633 4572
3 4574 4634 4573
3 4575 4635 4574
3 4576 4636 4575
3 4577 4637 4576
3 4578 4638 4577
3 4579 4639 4578
3 4580 4640 4579
3 4581 4641 4580
3 4582 4642 4581
3 4583 4643 4582
3 4584 4644 4583
3 4585 4645 4584
3 4586 4646 4585
3 4587 4647 4586
3 4588 4648 4587
3 4589 4649 4588
3 4590 4650 4589
3 4591 4651 4590
3 4592 4652 4591
3 4593 4653 4592
3 4594 4654 4593
3 4595 4655 4594
3 4596 4656 4595
3 4601 4658 4600
3 4602 4659 4601
3 4603 4660 4602
3 4604 4661 4603
3 4605 4662 4604
3 4606 4663 4605
3 4607 4664 4606
3 4608 4665 4607
3 4609 4666 4608
3 4610 4667 4609
3 4611 4668 4610
3 4612 4669 4611
3 4613 4670 4612
3 4614 4671 4613
3 4615 4672 4614
3 4616 4673 4615
3 4617 4674 4616
3 4618 4675 4617
3 4619 4676 4618
3 4620 4677 4619
3 4621 4678 4620
3 4622 4679 4621
3 4623 4680 4622
3 4624 4681 4623
3 4625 4682 4624
3 4626 4683 4625
3 4627 4684 4626
3 4628 4685 4627
3 4629 4686 4628
3 4630 4687 4629
3 4631 4688 4630
3 4632 4689 4631
3 4633 4690 4632
3 4634 4691 4633
3 4635 4692 4634
3 4636 4693 4635
3 4637 4694 4636
3 4638 4695 4637
3 4639 4696 4638
3 4640 4697 4639
3 4641 4698 4640
3 4642 4699 4641
3 4643 4700 4642
3 4644 4701 4643
3 4645 4702 4644
3 4646 4703 4645
3 4647 4704 4646
3 4648 4705 4647
3 4649 4706 4648
3 4650 4707 4649
3 4651 4708 4650
3 4652 4709 4651
3 4653 4710 4652
3 4654 4711 4653
3 4655 4712 4654
3 4656 4713 4655
3 4662 4715 4661
3 4663 4716 4662
3 4664 4717 4663
3 4665 4718 4664
3 4666 4719 4665
3 4667 4720 4666
3 4668 4721 4667
3 4669 4722 4668
3 4670 4723 4669
3 4671 4724 4670
3 4672 4725 4671
3 4673 4726 4672
3 4674 4727 4673
3 4675 4728 4674
3 4676 4729 4675
3 4677 4730 4676
3 4678 4731 4677
3 4679 4732 4678
3 4680 4733 4679
3 4681 4734 4680
3 4682 4735 4681
3 4683 4736 4682
3 4684 4737 4683
3 4685 4738 4684
3 4686 4739 4685
3 4687 4740 4686
3 4688 4741 4687
3 4689 4742 4688
3 4690 4743 4689
3 4691 4744 4690
3 4692 4745 4691
3 4693 4746 4692
3 4694 4747 4693
3 4695 4748 4694
3 4696 4749 4695
3 4697 4750 4696
3 4698 4751 4697
3 4699 4752 4698
3 4700 4753 4699
3 4701 4754 4700
3 4702 4755 4701
3 4703 4756 4702
3 4704 4757 4703
3 4705 4758 4704
3 4706 4759 4705
3 4707 4760 4706
3 4708 4761 4707
3 4709 4762 4708
3 4710 4763 4709
3 4711 4764 4710
3 4712 4765 4711
3 4713 4766 4712
3 4717 4768 4716
3 4718 4769 4717
3 4719 4770 4718
3 4720 4771 4719
3 4721 4772 4720
3 4722 4773 4721
3 4723 4774 4722
3 4724 4775 4723
3 4725 4776 4724
3 4726 4777 4725
3 4727 4778 4726
3 4728 4779 4727
3 4729 4780 4728
3 4730 4781 4729
3 4731 4782 4730
3 4732 4783 4731
3 4733 4784 4732
3 4734 4785 4733
3 4735 4786 4734
3 4736 4787 4735
3 4737 4788 4736
3 4738 4789 4737
3 4739 4790 4738
3 4740 4791 4739
3 4741 4792 4740
3 4742 4793 4741
3 4743 4794 4742
3 4744 4795 4743
3 4745 4796 4744
3 4746 4797 4745
3 4747 4798 4746
3 4748 4799 4747
3 4749 4800 4748
3 4750 4801 4749
3 4751 4802 4750
3 4752 4803 4751
3 4753 4804 4752
3 4754 4805 4753
3 4755 4806 4754
3 4756 4807 4755
3 4757 4808 4756
3 4758 4809 4757
3 4759 4810 4758
3 4760 4811 4759
3 4761 4812 4760
3 4762 4813 4761
3 4763 4814 4762
3 4764 4815 4763
3 4765 4816 4764
3 4766 4817 4765
3 4767 4818 4766
3 4771 4820 4770
3 4772 4821 4771
3 4773 4822 4772
3 4774 4823 4773
3 4775 4824 4774
3 4776 4825 4775
3 4777 4826 4776
3 4778 4827 4777
3 4779 4828 4778
3 4780 4829 4779
3 4781 4830 4780
3 4782 4831 4781
3 4783 4832 4782
3 4784 4833 4783
3 4785 4834 4784
3 4786 4835 4785
3 4787 4836 4786
3 4788 4837 4787
3 4789 4838 4788
3 4790 4839 4789
3 4791 4840 4790
3 4792 4841 4791
3 4793 4842 4792
3 4794 4843 4793
3 4795 4844 4794
3 4796 4845 4795
3 4797 4846 4796
3 4798 4847 4797
3 4799 4848 4798
3 4800 4849 4799
3 4801 4850 4800
3 4802 4851 4801
3 4803 4852 4802
3 4804 4853 4803
3 4805 4854 4804
3 4806 4855 4805
3 4807 4856 4806
3 4808 4857 4807
3 4809 4858 4808
3 4810 4859 4809
3 4811 4860 4810
3 4812 4861 4811
3 4813 4862 4812
3 4814 4863 4813
3 4815 4864 4814
3 4816 4865 4815
3 4817 4866 4816
3 4818 4867 4817
3 4819 4868 4818
3 4822 4870 4821
3 4823 4871 4822
3 4824 4872 4823
3 4825 4873 4824
3 4826 4874 4825
3 4827 4875 4826
3 4828 4876 4827
3 4829 4877 4828
3 4830 4878 4829
3 4831 4879 4830
3 4832 4880 4831
3 4833 4881 4832
3 4834 4882 4833
3 4835 4883 4834
3 4836 4884 4835
3 4837 4885 4836
3 4838 4886 4837
3 4839 4887 4838
3 4840 4888 4839
3 4841 4889 4840
3 4842 4890 4841
3 4843 4891 4842
3 4844 4892 4843
3 4845 4893 4844
3 4846 4894 4845
3 4847 4895 4846
3 4848 4896 4847
3 4849 4897 4848
3 4850 4898 4849
3 4851 4899 4850
3 4852 4900 4851
3 4853 4901 4852
3 4854 4902 4853
3 4855 4903 4854
3 4856 4904 4855
3 4857 4905 4856
3 4858 4906 4857
3 4859 4907 4858
3 4860 4908 4859
3 4861 4909 4860
3 4862 4910 4861
3 4863 4911 4862
3 4864 4912 4863
3 4865 4913 4864
3 4866 4914 4865
3 4867 4915 4866
3 4868 4916 4867
3 4872 4918 4871
3 4873 4919 4872
3 4874 4920 4873
3 4875 4921 4874
3 4876 4922 4875
3 4877 4923 4876
3 4878 4924 4877
3 4879 4925 4878
3 4880 4926 4879
3 4881 4927 4880
3 4882 4928 4881
3 4883 4929 4882
3 4884 4930 4883
3 4885 4931 4884
3 4886 4932 4885
3 4887 4933 4886
3 4888 4934 4887
3 4889 4935 4888
3 4890 4936 4889
3 4891 4937 4890
3 4892 4938 4891
3 4893 4939 4892
3 4894 4940 4893
3 4895 4941 4894
3 4896 4942 4895
3 4897 4943 4896
3 4898 4944 4897
3 4899 4945 4898
3 4900 4946 4899
3 4901 4947 4900
3 4902 4948 4901
3 4903 4949 4902
3 4904 4950 4903
3 4905 4951 4904
3 4906 4952 4905
3 4907 4953 4906
3 4908 4954 4907
3 4909 4955 4908
3 4910 4956 4909
3 4911 4957 4910
3 4912 4958 4911
3 4913 4959 4912
3 4914 4960 4913
3 4915 4961 4914
3 4916 4962 4915
3 4920 4964 4919
3 4921 4965 4920
3 4922 4966 4921
3 4923 4967 4922
3 4924 4968 4923
3 4925 4969 4924
3 4926 4970 4925
3 4927 4971 4926
3 4928 4972 4927
3 4929 4973 4928
3 4930 4974 4929
3 4931 4975 4930
3 4932 4976 4931
3 4933 4977 4932
3 4934 4978 4933
3 4935 4979 4934
3 4936 4980 4935
3 4937 4981 4936
3 4938 4982 4937
3 4939 4983 4938
3 4940 4984 4939
3 4941 4985 4940
3 4942 4986 4941
3 4943 4987 4942
3 4944 4988 4943
3 4945 4989 4944
3 4946 4990 4945
3 4947 4991 4946
3 4948 4992 4947
3 4949 4993 4948
3 4950 4994 4949
3 4951 4995 4950
3 4952 4996 4951
3 4953 4997 4952
3 4954 4998 4953
3 4955 4999 4954
3 4956 5000 4955
3 4957 5001 4956
3 4959 5003 4958
3 4960 5004 4959
3 4961 5005 4960
3 4962 5006 4961
3 4967 5008 4966
3 4968 5009 4967
3 4969 5010 4968
3 4970 5011 4969
3 4971 5012 4970
3 4972 5013 4971
3 4973 5014 4972
3 4974 5015 4973
3 4975 5016 4974
3 4976 5017 4975
3 4977 5018 4976
3 4978 5019 4977
3 4979 5020 4978
3 4980 5021 4979
3 4981 5022 4980
3 4982 5023 4981
3 4983 5024 4982
3 4984 5025 4983
3 4985 5026 4984
3 4986 5027 4985
3 4987 5028 4986
3 4988 5029 4987
3 4989 5030 4988
3 4990 5031 4989
3 4991 5032 4990
3 4992 5033 4991
3 4993 5034 4992
3 4994 5035 4993
3 4995 5036 4994
3 4996 5037 4995
3 4997 5038 4996
3 4998 5039 4997
3 4999 5040 4998
3 5000 5041 4999
3 5001 5042 5000
3 5002 5043 5001
3 5012 5045 5011
3 5013 5046 5012
3 5014 5047 5013
3 5015 5048 5014
3 5016 5049 5015
3 5017 5050 5016
3 5018 5051 5017
3 5019 5052 5018
3 5020 5053 5019
3 5021 5054 5020
3 5022 5055 5021
3 5023 5056 5022
3 5024 5057 5023
3 5025 5058 5024
3 5026 5059 5025
3 5027 5060 5026
3 5028 5061 5027
3 5029 5062 5028
3 5030 5063 5029
3 5031 5064 5030
3 5032 5065 5031
3 5033 5066 5032
3 5034 5067 5033
3 5035 5068 5034
3 5036 5069 5035
3 5037 5070 5036
3 5038 5071 5037
3 5039 5072 5038
3 5040 5073 5039
3 5041 5074 5040
3 5042 5075 5041
3 5043 5076 5042
3 5044 5077 5043
3 5047 5079 5046
3 5048 5080 5047
3 5049 5081 5048
3 5050 5082 5049
3 5051 5083 5050
3 5052 5084 5051
3 5053 5085 5052
3 5054 5086 5053
3 5055 5087 5054
3 5056 5088 5055
3 5057 5089 5056
3 5058 5090 5057
3 5059 5091 5058
3 5060 5092 5059
3 5061 5093 5060
3 5062 5094 5061
3 5063 5095 5062
3 5064 5096 5063
3 5065 5097 5064
3 5066 5098 5065
3 5067 5099 5066
3 5068 5100 5067
3 5069 5101 5068
3 5070 5102 5069
3 5071 5103 5070
3 5072 5104 5071
3 5073 5105 5072
3 5074 5106 5073
3 5075 5107 5074
3 5076 5108 5075
3 5077 5109 5076
3 5078 5110 5077
3 5082 5112 5081
3 5083 5113 5082
3 5086 5115 5085
3 5087 5116 5086
3 5088 5117 5087
3 5089 5118 5088
3 5090 5119 5089
3 5091 5120 5090
3 5092 5121 5091
3 5093 5122 5092
3 5094 5123 5093
3 5095 5124 5094
3 5096 5125 5095
3 5097 5126 5096
3 5098 5127 5097
3 5099 5128 5098
3 5100 5129 5099
3 5101 5130 5100
3 5102 5131 5101
3 5103 5132 5102
3 5104 5133 5103
3 5105 5134 5104
3 5106 5135 5105
3 5107 5136 5106
3 5108 5137 5107
3 5109 5138 5108
3 5110 5139 5109
3 5117 5141 5116
3 5118 5142 5117
3 5119 5143 5118
3 5120 5144 5119
3 5121 5145 5120
3 5122 5146 5121
3 5123 5147 5122
3 5124 5148 5123
3 5125 5149 5124
3 5126 5150 5125
3 5127 5151 5126
3 5128 5152 5127
3 5129 5153 5128
3 5130 5154 5129
3 5131 5155 5130
3 5132 5156 5131
3 5133 5157 5132
3 5134 5158 5133
3 5135 5159 5134
3 5136 5160 5135
3 5137 5161 5136
3 5138 5162 5137
3 5139 5163 5138
3 5140 5164 5139
3 5142 5166 5141
3 5143 5167 5142
3 5144 5168 5143
3 5145 5169 5144
3 5146 5170 5145
3 5147 5171 5146
3 5148 5172 5147
3 5149 5173 5148
3 5150 5174 5149
3 5151 5175 5150
3 5152 5176 5151
3 5153 5177 5152
3 5154 5178 5153
3 5155 5179 5154
3 5156 5180 5155
3 5157 5181 5156
3 5158 5182 5157
3 5159 5183 5158
3 5160 5184 5159
3 5161 5185 5160
3 5162 5186 5161
3 5163 5187 5162
3 5164 5188 5163
3 5168 5190 5167
3 5169 5191 5168
3 5170 5192 5169
3 5171 5193 5170
3 5172 5194 5171
3 5173 5195 5172
3 5174 5196 5173
3 5175 5197 5174
3 5176 5198 5175
3 5177 5199 5176
3 5178 5200 5177
3 5179 5201 5178
3 5180 5202 5179
3 5181 5203 5180
3 5182 5204 5181
3 5183 5205 5182
3 5184 5206 5183
3 5185 5207 5184
3 5186 5208 5185
3 5187 5209 5186
3 5188 5210 5187
3 5192 5212 5191
3 5193 5213 5192
3 5194 5214 5193
3 5195 5215 5194
3 5196 5216 5195
3 5197 5217 5196
3 5198 5218 5197
3 5199 5219 5198
3 5200 5220 5199
3 5201 5221 5200
3 5202 5222 5201
3 5203 5223 5202
3 5204 5224 5203
3 5205 5225 5204
3 5206 5226 5205
3 5207 5227 5206
3 5208 5228 5207
3 5209 5229 5208
3 5210 5230 5209
3 5213 5232 5212
3 5214 5233 5213
3 5215 5234 5214
3 5216 5235 5215
3 5217 5236 5216
3 5218 5237 5217
3 5219 5238 5218
3 5220 5239 5219
3 5221 5240 5220
3 5222 5241 5221
3 5223 5242 5222
3 5224 5243 5223
3 5225 5244 5224
3 5226 5245 5225
3 5227 5246 5226
3 5228 5247 5227
3 5229 5248 5228
3 5230 5249 5229
3 5233 5251 5232
3 5234 5252 5233
3 5235 5253 5234
3 5236 5254 5235
3 5237 5255 5236
3 5238 5256 5237
3 5239 5257 5238
3 5240 5258 5239
3 5241 5259 5240
3 5242 5260 5241
3 5243 5261 5242
3 5244 5262 5243
3 5245 5263 5244
3 5246 5264 5245
3 5247 5265 5246
3 5248 5266 5247
3 5249 5267 5248
3 5250 5268 5249
3 5252 5272 5251
3 5253 5273 5252
3 5254 5274 5253
3 5255 5275 5254
3 5256 5276 5255
3 5257 5277 5256
3 5258 5278 5257
3 5259 5279 5258
3 5260 5280 5259
3 5261 5281 5260
3 5262 5282 5261
3 5263 5283 5262
3 5264 5284 5263
3 5265 5285 5264
3 5266 5286 5265
3 5267 5287 5266
3 5268 5288 5267
3 5269 5289 5268
3 5270 5290 5269
3 5272 5292 5271
3 5273 5293 5272
3 5274 5294 5273
3 5275 5295 5274
3 5276 5296 5275
3 5277 5297 5276
3 5278 5298 5277
3 5279 5299 5278
3 5280 5300 5279
3 5281 5301 5280
3 5282 5302 5281
3 5283 5303 5282
3 5284 5304 5283
3 5285 5305 5284
3 5286 5306 5285
3 5287 5307 5286
3 5288 5308 5287
3 5289 5309 5288
3 5290 5310 5289
3 5291 5311 5290
3 5293 5313 5292
3 5294 5314 5293
3 5295 5315 5294
3 5296 5316 5295
3 5297 5317 5296
3 5298 5318 5297
3 5299 5319 5298
3 5300 5320 5299
3 5301 5321 5300
3 5302 5322 5301
3 5303 5323 5302
3 5304 5324 5303
3 5305 5325 5304
3 5306 5326 5305
3 5307 5327 5306
3 5308 5328 5307
3 5309 5329 5308
3 5310 5330 5309
3 5311 5331 5310
3 5312 5332 5311
3 5316 5334 5315
3 5317 5335 5316
3 5318 5336 5317
3 5319 5337 5318
3 5320 5338 5319
3 5321 5339 5320
3 5322 5340 5321
3 5323 5341 5322
3 5324 5342 5323
3 5325 5343 5324
3 5326 5344 5325
3 5327 5345 5326
3 5328 5346 5327
3 5329 5347 5328
3 5330 5348 5329
3 5331 5349 5330
3 5332 5350 5331
3 5335 5352 5334
3 5336 5353 5335
3 5337 5354 5336
3 5338 5355 5337
3 5339 5356 5338
3 5340 5357 5339
3 5341 5358 5340
3 5342 5359 5341
3 5343 5360 5342
3 5344 5361 5343
3 5345 5362 5344
3 5346 5363 5345
3 5347 5364 5346
3 5348 5365 5347
3 5349 5366 5348
3 5350 5367 5349
3 5351 5368 5350
3 5354 5370 5353
3 5355 5371 5354
3 5356 5372 5355
3 5357 5373 5356
3 5358 5374 5357
3 5359 5375 5358
3 5360 5376 5359
3 5361 5377 5360
3 5362 5378 5361
3 5363 5379 5362
3 5364 5380 5363
3 5365 5381 5364
3 5366 5382 5365
3 5367 5383 5366
3 5368 5384 5367
3 5369 5385 5368
3 5371 5387 5370
3 5372 5388 5371
3 5373 5389 5372
3 5374 5390 5373
3 5375 5391 5374
3 5376 5392 5375
3 5377 5393 5376
3 5378 5394 5377
3 5379 5395 5378
3 5380 5396 5379
3 5381 5397 5380
3 5382 5398 5381
3 5383 5399 5382
3 5384 5400 5383
3 5385 5401 5384
3 5389 5403 5388
3 5390 5404 5389
3 5391 5405 5390
3 5392 5406 5391
3 5393 5407 5392
3 5394 5408 5393
3 5395 5409 5394
3 5396 5410 5395
3 5397 5411 5396
3 5398 5412 5397
3 5399 5413 5398
3 5400 5414 5399
3 5406 5416 5405
3 5407 5417 5406
3 5408 5418 5407
3 5409 5419 5408
3 5410 5420 5409
3 5411 5421 5410
3 5412 5422 5411
3 5413 5423 5412
3 5414 5424 5413
3 5421 5426 5420
3 5427 5428 5426
3 5429 5430 5428
3 1 88 87
3 2 89 88
3 3 90 89
3 4 91 90
3 5 92 91
3 6 93 92
3 7 94 93
3 8 95 94
3 9 96 95
3 10 97 96
3 11 98 97
3 12 99 98
3 13 100 99
3 14 101 100
3 15 102 101
3 16 103 102
3 17 104 103
3 18 105 104
3 19 106 105
3 20 107 106
3 21 108 107
3 22 109 108
3 23 110 109
3 24 111 110
3 25 112 111
3 26 113 112
3 27 114 113
3 28 115 114
3 29 116 115
3 30 117 116
3 31 118 117
3 32 119 118
3 33 120 119
3 34 121 120
3 35 122 121
3 36 123 122
3 37 124 123
3 38 125 124
3 39 126 125
3 40 127 126
3 41 128 127
3 42 129 128
3 43 130 129
3 44 131 130
3 45 132 131
3 46 133 132
3 47 134 133
3 48 135 134
3 49 136 135
3 50 137 136
3 51 138 137
3 52 139 138
3 53 140 139
3 54 141 140
3 55 142 141
3 56 143 142
3 57 144 143
3 58 145 144
3 59 146 145
3 60 147 146
3 61 148 147
3 62 149 148
3 63 150 149
3 64 151 150
3 65 152 151
3 66 153 152
3 67 154 153
3 68 155 154
3 69 156 155
3 70 157 156
3 71 158 157
3 72 159 158
3 73 160 159
3 74 161 160
3 75 162 161
3 76 163 162
3 77 164 163
3 78 165 164
3 79 166 165
3 80 167 166
3 81 168 167
3 82 169 168
3 83 170 169
3 84 171 170
3 85 172 171
3 86 173 172
3 89 175 174
3 90 176 175
3 91 177 176
3 92 178 177
3 93 179 178
3 94 180 179
3 95 181 180
3 96 182 181
3 97 183 182
3 98 184 183
3 99 185 184
3 100 186 185
3 101 187 186
3 102 188 187
3 103 189 188
3 104 190 189
3 105 191 190
3 106 192 191
3 107 193 192
3 108 194 193
3 109 195 194
3 110 196 195
3 111 197 196
3 112 198 197
3 113 199 198
3 114 200 199
3 115 201 200
3 116 202 201
3 117 203 202
3 118 204 203
3 119 205 204
3 120 206 205
3 121 207 206
3 122 208 207
3 123 209 208
3 124 210 209
3 125 211 210
3 126 212 211
3 127 213 212
3 128 214 213
3 129 215 214
3 130 216 215
3 131 217 216
3 132 218 217
3 133 219 218
3 134 220 219
3 135 221 220
3 136 222 221
3 137 223 222
3 138 224 223
3 139 225 224
3 140 226 225
3 141 227 226
3 142 228 227
3 143 229 228
3 144 230 229
3 145 231 230
3 146 232 231
3 147 233 232
3 148 234 233
3 149 235 234
3 150 236 235
3 151 237 236
3 152 238 237
3 153 239 238
3 154 240 239
3 155 241 240
3 156 242 241
3 157 243 242
3 158 244 243
3 159 245 244
3 160 246 245
3 161 247 246
3 162 248 247
3 163 249 248
3 164 250 249
3 165 251 250
3 166 252 251
3 167 253 252
3 168 254 253
3 169 255 254
3 170 256 255
3 171 257 256
3 172 258 257
3 173 259 258
3 176 261 260
3 177 262 261
3 178 263 262
3 179 264 263
3 180 265 264
3 181 266 265
3 182 267 266
3 183 268 267
3 184 269 268
3 185 270 269
3 186 271 270
3 187 272 271
3 188 273 272
3 189 274 273
3 190 275 274
3 191 276 275
3 192 277 276
3 193 278 277
3 194 279 278
3 195 280 279
3 196 281 280
3 197 282 281
3 198 283 282
3 199 284 283
3 200 285 284
3 201 286 285
3 202 287 286
3 203 288 287
3 204 289 288
3 205 290 289
3 206 291 290
3 207 292 291
3 208 293 292
3 209 294 293
3 210 295 294
3 211 296 295
3 212 297 296
3 213 298 297
3 214 299 298
3 215 300 299
3 216 301 300
3 217 302 301
3 218 303 302
3 219 304 303
3 220 305 304
3 221 306 305
3 222 307 306
3 223 308 307
3 224 309 308
3 225 310 309
3 226 311 310
3 227 312 311
3 228 313 312
3 229 314 313
3 230 315 314
3 231 316 315
3 232 317 316
3 233 318 317
3 234 319 318
3 235 320 319
3 236 321 320
3 237 322 321
3 238 323 322
3 239 324 323
3 240 325 324
3 241 326 325
3 242 327 326
3 243 328 327
3 244 329 328
3 245 330 329
3 246 331 330
3 247 332 331
3 248 333 332
3 249 334 333
3 250 335 334
3 251 336 335
3 252 337 336
3 253 338 337
3 254 339 338
3 255 340 339
3 256 341 340
3 257 342 341
3 258 343 342
3 259 344 343
3 262 346 345
3 263 347 346
3 264 348 347
3 265 349 348
3 266 350 349
3 267 351 350
3 268 352 351
3 269 353 352
3 270 354 353
3 271 355 354
3 272 356 355
3 273 357 356
3 274 358 357
3 275 359 358
3 276 360 359
3 277 361 360
3 278 362 361
3 279 363 362
3 280 364 363
3 281 365 364
3 282 366 365
3 283 367 366
3 284 368 367
3 285 369 368
3 286 370 369
3 287 371 370
3 288 372 371
3 289 373 372
3 290 374 373
3 291 375 374
3 292 376 375
3 293 377 376
3 294 378 377
3 295 379 378
3 296 380 379
3 297 381 380
3 298 382 381
3 299 383 382
3 300 384 383
3 301 385 384
3 302 386 385
3 303 387 386
3 304 388 387
3 305 389 388
3 306 390 389
3 307 391 390
3 308 392 391
3 309 393 392
3 310 394 393
3 311 395 394
3 312 396 395
3 313 397 396
3 314 398 397
3 315 399 398
3 316 400 399
3 317 401 400
3 318 402 401
3 319 403 402
3 320 404 403
3 321 405 404
3 322 406 405
3 323 407 406
3 324 408 407
3 325 409 408
3 326 410 409
3 327 411 410
3 328 412 411
3 329 413 412
3 330 414 413
3 331 415 414
3 332 416 415
3 333 417 416
3 334 418 417
3 335 419 418
3 336 420 419
3 337 421 420
3 338 422 421
3 339 423 422
3 340 424 423
3 341 425 424
3 342 426 425
3 343 427 426
3 344 428 427
3 347 430 429
3 348 431 430
3 349 432 431
3 350 433 432
3 351 434 433
3 352 435 434
3 353 436 435
3 354 437 436
3 355 438 437
3 356 439 438
3 357 440 439
3 358 441 440
3 359 442 441
3 360 443 442
3 361 444 443
3 362 445 444
3 363 446 445
3 364 447 446
3 365 448 447
3 366 449 448
3 367 450 449
3 368 451 450
3 369 452 451
3 370 453 452
3 371 454 453
3 372 455 454
3 373 456 455
3 374 457 456
3 375 458 457
3 376 459 458
3 377 460 459
3 378 461 460
3 379 462 461
3 380 463 462
3 381 464 463
3 382 465 464
3 383 466 465
3 384 467 466
3 385 468 467
3 386 469 468
3 387 470 469
3 388 471 470
3 389 472 471
3 390 473 472
3 391 474 473
3 392 475 474
3 393 476 475
3 394 477 476
3 395 478 477
3 396 479 478
3 397 480 479
3 398 481 480
3 399 482 481
3 400 483 482
3 401 484 483
3 402 485 484
3 403 486 485
3 404 487 486
3 405 488 487
3 406 489 488
3 407 490 489
3 408 491 490
3 409 492 491
3 410 493 492
3 411 494 493
3 412 495 494
3 413 496 495
3 414 497 496
3 415 498 497
3 416 499 498
3 417 500 499
3 418 501 500
3 419 502 501
3 420 503 502
3 421 504 503
3 422 505 504
3 423 506 505
3 424 507 506
3 425 508 507
3 426 509 508
3 427 510 509
3 428 511 510
3 431 513 512
3 432 514 513
3 433 515 514
3 434 516 515
3 435 517 516
3 436 518 517
3 437 519 518
3 438 520 519
3 439 521 520
3 440 522 521
3 441 523 522
3 442 524 523
3 443 525 524
3 444 526 525
3 445 527 526
3 446 528 527
3 447 529 528
3 448 530 529
3 449 531 530
3 450 532 531
3 451 533 532
3 452 534 533
3 453 535 534
3 454 536 535
3 455 537 536
3 456 538 537
3 457 539 538
3 458 540 539
3 459 541 540
3 460 542 541
3 461 543 542
3 462 544 543
3 463 545 544
3 464 546 545
3 465 547 546
3 466 548 547
3 467 549 548
3 468 550 549
3 469 551 550
3 470 552 551
3 471 553 552
3 472 554 553
3 473 555 554
3 474 556 555
3 475 557 556
3 476 558 557
3 477 559 558
3 478 560 559
3 479 561 560
3 480 562 561
3 481 563 562
3 482 564 563
3 483 565 564
3 484 566 565
3 485 567 566
3 486 568 567
3 487 569 568
3 488 570 569
3 489 571 570
3 490 572 571
3 491 573 572
3 492 574 573
3 493 575 574
3 494 576 575
3 495 577 576
3 496 578 577
3 497 579 578
3 498 580 579
3 499 581 580
3 500 582 581
3 501 583 582
3 502 584 583
3 503 585 584
3 504 586 585
3 505 587 586
3 506 588 587
3 507 589 588
3 508 590 589
3 509 591 590
3 510 592 591
3 511 593 592
3 514 595 594
3 515 596 595
3 516 597 596
3 517 598 597
3 518 599 598
3 519 600 599
3 520 601 600
3 521 602 601
3 522 603 602
3 523 604 603
3 524 605 604
3 525 606 605
3 526 607 606
3 527 608 607
3 528 609 608
3 529 610 609
3 530 611 610
3 531 612 611
3 532 613 612
3 533 614 613
3 534 615 614
3 535 616 615
3 536 617 616
3 537 618 617
3 538 619 618
3 539 620 619
3 540 621 620
3 541 622 621
3 542 623 622
3 543 624 623
3 544 625 624
3 545 626 625
3 546 627 626
3 547 628 627
3 548 629 628
3 549 630 629
3 550 631 630
3 551 632 631
3 552 633 632
3 553 634 633
3 554 635 634
3 555 636 635
3 556 637 636
3 557 638 637
3 558 639 638
3 559 640 639
3 560 641 640
3 561 642 641
3 562 643 642
3 563 644 643
3 564 645 644
3 565 646 645
3 566 647 646
3 567 648 647
3 568 649 648
3 569 650 649
3 570 651 650
3 571 652 651
3 572 653 652
3 573 654 653
3 574 655 654
3 575 656 655
3 576 657 656
3 577 658 657
3 578 659 658
3 579 660 659
3 580 661 660
3 581 662 661
3 582 663 662
3 583 664 663
3 584 665 664
3 585 666 665
3 586 667 666
3 587 668 667
3 588 669 668
3 589 670 669
3 590 671 670
3 591 672 671
3 592 673 672
3 593 674 673
3 596 676 675
3 597 677 676
3 598 678 677
3 599 679 678
3 600 680 679
3 601 681 680
3 602 682 681
3 603 683 682
3 604 684 683
3 605 685 684
3 606 686 685
3 607 687 686
3 608 688 687
3 609 689 688
3 610 690 689
3 611 691 690
3 612 692 691
3 613 693 692
3 614 694 693
3 615 695 694
3 616 696 695
3 617 697 696
3 618 698 697
3 619 699 698
3 620 700 699
3 621 701 700
3 622 702 701
3 623 703 702
3 624 704 703
3 625 705 704
3 626 706 705
3 627 707 706
3 628 708 707
3 629 709 708
3 630 710 709
3 631 711 710
3 632 712 711
3 633 713 712
3 634 714 713
3 635 715 714
3 636 716 715
3 637 717 716
3 638 718 717
3 639 719 718
3 640 720 719
3 641 721 720
3 642 722 721
3 643 723 722
3 644 724 723
3 645 725 724
3 646 726 725
3 647 727 726
3 648 728 727
3 649 729 728
3 650 730 729
3 651 731 730
3 652 732 731
3 653 733 732
3 654 734 733
3 655 735 734
3 656 736 735
3 657 737 736
3 658 738 737
3 659 739 738
3 660 740 739
3 661 741 740
3 662 742 741
3 663 743 742
3 664 744 743
3 665 745 744
3 666 746 745
3 667 747 746
3 668 748 747
3 669 749 748
3 670 750 749
3 671 751 750
3 672 752 751
3 673 753 752
3 674 754 753
3 677 756 755
3 678 757 756
3 679 758 757
3 680 759 758
3 681 760 759
3 682 761 760
3 683 762 761
3 684 763 762
3 685 764 763
3 686 765 764
3 687 766 765
3 688 767 766
3 689 768 767
3 690 769 768
3 691 770 769
3 692 771 770
3 693 772 771
3 694 773 772
3 695 774 773
3 696 775 774
3 697 776 775
3 698 777 776
3 699 778 777
3 700 779 778
3 701 780 779
3 702 781 780
3 703 782 781
3 704 783 782
3 705 784 783
3 706 785 784
3 707 786 785
3 708 787 786
3 709 788 787
3 710 789 788
3 711 790 789
3 712 791 790
3 713 792 791
3 714 793 792
3 715 794 793
3 716 795 794
3 717 796 795
3 718 797 796
3 719 798 797
3 720 799 798
3 721 800 799
3 722 801 800
3 723 802 801
3 724 803 802
3 725 804 803
3 726 805 804
3 727 806 805
3 728 807 806
3 729 808 807
3 730 809 808
3 731 810 809
3 732 811 810
3 733 812 811
3 734 813 812
3 735 814 813
3 736 815 814
3 737 816 815
3 738 817 816
3 739 818 817
3 740 819 818
3 741 820 819
3 742 821 820
3 743 822 821
3 744 823 822
3 745 824 823
3 746 825 824
3 747 826 825
3 748 827 826
3 749 828 827
3 750 829 828
3 751 830 829
3 752 831 830
3 753 832 831
3 754 833 832
3 757 835 834
3 758 836 835
3 759 837 836
3 760 838 837
3 761 839 838
3 762 840 839
3 763 841 840
3 764 842 841
3 765 843 842
3 766 844 843
3 767 845 844
3 768 846 845
3 769 847 846
3 770 848 847
3 771 849 848
3 772 850 849
3 773 851 850
3 774 852 851
3 775 853 852
3 776 854 853
3 777 855 854
3 778 856 855
3 779 857 856
3 780 858 857
3 781 859 858
3 782 860 859
3 783 861 860
3 784 862 861
3 785 863 862
3 786 864 863
3 787 865 864
3 788 866 865
3 789 867 866
3 790 868 867
3 791 869 868
3 792 870 869
3 793 871 870
3 794 872 871
3 795 873 872
3 796 874 873
3 797 875 874
3 798 876 875
3 799 877 876
3 800 878 877
3 801 879 878
3 802 880 879
3 803 881 880
3 804 882 881
3 805 883 882
3 806 884 883
3 807 885 884
3 808 886 885
3 809 887 886
3 810 888 887
3 811 889 888
3 812 890 889
3 813 891 890
3 814 892 891
3 815 893 892
3 816 894 893
3 817 895 894
3 818 896 895
3 819 897 896
3 820 898 897
3 821 899 898
3 822 900 899
3 823 901 900
3 824 902 901
3 825 903 902
3 826 904 903
3 827 905 904
3 828 906 905
3 829 907 906
3 830 908 907
3 831 909 908
3 832 910 909
3 833 911 910
3 836 913 912
3 837 914 913
3 838 915 914
3 839 916 915
3 840 917 916
3 841 918 917
3 842 919 918
3 843 920 919
3 844 921 920
3 845 922 921
3 846 923 922
3 847 924 923
3 848 925 924
3 849 926 925
3 850 927 926
3 851 928 927
3 852 929 928
3 853 930 929
3 854 931 930
3 855 932 931
3 856 933 932
3 857 934 933
3 858 935 934
3 859 936 935
3 860 937 936
3 861 938 937
3 862 939 938
3 863 940 939
3 864 941 940
3 865 942 941
3 866 943 942
3 867 944 943
3 868 945 944
3 869 946 945
3 870 947 946
3 871 948 947
3 872 949 948
3 873 950 949
3 874 951 950
3 875 952 951
3 876 953 952
3 877 954 953
3 878 955 954
3 879 956 955
3 880 957 956
3 881 958 957
3 882 959 958
3 883 960 959
3 884 961 960
3 885 962 961
3 886 963 962
3 887 964 963
3 888 965 964
3 889 966 965
3 890 967 966
3 891 968 967
3 892 969 968
3 893 970 969
3 894 971 970
3 895 972 971
3 896 973 972
3 897 974 973
3 898 975 974
3 899 976 975
3 900 977 976
3 901 978 977
3 902 979 978
3 903 980 979
3 904 981 980
3 905 982 981
3 906 983 982
3 907 984 983
3 908 985 984
3 909 986 985
3 910 987 986
3 911 988 987
3 913 990 989
3 914 991 990
3 915 992 991
3 916 993 992
3 917 994 993
3 918 995 994
3 919 996 995
3 920 997 996
3 921 998 997
3 922 999 998
3 923 1000 999
3 924 1001 1000
3 925 1002 1001
3 926 1003 1002
3 927 1004 1003
3 928 1005 1004
3 929 1006 1005
3 930 1007 1006
3 931 1008 1007
3 932 1009 1008
3 933 1010 1009
3 934 1011 1010
3 935 1012 1011
3 936 1013 1012
3 937 1014 1013
3 938 1015 1014
3 939 1016 1015
3 940 1017 1016
3 941 1018 1017
3 942 1019 1018
3 943 1020 1019
3 944 1021 1020
3 945 1022 1021
3 946 1023 1022
3 947 1024 1023
3 948 1025 1024
3 949 1026 1025
3 950 1027 1026
3 951 1028 1027
3 952 1029 1028
3 953 1030 1029
3 954 1031 1030
3 955 1032 1031
3 956 1033 1032
3 957 1034 1033
3 958 1035 1034
3 959 1036 1035
3 960 1037 1036
3 961 1038 1037
3 962 1039 1038
3 963 1040 1039
3 964 1041 1040
3 965 1042 1041
3 966 1043 1042
3 967 1044 1043
3 968 1045 1044
3 969 1046 1045
3 970 1047 1046
3 971 1048 1047
3 972 1049 1048
3 973 1050 1049
3 974 1051 1050
3 975 1052 1051
3 976 1053 1052
3 977 1054 1053
3 978 1055 1054
3 979 1056 1055
3 980 1057 1056
3 981 1058 1057
3 982 1059 1058
3 983 1060 1059
3 984 1061 1060
3 985 1062 1061
3 986 1063 1062
3 987 1064 1063
3 988 1065 1064
3 990 1067 1066
3 991 1068 1067
3 992 1069 1068
3 993 1070 1069
3 994 1071 1070
3 995 1072 1071
3 996 1073 1072
3 997 1074 1073
3 998 1075 1074
3 999 1076 1075
3 1000 1077 1076
3 1001 1078 1077
3 1002 1079 1078
3 1003 1080 1079
3 1004 1081 1080
3 1005 1082 1081
3 1006 1083 1082
3 1007 1084 1083
3 1008 1085 1084
3 1009 1086 1085
3 1010 1087 1086
3 1011 1088 1087
3 1012 1089 1088
3 1013 1090 1089
3 1014 1091 1090
3 1015 1092 1091
3 1016 1093 1092
3 1017 1094 1093
3 1018 1095 1094
3 1019 1096 1095
3 1020 1097 1096
3 1021 1098 1097
3 1022 1099 1098
3 1023 1100 1099
3 1024 1101 1100
3 1025 1102 1101
3 1026 1103 1102
3 1027 1104 1103
3 1028 1105 1104
3 1029 1106 1105
3 1030 1107 1106
3 1031 1108 1107
3 1032 1109 1108
3 1033 1110 1109
3 1034 1111 1110
3 1035 1112 1111
3 1036 1113 1112
3 1037 1114 1113
3 1038 1115 1114
3 1039 1116 1115
3 1040 1117 1116
3 1041 1118 1117
3 1042 1119 1118
3 1043 1120 1119
3 1044 1121 1120
3 1045 1122 1121
3 1046 1123 1122
3 1047 1124 1123
3 1048 1125 1124
3 1049 1126 1125
3 1050 1127 1126
3 1051 1128 1127
3 1052 1129 1128
3 1053 1130 1129
3 1054 1131 1130
3 1055 1132 1131
3 1056 1133 1132
3 1057 1134 1133
3 1058 1135 1134
3 1059 1136 1135
3 1060 1137 1136
3 1061 1138 1137
3 1062 1139 1138
3 1063 1140 1139
3 1064 1141 1140
3 1065 1142 1141
3 1067 1145 1144
3 1068 1146 1145
3 1069 1147 1146
3 1070 1148 1147
3 1071 1149 1148
3 1072 1150 1149
3 1073 1151 1150
3 1074 1152 1151
3 1075 1153 1152
3 1076 1154 1153
3 1077 1155 1154
3 1078 1156 1155
3 1079 1157 1156
3 1080 1158 1157
3 1081 1159 1158
3 1082 1160 1159
3 1083 1161 1160
3 1084 1162 1161
3 1085 1163 1162
3 1086 1164 1163
3 1087 1165 1164
3 1088 1166 1165
3 1089 1167 1166
3 1090 1168 1167
3 1091 1169 1168
3 1092 1170 1169
3 1093 1171 1170
3 1094 1172 1171
3 1095 1173 1172
3 1096 1174 1173
3 1097 1175 1174
3 1098 1176 1175
3 1099 1177 1176
3 1100 1178 1177
3 1101 1179 1178
3 1102 1180 1179
3 1103 1181 1180
3 1104 1182 1181
3 1105 1183 1182
3 1106 1184 1183
3 1107 1185 1184
3 1108 1186 1185
3 1109 1187 1186
3 1110 1188 1187
3 1111 1189 1188
3 1112 1190 1189
3 1113 1191 1190
3 1114 1192 1191
3 1115 1193 1192
3 1116 1194 1193
3 1117 1195 1194
3 1118 1196 1195
3 1119 1197 1196
3 1120 1198 1197
3 1121 1199 1198
3 1122 1200 1199
3 1123 1201 1200
3 1124 1202 1201
3 1125 1203 1202
3 1126 1204 1203
3 1127 1205 1204
3 1128 1206 1205
3 1129 1207 1206
3 1130 1208 1207
3 1131 1209 1208
3 1132 1210 1209
3 1133 1211 1210
3 1134 1212 1211
3 1135 1213 1212
3 1136 1214 1213
3 1137 1215 1214
3 1138 1216 1215
3 1139 1217 1216
3 1140 1218 1217
3 1141 1219 1218
3 1142 1220 1219
3 1143 1221 1220
3 1145 1224 1223
3 1146 1225 1224
3 1147 1226 1225
3 1148 1227 1226
3 1149 1228 1227
3 1150 1229 1228
3 1151 1230 1229
3 1152 1231 1230
3 1153 1232 1231
3 1154 1233 1232
3 1155 1234 1233
3 1156 1235 1234
3 1157 1236 1235
3 1158 1237 1236
3 1159 1238 1237
3 1160 1239 1238
3 1161 1240 1239
3 1162 1241 1240
3 1163 1242 1241
3 1164 1243 1242
3 1165 1244 1243
3 1166 1245 1244
3 1167 1246 1245
3 1168 1247 1246
3 1169 1248 1247
3 1170 1249 1248
3 1171 1250 1249
3 1172 1251 1250
3 1173 1252 1251
3 1174 1253 1252
3 1175 1254 1253
3 1176 1255 1254
3 1177 1256 1255
3 1178 1257 1256
3 1179 1258 1257
3 1180 1259 1258
3 1181 1260 1259
3 1182 1261 1260
3 1183 1262 1261
3 1184 1263 1262
3 1185 1264 1263
3 1186 1265 1264
3 1187 1266 1265
3 1188 1267 1266
3 1189 1268 1267
3 1190 1269 1268
3 1191 1270 1269
3 1192 1271 1270
3 1193 1272 1271
3 1194 1273 1272
3 1195 1274 1273
3 1196 1275 1274
3 1197 1276 1275
3 1198 1277 1276
3 1199 1278 1277
3 1200 1279 1278
3 1201 1280 1279
3 1202 1281 1280
3 1203 1282 1281
3 1204 1283 1282
3 1205 1284 1283
3 1206 1285 1284
3 1207 1286 1285
3 1208 1287 1286
3 1209 1288 1287
3 1210 1289 1288
3 1211 1290 1289
3 1212 1291 1290
3 1213 1292 1291
3 1214 1293 1292
3 1215 1294 1293
3 1216 1295 1294
3 1217 1296 1295
3 1218 1297 1296
3 1219 1298 1297
3 1220 1299 1298
3 1221 1300 1299
3 1222 1301 1300
3 1224 1304 1303
3 1225 1305 1304
3 1226 1306 1305
3 1227 1307 1306
3 1228 1308 1307
3 1229 1309 1308
3 1230 1310 1309
3 1231 1311 1310
3 1232 1312 1311
3 1233 1313 1312
3 1234 1314 1313
3 1235 1315 1314
3 1236 1316 1315
3 1237 1317 1316
3 1238 1318 1317
3 1239 1319 1318
3 1240 1320 1319
3 1241 1321 1320
3 1242 1322 1321
3 1243 1323 1322
3 1244 1324 1323
3 1245 1325 1324
3 1246 1326 1325
3 1247 1327 1326
3 1248 1328 1327
3 1249 1329 1328
3 1250 1330 1329
3 1251 1331 1330
3 1252 1332 1331
3 1253 1333 1332
3 1254 1334 1333
3 1255 1335 1334
3 1256 1336 1335
3 1257 1337 1336
3 1258 1338 1337
3 1259 1339 1338
3 1260 1340 1339
3 1261 1341 1340
3 1262 1342 1341
3 1263 1343 1342
3 1264 1344 1343
3 1265 1345 1344
3 1266 1346 1345
3 1267 1347 1346
3 1268 1348 1347
3 1269 1349 1348
3 1270 1350 1349
3 1271 1351 1350
3 1272 1352 1351
3 1273 1353 1352
3 1274 1354 1353
3 1275 1355 1354
3 1276 1356 1355
3 1277 1357 1356
3 1278 1358 1357
3 1279 1359 1358
3 1280 1360 1359
3 1281 1361 1360
3 1282 1362 1361
3 1283 1363 1362
3 1284 1364 1363
3 1285 1365 1364
3 1286 1366 1365
3 1287 1367 1366
3 1288 1368 1367
3 1289 1369 1368
3 1290 1370 1369
3 1291 1371 1370
3 1292 1372 1371
3 1293 1373 1372
3 1294 1374 1373
3 1295 1375 1374
3 1296 1376 1375
3 1297 1377 1376
3 1298 1378 1377
3 1299 1379 1378
3 1300 1380 1379
3 1301 1381 1380
3 1302 1382 1381
3 1304 1384 1383
3 1305 1385 1384
3 1306 1386 1385
3 1307 1387 1386
3 1308 1388 1387
3 1309 1389 1388
3 1310 1390 1389
3 1311 1391 1390
3 1312 1392 1391
3 1313 1393 1392
3 1314 1394 1393
3 1315 1395 1394
3 1316 1396 1395
3 1317 1397 1396
3 1318 1398 1397
3 1319 1399 1398
3 1320 1400 1399
3 1321 1401 1400
3 1322 1402 1401
3 1323 1403 1402
3 1324 1404 1403
3 1325 1405 1404
3 1326 1406 1405
3 1327 1407 1406
3 1328 1408 1407
3 1329 1409 1408
3 1330 1410 1409
3 1331 1411 1410
3 1332 1412 1411
3 1333 1413 1412
3 1334 1414 1413
3 1335 1415 1414
3 1336 1416 1415
3 1337 1417 1416
3 1338 1418 1417
3 1339 1419 1418
3 1340 1420 1419
3 1341 1421 1420
3 1342 1422 1421
3 1343 1423 1422
3 1344 1424 1423
3 1345 1425 1424
3 1346 1426 1425
3 1347 1427 1426
3 1348 1428 1427
3 1349 1429 1428
3 1350 1430 1429
3 1351 1431 1430
3 1352 1432 1431
3 1353 1433 1432
3 1354 1434 1433
3 1355 1435 1434
3 1356 1436 1435
3 1357 1437 1436
3 1358 1438 1437
3 1359 1439 1438
3 1360 1440 1439
3 1361 1441 1440
3 1362 1442 1441
3 1363 1443 1442
3 1364 1444 1443
3 1365 1445 1444
3 1366 1446 1445
3 1367 1447 1446
3 1368 1448 1447
3 1369 1449 1448
3 1370 1450 1449
3 1371 1451 1450
3 1372 1452 1451
3 1373 1453 1452
3 1374 1454 1453
3 1375 1455 1454
3 1376 1456 1455
3 1377 1457 1456
3 1378 1458 1457
3 1379 1459 1458
3 1380 1460 1459
3 1381 1461 1460
3 1382 1462 1461
3 1384 1465 1464
3 1385 1466 1465
3 1386 1467 1466
3 1387 1468 1467
3 1388 1469 1468
3 1389 1470 1469
3 1390 1471 1470
3 1391 1472 1471
3 1392 1473 1472
3 1393 1474 1473
3 1394 1475 1474
3 1395 1476 1475
3 1396 1477 1476
3 1397 1478 1477
3 1398 1479 1478
3 1399 1480 1479
3 1400 1481 1480
3 1401 1482 1481
3 1402 1483 1482
3 1403 1484 1483
3 1404 1485 1484
3 1405 1486 1485
3 1406 1487 1486
3 1407 1488 1487
3 1408 1489 1488
3 1409 1490 1489
3 1410 1491 1490
3 1411 1492 1491
3 1412 1493 1492
3 1413 1494 1493
3 1414 1495 1494
3 1415 1496 1495
3 1416 1497 1496
3 1417 1498 1497
3 1418 1499 1498
3 1419 1500 1499
3 1420 1501 1500
3 1421 1502 1501
3 1422 1503 1502
3 1423 1504 1503
3 1424 1505 1504
3 1425 1506 1505
3 1426 1507 1506
3 1427 1508 1507
3 1428 1509 1508
3 1429 1510 1509
3 1430 1511 1510
3 1431 1512 1511
3 1432 1513 1512
3 1433 1514 1513
3 1434 1515 1514
3 1435 1516 1515
3 1436 1517 1516
3 1437 1518 1517
3 1438 1519 1518
3 1439 1520 1519
3 1440 1521 1520
3 1441 1522 1521
3 1442 1523 1522
3 1443 1524 1523
3 1444 1525 1524
3 1445 1526 1525
3 1446 1527 1526
3 1447 1528 1527
3 1448 1529 1528
3 1449 1530 1529
3 1450 1531 1530
3 1451 1532 1531
3 1452 1533 1532
3 1453 1534 1533
3 1454 1535 1534
3 1455 1536 1535
3 1456 1537 1536
3 1457 1538 1537
3 1458 1539 1538
3 1459 1540 1539
3 1460 1541 1540
3 1461 1542 1541
3 1462 1543 1542
3 1463 1544 1543
3 1466 1547 1546
3 1467 1548 1547
3 1468 1549 1548
3 1469 1550 1549
3 1470 1551 1550
3 1471 1552 1551
3 1472 1553 1552
3 1473 1554 1553
3 1474 1555 1554
3 1475 1556 1555
3 1476 1557 1556
3 1477 1558 1557
3 1478 1559 1558
3 1479 1560 1559
3 1480 1561 1560
3 1481 1562 1561
3 1482 1563 1562
3 1483 1564 1563
3 1484 1565 1564
3 1485 1566 1565
3 1486 1567 1566
3 1487 1568 1567
3 1488 1569 1568
3 1489 1570 1569
3 1490 1571 1570
3 1491 1572 1571
3 1492 1573 1572
3 1493 1574 1573
3 1494 1575 1574
3 1495 1576 1575
3 1496 1577 1576
3 1497 1578 1577
3 1498 1579 1578
3 1499 1580 1579
3 1500 1581 1580
3 1501 1582 1581
3 1502 1583 1582
3 1503 1584 1583
3 1504 1585 1584
3 1505 1586 1585
3 1506 1587 1586
3 1507 1588 1587
3 1508 1589 1588
3 1509 1590 1589
3 1510 1591 1590
3 1511 1592 1591
3 1512 1593 1592
3 1513 1594 1593
3 1514 1595 1594
3 1515 1596 1595
3 1516 1597 1596
3 1517 1598 1597
3 1518 1599 1598
3 1519 1600 1599
3 1520 1601 1600
3 1521 1602 1601
3 1522 1603 1602
3 1523 1604 1603
3 1524 1605 1604
3 1525 1606 1605
3 1526 1607 1606
3 1527 1608 1607
3 1528 1609 1608
3 1529 1610 1609
3 1530 1611 1610
3 1531 1612 1611
3 1532 1613 1612
3 1533 1614 1613
3 1534 1615 1614
3 1535 1616 1615
3 1536 1617 1616
3 1537 1618 1617
3 1538 1619 1618
3 1539 1620 1619
3 1540 1621 1620
3 1541 1622 1621
3 1542 1623 1622
3 1543 1624 1623
3 1544 1625 1624
3 1545 1626 1625
3 1547 1629 1628
3 1548 1630 1629
3 1549 1631 1630
3 1550 1632 1631
3 1551 1633 1632
3 1552 1634 1633
3 1553 1635 1634
3 1554 1636 1635
3 1555 1637 1636
3 1556 1638 1637
3 1557 1639 1638
3 1558 1640 1639
3 1559 1641 1640
3 1560 1642 1641
3 1561 1643 1642
3 1562 1644 1643
3 1563 1645 1644
3 1564 1646 1645
3 1565 1647 1646
3 1566 1648 1647
3 1567 1649 1648
3 1568 1650 1649
3 1569 1651 1650
3 1570 1652 1651
3 1571 1653 1652
3 1572 1654 1653
3 1573 1655 1654
3 1574 1656 1655
3 1575 1657 1656
3 1576 1658 1657
3 1577 1659 1658
3 1578 1660 1659
3 1579 1661 1660
3 1580 1662 1661
3 1581 1663 1662
3 1582 1664 1663
3 1583 1665 1664
3 1584 1666 1665
3 1585 1667 1666
3 1586 1668 1667
3 1587 1669 1668
3 1588 1670 1669
3 1589 1671 1670
3 1590 1672 1671
3 1591 1673 1672
3 1592 1674 1673
3 1593 1675 1674
3 1594 1676 1675
3 1595 1677 1676
3 1596 1678 1677
3 1597 1679 1678
3 1598 1680 1679
3 1599 1681 1680
3 1600 1682 1681
3 1601 1683 1682
3 1602 1684 1683
3 1603 1685 1684
3 1604 1686 1685
3 1605 1687 1686
3 1606 1688 1687
3 1607 1689 1688
3 1608 1690 1689
3 1609 1691 1690
3 1610 1692 1691
3 1611 1693 1692
3 1612 1694 1693
3 1613 1695 1694
3 1614 1696 1695
3 1615 1697 1696
3 1616 1698 1697
3 1617 1699 1698
3 1618 1700 1699
3 1619 1701 1700
3 1620 1702 1701
3 1621 1703 1702
3 1622 1704 1703
3 1623 1705 1704
3 1624 1706 1705
3 1625 1707 1706
3 1626 1708 1707
3 1627 1709 1708
3 1630 1712 1711
3 1631 1713 1712
3 1632 1714 1713
3 1633 1715 1714
3 1634 1716 1715
3 1635 1717 1716
3 1636 1718 1717
3 1637 1719 1718
3 1638 1720 1719
3 1639 1721 1720
3 1640 1722 1721
3 1641 1723 1722
3 1642 1724 1723
3 1643 1725 1724
3 1644 1726 1725
3 1645 1727 1726
3 1646 1728 1727
3 1647 1729 1728
3 1648 1730 1729
3 1649 1731 1730
3 1650 1732 1731
3 1651 1733 1732
3 1652 1734 1733
3 1653 1735 1734
3 1654 1736 1735
3 1655 1737 1736
3 1656 1738 1737
3 1657 1739 1738
3 1658 1740 1739
3 1659 1741 1740
3 1660 1742 1741
3 1661 1743 1742
3 1662 1744 1743
3 1663 1745 1744
3 1664 1746 1745
3 1665 1747 1746
3 1666 1748 1747
3 1667 1749 1748
3 1668 1750 1749
3 1669 1751 1750
3 1670 1752 1751
3 1671 1753 1752
3 1672 1754 1753
3 1673 1755 1754
3 1674 1756 1755
3 1675 1757 1756
3 1676 1758 1757
3 1677 1759 1758
3 1678 1760 1759
3 1679 1761 1760
3 1680 1762 1761
3 1681 1763 1762
3 1682 1764 1763
3 1683 1765 1764
3 1684 1766 1765
3 1685 1767 1766
3 1686 1768 1767
3 1687 1769 1768
3 1688 1770 1769
3 1689 1771 1770
3 1690 1772 1771
3 1691 1773 1772
3 1692 1774 1773
3 1693 1775 1774
3 1694 1776 1775
3 1695 1777 1776
3 1696 1778 1777
3 1697 1779 1778
3 1698 1780 1779
3 1699 1781 1780
3 1700 1782 1781
3 1701 1783 1782
3 1702 1784 1783
3 1703 1785 1784
3 1704 1786 1785
3 1705 1787 1786
3 1706 1788 1787
3 1707 1789 1788
3 1708 1790 1789
3 1709 1791 1790
3 1710 1792 1791
3 1714 1794 1793
3 1715 1795 1794
3 1716 1796 1795
3 1717 1797 1796
3 1718 1798 1797
3 1719 1799 1798
3 1720 1800 1799
3 1721 1801 1800
3 1722 1802 1801
3 1723 1803 1802
3 1724 1804 1803
3 1725 1805 1804
3 1726 1806 1805
3 1727 1807 1806
3 1728 1808 1807
3 1729 1809 1808
3 1730 1810 1809
3 1731 1811 1810
3 1732 1812 1811
3 1733 1813 1812
3 1734 1814 1813
3 1735 1815 1814
3 1736 1816 1815
3 1737 1817 1816
3 1738 1818 1817
3 1739 1819 1818
3 1740 1820 1819
3 1741 1821 1820
3 1742 1822 1821
3 1743 1823 1822
3 1744 1824 1823
3 1745 1825 1824
3 1746 1826 1825
3 1747 1827 1826
3 1748 1828 1827
3 1749 1829 1828
3 1750 1830 1829
3 1751 1831 1830
3 1752 1832 1831
3 1753 1833 1832
3 1754 1834 1833
3 1755 1835 1834
3 1756 1836 1835
3 1757 1837 1836
3 1758 1838 1837
3 1759 1839 1838
3 1760 1840 1839
3 1761 1841 1840
3 1762 1842 1841
3 1763 1843 1842
3 1764 1844 1843
3 1765 1845 1844
3 1766 1846 1845
3 1767 1847 1846
3 1768 1848 1847
3 1769 1849 1848
3 1770 1850 1849
3 1771 1851 1850
3 1772 1852 1851
3 1773 1853 1852
3 1774 1854 1853
3 1775 1855 1854
3 1776 1856 1855
3 1777 1857 1856
3 1778 1858 1857
3 1779 1859 1858
3 1780 1860 1859
3 1781 1861 1860
3 1782 1862 1861
3 1783 1863 1862
3 1784 1864 1863
3 1785 1865 1864
3 1786 1866 1865
3 1787 1867 1866
3 1788 1868 1867
3 1789 1869 1868
3 1790 1870 1869
3 1791 1871 1870
3 1792 1872 1871
3 1794 1875 1874
3 1795 1876 1875
3 1796 1877 1876
3 1797 1878 1877
3 1798 1879 1878
3 1799 1880 1879
3 1800 1881 1880
3 1801 1882 1881
3 1802 1883 1882
3 1803 1884 1883
3 1804 1885 1884
3 1805 1886 1885
3 1806 1887 1886
3 1807 1888 1887
3 1808 1889 1888
3 1809 1890 1889
3 1810 1891 1890
3 1811 1892 1891
3 1812 1893 1892
3 1813 1894 1893
3 1814 1895 1894
3 1815 1896 1895
3 1816 1897 1896
3 1817 1898 1897
3 1818 1899 1898
3 1819 1900 1899
3 1820 1901 1900
3 1821 1902 1901
3 1822 1903 1902
3 1823 1904 1903
3 1824 1905 1904
3 1825 1906 1905
3 1826 1907 1906
3 1827 1908 1907
3 1828 1909 1908
3 1829 1910 1909
3 1830 1911 1910
3 1831 1912 1911
3 1832 1913 1912
3 1833 1914 1913
3 1834 1915 1914
3 1835 1916 1915
3 1836 1917 1916
3 1837 1918 1917
3 1838 1919 1918
3 1839 1920 1919
3 1840 1921 1920
3 1841 1922 1921
3 1842 1923 1922
3 1843 1924 1923
3 1844 1925 1924
3 1845 1926 1925
3 1846 1927 1926
3 1847 1928 1927
3 1848 1929 1928
3 1849 1930 1929
3 1850 1931 1930
3 1851 1932 1931
3 1852 1933 1932
3 1853 1934 1933
3 1854 1935 1934
3 1855 1936 1935
3 1856 1937 1936
3 1857 1938 1937
3 1858 1939 1938
3 1859 1940 1939
3 1860 1941 1940
3 1861 1942 1941
3 1862 1943 1942
3 1863 1944 1943
3 1864 1945 1944
3 1865 1946 1945
3 1866 1947 1946
3 1867 1948 1947
3 1868 1949 1948
3 1869 1950 1949
3 1870 1951 1950
3 1871 1952 1951
3 1872 1953 1952
3 1873 1954 1953
3 1875 1956 1955
3 1876 1957 1956
3 1877 1958 1957
3 1878 1959 1958
3 1879 1960 1959
3 1880 1961 1960
3 1881 1962 1961
3 1882 1963 1962
3 1883 1964 1963
3 1884 1965 1964
3 1885 1966 1965
3 1886 1967 1966
3 1887 1968 1967
3 1888 1969 1968
3 1889 1970 1969
3 1890 1971 1970
3 1891 1972 1971
3 1892 1973 1972
3 1893 1974 1973
3 1894 1975 1974
3 1895 1976 1975
3 1896 1977 1976
3 1897 1978 1977
3 1898 1979 1978
3 1899 1980 1979
3 1900 1981 1980
3 1901 1982 1981
3 1902 1983 1982
3 1903 1984 1983
3 1904 1985 1984
3 1905 1986 1985
3 1906 1987 1986
3 1907 1988 1987
3 1908 1989 1988
3 1909 1990 1989
3 1910 1991 1990
3 1911 1992 1991
3 1912 1993 1992
3 1913 1994 1993
3 1914 1995 1994
3 1915 1996 1995
3 1916 1997 1996
3 1917 1998 1997
3 1918 1999 1998
3 1919 2000 1999
3 1920 2001 2000
3 1921 2002 2001
3 1922 2003 2002
3 1923 2004 2003
3 1924 2005 2004
3 1925 2006 2005
3 1926 2007 2006
3 1927 2008 2007
3 1928 2009 2008
3 1929 2010 2009
3 1930 2011 2010
3 1931 2012 2011
3 1932 2013 2012
3 1933 2014 2013
3 1934 2015 2014
3 1935 2016 2015
3 1936 2017 2016
3 1937 2018 2017
3 1938 2019 2018
3 1939 2020 2019
3 1940 2021 2020
3 1941 2022 2021
3 1942 2023 2022
3 1943 2024 2023
3 1944 2025 2024
3 1945 2026 2025
3 1946 2027 2026
3 1947 2028 2027
3 1948 2029 2028
3 1949 2030 2029
3 1950 2031 2030
3 1951 2032 2031
3 1952 2033 2032
3 1953 2034 2033
3 1954 2035 2034
3 1956 2038 2037
3 1957 2039 2038
3 1958 2040 2039
3 1959 2041 2040
3 1960 2042 2041
3 1961 2043 2042
3 1962 2044 2043
3 1963 2045 2044
3 1964 2046 2045
3 1965 2047 2046
3 1966 2048 2047
3 1967 2049 2048
3 1968 2050 2049
3 1969 2051 2050
3 1970 2052 2051
3 1971 2053 2052
3 1972 2054 2053
3 1973 2055 2054
3 1974 2056 2055
3 1975 2057 2056
3 1976 2058 2057
3 1977 2059 2058
3 1978 2060 2059
3 1979 2061 2060
3 1980 2062 2061
3 1981 2063 2062
3 1982 2064 2063
3 1983 2065 2064
3 1984 2066 2065
3 1985 2067 2066
3 1986 2068 2067
3 1987 2069 2068
3 1988 2070 2069
3 1989 2071 2070
3 1990 2072 2071
3 1991 2073 2072
3 1992 2074 2073
3 1993 2075 2074
3 1994 2076 2075
3 1995 2077 2076
3 1996 2078 2077
3 1997 2079 2078
3 1998 2080 2079
3 1999 2081 2080
3 2000 2082 2081
3 2001 2083 2082
3 2002 2084 2083
3 2003 2085 2084
3 2004 2086 2085
3 2005 2087 2086
3 2006 2088 2087
3 2007 2089 2088
3 2008 2090 2089
3 2009 2091 2090
3 2010 2092 2091
3 2011 2093 2092
3 2012 2094 2093
3 2013 2095 2094
3 2014 2096 2095
3 2015 2097 2096
3 2016 2098 2097
3 2017 2099 2098
3 2018 2100 2099
3 2019 2101 2100
3 2020 2102 2101
3 2021 2103 2102
3 2022 2104 2103
3 2023 2105 2104
3 2024 2106 2105
3 2025 2107 2106
3 2026 2108 2107
3 2027 2109 2108
3 2028 2110 2109
3 2029 2111 2110
3 2030 2112 2111
3 2031 2113 2112
3 2032 2114 2113
3 2033 2115 2114
3 2034 2116 2115
3 2035 2117 2116
3 2036 2118 2117
3 2039 2121 2120
3 2040 2122 2121
3 2041 2123 2122
3 2042 2124 2123
3 2043 2125 2124
3 2044 2126 2125
3 2045 2127 2126
3 2046 2128 2127
3 2047 2129 2128
3 2048 2130 2129
3 2049 2131 2130
3 2050 2132 2131
3 2051 2133 2132
3 2052 2134 2133
3 2053 2135 2134
3 2054 2136 2135
3 2055 2137 2136
3 2056 2138 2137
3 2057 2139 2138
3 2058 2140 2139
3 2059 2141 2140
3 2060 2142 2141
3 2061 2143 2142
3 2062 2144 2143
3 2063 2145 2144
3 2064 2146 2145
3 2065 2147 2146
3 2066 2148 2147
3 2067 2149 2148
3 2068 2150 2149
3 2069 2151 2150
3 2070 2152 2151
3 2071 2153 2152
3 2072 2154 2153
3 2073 2155 2154
3 2074 2156 2155
3 2075 2157 2156
3 2076 2158 2157
3 2077 2159 2158
3 2078 2160 2159
3 2079 2161 2160
3 2080 2162 2161
3 2081 2163 2162
3 2082 2164 2163
3 2083 2165 2164
3 2084 2166 2165
3 2085 2167 2166
3 2086 2168 2167
3 2087 2169 2168
3 2088 2170 2169
3 2089 2171 2170
3 2090 2172 2171
3 2091 2173 2172
3 2092 2174 2173
3 2093 2175 2174
3 2094 2176 2175
3 2095 2177 2176
3 2096 2178 2177
3 2097 2179 2178
3 2098 2180 2179
3 2099 2181 2180
3 2100 2182 2181
3 2101 2183 2182
3 2102 2184 2183
3 2103 2185 2184
3 2104 2186 2185
3 2105 2187 2186
3 2106 2188 2187
3 2107 2189 2188
3 2108 2190 2189
3 2109 2191 2190
3 2110 2192 2191
3 2111 2193 2192
3 2112 2194 2193
3 2113 2195 2194
3 2114 2196 2195
3 2115 2197 2196
3 2116 2198 2197
3 2117 2199 2198
3 2118 2200 2199
3 2119 2201 2200
3 2121 2203 2202
3 2122 2204 2203
3 2123 2205 2204
3 2124 2206 2205
3 2125 2207 2206
3 2126 2208 2207
3 2127 2209 2208
3 2128 2210 2209
3 2129 2211 2210
3 2130 2212 2211
3 2131 2213 2212
3 2132 2214 2213
3 2133 2215 2214
3 2134 2216 2215
3 2135 2217 2216
3 2136 2218 2217
3 2137 2219 2218
3 2138 2220 2219
3 2139 2221 2220
3 2140 2222 2221
3 2141 2223 2222
3 2142 2224 2223
3 2143 2225 2224
3 2144 2226 2225
3 2145 2227 2226
3 2146 2228 2227
3 2147 2229 2228
3 2148 2230 2229
3 2149 2231 2230
3 2150 2232 2231
3 2151 2233 2232
3 2152 2234 2233
3 2153 2235 2234
3 2154 2236 2235
3 2155 2237 2236
3 2156 2238 2237
3 2157 2239 2238
3 2158 2240 2239
3 2159 2241 2240
3 2160 2242 2241
3 2161 2243 2242
3 2162 2244 2243
3 2163 2245 2244
3 2164 2246 2245
3 2165 2247 2246
3 2166 2248 2247
3 2167 2249 2248
3 2168 2250 2249
3 2169 2251 2250
3 2170 2252 2251
3 2171 2253 2252
3 2172 2254 2253
3 2173 2255 2254
3 2174 2256 2255
3 2175 2257 2256
3 2176 2258 2257
3 2177 2259 2258
3 2178 2260 2259
3 2179 2261 2260
3 2180 2262 2261
3 2181 2263 2262
3 2182 2264 2263
3 2183 2265 2264
3 2184 2266 2265
3 2185 2267 2266
3 2186 2268 2267
3 2187 2269 2268
3 2188 2270 2269
3 2189 2271 2270
3 2190 2272 2271
3 2191 2273 2272
3 2192 2274 2273
3 2193 2275 2274
3 2194 2276 2275
3 2195 2277 2276
3 2196 2278 2277
3 2197 2279 2278
3 2198 2280 2279
3 2199 2281 2280
3 2200 2282 2281
3 2201 2283 2282
3 2203 2285 2284
3 2204 2286 2285
3 2205 2287 2286
3 2206 2288 2287
3 2207 2289 2288
3 2208 2290 2289
3 2209 2291 2290
3 2210 2292 2291
3 2211 2293 2292
3 2212 2294 2293
3 2213 2295 2294
3 2214 2296 2295
3 2215 2297 2296
3 2216 2298 2297
3 2217 2299 2298
3 2218 2300 2299
3 2219 2301 2300
3 2220 2302 2301
3 2221 2303 2302
3 2222 2304 2303
3 2223 2305 2304
3 2224 2306 2305
3 2225 2307 2306
3 2226 2308 2307
3 2227 2309 2308
3 2228 2310 2309
3 2229 2311 2310
3 2230 2312 2311
3 2231 2313 2312
3 2232 2314 2313
3 2233 2315 2314
3 2234 2316 2315
3 2235 2317 2316
3 2236 2318 2317
3 2237 2319 2318
3 2238 2320 2319
3 2239 2321 2320
3 2240 2322 2321
3 2241 2323 2322
3 2242 2324 2323
3 2243 2325 2324
3 2244 2326 2325
3 2245 2327 2326
3 2246 2328 2327
3 2247 2329 2328
3 2248 2330 2329
3 2249 2331 2330
3 2250 2332 2331
3 2251 2333 2332
3 2252 2334 2333
3 2253 2335 2334
3 2254 2336 2335
3 2255 2337 2336
3 2256 2338 2337
3 2257 2339 2338
3 2258 2340 2339
3 2259 2341 2340
3 2260 2342 2341
3 2261 2343 2342
3 2262 2344 2343
3 2263 2345 2344
3 2264 2346 2345
3 2265 2347 2346
3 2266 2348 2347
3 2267 2349 2348
3 2268 2350 2349
3 2269 2351 2350
3 2270 2352 2351
3 2271 2353 2352
3 2272 2354 2353
3 2273 2355 2354
3 2274 2356 2355
3 2275 2357 2356
3 2276 2358 2357
3 2277 2359 2358
3 2278 2360 2359
3 2279 2361 2360
3 2280 2362 2361
3 2281 2363 2362
3 2282 2364 2363
3 2283 2365 2364
3 2285 2367 2366
3 2286 2368 2367
3 2287 2369 2368
3 2288 2370 2369
3 2289 2371 2370
3 2290 2372 2371
3 2291 2373 2372
3 2292 2374 2373
3 2293 2375 2374
3 2294 2376 2375
3 2295 2377 2376
3 2296 2378 2377
3 2297 2379 2378
3 2298 2380 2379
3 2299 2381 2380
3 2300 2382 2381
3 2301 2383 2382
3 2302 2384 2383
3 2303 2385 2384
3 2304 2386 2385
3 2305 2387 2386
3 2306 2388 2387
3 2307 2389 2388
3 2308 2390 2389
3 2309 2391 2390
3 2310 2392 2391
3 2311 2393 2392
3 2312 2394 2393
3 2313 2395 2394
3 2314 2396 2395
3 2315 2397 2396
3 2316 2398 2397
3 2317 2399 2398
3 2318 2400 2399
3 2319 2401 2400
3 2320 2402 2401
3 2321 2403 2402
3 2322 2404 2403
3 2323 2405 2404
3 2324 2406 2405
3 2325 2407 2406
3 2326 2408 2407
3 2327 2409 2408
3 2328 2410 2409
3 2329 2411 2410
3 2330 2412 2411
3 2331 2413 2412
3 2332 2414 2413
3 2333 2415 2414
3 2334 2416 2415
3 2335 2417 2416
3 2336 2418 2417
3 2337 2419 2418
3 2338 2420 2419
3 2339 2421 2420
3 2340 2422 2421
3 2341 2423 2422
3 2342 2424 2423
3 2343 2425 2424
3 2344 2426 2425
3 2345 2427 2426
3 2346 2428 2427
3 2347 2429 2428
3 2348 2430 2429
3 2349 2431 2430
3 2350 2432 2431
3 2351 2433 2432
3 2352 2434 2433
3 2353 2435 2434
3 2354 2436 2435
3 2355 2437 2436
3 2356 2438 2437
3 2357 2439 2438
3 2358 2440 2439
3 2359 2441 2440
3 2360 2442 2441
3 2361 2443 2442
3 2362 2444 2443
3 2363 2445 2444
3 2364 2446 2445
3 2365 2447 2446
3 2367 2449 2448
3 2368 2450 2449
3 2369 2451 2450
3 2370 2452 2451
3 2371 2453 2452
3 2372 2454 2453
3 2373 2455 2454
3 2374 2456 2455
3 2375 2457 2456
3 2376 2458 2457
3 2377 2459 2458
3 2378 2460 2459
3 2379 2461 2460
3 2380 2462 2461
3 2381 2463 2462
3 2382 2464 2463
3 2383 2465 2464
3 2384 2466 2465
3 2385 2467 2466
3 2386 2468 2467
3 2387 2469 2468
3 2388 2470 2469
3 2389 2471 2470
3 2390 2472 2471
3 2391 2473 2472
3 2392 2474 2473
3 2393 2475 2474
3 2394 2476 2475
3 2395 2477 2476
3 2396 2478 2477
3 2397 2479 2478
3 2398 2480 2479
3 2399 2481 2480
3 2400 2482 2481
3 2401 2483 2482
3 2402 2484 2483
3 2403 2485 2484
3 2404 2486 2485
3 2405 2487 2486
3 2406 2488 2487
3 2407 2489 2488
3 2408 2490 2489
3 2409 2491 2490
3 2410 2492 2491
3 2411 2493 2492
3 2412 2494 2493
3 2413 2495 2494
3 2414 2496 2495
3 2415 2497 2496
3 2416 2498 2497
3 2417 2499 2498
3 2418 2500 2499
3 2419 2501 2500
3 2420 2502 2501
3 2421 2503 2502
3 2422 2504 2503
3 2423 2505 2504
3 2424 2506 2505
3 2425 2507 2506
3 2426 2508 2507
3 2427 2509 2508
3 2428 2510 2509
3 2429 2511 2510
3 2430 2512 2511
3 2431 2513 2512
3 2432 2514 2513
3 2433 2515 2514
3 2434 2516 2515
3 2435 2517 2516
3 2436 2518 2517
3 2437 2519 2518
3 2438 2520 2519
3 2439 2521 2520
3 2440 2522 2521
3 2441 2523 2522
3 2442 2524 2523
3 2443 2525 2524
3 2444 2526 2525
3 2445 2527 2526
3 2446 2528 2527
3 2447 2529 2528
3 2450 2531 2530
3 2451 2532 2531
3 2452 2533 2532
3 2453 2534 2533
3 2454 2535 2534
3 2455 2536 2535
3 2456 2537 2536
3 2457 2538 2537
3 2458 2539 2538
3 2459 2540 2539
3 2460 2541 2540
3 2461 2542 2541
3 2462 2543 2542
3 2463 2544 2543
3 2464 2545 2544
3 2465 2546 2545
3 2466 2547 2546
3 2467 2548 2547
3 2468 2549 2548
3 2469 2550 2549
3 2470 2551 2550
3 2471 2552 2551
3 2472 2553 2552
3 2473 2554 2553
3 2474 2555 2554
3 2475 2556 2555
3 2476 2557 2556
3 2477 2558 2557
3 2478 2559 2558
3 2479 2560 2559
3 2480 2561 2560
3 2481 2562 2561
3 2482 2563 2562
3 2483 2564 2563
3 2484 2565 2564
3 2485 2566 2565
3 2486 2567 2566
3 2487 2568 2567
3 2488 2569 2568
3 2489 2570 2569
3 2490 2571 2570
3 2491 2572 2571
3 2492 2573 2572
3 2493 2574 2573
3 2494 2575 2574
3 2495 2576 2575
3 2496 2577 2576
3 2497 2578 2577
3 2498 2579 2578
3 2499 2580 2579
3 2500 2581 2580
3 2501 2582 2581
3 2502 2583 2582
3 2503 2584 2583
3 2504 2585 2584
3 2505 2586 2585
3 2506 2587 2586
3 2507 2588 2587
3 2508 2589 2588
3 2509 2590 2589
3 2510 2591 2590
3 2511 2592 2591
3 2512 2593 2592
3 2513 2594 2593
3 2514 2595 2594
3 2515 2596 2595
3 2516 2597 2596
3 2517 2598 2597
3 2518 2599 2598
3 2519 2600 2599
3 2520 2601 2600
3 2521 2602 2601
3 2522 2603 2602
3 2523 2604 2603
3 2524 2605 2604
3 2525 2606 2605
3 2526 2607 2606
3 2527 2608 2607
3 2528 2609 2608
3 2529 2610 2609
3 2531 2612 2611
3 2532 2613 2612
3 2533 2614 2613
3 2534 2615 2614
3 2535 2616 2615
3 2536 2617 2616
3 2537 2618 2617
3 2538 2619 2618
3 2539 2620 2619
3 2540 2621 2620
3 2541 2622 2621
3 2542 2623 2622
3 2543 2624 2623
3 2544 2625 2624
3 2545 2626 2625
3 2546 2627 2626
3 2547 2628 2627
3 2548 2629 2628
3 2549 2630 2629
3 2550 2631 2630
3 2551 2632 2631
3 2552 2633 2632
3 2553 2634 2633
3 2554 2635 2634
3 2555 2636 2635
3 2556 2637 2636
3 2557 2638 2637
3 2558 2639 2638
3 2559 2640 2639
3 2560 2641 2640
3 2561 2642 2641
3 2562 2643 2642
3 2563 2644 2643
3 2564 2645 2644
3 2565 2646 2645
3 2566 2647 2646
3 2567 2648 2647
3 2568 2649 2648
3 2569 2650 2649
3 2570 2651 2650
3 2571 2652 2651
3 2572 2653 2652
3 2573 2654 2653
3 2574 2655 2654
3 2575 2656 2655
3 2576 2657 2656
3 2577 2658 2657
3 2578 2659 2658
3 2579 2660 2659
3 2580 2661 2660
3 2581 2662 2661
3 2582 2663 2662
3 2583 2664 2663
3 2584 2665 2664
3 2585 2666 2665
3 2586 2667 2666
3 2587 2668 2667
3 2588 2669 2668
3 2589 2670 2669
3 2590 2671 2670
3 2591 2672 2671
3 2592 2673 2672
3 2593 2674 2673
3 2594 2675 2674
3 2595 2676 2675
3 2596 2677 2676
3 2597 2678 2677
3 2598 2679 2678
3 2599 2680 2679
3 2600 2681 2680
3 2601 2682 2681
3 2602 2683 2682
3 2603 2684 2683
3 2604 2685 2684
3 2605 2686 2685
3 2606 2687 2686
3 2607 2688 2687
3 2608 2689 2688
3 2609 2690 2689
3 2610 2691 2690
3 2612 2693 2692
3 2613 2694 2693
3 2614 2695 2694
3 2615 2696 2695
3 2616 2697 2696
3 2617 2698 2697
3 2618 2699 2698
3 2619 2700 2699
3 2620 2701 2700
3 2621 2702 2701
3 2622 2703 2702
3 2623 2704 2703
3 2624 2705 2704
3 2625 2706 2705
3 2626 2707 2706
3 2627 2708 2707
3 2628 2709 2708
3 2629 2710 2709
3 2630 2711 2710
3 2631 2712 2711
3 2632 2713 2712
3 2633 2714 2713
3 2634 2715 2714
3 2635 2716 2715
3 2636 2717 2716
3 2637 2718 2717
3 2638 2719 2718
3 2639 2720 2719
3 2640 2721 2720
3 2641 2722 2721
3 2642 2723 2722
3 2643 2724 2723
3 2644 2725 2724
3 2645 2726 2725
3 2646 2727 2726
3 2647 2728 2727
3 2648 2729 2728
3 2649 2730 2729
3 2650 2731 2730
3 2651 2732 2731
3 2652 2733 2732
3 2653 2734 2733
3 2654 2735 2734
3 2655 2736 2735
3 2656 2737 2736
3 2657 2738 2737
3 2658 2739 2738
3 2659 2740 2739
3 2660 2741 2740
3 2661 2742 2741
3 2662 2743 2742
3 2663 2744 2743
3 2664 2745 2744
3 2665 2746 2745
3 2666 2747 2746
3 2667 2748 2747
3 2668 2749 2748
3 2669 2750 2749
3 2670 2751 2750
3 2671 2752 2751
3 2672 2753 2752
3 2673 2754 2753
3 2674 2755 2754
3 2675 2756 2755
3 2676 2757 2756
3 2677 2758 2757
3 2678 2759 2758
3 2679 2760 2759
3 2680 2761 2760
3 2681 2762 2761
3 2682 2763 2762
3 2683 2764 2763
3 2684 2765 2764
3 2685 2766 2765
3 2686 2767 2766
3 2687 2768 2767
3 2688 2769 2768
3 2689 2770 2769
3 2690 2771 2770
3 2691 2772 2771
3 2693 2774 2773
3 2694 2775 2774
3 2695 2776 2775
3 2696 2777 2776
3 2697 2778 2777
3 2698 2779 2778
3 2699 2780 2779
3 2700 2781 2780
3 2701 2782 2781
3 2702 2783 2782
3 2703 2784 2783
3 2704 2785 2784
3 2705 2786 2785
3 2706 2787 2786
3 2707 2788 2787
3 2708 2789 2788
3 2709 2790 2789
3 2710 2791 2790
3 2711 2792 2791
3 2712 2793 2792
3 2713 2794 2793
3 2714 2795 2794
3 2715 2796 2795
3 2716 2797 2796
3 2717 2798 2797
3 2718 2799 2798
3 2719 2800 2799
3 2720 2801 2800
3 2721 2802 2801
3 2722 2803 2802
3 2723 2804 2803
3 2724 2805 2804
3 2725 2806 2805
3 2726 2807 2806
3 2727 2808 2807
3 2728 2809 2808
3 2729 2810 2809
3 2730 2811 2810
3 2731 2812 2811
3 2732 2813 2812
3 2733 2814 2813
3 2734 2815 2814
3 2735 2816 2815
3 2736 2817 2816
3 2737 2818 2817
3 2738 2819 2818
3 2739 2820 2819
3 2740 2821 2820
3 2741 2822 2821
3 2742 2823 2822
3 2743 2824 2823
3 2744 2825 2824
3 2745 2826 2825
3 2746 2827 2826
3 2747 2828 2827
3 2748 2829 2828
3 2749 2830 2829
3 2750 2831 2830
3 2751 2832 2831
3 2752 2833 2832
3 2753 2834 2833
3 2754 2835 2834
3 2755 2836 2835
3 2756 2837 2836
3 2757 2838 2837
3 2758 2839 2838
3 2759 2840 2839
3 2760 2841 2840
3 2761 2842 2841
3 2762 2843 2842
3 2763 2844 2843
3 2764 2845 2844
3 2765 2846 2845
3 2766 2847 2846
3 2767 2848 2847
3 2768 2849 2848
3 2769 2850 2849
3 2770 2851 2850
3 2771 2852 2851
3 2772 2853 2852
3 2774 2855 2854
3 2775 2856 2855
3 2776 2857 2856
3 2777 2858 2857
3 2778 2859 2858
3 2779 2860 2859
3 2780 2861 2860
3 2781 2862 2861
3 2782 2863 2862
3 2783 2864 2863
3 2784 2865 2864
3 2785 2866 2865
3 2786 2867 2866
3 2787 2868 2867
3 2788 2869 2868
3 2789 2870 2869
3 2790 2871 2870
3 2791 2872 2871
3 2792 2873 2872
3 2793 2874 2873
3 2794 2875 2874
3 2795 2876 2875
3 2796 2877 2876
3 2797 2878 2877
3 2798 2879 2878
3 2799 2880 2879
3 2800 2881 2880
3 2801 2882 2881
3 2802 2883 2882
3 2803 2884 2883
3 2804 2885 2884
3 2805 2886 2885
3 2806 2887 2886
3 2807 2888 2887
3 2808 2889 2888
3 2809 2890 2889
3 2810 2891 2890
3 2811 2892 2891
3 2812 2893 2892
3 2813 2894 2893
3 2814 2895 2894
3 2815 2896 2895
3 2816 2897 2896
3 2817 2898 2897
3 2818 2899 2898
3 2819 2900 2899
3 2820 2901 2900
3 2821 2902 2901
3 2822 2903 2902
3 2823 2904 2903
3 2824 2905 2904
3 2825 2906 2905
3 2826 2907 2906
3 2827 2908 2907
3 2828 2909 2908
3 2829 2910 2909
3 2830 2911 2910
3 2831 2912 2911
3 2832 2913 2912
3 2833 2914 2913
3 2834 2915 2914
3 2835 2916 2915
3 2836 2917 2916
3 2837 2918 2917
3 2838 2919 2918
3 2839 2920 2919
3 2840 2921 2920
3 2841 2922 2921
3 2842 2923 2922
3 2843 2924 2923
3 2844 2925 2924
3 2845 2926 2925
3 2846 2927 2926
3 2847 2928 2927
3 2848 2929 2928
3 2849 2930 2929
3 2850 2931 2930
3 2851 2932 2931
3 2852 2933 2932
3 2856 2935 2934
3 2857 2936 2935
3 2858 2937 2936
3 2859 2938 2937
3 2860 2939 2938
3 2861 2940 2939
3 2862 2941 2940
3 2863 2942 2941
3 2864 2943 2942
3 2865 2944 2943
3 2866 2945 2944
3 2867 2946 2945
3 2868 2947 2946
3 2869 2948 2947
3 2870 2949 2948
3 2871 2950 2949
3 2872 2951 2950
3 2873 2952 2951
3 2874 2953 2952
3 2875 2954 2953
3 2876 2955 2954
3 2877 2956 2955
3 2878 2957 2956
3 2879 2958 2957
3 2880 2959 2958
3 2881 2960 2959
3 2882 2961 2960
3 2883 2962 2961
3 2884 2963 2962
3 2885 2964 2963
3 2886 2965 2964
3 2887 2966 2965
3 2888 2967 2966
3 2889 2968 2967
3 2890 2969 2968
3 2891 2970 2969
3 2892 2971 2970
3 2893 2972 2971
3 2894 2973 2972
3 2895 2974 2973
3 2896 2975 2974
3 2897 2976 2975
3 2898 2977 2976
3 2899 2978 2977
3 2900 2979 2978
3 2901 2980 2979
3 2902 2981 2980
3 2903 2982 2981
3 2904 2983 2982
3 2905 2984 2983
3 2906 2985 2984
3 2907 2986 2985
3 2908 2987 2986
3 2909 2988 2987
3 2910 2989 2988
3 2911 2990 2989
3 2912 2991 2990
3 2913 2992 2991
3 2914 2993 2992
3 2915 2994 2993
3 2916 2995 2994
3 2917 2996 2995
3 2918 2997 2996
3 2919 2998 2997
3 2920 2999 2998
3 2921 3000 2999
3 2922 3001 3000
3 2923 3002 3001
3 2924 3003 3002
3 2925 3004 3003
3 2926 3005 3004
3 2927 3006 3005
3 2928 3007 3006
3 2929 3008 3007
3 2930 3009 3008
3 2931 3010 3009
3 2932 3011 3010
3 2933 3012 3011
3 2935 3014 3013
3 2936 3015 3014
3 2937 3016 3015
3 2938 3017 3016
3 2939 3018 3017
3 2940 3019 3018
3 2941 3020 3019
3 2942 3021 3020
3 2943 3022 3021
3 2944 3023 3022
3 2945 3024 3023
3 2946 3025 3024
3 2947 3026 3025
3 2948 3027 3026
3 2949 3028 3027
3 2950 3029 3028
3 2951 3030 3029
3 2952 3031 3030
3 2953 3032 3031
3 2954 3033 3032
3 2955 3034 3033
3 2956 3035 3034
3 2957 3036 3035
3 2958 3037 3036
3 2959 3038 3037
3 2960 3039 3038
3 2961 3040 3039
3 2962 3041 3040
3 2963 3042 3041
3 2964 3043 3042
3 2965 3044 3043
3 2966 3045 3044
3 2967 3046 3045
3 2968 3047 3046
3 2969 3048 3047
3 2970 3049 3048
3 2971 3050 3049
3 2972 3051 3050
3 2973 3052 3051
3 2974 3053 3052
3 2975 3054 3053
3 2976 3055 3054
3 2977 3056 3055
3 2978 3057 3056
3 2979 3058 3057
3 2980 3059 3058
3 2981 3060 3059
3 2982 3061 3060
3 2983 3062 3061
3 2984 3063 3062
3 2985 3064 3063
3 2986 3065 3064
3 2987 3066 3065
3 2988 3067 3066
3 2989 3068 3067
3 2990 3069 3068
3 2991 3070 3069
3 2992 3071 3070
3 2993 3072 3071
3 2994 3073 3072
3 2995 3074 3073
3 2996 3075 3074
3 2997 3076 3075
3 2998 3077 3076
3 2999 3078 3077
3 3000 3079 3078
3 3001 3080 3079
3 3002 3081 3080
3 3003 3082 3081
3 3004 3083 3082
3 3005 3084 3083
3 3006 3085 3084
3 3007 3086 3085
3 3008 3087 3086
3 3009 3088 3087
3 3010 3089 3088
3 3011 3090 3089
3 3014 3092 3091
3 3015 3093 3092
3 3016 3094 3093
3 3017 3095 3094
3 3018 3096 3095
3 3019 3097 3096
3 3020 3098 3097
3 3021 3099 3098
3 3022 3100 3099
3 3023 3101 3100
3 3024 3102 3101
3 3025 3103 3102
3 3026 3104 3103
3 3027 3105 3104
3 3028 3106 3105
3 3029 3107 3106
3 3030 3108 3107
3 3031 3109 3108
3 3032 3110 3109
3 3033 3111 3110
3 3034 3112 3111
3 3035 3113 3112
3 3036 3114 3113
3 3037 3115 3114
3 3038 3116 3115
3 3039 3117 3116
3 3040 3118 3117
3 3041 3119 3118
3 3042 3120 3119
3 3043 3121 3120
3 3044 3122 3121
3 3045 3123 3122
3 3046 3124 3123
3 3047 3125 3124
3 3048 3126 3125
3 3049 3127 3126
3 3050 3128 3127
3 3051 3129 3128
3 3052 3130 3129
3 3053 3131 3130
3 3054 3132 3131
3 3055 3133 3132
3 3056 3134 3133
3 3057 3135 3134
3 3058 3136 3135
3 3059 3137 3136
3 3060 3138 3137
3 3061 3139 3138
3 3062 3140 3139
3 3063 3141 3140
3 3064 3142 3141
3 3065 3143 3142
3 3066 3144 3143
3 3067 3145 3144
3 3068 3146 3145
3 3069 3147 3146
3 3070 3148 3147
3 3071 3149 3148
3 3072 3150 3149
3 3073 3151 3150
3 3074 3152 3151
3 3075 3153 3152
3 3076 3154 3153
3 3077 3155 3154
3 3078 3156 3155
3 3079 3157 3156
3 3080 3158 3157
3 3081 3159 3158
3 3082 3160 3159
3 3083 3161 3160
3 3084 3162 3161
3 3085 3163 3162
3 3086 3164 3163
3 3087 3165 3164
3 3088 3166 3165
3 3089 3167 3166
3 3090 3168 3167
3 3092 3170 3169
3 3093 3171 3170
3 3094 3172 3171
3 3095 3173 3172
3 3096 3174 3173
3 3097 3175 3174
3 3098 3176 3175
3 3099 3177 3176
3 3100 3178 3177
3 3101 3179 3178
3 3102 3180 3179
3 3103 3181 3180
3 3104 3182 3181
3 3105 3183 3182
3 3106 3184 3183
3 3107 3185 3184
3 3108 3186 3185
3 3109 3187 3186
3 3110 3188 3187
3 3111 3189 3188
3 3112 3190 3189
3 3113 3191 3190
3 3114 3192 3191
3 3115 3193 3192
3 3116 3194 3193
3 3117 3195 3194
3 3118 3196 3195
3 3119 3197 3196
3 3120 3198 3197
3 3121 3199 3198
3 3122 3200 3199
3 3123 3201 3200
3 3124 3202 3201
3 3125 3203 3202
3 3126 3204 3203
3 3127 3205 3204
3 3128 3206 3205
3 3129 3207 3206
3 3130 3208 3207
3 3131 3209 3208
3 3132 3210 3209
3 3133 3211 3210
3 3134 3212 3211
3 3135 3213 3212
3 3136 3214 3213
3 3137 3215 3214
3 3138 3216 3215
3 3139 3217 3216
3 3140 3218 3217
3 3141 3219 3218
3 3142 3220 3219
3 3143 3221 3220
3 3144 3222 3221
3 3145 3223 3222
3 3146 3224 3223
3 3147 3225 3224
3 3148 3226 3225
3 3149 3227 3226
3 3150 3228 3227
3 3151 3229 3228
3 3152 3230 3229
3 3153 3231 3230
3 3154 3232 3231
3 3155 3233 3232
3 3156 3234 3233
3 3157 3235 3234
3 3158 3236 3235
3 3159 3237 3236
3 3160 3238 3237
3 3161 3239 3238
3 3162 3240 3239
3 3163 3241 3240
3 3164 3242 3241
3 3165 3243 3242
3 3166 3244 3243
3 3167 3245 3244
3 3170 3247 3246
3 3171 3248 3247
3 3172 3249 3248
3 3173 3250 3249
3 3174 3251 3250
3 3175 3252 3251
3 3176 3253 3252
3 3177 3254 3253
3 3178 3255 3254
3 3179 3256 3255
3 3180 3257 3256
3 3181 3258 3257
3 3182 3259 3258
3 3183 3260 3259
3 3184 3261 3260
3 3185 3262 3261
3 3186 3263 3262
3 3187 3264 3263
3 3188 3265 3264
3 3189 3266 3265
3 3190 3267 3266
3 3191 3268 3267
3 3192 3269 3268
3 3193 3270 3269
3 3194 3271 3270
3 3195 3272 3271
3 3196 3273 3272
3 3197 3274 3273
3 3198 3275 3274
3 3199 3276 3275
3 3200 3277 3276
3 3201 3278 3277
3 3202 3279 3278
3 3203 3280 3279
3 3204 3281 3280
3 3205 3282 3281
3 3206 3283 3282
3 3207 3284 3283
3 3208 3285 3284
3 3209 3286 3285
3 3210 3287 3286
3 3211 3288 3287
3 3212 3289 3288
3 3213 3290 3289
3 3214 3291 3290
3 3215 3292 3291
3 3216 3293 3292
3 3217 3294 3293
3 3218 3295 3294
3 3219 3296 3295
3 3220 3297 3296
3 3221 3298 3297
3 3222 3299 3298
3 3223 3300 3299
3 3224 3301 3300
3 3225 3302 3301
3 3226 3303 3302
3 3227 3304 3303
3 3228 3305 3304
3 3229 3306 3305
3 3230 3307 3306
3 3231 3308 3307
3 3232 3309 3308
3 3233 3310 3309
3 3234 3311 3310
3 3235 3312 3311
3 3236 3313 3312
3 3237 3314 3313
3 3238 3315 3314
3 3239 3316 3315
3 3240 3317 3316
3 3241 3318 3317
3 3242 3319 3318
3 3243 3320 3319
3 3244 3321 3320
3 3247 3323 3322
3 3248 3324 3323
3 3249 3325 3324
3 3250 3326 3325
3 3251 3327 3326
3 3252 3328 3327
3 3253 3329 3328
3 3254 3330 3329
3 3255 3331 3330
3 3256 3332 3331
3 3257 3333 3332
3 3258 3334 3333
3 3259 3335 3334
3 3260 3336 3335
3 3261 3337 3336
3 3262 3338 3337
3 3263 3339 3338
3 3264 3340 3339
3 3265 3341 3340
3 3266 3342 3341
3 3267 3343 3342
3 3268 3344 3343
3 3269 3345 3344
3 3270 3346 3345
3 3271 3347 3346
3 3272 3348 3347
3 3273 3349 3348
3 3274 3350 3349
3 3275 3351 3350
3 3276 3352 3351
3 3277 3353 3352
3 3278 3354 3353
3 3279 3355 3354
3 3280 3356 3355
3 3281 3357 3356
3 3282 3358 3357
3 3283 3359 3358
3 3284 3360 3359
3 3285 3361 3360
3 3286 3362 3361
3 3287 3363 3362
3 3288 3364 3363
3 3289 3365 3364
3 3290 3366 3365
3 3291 3367 3366
3 3292 3368 3367
3 3293 3369 3368
3 3294 3370 3369
3 3295 3371 3370
3 3296 3372 3371
3 3297 3373 3372
3 3298 3374 3373
3 3299 3375 3374
3 3300 3376 3375
3 3301 3377 3376
3 3302 3378 3377
3 3303 3379 3378
3 3304 3380 3379
3 3305 3381 3380
3 3306 3382 3381
3 3307 3383 3382
3 3308 3384 3383
3 3309 3385 3384
3 3310 3386 3385
3 3311 3387 3386
3 3312 3388 3387
3 3313 3389 3388
3 3314 3390 3389
3 3315 3391 3390
3 3316 3392 3391
3 3317 3393 3392
3 3318 3394 3393
3 3319 3395 3394
3 3320 3396 3395
3 3321 3397 3396
3 3323 3399 3398
3 3324 3400 3399
3 3325 3401 3400
3 3326 3402 3401
3 3327 3403 3402
3 3328 3404 3403
3 3329 3405 3404
3 3330 3406 3405
3 3331 3407 3406
3 3332 3408 3407
3 3333 3409 3408
3 3334 3410 3409
3 3335 3411 3410
3 3336 3412 3411
3 3337 3413 3412
3 3338 3414 3413
3 3339 3415 3414
3 3340 3416 3415
3 3341 3417 3416
3 3342 3418 3417
3 3343 3419 3418
3 3344 3420 3419
3 3345 3421 3420
3 3346 3422 3421
3 3347 3423 3422
3 3348 3424 3423
3 3349 3425 3424
3 3350 3426 3425
3 3351 3427 3426
3 3352 3428 3427
3 3353 3429 3428
3 3354 3430 3429
3 3355 3431 3430
3 3356 3432 3431
3 3357 3433 3432
3 3358 3434 3433
3 3359 3435 3434
3 3360 3436 3435
3 3361 3437 3436
3 3362 3438 3437
3 3363 3439 3438
3 3364 3440 3439
3 3365 3441 3440
3 3366 3442 3441
3 3367 3443 3442
3 3368 3444 3443
3 3369 3445 3444
3 3370 3446 3445
3 3371 3447 3446
3 3372 3448 3447
3 3373 3449 3448
3 3374 3450 3449
3 3375 3451 3450
3 3376 3452 3451
3 3377 3453 3452
3 3378 3454 3453
3 3379 3455 3454
3 3380 3456 3455
3 3381 3457 3456
3 3382 3458 3457
3 3383 3459 3458
3 3384 3460 3459
3 3385 3461 3460
3 3386 3462 3461
3 3387 3463 3462
3 3388 3464 3463
3 3389 3465 3464
3 3390 3466 3465
3 3391 3467 3466
3 3392 3468 3467
3 3393 3469 3468
3 3394 3470 3469
3 3395 3471 3470
3 3396 3472 3471
3 3399 3474 3473
3 3400 3475 3474
3 3401 3476 3475
3 3402 3477 3476
3 3403 3478 3477
3 3404 3479 3478
3 3405 3480 3479
3 3406 3481 3480
3 3407 3482 3481
3 3408 3483 3482
3 3409 3484 3483
3 3410 3485 3484
3 3411 3486 3485
3 3412 3487 3486
3 3413 3488 3487
3 3414 3489 3488
3 3415 3490 3489
3 3416 3491 3490
3 3417 3492 3491
3 3418 3493 3492
3 3419 3494 3493
3 3420 3495 3494
3 3421 3496 3495
3 3422 3497 3496
3 3423 3498 3497
3 3424 3499 3498
3 3425 3500 3499
3 3426 3501 3500
3 3427 3502 3501
3 3428 3503 3502
3 3429 3504 3503
3 3430 3505 3504
3 3431 3506 3505
3 3432 3507 3506
3 3433 3508 3507
3 3434 3509 3508
3 3435 3510 3509
3 3436 3511 3510
3 3437 3512 3511
3 3438 3513 3512
3 3439 3514 3513
3 3440 3515 3514
3 3441 3516 3515
3 3442 3517 3516
3 3443 3518 3517
3 3444 3519 3518
3 3445 3520 3519
3 3446 3521 3520
3 3447 3522 3521
3 3448 3523 3522
3 3449 3524 3523
3 3450 3525 3524
3 3451 3526 3525
3 3452 3527 3526
3 3453 3528 3527
3 3454 3529 3528
3 3455 3530 3529
3 3456 3531 3530
3 3457 3532 3531
3 3458 3533 3532
3 3459 3534 3533
3 3460 3535 3534
3 3461 3536 3535
3 3462 3537 3536
3 3463 3538 3537
3 3464 3539 3538
3 3465 3540 3539
3 3466 3541 3540
3 3467 3542 3541
3 3468 3543 3542
3 3469 3544 3543
3 3470 3545 3544
3 3471 3546 3545
3 3472 3547 3546
3 3475 3549 3548
3 3476 3550 3549
3 3477 3551 3550
3 3478 3552 3551
3 3479 3553 3552
3 3480 3554 3553
3 3481 3555 3554
3 3482 3556 3555
3 3483 3557 3556
3 3484 3558 3557
3 3485 3559 3558
3 3486 3560 3559
3 3487 3561 3560
3 3488 3562 3561
3 3489 3563 3562
3 3490 3564 3563
3 3491 3565 3564
3 3492 3566 3565
3 3493 3567 3566
3 3494 3568 3567
3 3495 3569 3568
3 3496 3570 3569
3 3497 3571 3570
3 3498 3572 3571
3 3499 3573 3572
3 3500 3574 3573
3 3501 3575 3574
3 3502 3576 3575
3 3503 3577 3576
3 3504 3578 3577
3 3505 3579 3578
3 3506 3580 3579
3 3507 3581 3580
3 3508 3582 3581
3 3509 3583 3582
3 3510 3584 3583
3 3511 3585 3584
3 3512 3586 3585
3 3513 3587 3586
3 3514 3588 3587
3 3515 3589 3588
3 3516 3590 3589
3 3517 3591 3590
3 3518 3592 3591
3 3519 3593 3592
3 3520 3594 3593
3 3521 3595 3594
3 3522 3596 3595
3 3523 3597 3596
3 3524 3598 3597
3 3525 3599 3598
3 3526 3600 3599
3 3527 3601 3600
3 3528 3602 3601
3 3529 3603 3602
3 3530 3604 3603
3 3531 3605 3604
3 3532 3606 3605
3 3533 3607 3606
3 3534 3608 3607
3 3535 3609 3608
3 3536 3610 3609
3 3537 3611 3610
3 3538 3612 3611
3 3539 3613 3612
3 3540 3614 3613
3 3541 3615 3614
3 3542 3616 3615
3 3543 3617 3616
3 3544 3618 3617
3 3545 3619 3618
3 3546 3620 3619
3 3549 3622 3621
3 3550 3623 3622
3 3551 3624 3623
3 3552 3625 3624
3 3553 3626 3625
3 3554 3627 3626
3 3555 3628 3627
3 3556 3629 3628
3 3557 3630 3629
3 3558 3631 3630
3 3559 3632 3631
3 3560 3633 3632
3 3561 3634 3633
3 3562 3635 3634
3 3563 3636 3635
3 3564 3637 3636
3 3565 3638 3637
3 3566 3639 3638
3 3567 3640 3639
3 3568 3641 3640
3 3569 3642 3641
3 3570 3643 3642
3 3571 3644 3643
3 3572 3645 3644
3 3573 3646 3645
3 3574 3647 3646
3 3575 3648 3647
3 3576 3649 3648
3 3577 3650 3649
3 3578 3651 3650
3 3579 3652 3651
3 3580 3653 3652
3 3581 3654 3653
3 3582 3655 3654
3 3583 3656 3655
3 3584 3657 3656
3 3585 3658 3657
3 3586 3659 3658
3 3587 3660 3659
3 3588 3661 3660
3 3589 3662 3661
3 3590 3663 3662
3 3591 3664 3663
3 3592 3665 3664
3 3593 3666 3665
3 3594 3667 3666
3 3595 3668 3667
3 3596 3669 3668
3 3597 3670 3669
3 3598 3671 3670
3 3599 3672 3671
3 3600 3673 3672
3 3601 3674 3673
3 3602 3675 3674
3 3603 3676 3675
3 3604 3677 3676
3 3605 3678 3677
3 3606 3679 3678
3 3607 3680 3679
3 3608 3681 3680
3 3609 3682 3681
3 3610 3683 3682
3 3611 3684 3683
3 3612 3685 3684
3 3613 3686 3685
3 3614 3687 3686
3 3615 3688 3687
3 3616 3689 3688
3 3617 3690 3689
3 3618 3691 3690
3 3619 3692 3691
3 3620 3693 3692
3 3622 3695 3694
3 3623 3696 3695
3 3624 3697 3696
3 3625 3698 3697
3 3626 3699 3698
3 3627 3700 3699
3 3628 3701 3700
3 3629 3702 3701
3 3630 3703 3702
3 3631 3704 3703
3 3632 3705 3704
3 3633 3706 3705
3 3634 3707 3706
3 3635 3708 3707
3 3636 3709 3708
3 3637 3710 3709
3 3638 3711 3710
3 3639 3712 3711
3 3640 3713 3712
3 3641 3714 3713
3 3642 3715 3714
3 3643 3716 3715
3 3644 3717 3716
3 3645 3718 3717
3 3646 3719 3718
3 3647 3720 3719
3 3648 3721 3720
3 3649 3722 3721
3 3650 3723 3722
3 3651 3724 3723
3 3652 3725 3724
3 3653 3726 3725
3 3654 3727 3726
3 3655 3728 3727
3 3656 3729 3728
3 3657 3730 3729
3 3658 3731 3730
3 3659 3732 3731
3 3660 3733 3732
3 3661 3734 3733
3 3662 3735 3734
3 3663 3736 3735
3 3664 3737 3736
3 3665 3738 3737
3 3666 3739 3738
3 3667 3740 3739
3 3668 3741 3740
3 3669 3742 3741
3 3670 3743 3742
3 3671 3744 3743
3 3672 3745 3744
3 3673 3746 3745
3 3674 3747 3746
3 3675 3748 3747
3 3676 3749 3748
3 3677 3750 3749
3 3678 3751 3750
3 3679 3752 3751
3 3680 3753 3752
3 3681 3754 3753
3 3682 3755 3754
3 3683 3756 3755
3 3684 3757 3756
3 3685 3758 3757
3 3686 3759 3758
3 3687 3760 3759
3 3688 3761 3760
3 3689 3762 3761
3 3690 3763 3762
3 3691 3764 3763
3 3692 3765 3764
3 3693 3766 3765
3 3695 3768 3767
3 3696 3769 3768
3 3697 3770 3769
3 3698 3771 3770
3 3699 3772 3771
3 3700 3773 3772
3 3701 3774 3773
3 3702 3775 3774
3 3703 3776 3775
3 3704 3777 3776
3 3705 3778 3777
3 3706 3779 3778
3 3707 3780 3779
3 3708 3781 3780
3 3709 3782 3781
3 3710 3783 3782
3 3711 3784 3783
3 3712 3785 3784
3 3713 3786 3785
3 3714 3787 3786
3 3715 3788 3787
3 3716 3789 3788
3 3717 3790 3789
3 3718 3791 3790
3 3719 3792 3791
3 3720 3793 3792
3 3721 3794 3793
3 3722 3795 3794
3 3723 3796 3795
3 3724 3797 3796
3 3725 3798 3797
3 3726 3799 3798
3 3727 3800 3799
3 3728 3801 3800
3 3729 3802 3801
3 3730 3803 3802
3 3731 3804 3803
3 3732 3805 3804
3 3733 3806 3805
3 3734 3807 3806
3 3735 3808 3807
3 3736 3809 3808
3 3737 3810 3809
3 3738 3811 3810
3 3739 3812 3811
3 3740 3813 3812
3 3741 3814 3813
3 3742 3815 3814
3 3743 3816 3815
3 3744 3817 3816
3 3745 3818 3817
3 3746 3819 3818
3 3747 3820 3819
3 3748 3821 3820
3 3749 3822 3821
3 3750 3823 3822
3 3751 3824 3823
3 3752 3825 3824
3 3753 3826 3825
3 3754 3827 3826
3 3755 3828 3827
3 3756 3829 3828
3 3757 3830 3829
3 3758 3831 3830
3 3759 3832 3831
3 3760 3833 3832
3 3761 3834 3833
3 3762 3835 3834
3 3763 3836 3835
3 3764 3837 3836
3 3765 3838 3837
3 3766 3839 3838
3 3768 3841 3840
3 3769 3842 3841
3 3770 3843 3842
3 3771 3844 3843
3 3772 3845 3844
3 3773 3846 3845
3 3774 3847 3846
3 3775 3848 3847
3 3776 3849 3848
3 3777 3850 3849
3 3778 3851 3850
3 3779 3852 3851
3 3780 3853 3852
3 3781 3854 3853
3 3782 3855 3854
3 3783 3856 3855
3 3784 3857 3856
3 3785 3858 3857
3 3786 3859 3858
3 3787 3860 3859
3 3788 3861 3860
3 3789 3862 3861
3 3790 3863 3862
3 3791 3864 3863
3 3792 3865 3864
3 3793 3866 3865
3 3794 3867 3866
3 3795 3868 3867
3 3796 3869 3868
3 3797 3870 3869
3 3798 3871 3870
3 3799 3872 3871
3 3800 3873 3872
3 3801 3874 3873
3 3802 3875 3874
3 3803 3876 3875
3 3804 3877 3876
3 3805 3878 3877
3 3806 3879 3878
3 3807 3880 3879
3 3808 3881 3880
3 3809 3882 3881
3 3810 3883 3882
3 3811 3884 3883
3 3812 3885 3884
3 3813 3886 3885
3 3814 3887 3886
3 3815 3888 3887
3 3816 3889 3888
3 3817 3890 3889
3 3818 3891 3890
3 3819 3892 3891
3 3820 3893 3892
3 3821 3894 3893
3 3822 3895 3894
3 3823 3896 3895
3 3824 3897 3896
3 3825 3898 3897
3 3826 3899 3898
3 3827 3900 3899
3 3828 3901 3900
3 3829 3902 3901
3 3830 3903 3902
3 3831 3904 3903
3 3832 3905 3904
3 3833 3906 3905
3 3834 3907 3906
3 3835 3908 3907
3 3836 3909 3908
3 3837 3910 3909
3 3838 3911 3910
3 3839 3912 3911
3 3842 3914 3913
3 3843 3915 3914
3 3844 3916 3915
3 3845 3917 3916
3 3846 3918 3917
3 3847 3919 3918
3 3848 3920 3919
3 3849 3921 3920
3 3850 3922 3921
3 3851 3923 3922
3 3852 3924 3923
3 3853 3925 3924
3 3854 3926 3925
3 3855 3927 3926
3 3856 3928 3927
3 3857 3929 3928
3 3858 3930 3929
3 3859 3931 3930
3 3860 3932 3931
3 3861 3933 3932
3 3862 3934 3933
3 3863 3935 3934
3 3864 3936 3935
3 3865 3937 3936
3 3866 3938 3937
3 3867 3939 3938
3 3868 3940 3939
3 3869 3941 3940
3 3870 3942 3941
3 3871 3943 3942
3 3872 3944 3943
3 3873 3945 3944
3 3874 3946 3945
3 3875 3947 3946
3 3876 3948 3947
3 3877 3949 3948
3 3878 3950 3949
3 3879 3951 3950
3 3880 3952 3951
3 3881 3953 3952
3 3882 3954 3953
3 3883 3955 3954
3 3884 3956 3955
3 3885 3957 3956
3 3886 3958 3957
3 3887 3959 3958
3 3888 3960 3959
3 3889 3961 3960
3 3890 3962 3961
3 3891 3963 3962
3 3892 3964 3963
3 3893 3965 3964
3 3894 3966 3965
3 3895 3967 3966
3 3896 3968 3967
3 3897 3969 3968
3 3898 3970 3969
3 3899 3971 3970
3 3900 3972 3971
3 3901 3973 3972
3 3902 3974 3973
3 3903 3975 3974
3 3904 3976 3975
3 3905 3977 3976
3 3906 3978 3977
3 3907 3979 3978
3 3908 3980 3979
3 3909 3981 3980
3 3910 3982 3981
3 3911 3983 3982
3 3914 3985 3984
3 3915 3986 3985
3 3916 3987 3986
3 3917 3988 3987
3 3918 3989 3988
3 3919 3990 3989
3 3920 3991 3990
3 3921 3992 3991
3 3922 3993 3992
3 3923 3994 3993
3 3924 3995 3994
3 3925 3996 3995
3 3926 3997 3996
3 3927 3998 3997
3 3928 3999 3998
3 3929 4000 3999
3 3930 4001 4000
3 3931 4002 4001
3 3932 4003 4002
3 3933 4004 4003
3 3934 4005 4004
3 3935 4006 4005
3 3936 4007 4006
3 3937 4008 4007
3 3938 4009 4008
3 3939 4010 4009
3 3940 4011 4010
3 3941 4012 4011
3 3942 4013 4012
3 3943 4014 4013
3 3944 4015 4014
3 3945 4016 4015
3 3946 4017 4016
3 3947 4018 4017
3 3948 4019 4018
3 3949 4020 4019
3 3950 4021 4020
3 3951 4022 4021
3 3952 4023 4022
3 3953 4024 4023
3 3954 4025 4024
3 3955 4026 4025
3 3956 4027 4026
3 3957 4028 4027
3 3958 4029 4028
3 3959 4030 4029
3 3960 4031 4030
3 3961 4032 4031
3 3962 4033 4032
3 3963 4034 4033
3 3964 4035 4034
3 3965 4036 4035
3 3966 4037 4036
3 3967 4038 4037
3 3968 4039 4038
3 3969 4040 4039
3 3970 4041 4040
3 3971 4042 4041
3 3972 4043 4042
3 3973 4044 4043
3 3974 4045 4044
3 3975 4046 4045
3 3976 4047 4046
3 3977 4048 4047
3 3978 4049 4048
3 3979 4050 4049
3 3980 4051 4050
3 3981 4052 4051
3 3982 4053 4052
3 3983 4054 4053
3 3985 4056 4055
3 3986 4057 4056
3 3987 4058 4057
3 3988 4059 4058
3 3989 4060 4059
3 3990 4061 4060
3 3991 4062 4061
3 3992 4063 4062
3 3993 4064 4063
3 3994 4065 4064
3 3995 4066 4065
3 3996 4067 4066
3 3997 4068 4067
3 3998 4069 4068
3 3999 4070 4069
3 4000 4071 4070
3 4001 4072 4071
3 4002 4073 4072
3 4003 4074 4073
3 4004 4075 4074
3 4005 4076 4075
3 4006 4077 4076
3 4007 4078 4077
3 4008 4079 4078
3 4009 4080 4079
3 4010 4081 4080
3 4011 4082 4081
3 4012 4083 4082
3 4013 4084 4083
3 4014 4085 4084
3 4015 4086 4085
3 4016 4087 4086
3 4017 4088 4087
3 4018 4089 4088
3 4019 4090 4089
3 4020 4091 4090
3 4021 4092 4091
3 4022 4093 4092
3 4023 4094 4093
3 4024 4095 4094
3 4025 4096 4095
3 4026 4097 4096
3 4027 4098 4097
3 4028 4099 4098
3 4029 4100 4099
3 4030 4101 4100
3 4031 4102 4101
3 4032 4103 4102
3 4033 4104 4103
3 4034 4105 4104
3 4035 4106 4105
3 4036 4107 4106
3 4037 4108 4107
3 4038 4109 4108
3 4039 4110 4109
3 4040 4111 4110
3 4041 4112 4111
3 4042 4113 4112
3 4043 4114 4113
3 4044 4115 4114
3 4045 4116 4115
3 4046 4117 4116
3 4047 4118 4117
3 4048 4119 4118
3 4049 4120 4119
3 4050 4121 4120
3 4051 4122 4121
3 4052 4123 4122
3 4053 4124 4123
3 4054 4125 4124
3 4056 4127 4126
3 4057 4128 4127
3 4058 4129 4128
3 4059 4130 4129
3 4060 4131 4130
3 4061 4132 4131
3 4062 4133 4132
3 4063 4134 4133
3 4064 4135 4134
3 4065 4136 4135
3 4066 4137 4136
3 4067 4138 4137
3 4068 4139 4138
3 4069 4140 4139
3 4070 4141 4140
3 4071 4142 4141
3 4072 4143 4142
3 4073 4144 4143
3 4074 4145 4144
3 4075 4146 4145
3 4076 4147 4146
3 4077 4148 4147
3 4078 4149 4148
3 4079 4150 4149
3 4080 4151 4150
3 4081 4152 4151
3 4082 4153 4152
3 4083 4154 4153
3 4084 4155 4154
3 4085 4156 4155
3 4086 4157 4156
3 4087 4158 4157
3 4088 4159 4158
3 4089 4160 4159
3 4090 4161 4160
3 4091 4162 4161
3 4092 4163 4162
3 4093 4164 4163
3 4094 4165 4164
3 4095 4166 4165
3 4096 4167 4166
3 4097 4168 4167
3 4098 4169 4168
3 4099 4170 4169
3 4100 4171 4170
3 4101 4172 4171
3 4102 4173 4172
3 4103 4174 4173
3 4104 4175 4174
3 4105 4176 4175
3 4106 4177 4176
3 4107 4178 4177
3 4108 4179 4178
3 4109 4180 4179
3 4110 4181 4180
3 4111 4182 4181
3 4112 4183 4182
3 4113 4184 4183
3 4114 4185 4184
3 4115 4186 4185
3 4116 4187 4186
3 4117 4188 4187
3 4118 4189 4188
3 4119 4190 4189
3 4120 4191 4190
3 4121 4192 4191
3 4122 4193 4192
3 4123 4194 4193
3 4124 4195 4194
3 4125 4196 4195
3 4128 4198 4197
3 4129 4199 4198
3 4130 4200 4199
3 4131 4201 4200
3 4132 4202 4201
3 4133 4203 4202
3 4134 4204 4203
3 4135 4205 4204
3 4136 4206 4205
3 4137 4207 4206
3 4138 4208 4207
3 4139 4209 4208
3 4140 4210 4209
3 4141 4211 4210
3 4142 4212 4211
3 4143 4213 4212
3 4144 4214 4213
3 4145 4215 4214
3 4146 4216 4215
3 4147 4217 4216
3 4148 4218 4217
3 4149 4219 4218
3 4150 4220 4219
3 4151 4221 4220
3 4152 4222 4221
3 4153 4223 4222
3 4154 4224 4223
3 4155 4225 4224
3 4156 4226 4225
3 4157 4227 4226
3 4158 4228 4227
3 4159 4229 4228
3 4160 4230 4229
3 4161 4231 4230
3 4162 4232 4231
3 4163 4233 4232
3 4164 4234 4233
3 4165 4235 4234
3 4166 4236 4235
3 4167 4237 4236
3 4168 4238 4237
3 4169 4239 4238
3 4170 4240 4239
3 4171 4241 4240
3 4172 4242 4241
3 4173 4243 4242
3 4174 4244 4243
3 4175 4245 4244
3 4176 4246 4245
3 4177 4247 4246
3 4178 4248 4247
3 4179 4249 4248
3 4180 4250 4249
3 4181 4251 4250
3 4182 4252 4251
3 4183 4253 4252
3 4184 4254 4253
3 4185 4255 4254
3 4186 4256 4255
3 4187 4257 4256
3 4188 4258 4257
3 4189 4259 4258
3 4190 4260 4259
3 4191 4261 4260
3 4192 4262 4261
3 4193 4263 4262
3 4194 4264 4263
3 4195 4265 4264
3 4196 4266 4265
3 4198 4268 4267
3 4199 4269 4268
3 4200 4270 4269
3 4201 4271 4270
3 4202 4272 4271
3 4203 4273 4272
3 4204 4274 4273
3 4205 4275 4274
3 4206 4276 4275
3 4207 4277 4276
3 4208 4278 4277
3 4209 4279 4278
3 4210 4280 4279
3 4211 4281 4280
3 4212 4282 4281
3 4213 4283 4282
3 4214 4284 4283
3 4215 4285 4284
3 4216 4286 4285
3 4217 4287 4286
3 4218 4288 4287
3 4219 4289 4288
3 4220 4290 4289
3 4221 4291 4290
3 4222 4292 4291
3 4223 4293 4292
3 4224 4294 4293
3 4225 4295 4294
3 4226 4296 4295
3 4227 4297 4296
3 4228 4298 4297
3 4229 4299 4298
3 4230 4300 4299
3 4231 4301 4300
3 4232 4302 4301
3 4233 4303 4302
3 4234 4304 4303
3 4235 4305 4304
3 4236 4306 4305
3 4237 4307 4306
3 4238 4308 4307
3 4239 4309 4308
3 4240 4310 4309
3 4241 4311 4310
3 4242 4312 4311
3 4243 4313 4312
3 4244 4314 4313
3 4245 4315 4314
3 4246 4316 4315
3 4247 4317 4316
3 4248 4318 4317
3 4249 4319 4318
3 4250 4320 4319
3 4251 4321 4320
3 4252 4322 4321
3 4253 4323 4322
3 4254 4324 4323
3 4255 4325 4324
3 4256 4326 4325
3 4257 4327 4326
3 4258 4328 4327
3 4259 4329 4328
3 4260 4330 4329
3 4261 4331 4330
3 4262 4332 4331
3 4263 4333 4332
3 4264 4334 4333
3 4265 4335 4334
3 4268 4337 4336
3 4269 4338 4337
3 4270 4339 4338
3 4271 4340 4339
3 4272 4341 4340
3 4273 4342 4341
3 4274 4343 4342
3 4275 4344 4343
3 4276 4345 4344
3 4277 4346 4345
3 4278 4347 4346
3 4279 4348 4347
3 4280 4349 4348
3 4281 4350 4349
3 4282 4351 4350
3 4283 4352 4351
3 4284 4353 4352
3 4285 4354 4353
3 4286 4355 4354
3 4287 4356 4355
3 4288 4357 4356
3 4289 4358 4357
3 4290 4359 4358
3 4291 4360 4359
3 4292 4361 4360
3 4293 4362 4361
3 4294 4363 4362
3 4295 4364 4363
3 4296 4365 4364
3 4297 4366 4365
3 4298 4367 4366
3 4299 4368 4367
3 4300 4369 4368
3 4301 4370 4369
3 4302 4371 4370
3 4303 4372 4371
3 4304 4373 4372
3 4305 4374 4373
3 4306 4375 4374
3 4307 4376 4375
3 4308 4377 4376
3 4309 4378 4377
3 4310 4379 4378
3 4311 4380 4379
3 4312 4381 4380
3 4313 4382 4381
3 4314 4383 4382
3 4315 4384 4383
3 4316 4385 4384
3 4317 4386 4385
3 4318 4387 4386
3 4319 4388 4387
3 4320 4389 4388
3 4321 4390 4389
3 4322 4391 4390
3 4323 4392 4391
3 4324 4393 4392
3 4325 4394 4393
3 4326 4395 4394
3 4327 4396 4395
3 4328 4397 4396
3 4329 4398 4397
3 4330 4399 4398
3 4331 4400 4399
3 4332 4401 4400
3 4333 4402 4401
3 4334 4403 4402
3 4338 4405 4404
3 4339 4406 4405
3 4340 4407 4406
3 4341 4408 4407
3 4342 4409 4408
3 4343 4410 4409
3 4344 4411 4410
3 4345 4412 4411
3 4346 4413 4412
3 4347 4414 4413
3 4348 4415 4414
3 4349 4416 4415
3 4350 4417 4416
3 4351 4418 4417
3 4352 4419 4418
3 4353 4420 4419
3 4354 4421 4420
3 4355 4422 4421
3 4356 4423 4422
3 4357 4424 4423
3 4358 4425 4424
3 4359 4426 4425
3 4360 4427 4426
3 4361 4428 4427
3 4362 4429 4428
3 4363 4430 4429
3 4364 4431 4430
3 4365 4432 4431
3 4366 4433 4432
3 4367 4434 4433
3 4368 4435 4434
3 4369 4436 4435
3 4370 4437 4436
3 4371 4438 4437
3 4372 4439 4438
3 4373 4440 4439
3 4374 4441 4440
3 4375 4442 4441
3 4376 4443 4442
3 4377 4444 4443
3 4378 4445 4444
3 4379 4446 4445
3 4380 4447 4446
3 4381 4448 4447
3 4382 4449 4448
3 4383 4450 4449
3 4384 4451 4450
3 4385 4452 4451
3 4386 4453 4452
3 4387 4454 4453
3 4388 4455 4454
3 4389 4456 4455
3 4390 4457 4456
3 4391 4458 4457
3 4392 4459 4458
3 4393 4460 4459
3 4394 4461 4460
3 4395 4462 4461
3 4396 4463 4462
3 4397 4464 4463
3 4398 4465 4464
3 4399 4466 4465
3 4400 4467 4466
3 4401 4468 4467
3 4402 4469 4468
3 4406 4471 4470
3 4407 4472 4471
3 4408 4473 4472
3 4409 4474 4473
3 4410 4475 4474
3 4411 4476 4475
3 4412 4477 4476
3 4413 4478 4477
3 4414 4479 4478
3 4415 4480 4479
3 4416 4481 4480
3 4417 4482 4481
3 4418 4483 4482
3 4419 4484 4483
3 4420 4485 4484
3 4421 4486 4485
3 4422 4487 4486
3 4423 4488 4487
3 4424 4489 4488
3 4425 4490 4489
3 4426 4491 4490
3 4427 4492 4491
3 4428 4493 4492
3 4429 4494 4493
3 4430 4495 4494
3 4431 4496 4495
3 4432 4497 4496
3 4433 4498 4497
3 4434 4499 4498
3 4435 4500 4499
3 4436 4501 4500
3 4437 4502 4501
3 4438 4503 4502
3 4439 4504 4503
3 4440 4505 4504
3 4441 4506 4505
3 4442 4507 4506
3 4443 4508 4507
3 4444 4509 4508
3 4445 4510 4509
3 4446 4511 4510
3 4447 4512 4511
3 4448 4513 4512
3 4449 4514 4513
3 4450 4515 4514
3 4451 4516 4515
3 4452 4517 4516
3 4453 4518 4517
3 4454 4519 4518
3 4455 4520 4519
3 4456 4521 4520
3 4457 4522 4521
3 4458 4523 4522
3 4459 4524 4523
3 4460 4525 4524
3 4461 4526 4525
3 4462 4527 4526
3 4463 4528 4527
3 4464 4529 4528
3 4465 4530 4529
3 4466 4531 4530
3 4467 4532 4531
3 4468 4533 4532
3 4469 4534 4533
3 4472 4536 4535
3 4473 4537 4536
3 4474 4538 4537
3 4475 4539 4538
3 4476 4540 4539
3 4477 4541 4540
3 4478 4542 4541
3 4479 4543 4542
3 4480 4544 4543
3 4481 4545 4544
3 4482 4546 4545
3 4483 4547 4546
3 4484 4548 4547
3 4485 4549 4548
3 4486 4550 4549
3 4487 4551 4550
3 4488 4552 4551
3 4489 4553 4552
3 4490 4554 4553
3 4491 4555 4554
3 4492 4556 4555
3 4493 4557 4556
3 4494 4558 4557
3 4495 4559 4558
3 4496 4560 4559
3 4497 4561 4560
3 4498 4562 4561
3 4499 4563 4562
3 4500 4564 4563
3 4501 4565 4564
3 4502 4566 4565
3 4503 4567 4566
3 4504 4568 4567
3 4505 4569 4568
3 4506 4570 4569
3 4507 4571 4570
3 4508 4572 4571
3 4509 4573 4572
3 4510 4574 4573
3 4511 4575 4574
3 4512 4576 4575
3 4513 4577 4576
3 4514 4578 4577
3 4515 4579 4578
3 4516 4580 4579
3 4517 4581 4580
3 4518 4582 4581
3 4519 4583 4582
3 4520 4584 4583
3 4521 4585 4584
3 4522 4586 4585
3 4523 4587 4586
3 4524 4588 4587
3 4525 4589 4588
3 4526 4590 4589
3 4527 4591 4590
3 4528 4592 4591
3 4529 4593 4592
3 4530 4594 4593
3 4531 4595 4594
3 4532 4596 4595
3 4533 4597 4596
3 4538 4599 4598
3 4539 4600 4599
3 4540 4601 4600
3 4541 4602 4601
3 4542 4603 4602
3 4543 4604 4603
3 4544 4605 4604
3 4545 4606 4605
3 4546 4607 4606
3 4547 4608 4607
3 4548 4609 4608
3 4549 4610 4609
3 4550 4611 4610
3 4551 4612 4611
3 4552 4613 4612
3 4553 4614 4613
3 4554 4615 4614
3 4555 4616 4615
3 4556 4617 4616
3 4557 4618 4617
3 4558 4619 4618
3 4559 4620 4619
3 4560 4621 4620
3 4561 4622 4621
3 4562 4623 4622
3 4563 4624 4623
3 4564 4625 4624
3 4565 4626 4625
3 4566 4627 4626
3 4567 4628 4627
3 4568 4629 4628
3 4569 4630 4629
3 4570 4631 4630
3 4571 4632 4631
3 4572 4633 4632
3 4573 4634 4633
3 4574 4635 4634
3 4575 4636 4635
3 4576 4637 4636
3 4577 4638 4637
3 4578 4639 4638
3 4579 4640 4639
3 4580 4641 4640
3 4581 4642 4641
3 4582 4643 4642
3 4583 4644 4643
3 4584 4645 4644
3 4585 4646 4645
3 4586 4647 4646
3 4587 4648 4647
3 4588 4649 4648
3 4589 4650 4649
3 4590 4651 4650
3 4591 4652 4651
3 4592 4653 4652
3 4593 4654 4653
3 4594 4655 4654
3 4595 4656 4655
3 4596 4657 4656
3 4601 4659 4658
3 4602 4660 4659
3 4603 4661 4660
3 4604 4662 4661
3 4605 4663 4662
3 4606 4664 4663
3 4607 4665 4664
3 4608 4666 4665
3 4609 4667 4666
3 4610 4668 4667
3 4611 4669 4668
3 4612 4670 4669
3 4613 4671 4670
3 4614 4672 4671
3 4615 4673 4672
3 4616 4674 4673
3 4617 4675 4674
3 4618 4676 4675
3 4619 4677 4676
3 4620 4678 4677
3 4621 4679 4678
3 4622 4680 4679
3 4623 4681 4680
3 4624 4682 4681
3 4625 4683 4682
3 4626 4684 4683
3 4627 4685 4684
3 4628 4686 4685
3 4629 4687 4686
3 4630 4688 4687
3 4631 4689 4688
3 4632 4690 4689
3 4633 4691 4690
3 4634 4692 4691
3 4635 4693 4692
3 4636 4694 4693
3 4637 4695 4694
3 4638 4696 4695
3 4639 4697 4696
3 4640 4698 4697
3 4641 4699 4698
3 4642 4700 4699
3 4643 4701 4700
3 4644 4702 4701
3 4645 4703 4702
3 4646 4704 4703
3 4647 4705 4704
3 4648 4706 4705
3 4649 4707 4706
3 4650 4708 4707
3 4651 4709 4708
3 4652 4710 4709
3 4653 4711 4710
3 4654 4712 4711
3 4655 4713 4712
3 4656 4714 4713
3 4662 4716 4715
3 4663 4717 4716
3 4664 4718 4717
3 4665 4719 4718
3 4666 4720 4719
3 4667 4721 4720
3 4668 4722 4721
3 4669 4723 4722
3 4670 4724 4723
3 4671 4725 4724
3 4672 4726 4725
3 4673 4727 4726
3 4674 4728 4727
3 4675 4729 4728
3 4676 4730 4729
3 4677 4731 4730
3 4678 4732 4731
3 4679 4733 4732
3 4680 4734 4733
3 4681 4735 4734
3 4682 4736 4735
3 4683 4737 4736
3 4684 4738 4737
3 4685 4739 4738
3 4686 4740 4739
3 4687 4741 4740
3 4688 4742 4741
3 4689 4743 4742
3 4690 4744 4743
3 4691 4745 4744
3 4692 4746 4745
3 4693 4747 4746
3 4694 4748 4747
3 4695 4749 4748
3 4696 4750 4749
3 4697 4751 4750
3 4698 4752 4751
3 4699 4753 4752
3 4700 4754 4753
3 4701 4755 4754
3 4702 4756 4755
3 4703 4757 4756
3 4704 4758 4757
3 4705 4759 4758
3 4706 4760 4759
3 4707 4761 4760
3 4708 4762 4761
3 4709 4763 4762
3 4710 4764 4763
3 4711 4765 4764
3 4712 4766 4765
3 4713 4767 4766
3 4717 4769 4768
3 4718 4770 4769
3 4719 4771 4770
3 4720 4772 4771
3 4721 4773 4772
3 4722 4774 4773
3 4723 4775 4774
3 4724 4776 4775
3 4725 4777 4776
3 4726 4778 4777
3 4727 4779 4778
3 4728 4780 4779
3 4729 4781 4780
3 4730 4782 4781
3 4731 4783 4782
3 4732 4784 4783
3 4733 4785 4784
3 4734 4786 4785
3 4735 4787 4786
3 4736 4788 4787
3 4737 4789 4788
3 4738 4790 4789
3 4739 4791 4790
3 4740 4792 4791
3 4741 4793 4792
3 4742 4794 4793
3 4743 4795 4794
3 4744 4796 4795
3 4745 4797 4796
3 4746 4798 4797
3 4747 4799 4798
3 4748 4800 4799
3 4749 4801 4800
3 4750 4802 4801
3 4751 4803 4802
3 4752 4804 4803
3 4753 4805 4804
3 4754 4806 4805
3 4755 4807 4806
3 4756 4808 4807
3 4757 4809 4808
3 4758 4810 4809
3 4759 4811 4810
3 4760 4812 4811
3 4761 4813 4812
3 4762 4814 4813
3 4763 4815 4814
3 4764 4816 4815
3 4765 4817 4816
3 4766 4818 4817
3 4767 4819 4818
3 4771 4821 4820
3 4772 4822 4821
3 4773 4823 4822
3 4774 4824 4823
3 4775 4825 4824
3 4776 4826 4825
3 4777 4827 4826
3 4778 4828 4827
3 4779 4829 4828
3 4780 4830 4829
3 4781 4831 4830
3 4782 4832 4831
3 4783 4833 4832
3 4784 4834 4833
3 4785 4835 4834
3 4786 4836 4835
3 4787 4837 4836
3 4788 4838 4837
3 4789 4839 4838
3 4790 4840 4839
3 4791 4841 4840
3 4792 4842 4841
3 4793 4843 4842
3 4794 4844 4843
3 4795 4845 4844
3 4796 4846 4845
3 4797 4847 4846
3 4798 4848 4847
3 4799 4849 4848
3 4800 4850 4849
3 4801 4851 4850
3 4802 4852 4851
3 4803 4853 4852
3 4804 4854 4853
3 4805 4855 4854
3 4806 4856 4855
3 4807 4857 4856
3 4808 4858 4857
3 4809 4859 4858
3 4810 4860 4859
3 4811 4861 4860
3 4812 4862 4861
3 4813 4863 4862
3 4814 4864 4863
3 4815 4865 4864
3 4816 4866 4865
3 4817 4867 4866
3 4818 4868 4867
3 4819 4869 4868
3 4822 4871 4870
3 4823 4872 4871
3 4824 4873 4872
3 4825 4874 4873
3 4826 4875 4874
3 4827 4876 4875
3 4828 4877 4876
3 4829 4878 4877
3 4830 4879 4878
3 4831 4880 4879
3 4832 4881 4880
3 4833 4882 4881
3 4834 4883 4882
3 4835 4884 4883
3 4836 4885 4884
3 4837 4886 4885
3 4838 4887 4886
3 4839 4888 4887
3 4840 4889 4888
3 4841 4890 4889
3 4842 4891 4890
3 4843 4892 4891
3 4844 4893 4892
3 4845 4894 4893
3 4846 4895 4894
3 4847 4896 4895
3 4848 4897 4896
3 4849 4898 4897
3 4850 4899 4898
3 4851 4900 4899
3 4852 4901 4900
3 4853 4902 4901
3 4854 4903 4902
3 4855 4904 4903
3 4856 4905 4904
3 4857 4906 4905
3 4858 4907 4906
3 4859 4908 4907
3 4860 4909 4908
3 4861 4910 4909
3 4862 4911 4910
3 4863 4912 4911
3 4864 4913 4912
3 4865 4914 4913
3 4866 4915 4914
3 4867 4916 4915
3 4868 4917 4916
3 4872 4919 4918
3 4873 4920 4919
3 4874 4921 4920
3 4875 4922 4921
3 4876 4923 4922
3 4877 4924 4923
3 4878 4925 4924
3 4879 4926 4925
3 4880 4927 4926
3 4881 4928 4927
3 4882 4929 4928
3 4883 4930 4929
3 4884 4931 4930
3 4885 4932 4931
3 4886 4933 4932
3 4887 4934 4933
3 4888 4935 4934
3 4889 4936 4935
3 4890 4937 4936
3 4891 4938 4937
3 4892 4939 4938
3 4893 4940 4939
3 4894 4941 4940
3 4895 4942 4941
3 4896 4943 4942
3 4897 4944 4943
3 4898 4945 4944
3 4899 4946 4945
3 4900 4947 4946
3 4901 4948 4947
3 4902 4949 4948
3 4903 4950 4949
3 4904 4951 4950
3 4905 4952 4951
3 4906 4953 4952
3 4907 4954 4953
3 4908 4955 4954
3 4909 4956 4955
3 4910 4957 4956
3 4911 4958 4957
3 4912 4959 4958
3 4913 4960 4959
3 4914 4961 4960
3 4915 4962 4961
3 4916 4963 4962
3 4920 4965 4964
3 4921 4966 4965
3 4922 4967 4966
3 4923 4968 4967
3 4924 4969 4968
3 4925 4970 4969
3 4926 4971 4970
3 4927 4972 4971
3 4928 4973 4972
3 4929 4974 4973
3 4930 4975 4974
3 4931 4976 4975
3 4932 4977 4976
3 4933 4978 4977
3 4934 4979 4978
3 4935 4980 4979
3 4936 4981 4980
3 4937 4982 4981
3 4938 4983 4982
3 4939 4984 4983
3 4940 4985 4984
3 4941 4986 4985
3 4942 4987 4986
3 4943 4988 4987
3 4944 4989 4988
3 4945 4990 4989
3 4946 4991 4990
3 4947 4992 4991
3 4948 4993 4992
3 4949 4994 4993
3 4950 4995 4994
3 4951 4996 4995
3 4952 4997 4996
3 4953 4998 4997
3 4954 4999 4998
3 4955 5000 4999
3 4956 5001 5000
3 4957 5002 5001
3 4959 5004 5003
3 4960 5005 5004
3 4961 5006 5005
3 4962 5007 5006
3 4967 5009 5008
3 4968 5010 5009
3 4969 5011 5010
3 4970 5012 5011
3 4971 5013 5012
3 4972 5014 5013
3 4973 5015 5014
3 4974 5016 5015
3 4975 5017 5016
3 4976 5018 5017
3 4977 5019 5018
3 4978 5020 5019
3 4979 5021 5020
3 4980 5022 5021
3 4981 5023 5022
3 4982 5024 5023
3 4983 5025 5024
3 4984 5026 5025
3 4985 5027 5026
3 4986 5028 5027
3 4987 5029 5028
3 4988 5030 5029
3 4989 5031 5030
3 4990 5032 5031
3 4991 5033 5032
3 4992 5034 5033
3 4993 5035 5034
3 4994 5036 5035
3 4995 5037 5036
3 4996 5038 5037
3 4997 5039 5038
3 4998 5040 5039
3 4999 5041 5040
3 5000 5042 5041
3 5001 5043 5042
3 5002 5044 5043
3 5012 5046 5045
3 5013 5047 5046
3 5014 5048 5047
3 5015 5049 5048
3 5016 5050 5049
3 5017 5051 5050
3 5018 5052 5051
3 5019 5053 5052
3 5020 5054 5053
3 5021 5055 5054
3 5022 5056 5055
3 5023 5057 5056
3 5024 5058 5057
3 5025 5059 5058
3 5026 5060 5059
3 5027 5061 5060
3 5028 5062 5061
3 5029 5063 5062
3 5030 5064 5063
3 5031 5065 5064
3 5032 5066 5065
3 5033 5067 5066
3 5034 5068 5067
3 5035 5069 5068
3 5036 5070 5069
3 5037 5071 5070
3 5038 5072 5071
3 5039 5073 5072
3 5040 5074 5073
3 5041 5075 5074
3 5042 5076 5075
3 5043 5077 5076
3 5044 5078 5077
3 5047 5080 5079
3 5048 5081 5080
3 5049 5082 5081
3 5050 5083 5082
3 5051 5084 5083
3 5052 5085 5084
3 5053 5086 5085
3 5054 5087 5086
3 5055 5088 5087
3 5056 5089 5088
3 5057 5090 5089
3 5058 5091 5090
3 5059 5092 5091
3 5060 5093 5092
3 5061 5094 5093
3 5062 5095 5094
3 5063 5096 5095
3 5064 5097 5096
3 5065 5098 5097
3 5066 5099 5098
3 5067 5100 5099
3 5068 5101 5100
3 5069 5102 5101
3 5070 5103 5102
3 5071 5104 5103
3 5072 5105 5104
3 5073 5106 5105
3 5074 5107 5106
3 5075 5108 5107
3 5076 5109 5108
3 5077 5110 5109
3 5078 5111 5110
3 5082 5113 5112
3 5083 5114 5113
3 5086 5116 5115
3 5087 5117 5116
3 5088 5118 5117
3 5089 5119 5118
3 5090 5120 5119
3 5091 5121 5120
3 5092 5122 5121
3 5093 5123 5122
3 5094 5124 5123
3 5095 5125 5124
3 5096 5126 5125
3 5097 5127 5126
3 5098 5128 5127
3 5099 5129 5128
3 5100 5130 5129
3 5101 5131 5130
3 5102 5132 5131
3 5103 5133 5132
3 5104 5134 5133
3 5105 5135 5134
3 5106 5136 5135
3 5107 5137 5136
3 5108 5138 5137
3 5109 5139 5138
3 5110 5140 5139
3 5117 5142 5141
3 5118 5143 5142
3 5119 5144 5143
3 5120 5145 5144
3 5121 5146 5145
3 5122 5147 5146
3 5123 5148 5147
3 5124 5149 5148
3 5125 5150 5149
3 5126 5151 5150
3 5127 5152 5151
3 5128 5153 5152
3 5129 5154 5153
3 5130 5155 5154
3 5131 5156 5155
3 5132 5157 5156
3 5133 5158 5157
3 5134 5159 5158
3 5135 5160 5159
3 5136 5161 5160
3 5137 5162 5161
3 5138 5163 5162
3 5139 5164 5163
3 5140 5165 5164
3 5142 5167 5166
3 5143 5168 5167
3 5144 5169 5168
3 5145 5170 5169
3 5146 5171 5170
3 5147 5172 5171
3 5148 5173 5172
3 5149 5174 5173
3 5150 5175 5174
3 5151 5176 5175
3 5152 5177 5176
3 5153 5178 5177
3 5154 5179 5178
3 5155 5180 5179
3 5156 5181 5180
3 5157 5182 5181
3 5158 5183 5182
3 5159 5184 5183
3 5160 5185 5184
3 5161 5186 5185
3 5162 5187 5186
3 5163 5188 5187
3 5164 5189 5188
3 5168 5191 5190
3 5169 5192 5191
3 5170 5193 5192
3 5171 5194 5193
3 5172 5195 5194
3 5173 5196 5195
3 5174 5197 5196
3 5175 5198 5197
3 5176 5199 5198
3 5177 5200 5199
3 5178 5201 5200
3 5179 5202 5201
3 5180 5203 5202
3 5181 5204 5203
3 5182 5205 5204
3 5183 5206 5205
3 5184 5207 5206
3 5185 5208 5207
3 5186 5209 5208
3 5187 5210 5209
3 5188 5211 5210
3 5192 5213 5212
3 5193 5214 5213
3 5194 5215 5214
3 5195 5216 5215
3 5196 5217 5216
3 5197 5218 5217
3 5198 5219 5218
3 5199 5220 5219
3 5200 5221 5220
3 5201 5222 5221
3 5202 5223 5222
3 5203 5224 5223
3 5204 5225 5224
3 5205 5226 5225
3 5206 5227 5226
3 5207 5228 5227
3 5208 5229 5228
3 5209 5230 5229
3 5210 5231 5230
3 5213 5233 5232
3 5214 5234 5233
3 5215 5235 5234
3 5216 5236 5235
3 5217 5237 5236
3 5218 5238 5237
3 5219 5239 5238
3 5220 5240 5239
3 5221 5241 5240
3 5222 5242 5241
3 5223 5243 5242
3 5224 5244 5243
3 5225 5245 5244
3 5226 5246 5245
3 5227 5247 5246
3 5228 5248 5247
3 5229 5249 5248
3 5230 5250 5249
3 5233 5252 5251
3 5234 5253 5252
3 5235 5254 5253
3 5236 5255 5254
3 5237 5256 5255
3 5238 5257 5256
3 5239 5258 5257
3 5240 5259 5258
3 5241 5260 5259
3 5242 5261 5260
3 5243 5262 5261
3 5244 5263 5262
3 5245 5264 5263
3 5246 5265 5264
3 5247 5266 5265
3 5248 5267 5266
3 5249 5268 5267
3 5250 5269 5268
3 5252 5273 5272
3 5253 5274 5273
3 5254 5275 5274
3 5255 5276 5275
3 5256 5277 5276
3 5257 5278 5277
3 5258 5279 5278
3 5259 5280 5279
3 5260 5281 5280
3 5261 5282 5281
3 5262 5283 5282
3 5263 5284 5283
3 5264 5285 5284
3 5265 5286 5285
3 5266 5287 5286
3 5267 5288 5287
3 5268 5289 5288
3 5269 5290 5289
3 5270 5291 5290
3 5272 5293 5292
3 5273 5294 5293
3 5274 5295 5294
3 5275 5296 5295
3 5276 5297 5296
3 5277 5298 5297
3 5278 5299 5298
3 5279 5300 5299
3 5280 5301 5300
3 5281 5302 5301
3 5282 5303 5302
3 5283 5304 5303
3 5284 5305 5304
3 5285 5306 5305
3 5286 5307 5306
3 5287 5308 5307
3 5288 5309 5308
3 5289 5310 5309
3 5290 5311 5310
3 5291 5312 5311
3 5293 5314 5313
3 5294 5315 5314
3 5295 5316 5315
3 5296 5317 5316
3 5297 5318 5317
3 5298 5319 5318
3 5299 5320 5319
3 5300 5321 5320
3 5301 5322 5321
3 5302 5323 5322
3 5303 5324 5323
3 5304 5325 5324
3 5305 5326 5325
3 5306 5327 5326
3 5307 5328 5327
3 5308 5329 5328
3 5309 5330 5329
3 5310 5331 5330
3 5311 5332 5331
3 5312 5333 5332
3 5316 5335 5334
3 5317 5336 5335
3 5318 5337 5336
3 5319 5338 5337
3 5320 5339 5338
3 5321 5340 5339
3 5322 5341 5340
3 5323 5342 5341
3 5324 5343 5342
3 5325 5344 5343
3 5326 5345 5344
3 5327 5346 5345
3 5328 5347 5346
3 5329 5348 5347
3 5330 5349 5348
3 5331 5350 5349
3 5332 5351 5350
3 5335 5353 5352
3 5336 5354 5353
3 5337 5355 5354
3 5338 5356 5355
3 5339 5357 5356
3 5340 5358 5357
3 5341 5359 5358
3 5342 5360 5359
3 5343 5361 5360
3 5344 5362 5361
3 5345 5363 5362
3 5346 5364 5363
3 5347 5365 5364
3 5348 5366 5365
3 5349 5367 5366
3 5350 5368 5367
3 5351 5369 5368
3 5354 5371 5370
3 5355 5372 5371
3 5356 5373 5372
3 5357 5374 5373
3 5358 5375 5374
3 5359 5376 5375
3 5360 5377 5376
3 5361 5378 5377
3 5362 5379 5378
3 5363 5380 5379
3 5364 5381 5380
3 5365 5382 5381
3 5366 5383 5382
3 5367 5384 5383
3 5368 5385 5384
3 5369 5386 5385
3 5371 5388 5387
3 5372 5389 5388
3 5373 5390 5389
3 5374 5391 5390
3 5375 5392 5391
3 5376 5393 5392
3 5377 5394 5393
3 5378 5395 5394
3 5379 5396 5395
3 5380 5397 5396
3 5381 5398 5397
3 5382 5399 5398
3 5383 5400 5399
3 5384 5401 5400
3 5385 5402 5401
3 5389 5404 5403
3 5390 5405 5404
3 5391 5406 5405
3 5392 5407 5406
3 5393 5408 5407
3 5394 5409 5408
3 5395 5410 5409
3 5396 5411 5410
3 5397 5412 5411
3 5398 5413 5412
3 5399 5414 5413
3 5400 5415 5414
3 5406 5417 5416
3 5407 5418 5417
3 5408 5419 5418
3 5409 5420 5419
3 5410 5421 5420
3 5411 5422 5421
3 5412 5423 5422
3 5413 5424 5423
3 5414 5425 5424
3 5421 5427 5426
3 5427 5429 5428
3 5429 5431 5430
