ply
format ascii 1.0
comment Created in Blender version 4.2.0 Alpha
element vertex 6175
property float x
property float y
property float z
property float nx
property float ny
property float nz
property uchar red
property uchar green
property uchar blue
property uchar alpha
element face 11882
property list uchar uint vertex_indices
end_header
-1.0519772 4.933828e-11 0.0006535053 0 -1 7.54979e-08 140 95 66 255
-1.031977 4.933828e-11 0.0006535053 0 -1 7.54979e-08 235 160 113 255
-1.0119771 4.933828e-11 0.0006535053 0 -1 7.54979e-08 242 167 120 255
-0.9919771 4.933828e-11 0.0006535053 0 -1 7.54979e-08 246 171 124 255
-0.9719771 4.933828e-11 0.0006535053 0 -1 7.54979e-08 247 179 138 255
-0.9519771 4.933828e-11 0.0006535053 0 -1 7.54979e-08 247 180 141 255
-0.9319771 4.933828e-11 0.0006535053 0 -1 7.54979e-08 246 179 139 255
-0.91197705 4.933828e-11 0.0006535053 0 -1 7.54979e-08 241 170 126 255
-0.8919771 4.933828e-11 0.0006535053 0 -1 7.54979e-08 247 178 136 255
-0.8719771 4.933828e-11 0.0006535053 0 -1 7.54979e-08 247 176 132 255
-0.8519771 4.933828e-11 0.0006535053 0 -1 7.54979e-08 244 169 122 255
-0.8319771 4.933828e-11 0.0006535053 0 -1 7.54979e-08 247 176 133 255
-0.8119771 4.933828e-11 0.0006535053 0 -1 7.54979e-08 239 164 117 255
-0.79197705 4.933828e-11 0.0006535053 0 -1 7.54979e-08 236 161 114 255
-0.77197707 4.933828e-11 0.0006535053 0 -1 7.54979e-08 226 151 104 255
-0.7519771 4.933828e-11 0.0006535053 0 -1 7.54979e-08 221 146 99 255
-0.7319771 4.933828e-11 0.0006535053 0 -1 7.54979e-08 216 142 94 255
-0.7119771 4.933828e-11 0.0006535053 0 -1 7.54979e-08 212 137 90 255
-0.6919771 4.933828e-11 0.0006535053 0 -1 7.54979e-08 208 133 86 255
-0.6719771 4.933828e-11 0.0006535053 0 -1 7.54979e-08 206 131 84 255
-0.65197706 4.933828e-11 0.0006535053 0 -1 7.54979e-08 204 129 82 255
-0.6319771 4.933828e-11 0.0006535053 0 -1 7.54979e-08 195 122 75 255
-0.6119771 4.933828e-11 0.0006535053 0 -1 7.54979e-08 183 116 70 255
-0.5919771 4.933828e-11 0.0006535053 0 -1 7.54979e-08 192 123 76 255
-0.5719771 4.933828e-11 0.0006535053 0 -1 7.54979e-08 193 122 74 255
-0.5519771 4.933828e-11 0.0006535053 0 -1 7.54979e-08 165 106 62 255
-0.5319771 4.933828e-11 0.0006535053 0 -1 7.54979e-08 163 105 62 255
-0.5119771 4.933828e-11 0.0006535053 0 -1 7.54979e-08 158 101 59 255
-0.4919771 4.933828e-11 0.0006535053 0 -1 7.54979e-08 157 101 58 255
-0.4719771 4.933828e-11 0.0006535053 0 -1 7.54979e-08 142 92 52 255
-0.45197707 4.933828e-11 0.0006535053 0 -1 7.54979e-08 97 67 33 255
-0.4319771 4.933828e-11 0.0006535053 0 -1 7.54979e-08 84 60 29 255
-0.4119771 4.933828e-11 0.0006535053 0 -1 7.54979e-08 80 58 27 255
-0.39197707 4.933828e-11 0.0006535053 0 -1 7.54979e-08 60 45 20 255
-0.3719771 4.933828e-11 0.0006535053 0 -1 7.54979e-08 44 37 14 255
-0.3519771 4.933828e-11 0.0006535053 0 -1 7.54979e-08 40 32 12 255
-0.33197713 4.933828e-11 0.0006535053 0 -1 7.54979e-08 24 24 22 255
-0.3119771 4.933828e-11 0.0006535053 0 -1 7.54979e-08 1 0 0 255
-0.2919771 4.933828e-11 0.0006535053 0 -1 7.54979e-08 22 18 6 255
-0.27197713 4.933828e-11 0.0006535053 0 -1 7.54979e-08 24 19 7 255
-0.2519771 4.933828e-11 0.0006535053 0 -1 7.54979e-08 0 0 0 255
-0.2319771 4.933828e-11 0.0006535053 0 -1 7.54979e-08 0 0 0 255
-0.21197712 4.933828e-11 0.0006535053 0 -1 7.54979e-08 0 0 0 255
-0.19197708 4.933828e-11 0.0006535053 0 -1 7.54979e-08 0 0 0 255
-0.1719771 4.933828e-11 0.0006535053 0 -1 7.54979e-08 0 0 0 255
-0.15197712 4.933828e-11 0.0006535053 0 -1 7.54979e-08 0 0 0 255
-0.13197708 4.933828e-11 0.0006535053 0 -1 7.54979e-08 6 7 1 255
-0.1119771 4.933828e-11 0.0006535053 0 -1 7.54979e-08 24 19 6 255
-0.09197712 4.933828e-11 0.0006535053 0 -1 7.54979e-08 37 29 10 255
-0.07197714 4.933828e-11 0.0006535053 0 -1 7.54979e-08 52 40 17 255
-0.051977158 4.933828e-11 0.0006535053 0 -1 7.54979e-08 26 18 7 255
-0.031977057 4.933828e-11 0.0006535053 0 -1 7.54979e-08 24 16 6 255
-0.0119770765 4.933828e-11 0.0006535053 0 -1 7.54979e-08 27 19 7 255
0.008022904 4.933828e-11 0.0006535053 0 -1 7.54979e-08 27 19 7 255
0.028022885 4.933828e-11 0.0006535053 0 -1 7.54979e-08 27 19 7 255
0.048022866 4.933828e-11 0.0006535053 0 -1 7.54979e-08 19 12 4 255
0.06802285 4.933828e-11 0.0006535053 0 -1 7.54979e-08 20 12 4 255
0.08802295 4.933828e-11 0.0006535053 0 -1 7.54979e-08 36 26 11 255
0.10802293 4.933828e-11 0.0006535053 0 -1 7.54979e-08 48 35 16 255
0.12802291 4.933828e-11 0.0006535053 0 -1 7.54979e-08 48 35 16 255
0.14802289 4.933828e-11 0.0006535053 0 -1 7.54979e-08 54 41 19 255
0.16802287 4.933828e-11 0.0006535053 0 -1 7.54979e-08 50 38 17 255
0.18802285 4.933828e-11 0.0006535053 0 -1 7.54979e-08 42 33 13 255
0.20802283 4.933828e-11 0.0006535053 0 -1 7.54979e-08 83 64 40 255
0.22802293 4.933828e-11 0.0006535053 0 -1 7.54979e-08 67 50 24 255
0.24802291 4.933828e-11 0.0006535053 0 -1 7.54979e-08 90 70 48 255
0.2680229 4.933828e-11 0.0006535053 0 -1 7.54979e-08 107 85 66 255
0.28802288 4.933828e-11 0.0006535053 0 -1 7.54979e-08 93 73 50 255
0.30802286 4.933828e-11 0.0006535053 0 -1 7.54979e-08 67 50 26 255
0.32802284 4.933828e-11 0.0006535053 0 -1 7.54979e-08 42 34 13 255
0.34802294 4.933828e-11 0.0006535053 0 -1 7.54979e-08 40 32 12 255
0.36802292 4.933828e-11 0.0006535053 0 -1 7.54979e-08 35 27 10 255
0.3880229 4.933828e-11 0.0006535053 0 -1 7.54979e-08 27 19 7 255
0.40802288 4.933828e-11 0.0006535053 0 -1 7.54979e-08 27 19 7 255
0.42802286 4.933828e-11 0.0006535053 0 -1 7.54979e-08 19 11 3 255
0.44802284 4.933828e-11 0.0006535053 0 -1 7.54979e-08 1 1 1 255
0.46802282 4.933828e-11 0.0006535053 0 -1 7.54979e-08 0 0 0 255
0.48802292 4.933828e-11 0.0006535053 0 -1 7.54979e-08 0 0 0 255
0.5080229 4.933828e-11 0.0006535053 0 -1 7.54979e-08 0 0 0 255
0.5280229 4.933828e-11 0.0006535053 0 -1 7.54979e-08 0 0 0 255
0.54802287 4.933828e-11 0.0006535053 0 -1 7.54979e-08 0 0 0 255
0.56802285 4.933828e-11 0.0006535053 0 -1 7.54979e-08 0 0 0 255
0.5880228 4.933828e-11 0.0006535053 0 -1 7.54979e-08 0 0 0 255
0.6080229 4.933828e-11 0.0006535053 0 -1 7.54979e-08 0 0 0 255
0.6280229 4.933828e-11 0.0006535053 0 -1 7.54979e-08 0 0 0 255
0.6480229 4.933828e-11 0.0006535053 0 -1 7.54979e-08 0 0 0 255
0.6680229 4.933828e-11 0.0006535053 0 -1 7.54979e-08 0 0 0 255
-1.0519772 1.5592994e-09 0.020653546 0 -1 7.54979e-08 17 11 7 255
-1.031977 1.5592994e-09 0.020653546 0 -1 7.54979e-08 154 103 71 255
-1.0119771 1.5592994e-09 0.020653546 0 -1 7.54979e-08 230 155 108 255
-0.9919771 1.5592994e-09 0.020653546 0 -1 7.54979e-08 237 162 115 255
-0.9719771 1.5592994e-09 0.020653546 0 -1 7.54979e-08 246 174 130 255
-0.9519771 1.5592994e-09 0.020653546 0 -1 7.54979e-08 247 180 141 255
-0.9319771 1.5592994e-09 0.020653546 0 -1 7.54979e-08 247 181 141 255
-0.91197705 1.5592994e-09 0.020653546 0 -1 7.54979e-08 247 182 144 255
-0.8919771 1.5592994e-09 0.020653546 0 -1 7.54979e-08 247 180 141 255
-0.8719771 1.5592994e-09 0.020653546 0 -1 7.54979e-08 247 178 136 255
-0.8519771 1.5592994e-09 0.020653546 0 -1 7.54979e-08 247 173 127 255
-0.8319771 1.5592994e-09 0.020653546 0 -1 7.54979e-08 247 177 135 255
-0.8119771 1.5592994e-09 0.020653546 0 -1 7.54979e-08 247 173 125 255
-0.79197705 1.5592994e-09 0.020653546 0 -1 7.54979e-08 245 170 123 255
-0.77197707 1.5592994e-09 0.020653546 0 -1 7.54979e-08 235 160 113 255
-0.7519771 1.5592994e-09 0.020653546 0 -1 7.54979e-08 229 154 107 255
-0.7319771 1.5592994e-09 0.020653546 0 -1 7.54979e-08 226 151 104 255
-0.7119771 1.5592994e-09 0.020653546 0 -1 7.54979e-08 217 143 95 255
-0.6919771 1.5592994e-09 0.020653546 0 -1 7.54979e-08 212 137 90 255
-0.6719771 1.5592994e-09 0.020653546 0 -1 7.54979e-08 216 141 94 255
-0.65197706 1.5592994e-09 0.020653546 0 -1 7.54979e-08 212 137 90 255
-0.6319771 1.5592994e-09 0.020653546 0 -1 7.54979e-08 198 125 78 255
-0.6119771 1.5592994e-09 0.020653546 0 -1 7.54979e-08 191 120 73 255
-0.5919771 1.5592994e-09 0.020653546 0 -1 7.54979e-08 205 131 83 255
-0.5719771 1.5592994e-09 0.020653546 0 -1 7.54979e-08 176 112 67 255
-0.5519771 1.5592994e-09 0.020653546 0 -1 7.54979e-08 165 106 63 255
-0.5319771 1.5592994e-09 0.020653546 0 -1 7.54979e-08 168 107 64 255
-0.5119771 1.5592994e-09 0.020653546 0 -1 7.54979e-08 168 107 64 255
-0.4919771 1.5592994e-09 0.020653546 0 -1 7.54979e-08 165 106 63 255
-0.4719771 1.5592994e-09 0.020653546 0 -1 7.54979e-08 158 102 59 255
-0.45197707 1.5592994e-09 0.020653546 0 -1 7.54979e-08 131 84 46 255
-0.4319771 1.5592994e-09 0.020653546 0 -1 7.54979e-08 83 60 28 255
-0.4119771 1.5592994e-09 0.020653546 0 -1 7.54979e-08 79 56 27 255
-0.39197707 1.5592994e-09 0.020653546 0 -1 7.54979e-08 64 48 21 255
-0.3719771 1.5592994e-09 0.020653546 0 -1 7.54979e-08 44 35 13 255
-0.3519771 1.5592994e-09 0.020653546 0 -1 7.54979e-08 33 28 15 255
-0.33197713 1.5592994e-09 0.020653546 0 -1 7.54979e-08 14 14 13 255
-0.3119771 1.5592994e-09 0.020653546 0 -1 7.54979e-08 18 14 5 255
-0.2919771 1.5592994e-09 0.020653546 0 -1 7.54979e-08 39 31 11 255
-0.27197713 1.5592994e-09 0.020653546 0 -1 7.54979e-08 24 19 7 255
-0.2519771 1.5592994e-09 0.020653546 0 -1 7.54979e-08 0 0 0 255
-0.2319771 1.5592994e-09 0.020653546 0 -1 7.54979e-08 0 0 0 255
-0.21197712 1.5592994e-09 0.020653546 0 -1 7.54979e-08 0 0 0 255
-0.19197708 1.5592994e-09 0.020653546 0 -1 7.54979e-08 0 0 0 255
-0.1719771 1.5592994e-09 0.020653546 0 -1 7.54979e-08 0 0 0 255
-0.15197712 1.5592994e-09 0.020653546 0 -1 7.54979e-08 0 0 0 255
-0.13197708 1.5592994e-09 0.020653546 0 -1 7.54979e-08 2 5 1 255
-0.1119771 1.5592994e-09 0.020653546 0 -1 7.54979e-08 25 20 7 255
-0.09197712 1.5592994e-09 0.020653546 0 -1 7.54979e-08 38 30 11 255
-0.07197714 1.5592994e-09 0.020653546 0 -1 7.54979e-08 58 42 19 255
-0.051977158 1.5592994e-09 0.020653546 0 -1 7.54979e-08 26 18 7 255
-0.031977057 1.5592994e-09 0.020653546 0 -1 7.54979e-08 24 16 6 255
-0.0119770765 1.5592994e-09 0.020653546 0 -1 7.54979e-08 27 19 7 255
0.008022904 1.5592994e-09 0.020653546 0 -1 7.54979e-08 27 19 7 255
0.028022885 1.5592994e-09 0.020653546 0 -1 7.54979e-08 27 19 7 255
0.048022866 1.5592994e-09 0.020653546 0 -1 7.54979e-08 19 12 4 255
0.06802285 1.5592994e-09 0.020653546 0 -1 7.54979e-08 20 12 4 255
0.08802295 1.5592994e-09 0.020653546 0 -1 7.54979e-08 38 28 14 255
0.10802293 1.5592994e-09 0.020653546 0 -1 7.54979e-08 64 48 29 255
0.12802291 1.5592994e-09 0.020653546 0 -1 7.54979e-08 60 45 24 255
0.14802289 1.5592994e-09 0.020653546 0 -1 7.54979e-08 41 31 13 255
0.16802287 1.5592994e-09 0.020653546 0 -1 7.54979e-08 66 49 30 255
0.18802285 1.5592994e-09 0.020653546 0 -1 7.54979e-08 46 37 15 255
0.20802283 1.5592994e-09 0.020653546 0 -1 7.54979e-08 101 80 49 255
0.22802293 1.5592994e-09 0.020653546 0 -1 7.54979e-08 84 65 38 255
0.24802291 1.5592994e-09 0.020653546 0 -1 7.54979e-08 109 88 64 255
0.2680229 1.5592994e-09 0.020653546 0 -1 7.54979e-08 131 106 86 255
0.28802288 1.5592994e-09 0.020653546 0 -1 7.54979e-08 108 86 62 255
0.30802286 1.5592994e-09 0.020653546 0 -1 7.54979e-08 74 54 30 255
0.32802284 1.5592994e-09 0.020653546 0 -1 7.54979e-08 45 37 14 255
0.34802294 1.5592994e-09 0.020653546 0 -1 7.54979e-08 39 31 11 255
0.36802292 1.5592994e-09 0.020653546 0 -1 7.54979e-08 33 25 9 255
0.3880229 1.5592994e-09 0.020653546 0 -1 7.54979e-08 27 19 7 255
0.40802288 1.5592994e-09 0.020653546 0 -1 7.54979e-08 27 19 7 255
0.42802286 1.5592994e-09 0.020653546 0 -1 7.54979e-08 19 11 3 255
0.44802284 1.5592994e-09 0.020653546 0 -1 7.54979e-08 0 0 0 255
0.46802282 1.5592994e-09 0.020653546 0 -1 7.54979e-08 0 0 0 255
0.48802292 1.5592994e-09 0.020653546 0 -1 7.54979e-08 0 0 0 255
0.5080229 1.5592994e-09 0.020653546 0 -1 7.54979e-08 0 0 0 255
0.5280229 1.5592994e-09 0.020653546 0 -1 7.54979e-08 0 0 0 255
0.54802287 1.5592994e-09 0.020653546 0 -1 7.54979e-08 0 0 0 255
0.56802285 1.5592994e-09 0.020653546 0 -1 7.54979e-08 0 0 0 255
0.5880228 1.5592994e-09 0.020653546 0 -1 7.54979e-08 0 0 0 255
0.6080229 1.5592994e-09 0.020653546 0 -1 7.54979e-08 0 0 0 255
0.6280229 1.5592994e-09 0.020653546 0 -1 7.54979e-08 0 0 0 255
0.6480229 1.5592994e-09 0.020653546 0 -1 7.54979e-08 0 0 0 255
0.6680229 1.5592994e-09 0.020653546 0 -1 7.54979e-08 0 0 0 255
-1.031977 3.069256e-09 0.040653527 0 -1 7.54979e-08 37 24 17 255
-1.0119771 3.069256e-09 0.040653527 0 -1 7.54979e-08 171 113 77 255
-0.9919771 3.069256e-09 0.040653527 0 -1 7.54979e-08 226 152 104 255
-0.9719771 3.069256e-09 0.040653527 0 -1 7.54979e-08 238 163 116 255
-0.9519771 3.069256e-09 0.040653527 0 -1 7.54979e-08 247 176 133 255
-0.9319771 3.069256e-09 0.040653527 0 -1 7.54979e-08 247 182 145 255
-0.91197705 3.069256e-09 0.040653527 0 -1 7.54979e-08 247 184 148 255
-0.8919771 3.069256e-09 0.040653527 0 -1 7.54979e-08 247 182 144 255
-0.8719771 3.069256e-09 0.040653527 0 -1 7.54979e-08 247 181 142 255
-0.8519771 3.069256e-09 0.040653527 0 -1 7.54979e-08 247 177 134 255
-0.8319771 3.069256e-09 0.040653527 0 -1 7.54979e-08 247 182 144 255
-0.8119771 3.069256e-09 0.040653527 0 -1 7.54979e-08 247 173 126 255
-0.79197705 3.069256e-09 0.040653527 0 -1 7.54979e-08 246 174 130 255
-0.77197707 3.069256e-09 0.040653527 0 -1 7.54979e-08 242 167 120 255
-0.7519771 3.069256e-09 0.040653527 0 -1 7.54979e-08 235 160 113 255
-0.7319771 3.069256e-09 0.040653527 0 -1 7.54979e-08 229 154 107 255
-0.7119771 3.069256e-09 0.040653527 0 -1 7.54979e-08 223 149 101 255
-0.6919771 3.069256e-09 0.040653527 0 -1 7.54979e-08 223 148 101 255
-0.6719771 3.069256e-09 0.040653527 0 -1 7.54979e-08 223 148 101 255
-0.65197706 3.069256e-09 0.040653527 0 -1 7.54979e-08 219 144 97 255
-0.6319771 3.069256e-09 0.040653527 0 -1 7.54979e-08 203 130 83 255
-0.6119771 3.069256e-09 0.040653527 0 -1 7.54979e-08 204 130 83 255
-0.5919771 3.069256e-09 0.040653527 0 -1 7.54979e-08 199 128 80 255
-0.5719771 3.069256e-09 0.040653527 0 -1 7.54979e-08 169 108 64 255
-0.5519771 3.069256e-09 0.040653527 0 -1 7.54979e-08 165 106 63 255
-0.5319771 3.069256e-09 0.040653527 0 -1 7.54979e-08 168 107 64 255
-0.5119771 3.069256e-09 0.040653527 0 -1 7.54979e-08 167 107 64 255
-0.4919771 3.069256e-09 0.040653527 0 -1 7.54979e-08 169 108 64 255
-0.4719771 3.069256e-09 0.040653527 0 -1 7.54979e-08 165 106 62 255
-0.45197707 3.069256e-09 0.040653527 0 -1 7.54979e-08 150 94 55 255
-0.4319771 3.069256e-09 0.040653527 0 -1 7.54979e-08 80 56 27 255
-0.4119771 3.069256e-09 0.040653527 0 -1 7.54979e-08 66 48 22 255
-0.39197707 3.069256e-09 0.040653527 0 -1 7.54979e-08 63 47 21 255
-0.3719771 3.069256e-09 0.040653527 0 -1 7.54979e-08 45 35 14 255
-0.3519771 3.069256e-09 0.040653527 0 -1 7.54979e-08 19 17 12 255
-0.33197713 3.069256e-09 0.040653527 0 -1 7.54979e-08 16 13 5 255
-0.3119771 3.069256e-09 0.040653527 0 -1 7.54979e-08 39 31 11 255
-0.2919771 3.069256e-09 0.040653527 0 -1 7.54979e-08 39 31 11 255
-0.27197713 3.069256e-09 0.040653527 0 -1 7.54979e-08 24 19 7 255
-0.2519771 3.069256e-09 0.040653527 0 -1 7.54979e-08 0 0 0 255
-0.2319771 3.069256e-09 0.040653527 0 -1 7.54979e-08 0 0 0 255
-0.21197712 3.069256e-09 0.040653527 0 -1 7.54979e-08 0 0 0 255
-0.19197708 3.069256e-09 0.040653527 0 -1 7.54979e-08 0 0 0 255
-0.1719771 3.069256e-09 0.040653527 0 -1 7.54979e-08 0 0 0 255
-0.15197712 3.069256e-09 0.040653527 0 -1 7.54979e-08 0 0 0 255
-0.13197708 3.069256e-09 0.040653527 0 -1 7.54979e-08 1 4 0 255
-0.1119771 3.069256e-09 0.040653527 0 -1 7.54979e-08 34 27 11 255
-0.09197712 3.069256e-09 0.040653527 0 -1 7.54979e-08 41 32 12 255
-0.07197714 3.069256e-09 0.040653527 0 -1 7.54979e-08 58 42 19 255
-0.051977158 3.069256e-09 0.040653527 0 -1 7.54979e-08 24 16 6 255
-0.031977057 3.069256e-09 0.040653527 0 -1 7.54979e-08 27 19 7 255
-0.0119770765 3.069256e-09 0.040653527 0 -1 7.54979e-08 27 19 7 255
0.008022904 3.069256e-09 0.040653527 0 -1 7.54979e-08 27 19 7 255
0.028022885 3.069256e-09 0.040653527 0 -1 7.54979e-08 27 19 7 255
0.048022866 3.069256e-09 0.040653527 0 -1 7.54979e-08 19 12 4 255
0.06802285 3.069256e-09 0.040653527 0 -1 7.54979e-08 23 15 5 255
0.08802295 3.069256e-09 0.040653527 0 -1 7.54979e-08 38 28 14 255
0.10802293 3.069256e-09 0.040653527 0 -1 7.54979e-08 74 55 38 255
0.12802291 3.069256e-09 0.040653527 0 -1 7.54979e-08 73 54 36 255
0.14802289 3.069256e-09 0.040653527 0 -1 7.54979e-08 38 27 13 255
0.16802287 3.069256e-09 0.040653527 0 -1 7.54979e-08 73 54 33 255
0.18802285 3.069256e-09 0.040653527 0 -1 7.54979e-08 57 45 21 255
0.20802283 3.069256e-09 0.040653527 0 -1 7.54979e-08 109 86 60 255
0.22802293 3.069256e-09 0.040653527 0 -1 7.54979e-08 105 83 56 255
0.24802291 3.069256e-09 0.040653527 0 -1 7.54979e-08 137 114 87 255
0.2680229 3.069256e-09 0.040653527 0 -1 7.54979e-08 146 121 100 255
0.28802288 3.069256e-09 0.040653527 0 -1 7.54979e-08 126 102 71 255
0.30802286 3.069256e-09 0.040653527 0 -1 7.54979e-08 74 54 30 255
0.32802284 3.069256e-09 0.040653527 0 -1 7.54979e-08 45 37 14 255
0.34802294 3.069256e-09 0.040653527 0 -1 7.54979e-08 40 32 12 255
0.36802292 3.069256e-09 0.040653527 0 -1 7.54979e-08 34 27 10 255
0.3880229 3.069256e-09 0.040653527 0 -1 7.54979e-08 27 19 7 255
0.40802288 3.069256e-09 0.040653527 0 -1 7.54979e-08 27 19 7 255
0.42802286 3.069256e-09 0.040653527 0 -1 7.54979e-08 19 11 3 255
0.44802284 3.069256e-09 0.040653527 0 -1 7.54979e-08 0 0 0 255
0.46802282 3.069256e-09 0.040653527 0 -1 7.54979e-08 0 0 0 255
0.48802292 3.069256e-09 0.040653527 0 -1 7.54979e-08 0 0 0 255
0.5080229 3.069256e-09 0.040653527 0 -1 7.54979e-08 0 0 0 255
0.5280229 3.069256e-09 0.040653527 0 -1 7.54979e-08 0 0 0 255
0.54802287 3.069256e-09 0.040653527 0 -1 7.54979e-08 0 0 0 255
0.56802285 3.069256e-09 0.040653527 0 -1 7.54979e-08 0 0 0 255
0.5880228 3.069256e-09 0.040653527 0 -1 7.54979e-08 0 0 0 255
0.6080229 3.069256e-09 0.040653527 0 -1 7.54979e-08 0 0 0 255
0.6280229 3.069256e-09 0.040653527 0 -1 7.54979e-08 0 0 0 255
0.6480229 3.069256e-09 0.040653527 0 -1 7.54979e-08 0 0 0 255
0.6680229 3.069256e-09 0.040653527 0 -1 7.54979e-08 0 0 0 255
-1.0119771 4.5792126e-09 0.060653508 0 -1 7.54979e-08 58 39 26 255
-0.9919771 4.5792126e-09 0.060653508 0 -1 7.54979e-08 127 85 58 255
-0.9719771 4.5792126e-09 0.060653508 0 -1 7.54979e-08 206 138 96 255
-0.9519771 4.5792126e-09 0.060653508 0 -1 7.54979e-08 240 165 118 255
-0.9319771 4.5792126e-09 0.060653508 0 -1 7.54979e-08 247 179 139 255
-0.91197705 4.5792126e-09 0.060653508 0 -1 7.54979e-08 247 181 141 255
-0.8919771 4.5792126e-09 0.060653508 0 -1 7.54979e-08 247 184 149 255
-0.8719771 4.5792126e-09 0.060653508 0 -1 7.54979e-08 247 183 146 255
-0.8519771 4.5792126e-09 0.060653508 0 -1 7.54979e-08 247 182 144 255
-0.8319771 4.5792126e-09 0.060653508 0 -1 7.54979e-08 247 182 144 255
-0.8119771 4.5792126e-09 0.060653508 0 -1 7.54979e-08 247 176 132 255
-0.79197705 4.5792126e-09 0.060653508 0 -1 7.54979e-08 247 176 132 255
-0.77197707 4.5792126e-09 0.060653508 0 -1 7.54979e-08 246 171 124 255
-0.7519771 4.5792126e-09 0.060653508 0 -1 7.54979e-08 243 168 121 255
-0.7319771 4.5792126e-09 0.060653508 0 -1 7.54979e-08 234 159 112 255
-0.7119771 4.5792126e-09 0.060653508 0 -1 7.54979e-08 237 162 115 255
-0.6919771 4.5792126e-09 0.060653508 0 -1 7.54979e-08 232 157 110 255
-0.6719771 4.5792126e-09 0.060653508 0 -1 7.54979e-08 231 156 109 255
-0.65197706 4.5792126e-09 0.060653508 0 -1 7.54979e-08 224 149 102 255
-0.6319771 4.5792126e-09 0.060653508 0 -1 7.54979e-08 219 144 97 255
-0.6119771 4.5792126e-09 0.060653508 0 -1 7.54979e-08 218 144 96 255
-0.5919771 4.5792126e-09 0.060653508 0 -1 7.54979e-08 190 122 75 255
-0.5719771 4.5792126e-09 0.060653508 0 -1 7.54979e-08 178 113 68 255
-0.5519771 4.5792126e-09 0.060653508 0 -1 7.54979e-08 168 107 64 255
-0.5319771 4.5792126e-09 0.060653508 0 -1 7.54979e-08 163 105 62 255
-0.5119771 4.5792126e-09 0.060653508 0 -1 7.54979e-08 164 105 62 255
-0.4919771 4.5792126e-09 0.060653508 0 -1 7.54979e-08 168 107 64 255
-0.4719771 4.5792126e-09 0.060653508 0 -1 7.54979e-08 175 112 67 255
-0.45197707 4.5792126e-09 0.060653508 0 -1 7.54979e-08 139 89 50 255
-0.4319771 4.5792126e-09 0.060653508 0 -1 7.54979e-08 71 53 24 255
-0.4119771 4.5792126e-09 0.060653508 0 -1 7.54979e-08 52 40 17 255
-0.39197707 4.5792126e-09 0.060653508 0 -1 7.54979e-08 47 37 15 255
-0.3719771 4.5792126e-09 0.060653508 0 -1 7.54979e-08 38 30 11 255
-0.3519771 4.5792126e-09 0.060653508 0 -1 7.54979e-08 21 16 6 255
-0.33197713 4.5792126e-09 0.060653508 0 -1 7.54979e-08 44 34 13 255
-0.3119771 4.5792126e-09 0.060653508 0 -1 7.54979e-08 47 36 14 255
-0.2919771 4.5792126e-09 0.060653508 0 -1 7.54979e-08 39 31 11 255
-0.27197713 4.5792126e-09 0.060653508 0 -1 7.54979e-08 24 19 7 255
-0.2519771 4.5792126e-09 0.060653508 0 -1 7.54979e-08 0 0 0 255
-0.2319771 4.5792126e-09 0.060653508 0 -1 7.54979e-08 0 0 0 255
-0.21197712 4.5792126e-09 0.060653508 0 -1 7.54979e-08 0 0 0 255
-0.19197708 4.5792126e-09 0.060653508 0 -1 7.54979e-08 0 0 0 255
-0.1719771 4.5792126e-09 0.060653508 0 -1 7.54979e-08 0 0 0 255
-0.15197712 4.5792126e-09 0.060653508 0 -1 7.54979e-08 0 0 0 255
-0.13197708 4.5792126e-09 0.060653508 0 -1 7.54979e-08 3 9 1 255
-0.1119771 4.5792126e-09 0.060653508 0 -1 7.54979e-08 17 18 5 255
-0.09197712 4.5792126e-09 0.060653508 0 -1 7.54979e-08 36 28 10 255
-0.07197714 4.5792126e-09 0.060653508 0 -1 7.54979e-08 58 42 19 255
-0.051977158 4.5792126e-09 0.060653508 0 -1 7.54979e-08 23 15 5 255
-0.031977057 4.5792126e-09 0.060653508 0 -1 7.54979e-08 26 18 7 255
-0.0119770765 4.5792126e-09 0.060653508 0 -1 7.54979e-08 25 17 6 255
0.008022904 4.5792126e-09 0.060653508 0 -1 7.54979e-08 27 19 7 255
0.028022885 4.5792126e-09 0.060653508 0 -1 7.54979e-08 31 23 8 255
0.048022866 4.5792126e-09 0.060653508 0 -1 7.54979e-08 20 12 4 255
0.06802285 4.5792126e-09 0.060653508 0 -1 7.54979e-08 24 16 6 255
0.08802295 4.5792126e-09 0.060653508 0 -1 7.54979e-08 36 26 11 255
0.10802293 4.5792126e-09 0.060653508 0 -1 7.54979e-08 69 51 31 255
0.12802291 4.5792126e-09 0.060653508 0 -1 7.54979e-08 74 55 38 255
0.14802289 4.5792126e-09 0.060653508 0 -1 7.54979e-08 50 37 19 255
0.16802287 4.5792126e-09 0.060653508 0 -1 7.54979e-08 82 63 38 255
0.18802285 4.5792126e-09 0.060653508 0 -1 7.54979e-08 65 49 25 255
0.20802283 4.5792126e-09 0.060653508 0 -1 7.54979e-08 112 89 62 255
0.22802293 4.5792126e-09 0.060653508 0 -1 7.54979e-08 122 98 66 255
0.24802291 4.5792126e-09 0.060653508 0 -1 7.54979e-08 149 126 98 255
0.2680229 4.5792126e-09 0.060653508 0 -1 7.54979e-08 140 117 92 255
0.28802288 4.5792126e-09 0.060653508 0 -1 7.54979e-08 131 107 75 255
0.30802286 4.5792126e-09 0.060653508 0 -1 7.54979e-08 74 54 30 255
0.32802284 4.5792126e-09 0.060653508 0 -1 7.54979e-08 45 37 14 255
0.34802294 4.5792126e-09 0.060653508 0 -1 7.54979e-08 40 32 12 255
0.36802292 4.5792126e-09 0.060653508 0 -1 7.54979e-08 35 27 10 255
0.3880229 4.5792126e-09 0.060653508 0 -1 7.54979e-08 27 19 7 255
0.40802288 4.5792126e-09 0.060653508 0 -1 7.54979e-08 27 19 7 255
0.42802286 4.5792126e-09 0.060653508 0 -1 7.54979e-08 19 11 3 255
0.44802284 4.5792126e-09 0.060653508 0 -1 7.54979e-08 0 0 0 255
0.46802282 4.5792126e-09 0.060653508 0 -1 7.54979e-08 0 0 0 255
0.48802292 4.5792126e-09 0.060653508 0 -1 7.54979e-08 0 0 0 255
0.5080229 4.5792126e-09 0.060653508 0 -1 7.54979e-08 0 0 0 255
0.5280229 4.5792126e-09 0.060653508 0 -1 7.54979e-08 0 0 0 255
0.54802287 4.5792126e-09 0.060653508 0 -1 7.54979e-08 0 0 0 255
0.56802285 4.5792126e-09 0.060653508 0 -1 7.54979e-08 0 0 0 255
0.5880228 4.5792126e-09 0.060653508 0 -1 7.54979e-08 0 0 0 255
0.6080229 4.5792126e-09 0.060653508 0 -1 7.54979e-08 0 0 0 255
0.6280229 4.5792126e-09 0.060653508 0 -1 7.54979e-08 0 0 0 255
0.6480229 4.5792126e-09 0.060653508 0 -1 7.54979e-08 0 0 0 255
0.6680229 4.5792126e-09 0.060653508 0 -1 7.54979e-08 0 0 0 255
-0.9919771 6.089169e-09 0.08065349 0 -1 7.54979e-08 0 0 0 255
-0.9719771 6.089169e-09 0.08065349 0 -1 7.54979e-08 101 67 46 255
-0.9519771 6.089169e-09 0.08065349 0 -1 7.54979e-08 222 149 103 255
-0.9319771 6.089169e-09 0.08065349 0 -1 7.54979e-08 241 167 119 255
-0.91197705 6.089169e-09 0.08065349 0 -1 7.54979e-08 247 175 131 255
-0.8919771 6.089169e-09 0.08065349 0 -1 7.54979e-08 247 181 143 255
-0.8719771 6.089169e-09 0.08065349 0 -1 7.54979e-08 247 182 145 255
-0.8519771 6.089169e-09 0.08065349 0 -1 7.54979e-08 247 184 149 255
-0.8319771 6.089169e-09 0.08065349 0 -1 7.54979e-08 247 184 149 255
-0.8119771 6.089169e-09 0.08065349 0 -1 7.54979e-08 247 182 144 255
-0.79197705 6.089169e-09 0.08065349 0 -1 7.54979e-08 247 176 132 255
-0.77197707 6.089169e-09 0.08065349 0 -1 7.54979e-08 247 176 132 255
-0.7519771 6.089169e-09 0.08065349 0 -1 7.54979e-08 247 174 128 255
-0.7319771 6.089169e-09 0.08065349 0 -1 7.54979e-08 244 169 122 255
-0.7119771 6.089169e-09 0.08065349 0 -1 7.54979e-08 244 169 122 255
-0.6919771 6.089169e-09 0.08065349 0 -1 7.54979e-08 232 157 110 255
-0.6719771 6.089169e-09 0.08065349 0 -1 7.54979e-08 231 156 109 255
-0.65197706 6.089169e-09 0.08065349 0 -1 7.54979e-08 227 152 105 255
-0.6319771 6.089169e-09 0.08065349 0 -1 7.54979e-08 226 151 104 255
-0.6119771 6.089169e-09 0.08065349 0 -1 7.54979e-08 212 137 90 255
-0.5919771 6.089169e-09 0.08065349 0 -1 7.54979e-08 193 122 75 255
-0.5719771 6.089169e-09 0.08065349 0 -1 7.54979e-08 184 117 70 255
-0.5519771 6.089169e-09 0.08065349 0 -1 7.54979e-08 176 112 67 255
-0.5319771 6.089169e-09 0.08065349 0 -1 7.54979e-08 167 107 63 255
-0.5119771 6.089169e-09 0.08065349 0 -1 7.54979e-08 167 107 63 255
-0.4919771 6.089169e-09 0.08065349 0 -1 7.54979e-08 174 111 67 255
-0.4719771 6.089169e-09 0.08065349 0 -1 7.54979e-08 176 113 67 255
-0.45197707 6.089169e-09 0.08065349 0 -1 7.54979e-08 112 74 39 255
-0.4319771 6.089169e-09 0.08065349 0 -1 7.54979e-08 72 53 24 255
-0.4119771 6.089169e-09 0.08065349 0 -1 7.54979e-08 42 34 13 255
-0.39197707 6.089169e-09 0.08065349 0 -1 7.54979e-08 39 31 11 255
-0.3719771 6.089169e-09 0.08065349 0 -1 7.54979e-08 32 24 9 255
-0.3519771 6.089169e-09 0.08065349 0 -1 7.54979e-08 36 28 10 255
-0.33197713 6.089169e-09 0.08065349 0 -1 7.54979e-08 56 41 18 255
-0.3119771 6.089169e-09 0.08065349 0 -1 7.54979e-08 57 42 18 255
-0.2919771 6.089169e-09 0.08065349 0 -1 7.54979e-08 39 31 11 255
-0.27197713 6.089169e-09 0.08065349 0 -1 7.54979e-08 24 19 7 255
-0.2519771 6.089169e-09 0.08065349 0 -1 7.54979e-08 0 0 0 255
-0.2319771 6.089169e-09 0.08065349 0 -1 7.54979e-08 0 0 0 255
-0.21197712 6.089169e-09 0.08065349 0 -1 7.54979e-08 0 0 0 255
-0.19197708 6.089169e-09 0.08065349 0 -1 7.54979e-08 0 0 0 255
-0.1719771 6.089169e-09 0.08065349 0 -1 7.54979e-08 0 0 0 255
-0.15197712 6.089169e-09 0.08065349 0 -1 7.54979e-08 1 2 0 255
-0.13197708 6.089169e-09 0.08065349 0 -1 7.54979e-08 5 13 2 255
-0.1119771 6.089169e-09 0.08065349 0 -1 7.54979e-08 2 6 1 255
-0.09197712 6.089169e-09 0.08065349 0 -1 7.54979e-08 32 25 9 255
-0.07197714 6.089169e-09 0.08065349 0 -1 7.54979e-08 58 42 19 255
-0.051977158 6.089169e-09 0.08065349 0 -1 7.54979e-08 27 19 7 255
-0.031977057 6.089169e-09 0.08065349 0 -1 7.54979e-08 24 17 6 255
-0.0119770765 6.089169e-09 0.08065349 0 -1 7.54979e-08 23 15 5 255
0.008022904 6.089169e-09 0.08065349 0 -1 7.54979e-08 27 19 7 255
0.028022885 6.089169e-09 0.08065349 0 -1 7.54979e-08 36 28 10 255
0.048022866 6.089169e-09 0.08065349 0 -1 7.54979e-08 20 12 4 255
0.06802285 6.089169e-09 0.08065349 0 -1 7.54979e-08 20 12 4 255
0.08802295 6.089169e-09 0.08065349 0 -1 7.54979e-08 36 26 11 255
0.10802293 6.089169e-09 0.08065349 0 -1 7.54979e-08 75 57 36 255
0.12802291 6.089169e-09 0.08065349 0 -1 7.54979e-08 75 57 36 255
0.14802289 6.089169e-09 0.08065349 0 -1 7.54979e-08 59 50 27 255
0.16802287 6.089169e-09 0.08065349 0 -1 7.54979e-08 94 84 61 255
0.18802285 6.089169e-09 0.08065349 0 -1 7.54979e-08 59 46 22 255
0.20802283 6.089169e-09 0.08065349 0 -1 7.54979e-08 121 98 66 255
0.22802293 6.089169e-09 0.08065349 0 -1 7.54979e-08 128 104 71 255
0.24802291 6.089169e-09 0.08065349 0 -1 7.54979e-08 148 124 97 255
0.2680229 6.089169e-09 0.08065349 0 -1 7.54979e-08 136 112 83 255
0.28802288 6.089169e-09 0.08065349 0 -1 7.54979e-08 125 101 69 255
0.30802286 6.089169e-09 0.08065349 0 -1 7.54979e-08 74 54 30 255
0.32802284 6.089169e-09 0.08065349 0 -1 7.54979e-08 45 37 14 255
0.34802294 6.089169e-09 0.08065349 0 -1 7.54979e-08 39 31 11 255
0.36802292 6.089169e-09 0.08065349 0 -1 7.54979e-08 33 25 9 255
0.3880229 6.089169e-09 0.08065349 0 -1 7.54979e-08 27 19 7 255
0.40802288 6.089169e-09 0.08065349 0 -1 7.54979e-08 27 19 7 255
0.42802286 6.089169e-09 0.08065349 0 -1 7.54979e-08 19 11 3 255
0.44802284 6.089169e-09 0.08065349 0 -1 7.54979e-08 0 0 0 255
0.46802282 6.089169e-09 0.08065349 0 -1 7.54979e-08 0 0 0 255
0.48802292 6.089169e-09 0.08065349 0 -1 7.54979e-08 0 0 0 255
0.5080229 6.089169e-09 0.08065349 0 -1 7.54979e-08 0 0 0 255
0.5280229 6.089169e-09 0.08065349 0 -1 7.54979e-08 0 0 0 255
0.54802287 6.089169e-09 0.08065349 0 -1 7.54979e-08 0 0 0 255
0.56802285 6.089169e-09 0.08065349 0 -1 7.54979e-08 0 0 0 255
0.5880228 6.089169e-09 0.08065349 0 -1 7.54979e-08 0 0 0 255
0.6080229 6.089169e-09 0.08065349 0 -1 7.54979e-08 0 0 0 255
0.6280229 6.089169e-09 0.08065349 0 -1 7.54979e-08 0 0 0 255
0.6480229 6.089169e-09 0.08065349 0 -1 7.54979e-08 0 0 0 255
0.6680229 6.089169e-09 0.08065349 0 -1 7.54979e-08 0 0 0 255
-0.9719771 7.59913e-09 0.10065353 0 -1 7.54979e-08 0 0 0 255
-0.9519771 7.59913e-09 0.10065353 0 -1 7.54979e-08 124 82 56 255
-0.9319771 7.59913e-09 0.10065353 0 -1 7.54979e-08 230 155 108 255
-0.91197705 7.59913e-09 0.10065353 0 -1 7.54979e-08 243 169 123 255
-0.8919771 7.59913e-09 0.10065353 0 -1 7.54979e-08 247 177 133 255
-0.8719771 7.59913e-09 0.10065353 0 -1 7.54979e-08 247 180 140 255
-0.8519771 7.59913e-09 0.10065353 0 -1 7.54979e-08 247 183 146 255
-0.8319771 7.59913e-09 0.10065353 0 -1 7.54979e-08 247 183 146 255
-0.8119771 7.59913e-09 0.10065353 0 -1 7.54979e-08 247 183 146 255
-0.79197705 7.59913e-09 0.10065353 0 -1 7.54979e-08 247 182 144 255
-0.77197707 7.59913e-09 0.10065353 0 -1 7.54979e-08 247 179 139 255
-0.7519771 7.59913e-09 0.10065353 0 -1 7.54979e-08 247 176 133 255
-0.7319771 7.59913e-09 0.10065353 0 -1 7.54979e-08 247 173 127 255
-0.7119771 7.59913e-09 0.10065353 0 -1 7.54979e-08 243 169 121 255
-0.6919771 7.59913e-09 0.10065353 0 -1 7.54979e-08 235 160 113 255
-0.6719771 7.59913e-09 0.10065353 0 -1 7.54979e-08 232 157 110 255
-0.65197706 7.59913e-09 0.10065353 0 -1 7.54979e-08 232 157 110 255
-0.6319771 7.59913e-09 0.10065353 0 -1 7.54979e-08 222 147 100 255
-0.6119771 7.59913e-09 0.10065353 0 -1 7.54979e-08 206 131 84 255
-0.5919771 7.59913e-09 0.10065353 0 -1 7.54979e-08 201 126 79 255
-0.5719771 7.59913e-09 0.10065353 0 -1 7.54979e-08 191 121 73 255
-0.5519771 7.59913e-09 0.10065353 0 -1 7.54979e-08 183 117 70 255
-0.5319771 7.59913e-09 0.10065353 0 -1 7.54979e-08 174 111 66 255
-0.5119771 7.59913e-09 0.10065353 0 -1 7.54979e-08 166 106 63 255
-0.4919771 7.59913e-09 0.10065353 0 -1 7.54979e-08 181 115 69 255
-0.4719771 7.59913e-09 0.10065353 0 -1 7.54979e-08 161 103 61 255
-0.45197707 7.59913e-09 0.10065353 0 -1 7.54979e-08 98 66 34 255
-0.4319771 7.59913e-09 0.10065353 0 -1 7.54979e-08 67 48 22 255
-0.4119771 7.59913e-09 0.10065353 0 -1 7.54979e-08 39 31 11 255
-0.39197707 7.59913e-09 0.10065353 0 -1 7.54979e-08 37 29 10 255
-0.3719771 7.59913e-09 0.10065353 0 -1 7.54979e-08 33 25 9 255
-0.3519771 7.59913e-09 0.10065353 0 -1 7.54979e-08 43 33 13 255
-0.33197713 7.59913e-09 0.10065353 0 -1 7.54979e-08 57 42 19 255
-0.3119771 7.59913e-09 0.10065353 0 -1 7.54979e-08 50 37 15 255
-0.2919771 7.59913e-09 0.10065353 0 -1 7.54979e-08 40 32 12 255
-0.27197713 7.59913e-09 0.10065353 0 -1 7.54979e-08 29 22 9 255
-0.2519771 7.59913e-09 0.10065353 0 -1 7.54979e-08 0 0 0 255
-0.2319771 7.59913e-09 0.10065353 0 -1 7.54979e-08 0 0 0 255
-0.21197712 7.59913e-09 0.10065353 0 -1 7.54979e-08 0 0 0 255
-0.19197708 7.59913e-09 0.10065353 0 -1 7.54979e-08 0 0 0 255
-0.1719771 7.59913e-09 0.10065353 0 -1 7.54979e-08 0 0 0 255
-0.15197712 7.59913e-09 0.10065353 0 -1 7.54979e-08 1 3 0 255
-0.13197708 7.59913e-09 0.10065353 0 -1 7.54979e-08 4 11 2 255
-0.1119771 7.59913e-09 0.10065353 0 -1 7.54979e-08 1 3 0 255
-0.09197712 7.59913e-09 0.10065353 0 -1 7.54979e-08 32 25 9 255
-0.07197714 7.59913e-09 0.10065353 0 -1 7.54979e-08 58 42 19 255
-0.051977158 7.59913e-09 0.10065353 0 -1 7.54979e-08 28 20 7 255
-0.031977057 7.59913e-09 0.10065353 0 -1 7.54979e-08 28 20 7 255
-0.0119770765 7.59913e-09 0.10065353 0 -1 7.54979e-08 25 17 6 255
0.008022904 7.59913e-09 0.10065353 0 -1 7.54979e-08 29 21 8 255
0.028022885 7.59913e-09 0.10065353 0 -1 7.54979e-08 36 28 10 255
0.048022866 7.59913e-09 0.10065353 0 -1 7.54979e-08 20 12 4 255
0.06802285 7.59913e-09 0.10065353 0 -1 7.54979e-08 19 12 4 255
0.08802295 7.59913e-09 0.10065353 0 -1 7.54979e-08 34 24 10 255
0.10802293 7.59913e-09 0.10065353 0 -1 7.54979e-08 75 57 35 255
0.12802291 7.59913e-09 0.10065353 0 -1 7.54979e-08 75 57 35 255
0.14802289 7.59913e-09 0.10065353 0 -1 7.54979e-08 62 55 34 255
0.16802287 7.59913e-09 0.10065353 0 -1 7.54979e-08 104 97 69 255
0.18802285 7.59913e-09 0.10065353 0 -1 7.54979e-08 48 39 17 255
0.20802283 7.59913e-09 0.10065353 0 -1 7.54979e-08 121 98 66 255
0.22802293 7.59913e-09 0.10065353 0 -1 7.54979e-08 123 99 67 255
0.24802291 7.59913e-09 0.10065353 0 -1 7.54979e-08 131 107 78 255
0.2680229 7.59913e-09 0.10065353 0 -1 7.54979e-08 114 91 62 255
0.28802288 7.59913e-09 0.10065353 0 -1 7.54979e-08 126 103 70 255
0.30802286 7.59913e-09 0.10065353 0 -1 7.54979e-08 73 54 30 255
0.32802284 7.59913e-09 0.10065353 0 -1 7.54979e-08 42 35 13 255
0.34802294 7.59913e-09 0.10065353 0 -1 7.54979e-08 39 31 11 255
0.36802292 7.59913e-09 0.10065353 0 -1 7.54979e-08 33 25 9 255
0.3880229 7.59913e-09 0.10065353 0 -1 7.54979e-08 27 19 7 255
0.40802288 7.59913e-09 0.10065353 0 -1 7.54979e-08 27 19 7 255
0.42802286 7.59913e-09 0.10065353 0 -1 7.54979e-08 19 11 3 255
0.44802284 7.59913e-09 0.10065353 0 -1 7.54979e-08 0 0 0 255
0.46802282 7.59913e-09 0.10065353 0 -1 7.54979e-08 0 0 0 255
0.48802292 7.59913e-09 0.10065353 0 -1 7.54979e-08 0 0 0 255
0.5080229 7.59913e-09 0.10065353 0 -1 7.54979e-08 0 0 0 255
0.5280229 7.59913e-09 0.10065353 0 -1 7.54979e-08 0 0 0 255
0.54802287 7.59913e-09 0.10065353 0 -1 7.54979e-08 0 0 0 255
0.56802285 7.59913e-09 0.10065353 0 -1 7.54979e-08 0 0 0 255
0.5880228 7.59913e-09 0.10065353 0 -1 7.54979e-08 0 0 0 255
0.6080229 7.59913e-09 0.10065353 0 -1 7.54979e-08 0 0 0 255
0.6280229 7.59913e-09 0.10065353 0 -1 7.54979e-08 0 0 0 255
0.6480229 7.59913e-09 0.10065353 0 -1 7.54979e-08 0 0 0 255
0.6680229 7.59913e-09 0.10065353 0 -1 7.54979e-08 0 0 0 255
-0.9519771 9.109087e-09 0.12065351 0 -1 7.54979e-08 0 0 0 255
-0.9319771 9.109087e-09 0.12065351 0 -1 7.54979e-08 144 96 65 255
-0.91197705 9.109087e-09 0.12065351 0 -1 7.54979e-08 232 157 110 255
-0.8919771 9.109087e-09 0.12065351 0 -1 7.54979e-08 244 171 126 255
-0.8719771 9.109087e-09 0.12065351 0 -1 7.54979e-08 247 177 135 255
-0.8519771 9.109087e-09 0.12065351 0 -1 7.54979e-08 247 180 139 255
-0.8319771 9.109087e-09 0.12065351 0 -1 7.54979e-08 247 178 135 255
-0.8119771 9.109087e-09 0.12065351 0 -1 7.54979e-08 247 178 135 255
-0.79197705 9.109087e-09 0.12065351 0 -1 7.54979e-08 247 182 145 255
-0.77197707 9.109087e-09 0.12065351 0 -1 7.54979e-08 247 179 137 255
-0.7519771 9.109087e-09 0.12065351 0 -1 7.54979e-08 247 178 137 255
-0.7319771 9.109087e-09 0.12065351 0 -1 7.54979e-08 247 175 130 255
-0.7119771 9.109087e-09 0.12065351 0 -1 7.54979e-08 247 173 125 255
-0.6919771 9.109087e-09 0.12065351 0 -1 7.54979e-08 242 168 120 255
-0.6719771 9.109087e-09 0.12065351 0 -1 7.54979e-08 237 162 115 255
-0.65197706 9.109087e-09 0.12065351 0 -1 7.54979e-08 230 155 108 255
-0.6319771 9.109087e-09 0.12065351 0 -1 7.54979e-08 223 148 101 255
-0.6119771 9.109087e-09 0.12065351 0 -1 7.54979e-08 214 139 92 255
-0.5919771 9.109087e-09 0.12065351 0 -1 7.54979e-08 205 130 83 255
-0.5719771 9.109087e-09 0.12065351 0 -1 7.54979e-08 200 125 78 255
-0.5519771 9.109087e-09 0.12065351 0 -1 7.54979e-08 184 117 70 255
-0.5319771 9.109087e-09 0.12065351 0 -1 7.54979e-08 176 112 67 255
-0.5119771 9.109087e-09 0.12065351 0 -1 7.54979e-08 170 108 65 255
-0.4919771 9.109087e-09 0.12065351 0 -1 7.54979e-08 181 114 69 255
-0.4719771 9.109087e-09 0.12065351 0 -1 7.54979e-08 145 93 54 255
-0.45197707 9.109087e-09 0.12065351 0 -1 7.54979e-08 108 70 37 255
-0.4319771 9.109087e-09 0.12065351 0 -1 7.54979e-08 67 48 22 255
-0.4119771 9.109087e-09 0.12065351 0 -1 7.54979e-08 37 30 11 255
-0.39197707 9.109087e-09 0.12065351 0 -1 7.54979e-08 38 28 11 255
-0.3719771 9.109087e-09 0.12065351 0 -1 7.54979e-08 48 36 15 255
-0.3519771 9.109087e-09 0.12065351 0 -1 7.54979e-08 60 44 19 255
-0.33197713 9.109087e-09 0.12065351 0 -1 7.54979e-08 59 43 19 255
-0.3119771 9.109087e-09 0.12065351 0 -1 7.54979e-08 39 31 11 255
-0.2919771 9.109087e-09 0.12065351 0 -1 7.54979e-08 43 34 13 255
-0.27197713 9.109087e-09 0.12065351 0 -1 7.54979e-08 37 27 12 255
-0.2519771 9.109087e-09 0.12065351 0 -1 7.54979e-08 0 0 0 255
-0.2319771 9.109087e-09 0.12065351 0 -1 7.54979e-08 0 0 0 255
-0.21197712 9.109087e-09 0.12065351 0 -1 7.54979e-08 0 0 0 255
-0.19197708 9.109087e-09 0.12065351 0 -1 7.54979e-08 0 0 0 255
-0.1719771 9.109087e-09 0.12065351 0 -1 7.54979e-08 0 0 0 255
-0.15197712 9.109087e-09 0.12065351 0 -1 7.54979e-08 0 0 0 255
-0.13197708 9.109087e-09 0.12065351 0 -1 7.54979e-08 0 0 0 255
-0.1119771 9.109087e-09 0.12065351 0 -1 7.54979e-08 0 0 0 255
-0.09197712 9.109087e-09 0.12065351 0 -1 7.54979e-08 32 25 9 255
-0.07197714 9.109087e-09 0.12065351 0 -1 7.54979e-08 58 42 19 255
-0.051977158 9.109087e-09 0.12065351 0 -1 7.54979e-08 28 21 8 255
-0.031977057 9.109087e-09 0.12065351 0 -1 7.54979e-08 33 25 9 255
-0.0119770765 9.109087e-09 0.12065351 0 -1 7.54979e-08 28 20 7 255
0.008022904 9.109087e-09 0.12065351 0 -1 7.54979e-08 31 23 9 255
0.028022885 9.109087e-09 0.12065351 0 -1 7.54979e-08 39 31 11 255
0.048022866 9.109087e-09 0.12065351 0 -1 7.54979e-08 20 12 4 255
0.06802285 9.109087e-09 0.12065351 0 -1 7.54979e-08 19 11 3 255
0.08802295 9.109087e-09 0.12065351 0 -1 7.54979e-08 30 20 8 255
0.10802293 9.109087e-09 0.12065351 0 -1 7.54979e-08 58 44 21 255
0.12802291 9.109087e-09 0.12065351 0 -1 7.54979e-08 58 44 21 255
0.14802289 9.109087e-09 0.12065351 0 -1 7.54979e-08 74 55 37 255
0.16802287 9.109087e-09 0.12065351 0 -1 7.54979e-08 104 82 57 255
0.18802285 9.109087e-09 0.12065351 0 -1 7.54979e-08 51 39 17 255
0.20802283 9.109087e-09 0.12065351 0 -1 7.54979e-08 124 101 68 255
0.22802293 9.109087e-09 0.12065351 0 -1 7.54979e-08 128 105 72 255
0.24802291 9.109087e-09 0.12065351 0 -1 7.54979e-08 123 99 68 255
0.2680229 9.109087e-09 0.12065351 0 -1 7.54979e-08 96 75 47 255
0.28802288 9.109087e-09 0.12065351 0 -1 7.54979e-08 116 95 66 255
0.30802286 9.109087e-09 0.12065351 0 -1 7.54979e-08 73 54 30 255
0.32802284 9.109087e-09 0.12065351 0 -1 7.54979e-08 39 31 11 255
0.34802294 9.109087e-09 0.12065351 0 -1 7.54979e-08 39 31 11 255
0.36802292 9.109087e-09 0.12065351 0 -1 7.54979e-08 33 25 9 255
0.3880229 9.109087e-09 0.12065351 0 -1 7.54979e-08 27 19 7 255
0.40802288 9.109087e-09 0.12065351 0 -1 7.54979e-08 27 19 7 255
0.42802286 9.109087e-09 0.12065351 0 -1 7.54979e-08 19 11 3 255
0.44802284 9.109087e-09 0.12065351 0 -1 7.54979e-08 0 0 0 255
0.46802282 9.109087e-09 0.12065351 0 -1 7.54979e-08 0 0 0 255
0.48802292 9.109087e-09 0.12065351 0 -1 7.54979e-08 0 0 0 255
0.5080229 9.109087e-09 0.12065351 0 -1 7.54979e-08 0 0 0 255
0.5280229 9.109087e-09 0.12065351 0 -1 7.54979e-08 0 0 0 255
0.54802287 9.109087e-09 0.12065351 0 -1 7.54979e-08 0 0 0 255
0.56802285 9.109087e-09 0.12065351 0 -1 7.54979e-08 0 0 0 255
0.5880228 9.109087e-09 0.12065351 0 -1 7.54979e-08 0 0 0 255
0.6080229 9.109087e-09 0.12065351 0 -1 7.54979e-08 0 0 0 255
0.6280229 9.109087e-09 0.12065351 0 -1 7.54979e-08 0 0 0 255
0.6480229 9.109087e-09 0.12065351 0 -1 7.54979e-08 0 0 0 255
0.6680229 9.109087e-09 0.12065351 0 -1 7.54979e-08 0 0 0 255
-0.9319771 1.0619048e-08 0.14065355 0 -1 7.54979e-08 13 8 6 255
-0.91197705 1.0619048e-08 0.14065355 0 -1 7.54979e-08 160 107 73 255
-0.8919771 1.0619048e-08 0.14065355 0 -1 7.54979e-08 234 159 112 255
-0.8719771 1.0619048e-08 0.14065355 0 -1 7.54979e-08 245 170 123 255
-0.8519771 1.0619048e-08 0.14065355 0 -1 7.54979e-08 247 179 139 255
-0.8319771 1.0619048e-08 0.14065355 0 -1 7.54979e-08 247 178 135 255
-0.8119771 1.0619048e-08 0.14065355 0 -1 7.54979e-08 247 177 134 255
-0.79197705 1.0619048e-08 0.14065355 0 -1 7.54979e-08 247 178 137 255
-0.77197707 1.0619048e-08 0.14065355 0 -1 7.54979e-08 247 182 144 255
-0.7519771 1.0619048e-08 0.14065355 0 -1 7.54979e-08 247 181 142 255
-0.7319771 1.0619048e-08 0.14065355 0 -1 7.54979e-08 247 177 134 255
-0.7119771 1.0619048e-08 0.14065355 0 -1 7.54979e-08 247 173 126 255
-0.6919771 1.0619048e-08 0.14065355 0 -1 7.54979e-08 247 173 125 255
-0.6719771 1.0619048e-08 0.14065355 0 -1 7.54979e-08 245 170 123 255
-0.65197706 1.0619048e-08 0.14065355 0 -1 7.54979e-08 234 159 112 255
-0.6319771 1.0619048e-08 0.14065355 0 -1 7.54979e-08 229 154 107 255
-0.6119771 1.0619048e-08 0.14065355 0 -1 7.54979e-08 222 147 100 255
-0.5919771 1.0619048e-08 0.14065355 0 -1 7.54979e-08 212 138 90 255
-0.5719771 1.0619048e-08 0.14065355 0 -1 7.54979e-08 200 125 78 255
-0.5519771 1.0619048e-08 0.14065355 0 -1 7.54979e-08 179 114 68 255
-0.5319771 1.0619048e-08 0.14065355 0 -1 7.54979e-08 174 110 67 255
-0.5119771 1.0619048e-08 0.14065355 0 -1 7.54979e-08 172 110 66 255
-0.4919771 1.0619048e-08 0.14065355 0 -1 7.54979e-08 160 102 60 255
-0.4719771 1.0619048e-08 0.14065355 0 -1 7.54979e-08 130 83 47 255
-0.45197707 1.0619048e-08 0.14065355 0 -1 7.54979e-08 105 70 36 255
-0.4319771 1.0619048e-08 0.14065355 0 -1 7.54979e-08 63 46 20 255
-0.4119771 1.0619048e-08 0.14065355 0 -1 7.54979e-08 41 32 12 255
-0.39197707 1.0619048e-08 0.14065355 0 -1 7.54979e-08 60 43 20 255
-0.3719771 1.0619048e-08 0.14065355 0 -1 7.54979e-08 73 52 24 255
-0.3519771 1.0619048e-08 0.14065355 0 -1 7.54979e-08 67 48 22 255
-0.33197713 1.0619048e-08 0.14065355 0 -1 7.54979e-08 52 39 16 255
-0.3119771 1.0619048e-08 0.14065355 0 -1 7.54979e-08 39 31 11 255
-0.2919771 1.0619048e-08 0.14065355 0 -1 7.54979e-08 50 38 16 255
-0.27197713 1.0619048e-08 0.14065355 0 -1 7.54979e-08 38 29 14 255
-0.2519771 1.0619048e-08 0.14065355 0 -1 7.54979e-08 0 0 0 255
-0.2319771 1.0619048e-08 0.14065355 0 -1 7.54979e-08 0 0 0 255
-0.21197712 1.0619048e-08 0.14065355 0 -1 7.54979e-08 0 0 0 255
-0.19197708 1.0619048e-08 0.14065355 0 -1 7.54979e-08 0 0 0 255
-0.1719771 1.0619048e-08 0.14065355 0 -1 7.54979e-08 0 0 0 255
-0.15197712 1.0619048e-08 0.14065355 0 -1 7.54979e-08 0 0 0 255
-0.13197708 1.0619048e-08 0.14065355 0 -1 7.54979e-08 1 3 0 255
-0.1119771 1.0619048e-08 0.14065355 0 -1 7.54979e-08 1 2 0 255
-0.09197712 1.0619048e-08 0.14065355 0 -1 7.54979e-08 32 25 9 255
-0.07197714 1.0619048e-08 0.14065355 0 -1 7.54979e-08 58 42 19 255
-0.051977158 1.0619048e-08 0.14065355 0 -1 7.54979e-08 28 21 8 255
-0.031977057 1.0619048e-08 0.14065355 0 -1 7.54979e-08 33 25 9 255
-0.0119770765 1.0619048e-08 0.14065355 0 -1 7.54979e-08 28 20 7 255
0.008022904 1.0619048e-08 0.14065355 0 -1 7.54979e-08 34 26 10 255
0.028022885 1.0619048e-08 0.14065355 0 -1 7.54979e-08 41 33 12 255
0.048022866 1.0619048e-08 0.14065355 0 -1 7.54979e-08 20 13 4 255
0.06802285 1.0619048e-08 0.14065355 0 -1 7.54979e-08 19 11 3 255
0.08802295 1.0619048e-08 0.14065355 0 -1 7.54979e-08 32 22 10 255
0.10802293 1.0619048e-08 0.14065355 0 -1 7.54979e-08 62 47 28 255
0.12802291 1.0619048e-08 0.14065355 0 -1 7.54979e-08 59 44 23 255
0.14802289 1.0619048e-08 0.14065355 0 -1 7.54979e-08 76 58 36 255
0.16802287 1.0619048e-08 0.14065355 0 -1 7.54979e-08 78 59 42 255
0.18802285 1.0619048e-08 0.14065355 0 -1 7.54979e-08 58 45 21 255
0.20802283 1.0619048e-08 0.14065355 0 -1 7.54979e-08 127 103 70 255
0.22802293 1.0619048e-08 0.14065355 0 -1 7.54979e-08 119 97 67 255
0.24802291 1.0619048e-08 0.14065355 0 -1 7.54979e-08 124 101 71 255
0.2680229 1.0619048e-08 0.14065355 0 -1 7.54979e-08 117 94 68 255
0.28802288 1.0619048e-08 0.14065355 0 -1 7.54979e-08 105 83 59 255
0.30802286 1.0619048e-08 0.14065355 0 -1 7.54979e-08 60 45 23 255
0.32802284 1.0619048e-08 0.14065355 0 -1 7.54979e-08 39 31 11 255
0.34802294 1.0619048e-08 0.14065355 0 -1 7.54979e-08 39 31 11 255
0.36802292 1.0619048e-08 0.14065355 0 -1 7.54979e-08 35 27 10 255
0.3880229 1.0619048e-08 0.14065355 0 -1 7.54979e-08 28 21 8 255
0.40802288 1.0619048e-08 0.14065355 0 -1 7.54979e-08 27 19 7 255
0.42802286 1.0619048e-08 0.14065355 0 -1 7.54979e-08 19 11 3 255
0.44802284 1.0619048e-08 0.14065355 0 -1 7.54979e-08 0 0 0 255
0.46802282 1.0619048e-08 0.14065355 0 -1 7.54979e-08 0 0 0 255
0.48802292 1.0619048e-08 0.14065355 0 -1 7.54979e-08 0 0 0 255
0.5080229 1.0619048e-08 0.14065355 0 -1 7.54979e-08 0 0 0 255
0.5280229 1.0619048e-08 0.14065355 0 -1 7.54979e-08 0 0 0 255
0.54802287 1.0619048e-08 0.14065355 0 -1 7.54979e-08 0 0 0 255
0.56802285 1.0619048e-08 0.14065355 0 -1 7.54979e-08 0 0 0 255
0.5880228 1.0619048e-08 0.14065355 0 -1 7.54979e-08 0 0 0 255
0.6080229 1.0619048e-08 0.14065355 0 -1 7.54979e-08 0 0 0 255
0.6280229 1.0619048e-08 0.14065355 0 -1 7.54979e-08 0 0 0 255
0.6480229 1.0619048e-08 0.14065355 0 -1 7.54979e-08 0 0 0 255
0.6680229 1.0619048e-08 0.14065355 0 -1 7.54979e-08 0 0 0 255
-0.91197705 1.21290045e-08 0.16065353 0 -1 7.54979e-08 36 23 16 255
-0.8919771 1.21290045e-08 0.16065353 0 -1 7.54979e-08 176 118 81 255
-0.8719771 1.21290045e-08 0.16065353 0 -1 7.54979e-08 236 161 114 255
-0.8519771 1.21290045e-08 0.16065353 0 -1 7.54979e-08 246 176 135 255
-0.8319771 1.21290045e-08 0.16065353 0 -1 7.54979e-08 247 184 148 255
-0.8119771 1.21290045e-08 0.16065353 0 -1 7.54979e-08 247 184 148 255
-0.79197705 1.21290045e-08 0.16065353 0 -1 7.54979e-08 247 179 137 255
-0.77197707 1.21290045e-08 0.16065353 0 -1 7.54979e-08 247 184 148 255
-0.7519771 1.21290045e-08 0.16065353 0 -1 7.54979e-08 247 182 143 255
-0.7319771 1.21290045e-08 0.16065353 0 -1 7.54979e-08 247 180 141 255
-0.7119771 1.21290045e-08 0.16065353 0 -1 7.54979e-08 247 177 135 255
-0.6919771 1.21290045e-08 0.16065353 0 -1 7.54979e-08 247 173 125 255
-0.6719771 1.21290045e-08 0.16065353 0 -1 7.54979e-08 246 172 124 255
-0.65197706 1.21290045e-08 0.16065353 0 -1 7.54979e-08 241 166 119 255
-0.6319771 1.21290045e-08 0.16065353 0 -1 7.54979e-08 235 160 113 255
-0.6119771 1.21290045e-08 0.16065353 0 -1 7.54979e-08 228 154 106 255
-0.5919771 1.21290045e-08 0.16065353 0 -1 7.54979e-08 218 143 96 255
-0.5719771 1.21290045e-08 0.16065353 0 -1 7.54979e-08 200 126 78 255
-0.5519771 1.21290045e-08 0.16065353 0 -1 7.54979e-08 167 107 63 255
-0.5319771 1.21290045e-08 0.16065353 0 -1 7.54979e-08 169 108 64 255
-0.5119771 1.21290045e-08 0.16065353 0 -1 7.54979e-08 158 102 59 255
-0.4919771 1.21290045e-08 0.16065353 0 -1 7.54979e-08 124 81 44 255
-0.4719771 1.21290045e-08 0.16065353 0 -1 7.54979e-08 101 67 34 255
-0.45197707 1.21290045e-08 0.16065353 0 -1 7.54979e-08 75 54 25 255
-0.4319771 1.21290045e-08 0.16065353 0 -1 7.54979e-08 54 41 18 255
-0.4119771 1.21290045e-08 0.16065353 0 -1 7.54979e-08 64 47 21 255
-0.39197707 1.21290045e-08 0.16065353 0 -1 7.54979e-08 82 59 28 255
-0.3719771 1.21290045e-08 0.16065353 0 -1 7.54979e-08 73 52 24 255
-0.3519771 1.21290045e-08 0.16065353 0 -1 7.54979e-08 55 41 17 255
-0.33197713 1.21290045e-08 0.16065353 0 -1 7.54979e-08 40 32 12 255
-0.3119771 1.21290045e-08 0.16065353 0 -1 7.54979e-08 47 36 14 255
-0.2919771 1.21290045e-08 0.16065353 0 -1 7.54979e-08 62 46 21 255
-0.27197713 1.21290045e-08 0.16065353 0 -1 7.54979e-08 42 31 15 255
-0.2519771 1.21290045e-08 0.16065353 0 -1 7.54979e-08 0 0 0 255
-0.2319771 1.21290045e-08 0.16065353 0 -1 7.54979e-08 0 0 0 255
-0.21197712 1.21290045e-08 0.16065353 0 -1 7.54979e-08 0 0 0 255
-0.19197708 1.21290045e-08 0.16065353 0 -1 7.54979e-08 0 0 0 255
-0.1719771 1.21290045e-08 0.16065353 0 -1 7.54979e-08 0 0 0 255
-0.15197712 1.21290045e-08 0.16065353 0 -1 7.54979e-08 0 0 0 255
-0.13197708 1.21290045e-08 0.16065353 0 -1 7.54979e-08 2 5 1 255
-0.1119771 1.21290045e-08 0.16065353 0 -1 7.54979e-08 1 4 0 255
-0.09197712 1.21290045e-08 0.16065353 0 -1 7.54979e-08 28 21 8 255
-0.07197714 1.21290045e-08 0.16065353 0 -1 7.54979e-08 58 42 19 255
-0.051977158 1.21290045e-08 0.16065353 0 -1 7.54979e-08 28 21 8 255
-0.031977057 1.21290045e-08 0.16065353 0 -1 7.54979e-08 33 25 9 255
-0.0119770765 1.21290045e-08 0.16065353 0 -1 7.54979e-08 28 20 7 255
0.008022904 1.21290045e-08 0.16065353 0 -1 7.54979e-08 39 31 11 255
0.028022885 1.21290045e-08 0.16065353 0 -1 7.54979e-08 41 33 12 255
0.048022866 1.21290045e-08 0.16065353 0 -1 7.54979e-08 20 12 4 255
0.06802285 1.21290045e-08 0.16065353 0 -1 7.54979e-08 22 14 5 255
0.08802295 1.21290045e-08 0.16065353 0 -1 7.54979e-08 35 24 13 255
0.10802293 1.21290045e-08 0.16065353 0 -1 7.54979e-08 75 56 38 255
0.12802291 1.21290045e-08 0.16065353 0 -1 7.54979e-08 72 54 35 255
0.14802289 1.21290045e-08 0.16065353 0 -1 7.54979e-08 81 62 37 255
0.16802287 1.21290045e-08 0.16065353 0 -1 7.54979e-08 79 59 37 255
0.18802285 1.21290045e-08 0.16065353 0 -1 7.54979e-08 56 44 21 255
0.20802283 1.21290045e-08 0.16065353 0 -1 7.54979e-08 109 86 60 255
0.22802293 1.21290045e-08 0.16065353 0 -1 7.54979e-08 104 82 56 255
0.24802291 1.21290045e-08 0.16065353 0 -1 7.54979e-08 136 114 86 255
0.2680229 1.21290045e-08 0.16065353 0 -1 7.54979e-08 147 122 101 255
0.28802288 1.21290045e-08 0.16065353 0 -1 7.54979e-08 125 101 70 255
0.30802286 1.21290045e-08 0.16065353 0 -1 7.54979e-08 52 40 18 255
0.32802284 1.21290045e-08 0.16065353 0 -1 7.54979e-08 38 30 11 255
0.34802294 1.21290045e-08 0.16065353 0 -1 7.54979e-08 36 28 10 255
0.36802292 1.21290045e-08 0.16065353 0 -1 7.54979e-08 36 29 10 255
0.3880229 1.21290045e-08 0.16065353 0 -1 7.54979e-08 29 21 8 255
0.40802288 1.21290045e-08 0.16065353 0 -1 7.54979e-08 24 17 6 255
0.42802286 1.21290045e-08 0.16065353 0 -1 7.54979e-08 19 11 3 255
0.44802284 1.21290045e-08 0.16065353 0 -1 7.54979e-08 0 0 0 255
0.46802282 1.21290045e-08 0.16065353 0 -1 7.54979e-08 0 0 0 255
0.48802292 1.21290045e-08 0.16065353 0 -1 7.54979e-08 0 0 0 255
0.5080229 1.21290045e-08 0.16065353 0 -1 7.54979e-08 0 0 0 255
0.5280229 1.21290045e-08 0.16065353 0 -1 7.54979e-08 0 0 0 255
0.54802287 1.21290045e-08 0.16065353 0 -1 7.54979e-08 0 0 0 255
0.56802285 1.21290045e-08 0.16065353 0 -1 7.54979e-08 0 0 0 255
0.5880228 1.21290045e-08 0.16065353 0 -1 7.54979e-08 0 0 0 255
0.6080229 1.21290045e-08 0.16065353 0 -1 7.54979e-08 0 0 0 255
0.6280229 1.21290045e-08 0.16065353 0 -1 7.54979e-08 0 0 0 255
0.6480229 1.21290045e-08 0.16065353 0 -1 7.54979e-08 0 0 0 255
0.6680229 1.21290045e-08 0.16065353 0 -1 7.54979e-08 0 0 0 255
-0.8919771 1.3638961e-08 0.18065351 0 -1 7.54979e-08 59 39 26 255
-0.8719771 1.3638961e-08 0.18065351 0 -1 7.54979e-08 192 129 89 255
-0.8519771 1.3638961e-08 0.18065351 0 -1 7.54979e-08 238 163 116 255
-0.8319771 1.3638961e-08 0.18065351 0 -1 7.54979e-08 247 179 138 255
-0.8119771 1.3638961e-08 0.18065351 0 -1 7.54979e-08 247 184 149 255
-0.79197705 1.3638961e-08 0.18065351 0 -1 7.54979e-08 247 184 149 255
-0.77197707 1.3638961e-08 0.18065351 0 -1 7.54979e-08 247 183 147 255
-0.7519771 1.3638961e-08 0.18065351 0 -1 7.54979e-08 247 182 144 255
-0.7319771 1.3638961e-08 0.18065351 0 -1 7.54979e-08 247 182 144 255
-0.7119771 1.3638961e-08 0.18065351 0 -1 7.54979e-08 247 184 148 255
-0.6919771 1.3638961e-08 0.18065351 0 -1 7.54979e-08 247 177 134 255
-0.6719771 1.3638961e-08 0.18065351 0 -1 7.54979e-08 247 173 125 255
-0.65197706 1.3638961e-08 0.18065351 0 -1 7.54979e-08 247 173 125 255
-0.6319771 1.3638961e-08 0.18065351 0 -1 7.54979e-08 239 165 117 255
-0.6119771 1.3638961e-08 0.18065351 0 -1 7.54979e-08 228 153 106 255
-0.5919771 1.3638961e-08 0.18065351 0 -1 7.54979e-08 213 138 91 255
-0.5719771 1.3638961e-08 0.18065351 0 -1 7.54979e-08 187 118 73 255
-0.5519771 1.3638961e-08 0.18065351 0 -1 7.54979e-08 160 103 60 255
-0.5319771 1.3638961e-08 0.18065351 0 -1 7.54979e-08 140 91 51 255
-0.5119771 1.3638961e-08 0.18065351 0 -1 7.54979e-08 117 78 42 255
-0.4919771 1.3638961e-08 0.18065351 0 -1 7.54979e-08 89 62 30 255
-0.4719771 1.3638961e-08 0.18065351 0 -1 7.54979e-08 66 49 22 255
-0.45197707 1.3638961e-08 0.18065351 0 -1 7.54979e-08 52 40 17 255
-0.4319771 1.3638961e-08 0.18065351 0 -1 7.54979e-08 65 49 22 255
-0.4119771 1.3638961e-08 0.18065351 0 -1 7.54979e-08 88 61 30 255
-0.39197707 1.3638961e-08 0.18065351 0 -1 7.54979e-08 75 54 25 255
-0.3719771 1.3638961e-08 0.18065351 0 -1 7.54979e-08 57 42 18 255
-0.3519771 1.3638961e-08 0.18065351 0 -1 7.54979e-08 42 33 12 255
-0.33197713 1.3638961e-08 0.18065351 0 -1 7.54979e-08 45 35 14 255
-0.3119771 1.3638961e-08 0.18065351 0 -1 7.54979e-08 61 45 21 255
-0.2919771 1.3638961e-08 0.18065351 0 -1 7.54979e-08 74 54 26 255
-0.27197713 1.3638961e-08 0.18065351 0 -1 7.54979e-08 48 36 16 255
-0.2519771 1.3638961e-08 0.18065351 0 -1 7.54979e-08 0 0 0 255
-0.2319771 1.3638961e-08 0.18065351 0 -1 7.54979e-08 0 0 0 255
-0.21197712 1.3638961e-08 0.18065351 0 -1 7.54979e-08 0 0 0 255
-0.19197708 1.3638961e-08 0.18065351 0 -1 7.54979e-08 0 0 0 255
-0.1719771 1.3638961e-08 0.18065351 0 -1 7.54979e-08 0 0 0 255
-0.15197712 1.3638961e-08 0.18065351 0 -1 7.54979e-08 0 0 0 255
-0.13197708 1.3638961e-08 0.18065351 0 -1 7.54979e-08 0 0 0 255
-0.1119771 1.3638961e-08 0.18065351 0 -1 7.54979e-08 0 0 0 255
-0.09197712 1.3638961e-08 0.18065351 0 -1 7.54979e-08 14 10 4 255
-0.07197714 1.3638961e-08 0.18065351 0 -1 7.54979e-08 46 33 14 255
-0.051977158 1.3638961e-08 0.18065351 0 -1 7.54979e-08 28 20 8 255
-0.031977057 1.3638961e-08 0.18065351 0 -1 7.54979e-08 31 23 8 255
-0.0119770765 1.3638961e-08 0.18065351 0 -1 7.54979e-08 28 20 7 255
0.008022904 1.3638961e-08 0.18065351 0 -1 7.54979e-08 34 26 10 255
0.028022885 1.3638961e-08 0.18065351 0 -1 7.54979e-08 44 36 14 255
0.048022866 1.3638961e-08 0.18065351 0 -1 7.54979e-08 21 13 4 255
0.06802285 1.3638961e-08 0.18065351 0 -1 7.54979e-08 27 19 7 255
0.08802295 1.3638961e-08 0.18065351 0 -1 7.54979e-08 36 26 11 255
0.10802293 1.3638961e-08 0.18065351 0 -1 7.54979e-08 69 51 31 255
0.12802291 1.3638961e-08 0.18065351 0 -1 7.54979e-08 75 56 38 255
0.14802289 1.3638961e-08 0.18065351 0 -1 7.54979e-08 76 58 33 255
0.16802287 1.3638961e-08 0.18065351 0 -1 7.54979e-08 84 65 38 255
0.18802285 1.3638961e-08 0.18065351 0 -1 7.54979e-08 65 49 25 255
0.20802283 1.3638961e-08 0.18065351 0 -1 7.54979e-08 112 88 62 255
0.22802293 1.3638961e-08 0.18065351 0 -1 7.54979e-08 121 97 65 255
0.24802291 1.3638961e-08 0.18065351 0 -1 7.54979e-08 148 125 98 255
0.2680229 1.3638961e-08 0.18065351 0 -1 7.54979e-08 140 116 92 255
0.28802288 1.3638961e-08 0.18065351 0 -1 7.54979e-08 132 108 75 255
0.30802286 1.3638961e-08 0.18065351 0 -1 7.54979e-08 73 54 30 255
0.32802284 1.3638961e-08 0.18065351 0 -1 7.54979e-08 37 29 10 255
0.34802294 1.3638961e-08 0.18065351 0 -1 7.54979e-08 31 23 9 255
0.36802292 1.3638961e-08 0.18065351 0 -1 7.54979e-08 33 25 9 255
0.3880229 1.3638961e-08 0.18065351 0 -1 7.54979e-08 25 17 6 255
0.40802288 1.3638961e-08 0.18065351 0 -1 7.54979e-08 20 12 4 255
0.42802286 1.3638961e-08 0.18065351 0 -1 7.54979e-08 19 11 3 255
0.44802284 1.3638961e-08 0.18065351 0 -1 7.54979e-08 0 0 0 255
0.46802282 1.3638961e-08 0.18065351 0 -1 7.54979e-08 0 0 0 255
0.48802292 1.3638961e-08 0.18065351 0 -1 7.54979e-08 1 3 0 255
0.5080229 1.3638961e-08 0.18065351 0 -1 7.54979e-08 1 2 0 255
0.5280229 1.3638961e-08 0.18065351 0 -1 7.54979e-08 0 0 0 255
0.54802287 1.3638961e-08 0.18065351 0 -1 7.54979e-08 0 0 0 255
0.56802285 1.3638961e-08 0.18065351 0 -1 7.54979e-08 0 0 0 255
0.5880228 1.3638961e-08 0.18065351 0 -1 7.54979e-08 0 0 0 255
0.6080229 1.3638961e-08 0.18065351 0 -1 7.54979e-08 0 0 0 255
0.6280229 1.3638961e-08 0.18065351 0 -1 7.54979e-08 0 0 0 255
0.6480229 1.3638961e-08 0.18065351 0 -1 7.54979e-08 0 0 0 255
0.6680229 1.3638961e-08 0.18065351 0 -1 7.54979e-08 0 0 0 255
-0.8719771 1.5148917e-08 0.2006535 0 -1 7.54979e-08 126 83 55 255
-0.8519771 1.5148917e-08 0.2006535 0 -1 7.54979e-08 222 147 100 255
-0.8319771 1.5148917e-08 0.2006535 0 -1 7.54979e-08 240 165 118 255
-0.8119771 1.5148917e-08 0.2006535 0 -1 7.54979e-08 247 180 140 255
-0.79197705 1.5148917e-08 0.2006535 0 -1 7.54979e-08 247 181 142 255
-0.77197707 1.5148917e-08 0.2006535 0 -1 7.54979e-08 247 184 149 255
-0.7519771 1.5148917e-08 0.2006535 0 -1 7.54979e-08 247 184 149 255
-0.7319771 1.5148917e-08 0.2006535 0 -1 7.54979e-08 247 184 149 255
-0.7119771 1.5148917e-08 0.2006535 0 -1 7.54979e-08 247 184 149 255
-0.6919771 1.5148917e-08 0.2006535 0 -1 7.54979e-08 247 184 148 255
-0.6719771 1.5148917e-08 0.2006535 0 -1 7.54979e-08 246 171 124 255
-0.65197706 1.5148917e-08 0.2006535 0 -1 7.54979e-08 240 165 118 255
-0.6319771 1.5148917e-08 0.2006535 0 -1 7.54979e-08 228 153 106 255
-0.6119771 1.5148917e-08 0.2006535 0 -1 7.54979e-08 205 134 88 255
-0.5919771 1.5148917e-08 0.2006535 0 -1 7.54979e-08 189 120 74 255
-0.5719771 1.5148917e-08 0.2006535 0 -1 7.54979e-08 160 102 60 255
-0.5519771 1.5148917e-08 0.2006535 0 -1 7.54979e-08 145 93 54 255
-0.5319771 1.5148917e-08 0.2006535 0 -1 7.54979e-08 99 67 34 255
-0.5119771 1.5148917e-08 0.2006535 0 -1 7.54979e-08 75 55 25 255
-0.4919771 1.5148917e-08 0.2006535 0 -1 7.54979e-08 66 49 22 255
-0.4719771 1.5148917e-08 0.2006535 0 -1 7.54979e-08 60 46 20 255
-0.45197707 1.5148917e-08 0.2006535 0 -1 7.54979e-08 77 53 26 255
-0.4319771 1.5148917e-08 0.2006535 0 -1 7.54979e-08 89 62 30 255
-0.4119771 1.5148917e-08 0.2006535 0 -1 7.54979e-08 78 55 26 255
-0.39197707 1.5148917e-08 0.2006535 0 -1 7.54979e-08 60 44 19 255
-0.3719771 1.5148917e-08 0.2006535 0 -1 7.54979e-08 44 34 13 255
-0.3519771 1.5148917e-08 0.2006535 0 -1 7.54979e-08 44 34 13 255
-0.33197713 1.5148917e-08 0.2006535 0 -1 7.54979e-08 58 43 20 255
-0.3119771 1.5148917e-08 0.2006535 0 -1 7.54979e-08 73 53 26 255
-0.2919771 1.5148917e-08 0.2006535 0 -1 7.54979e-08 87 61 30 255
-0.27197713 1.5148917e-08 0.2006535 0 -1 7.54979e-08 46 34 15 255
-0.2519771 1.5148917e-08 0.2006535 0 -1 7.54979e-08 0 0 0 255
-0.2319771 1.5148917e-08 0.2006535 0 -1 7.54979e-08 0 0 0 255
-0.21197712 1.5148917e-08 0.2006535 0 -1 7.54979e-08 0 0 0 255
-0.19197708 1.5148917e-08 0.2006535 0 -1 7.54979e-08 0 0 0 255
-0.1719771 1.5148917e-08 0.2006535 0 -1 7.54979e-08 0 0 0 255
-0.15197712 1.5148917e-08 0.2006535 0 -1 7.54979e-08 0 0 0 255
-0.13197708 1.5148917e-08 0.2006535 0 -1 7.54979e-08 1 3 0 255
-0.1119771 1.5148917e-08 0.2006535 0 -1 7.54979e-08 4 8 3 255
-0.09197712 1.5148917e-08 0.2006535 0 -1 7.54979e-08 0 1 0 255
-0.07197714 1.5148917e-08 0.2006535 0 -1 7.54979e-08 17 12 4 255
-0.051977158 1.5148917e-08 0.2006535 0 -1 7.54979e-08 27 19 7 255
-0.031977057 1.5148917e-08 0.2006535 0 -1 7.54979e-08 27 19 7 255
-0.0119770765 1.5148917e-08 0.2006535 0 -1 7.54979e-08 27 19 7 255
0.008022904 1.5148917e-08 0.2006535 0 -1 7.54979e-08 27 19 7 255
0.028022885 1.5148917e-08 0.2006535 0 -1 7.54979e-08 42 34 13 255
0.048022866 1.5148917e-08 0.2006535 0 -1 7.54979e-08 21 13 4 255
0.06802285 1.5148917e-08 0.2006535 0 -1 7.54979e-08 27 19 7 255
0.08802295 1.5148917e-08 0.2006535 0 -1 7.54979e-08 36 26 11 255
0.10802293 1.5148917e-08 0.2006535 0 -1 7.54979e-08 74 56 35 255
0.12802291 1.5148917e-08 0.2006535 0 -1 7.54979e-08 74 56 35 255
0.14802289 1.5148917e-08 0.2006535 0 -1 7.54979e-08 59 50 26 255
0.16802287 1.5148917e-08 0.2006535 0 -1 7.54979e-08 94 83 60 255
0.18802285 1.5148917e-08 0.2006535 0 -1 7.54979e-08 60 47 23 255
0.20802283 1.5148917e-08 0.2006535 0 -1 7.54979e-08 121 97 65 255
0.22802293 1.5148917e-08 0.2006535 0 -1 7.54979e-08 128 105 72 255
0.24802291 1.5148917e-08 0.2006535 0 -1 7.54979e-08 149 125 98 255
0.2680229 1.5148917e-08 0.2006535 0 -1 7.54979e-08 137 113 84 255
0.28802288 1.5148917e-08 0.2006535 0 -1 7.54979e-08 125 101 70 255
0.30802286 1.5148917e-08 0.2006535 0 -1 7.54979e-08 73 54 30 255
0.32802284 1.5148917e-08 0.2006535 0 -1 7.54979e-08 42 32 13 255
0.34802294 1.5148917e-08 0.2006535 0 -1 7.54979e-08 31 23 9 255
0.36802292 1.5148917e-08 0.2006535 0 -1 7.54979e-08 33 25 9 255
0.3880229 1.5148917e-08 0.2006535 0 -1 7.54979e-08 22 14 5 255
0.40802288 1.5148917e-08 0.2006535 0 -1 7.54979e-08 19 11 3 255
0.42802286 1.5148917e-08 0.2006535 0 -1 7.54979e-08 19 11 3 255
0.44802284 1.5148917e-08 0.2006535 0 -1 7.54979e-08 0 0 0 255
0.46802282 1.5148917e-08 0.2006535 0 -1 7.54979e-08 2 1 0 255
0.48802292 1.5148917e-08 0.2006535 0 -1 7.54979e-08 7 11 2 255
0.5080229 1.5148917e-08 0.2006535 0 -1 7.54979e-08 2 7 1 255
0.5280229 1.5148917e-08 0.2006535 0 -1 7.54979e-08 0 0 0 255
0.54802287 1.5148917e-08 0.2006535 0 -1 7.54979e-08 0 0 0 255
0.56802285 1.5148917e-08 0.2006535 0 -1 7.54979e-08 0 0 0 255
0.5880228 1.5148917e-08 0.2006535 0 -1 7.54979e-08 0 0 0 255
0.6080229 1.5148917e-08 0.2006535 0 -1 7.54979e-08 0 0 0 255
0.6280229 1.5148917e-08 0.2006535 0 -1 7.54979e-08 0 0 0 255
0.6480229 1.5148917e-08 0.2006535 0 -1 7.54979e-08 0 0 0 255
0.6680229 1.5148917e-08 0.2006535 0 -1 7.54979e-08 0 0 0 255
-0.8719771 1.6658873e-08 0.22065347 0 -1 7.54979e-08 106 68 42 255
-0.8519771 1.6658873e-08 0.22065347 0 -1 7.54979e-08 188 121 76 255
-0.8319771 1.6658873e-08 0.22065347 0 -1 7.54979e-08 209 138 93 255
-0.8119771 1.6658873e-08 0.22065347 0 -1 7.54979e-08 234 159 112 255
-0.79197705 1.6658873e-08 0.22065347 0 -1 7.54979e-08 241 168 122 255
-0.77197707 1.6658873e-08 0.22065347 0 -1 7.54979e-08 247 180 141 255
-0.7519771 1.6658873e-08 0.22065347 0 -1 7.54979e-08 247 180 141 255
-0.7319771 1.6658873e-08 0.22065347 0 -1 7.54979e-08 247 180 141 255
-0.7119771 1.6658873e-08 0.22065347 0 -1 7.54979e-08 247 180 141 255
-0.6919771 1.6658873e-08 0.22065347 0 -1 7.54979e-08 242 174 135 255
-0.6719771 1.6658873e-08 0.22065347 0 -1 7.54979e-08 233 159 111 255
-0.65197706 1.6658873e-08 0.22065347 0 -1 7.54979e-08 213 140 93 255
-0.6319771 1.6658873e-08 0.22065347 0 -1 7.54979e-08 193 123 78 255
-0.6119771 1.6658873e-08 0.22065347 0 -1 7.54979e-08 169 107 64 255
-0.5919771 1.6658873e-08 0.22065347 0 -1 7.54979e-08 151 97 56 255
-0.5719771 1.6658873e-08 0.22065347 0 -1 7.54979e-08 125 82 45 255
-0.5519771 1.6658873e-08 0.22065347 0 -1 7.54979e-08 94 64 32 255
-0.5319771 1.6658873e-08 0.22065347 0 -1 7.54979e-08 67 50 22 255
-0.5119771 1.6658873e-08 0.22065347 0 -1 7.54979e-08 62 47 20 255
-0.4919771 1.6658873e-08 0.22065347 0 -1 7.54979e-08 73 52 25 255
-0.4719771 1.6658873e-08 0.22065347 0 -1 7.54979e-08 89 62 30 255
-0.45197707 1.6658873e-08 0.22065347 0 -1 7.54979e-08 100 68 34 255
-0.4319771 1.6658873e-08 0.22065347 0 -1 7.54979e-08 81 57 27 255
-0.4119771 1.6658873e-08 0.22065347 0 -1 7.54979e-08 62 45 20 255
-0.39197707 1.6658873e-08 0.22065347 0 -1 7.54979e-08 46 35 14 255
-0.3719771 1.6658873e-08 0.22065347 0 -1 7.54979e-08 43 33 13 255
-0.3519771 1.6658873e-08 0.22065347 0 -1 7.54979e-08 56 42 19 255
-0.33197713 1.6658873e-08 0.22065347 0 -1 7.54979e-08 71 51 25 255
-0.3119771 1.6658873e-08 0.22065347 0 -1 7.54979e-08 90 62 31 255
-0.2919771 1.6658873e-08 0.22065347 0 -1 7.54979e-08 81 58 28 255
-0.27197713 1.6658873e-08 0.22065347 0 -1 7.54979e-08 41 29 13 255
-0.2519771 1.6658873e-08 0.22065347 0 -1 7.54979e-08 0 0 0 255
-0.2319771 1.6658873e-08 0.22065347 0 -1 7.54979e-08 0 0 0 255
-0.21197712 1.6658873e-08 0.22065347 0 -1 7.54979e-08 0 0 0 255
-0.19197708 1.6658873e-08 0.22065347 0 -1 7.54979e-08 0 0 0 255
-0.1719771 1.6658873e-08 0.22065347 0 -1 7.54979e-08 2 5 1 255
-0.15197712 1.6658873e-08 0.22065347 0 -1 7.54979e-08 0 0 0 255
-0.13197708 1.6658873e-08 0.22065347 0 -1 7.54979e-08 2 6 1 255
-0.1119771 1.6658873e-08 0.22065347 0 -1 7.54979e-08 6 17 3 255
-0.09197712 1.6658873e-08 0.22065347 0 -1 7.54979e-08 1 3 0 255
-0.07197714 1.6658873e-08 0.22065347 0 -1 7.54979e-08 0 0 0 255
-0.051977158 1.6658873e-08 0.22065347 0 -1 7.54979e-08 19 13 5 255
-0.031977057 1.6658873e-08 0.22065347 0 -1 7.54979e-08 27 19 7 255
-0.0119770765 1.6658873e-08 0.22065347 0 -1 7.54979e-08 27 19 7 255
0.008022904 1.6658873e-08 0.22065347 0 -1 7.54979e-08 27 19 7 255
0.028022885 1.6658873e-08 0.22065347 0 -1 7.54979e-08 40 32 12 255
0.048022866 1.6658873e-08 0.22065347 0 -1 7.54979e-08 20 13 4 255
0.06802285 1.6658873e-08 0.22065347 0 -1 7.54979e-08 27 19 7 255
0.08802295 1.6658873e-08 0.22065347 0 -1 7.54979e-08 36 26 11 255
0.10802293 1.6658873e-08 0.22065347 0 -1 7.54979e-08 76 58 36 255
0.12802291 1.6658873e-08 0.22065347 0 -1 7.54979e-08 76 58 36 255
0.14802289 1.6658873e-08 0.22065347 0 -1 7.54979e-08 61 55 34 255
0.16802287 1.6658873e-08 0.22065347 0 -1 7.54979e-08 103 97 69 255
0.18802285 1.6658873e-08 0.22065347 0 -1 7.54979e-08 48 40 17 255
0.20802283 1.6658873e-08 0.22065347 0 -1 7.54979e-08 122 98 67 255
0.22802293 1.6658873e-08 0.22065347 0 -1 7.54979e-08 122 99 67 255
0.24802291 1.6658873e-08 0.22065347 0 -1 7.54979e-08 131 108 79 255
0.2680229 1.6658873e-08 0.22065347 0 -1 7.54979e-08 122 99 69 255
0.28802288 1.6658873e-08 0.22065347 0 -1 7.54979e-08 127 104 71 255
0.30802286 1.6658873e-08 0.22065347 0 -1 7.54979e-08 74 54 31 255
0.32802284 1.6658873e-08 0.22065347 0 -1 7.54979e-08 49 37 16 255
0.34802294 1.6658873e-08 0.22065347 0 -1 7.54979e-08 31 23 9 255
0.36802292 1.6658873e-08 0.22065347 0 -1 7.54979e-08 33 25 9 255
0.3880229 1.6658873e-08 0.22065347 0 -1 7.54979e-08 22 14 5 255
0.40802288 1.6658873e-08 0.22065347 0 -1 7.54979e-08 19 11 3 255
0.42802286 1.6658873e-08 0.22065347 0 -1 7.54979e-08 19 11 3 255
0.44802284 1.6658873e-08 0.22065347 0 -1 7.54979e-08 0 0 0 255
0.46802282 1.6658873e-08 0.22065347 0 -1 7.54979e-08 5 3 1 255
0.48802292 1.6658873e-08 0.22065347 0 -1 7.54979e-08 14 15 3 255
0.5080229 1.6658873e-08 0.22065347 0 -1 7.54979e-08 2 7 1 255
0.5280229 1.6658873e-08 0.22065347 0 -1 7.54979e-08 0 0 0 255
0.54802287 1.6658873e-08 0.22065347 0 -1 7.54979e-08 0 0 0 255
0.56802285 1.6658873e-08 0.22065347 0 -1 7.54979e-08 0 0 0 255
0.5880228 1.6658873e-08 0.22065347 0 -1 7.54979e-08 0 0 0 255
0.6080229 1.6658873e-08 0.22065347 0 -1 7.54979e-08 0 0 0 255
0.6280229 1.6658873e-08 0.22065347 0 -1 7.54979e-08 0 0 0 255
0.6480229 1.6658873e-08 0.22065347 0 -1 7.54979e-08 0 0 0 255
0.6680229 1.6658873e-08 0.22065347 0 -1 7.54979e-08 0 0 0 255
-0.8719771 1.8168835e-08 0.24065351 0 -1 7.54979e-08 70 46 25 255
-0.8519771 1.8168835e-08 0.24065351 0 -1 7.54979e-08 143 93 53 255
-0.8319771 1.8168835e-08 0.24065351 0 -1 7.54979e-08 159 102 60 255
-0.8119771 1.8168835e-08 0.24065351 0 -1 7.54979e-08 192 123 77 255
-0.79197705 1.8168835e-08 0.24065351 0 -1 7.54979e-08 212 140 94 255
-0.77197707 1.8168835e-08 0.24065351 0 -1 7.54979e-08 231 157 109 255
-0.7519771 1.8168835e-08 0.24065351 0 -1 7.54979e-08 237 162 115 255
-0.7319771 1.8168835e-08 0.24065351 0 -1 7.54979e-08 241 166 119 255
-0.7119771 1.8168835e-08 0.24065351 0 -1 7.54979e-08 240 165 118 255
-0.6919771 1.8168835e-08 0.24065351 0 -1 7.54979e-08 220 146 98 255
-0.6719771 1.8168835e-08 0.24065351 0 -1 7.54979e-08 196 126 81 255
-0.65197706 1.8168835e-08 0.24065351 0 -1 7.54979e-08 171 108 65 255
-0.6319771 1.8168835e-08 0.24065351 0 -1 7.54979e-08 147 95 54 255
-0.6119771 1.8168835e-08 0.24065351 0 -1 7.54979e-08 132 86 48 255
-0.5919771 1.8168835e-08 0.24065351 0 -1 7.54979e-08 108 71 38 255
-0.5719771 1.8168835e-08 0.24065351 0 -1 7.54979e-08 68 52 23 255
-0.5519771 1.8168835e-08 0.24065351 0 -1 7.54979e-08 73 53 24 255
-0.5319771 1.8168835e-08 0.24065351 0 -1 7.54979e-08 77 54 26 255
-0.5119771 1.8168835e-08 0.24065351 0 -1 7.54979e-08 86 60 29 255
-0.4919771 1.8168835e-08 0.24065351 0 -1 7.54979e-08 106 71 37 255
-0.4719771 1.8168835e-08 0.24065351 0 -1 7.54979e-08 102 68 35 255
-0.45197707 1.8168835e-08 0.24065351 0 -1 7.54979e-08 73 54 25 255
-0.4319771 1.8168835e-08 0.24065351 0 -1 7.54979e-08 59 43 19 255
-0.4119771 1.8168835e-08 0.24065351 0 -1 7.54979e-08 48 37 15 255
-0.39197707 1.8168835e-08 0.24065351 0 -1 7.54979e-08 41 32 12 255
-0.3719771 1.8168835e-08 0.24065351 0 -1 7.54979e-08 54 40 18 255
-0.3519771 1.8168835e-08 0.24065351 0 -1 7.54979e-08 66 49 23 255
-0.33197713 1.8168835e-08 0.24065351 0 -1 7.54979e-08 88 61 30 255
-0.3119771 1.8168835e-08 0.24065351 0 -1 7.54979e-08 85 60 29 255
-0.2919771 1.8168835e-08 0.24065351 0 -1 7.54979e-08 67 50 22 255
-0.27197713 1.8168835e-08 0.24065351 0 -1 7.54979e-08 32 24 10 255
-0.2519771 1.8168835e-08 0.24065351 0 -1 7.54979e-08 0 0 0 255
-0.2319771 1.8168835e-08 0.24065351 0 -1 7.54979e-08 0 0 0 255
-0.21197712 1.8168835e-08 0.24065351 0 -1 7.54979e-08 0 0 0 255
-0.19197708 1.8168835e-08 0.24065351 0 -1 7.54979e-08 0 0 0 255
-0.1719771 1.8168835e-08 0.24065351 0 -1 7.54979e-08 4 10 2 255
-0.15197712 1.8168835e-08 0.24065351 0 -1 7.54979e-08 0 0 0 255
-0.13197708 1.8168835e-08 0.24065351 0 -1 7.54979e-08 0 0 0 255
-0.1119771 1.8168835e-08 0.24065351 0 -1 7.54979e-08 5 12 2 255
-0.09197712 1.8168835e-08 0.24065351 0 -1 7.54979e-08 1 3 0 255
-0.07197714 1.8168835e-08 0.24065351 0 -1 7.54979e-08 0 0 0 255
-0.051977158 1.8168835e-08 0.24065351 0 -1 7.54979e-08 2 1 0 255
-0.031977057 1.8168835e-08 0.24065351 0 -1 7.54979e-08 17 12 5 255
-0.0119770765 1.8168835e-08 0.24065351 0 -1 7.54979e-08 22 15 6 255
0.008022904 1.8168835e-08 0.24065351 0 -1 7.54979e-08 29 21 8 255
0.028022885 1.8168835e-08 0.24065351 0 -1 7.54979e-08 37 29 11 255
0.048022866 1.8168835e-08 0.24065351 0 -1 7.54979e-08 20 12 4 255
0.06802285 1.8168835e-08 0.24065351 0 -1 7.54979e-08 27 19 7 255
0.08802295 1.8168835e-08 0.24065351 0 -1 7.54979e-08 34 25 10 255
0.10802293 1.8168835e-08 0.24065351 0 -1 7.54979e-08 54 41 19 255
0.12802291 1.8168835e-08 0.24065351 0 -1 7.54979e-08 59 44 21 255
0.14802289 1.8168835e-08 0.24065351 0 -1 7.54979e-08 74 55 37 255
0.16802287 1.8168835e-08 0.24065351 0 -1 7.54979e-08 106 84 59 255
0.18802285 1.8168835e-08 0.24065351 0 -1 7.54979e-08 50 39 17 255
0.20802283 1.8168835e-08 0.24065351 0 -1 7.54979e-08 123 100 67 255
0.22802293 1.8168835e-08 0.24065351 0 -1 7.54979e-08 128 104 72 255
0.24802291 1.8168835e-08 0.24065351 0 -1 7.54979e-08 123 99 68 255
0.2680229 1.8168835e-08 0.24065351 0 -1 7.54979e-08 112 89 58 255
0.28802288 1.8168835e-08 0.24065351 0 -1 7.54979e-08 134 111 79 255
0.30802286 1.8168835e-08 0.24065351 0 -1 7.54979e-08 74 54 30 255
0.32802284 1.8168835e-08 0.24065351 0 -1 7.54979e-08 43 35 14 255
0.34802294 1.8168835e-08 0.24065351 0 -1 7.54979e-08 31 23 9 255
0.36802292 1.8168835e-08 0.24065351 0 -1 7.54979e-08 33 25 9 255
0.3880229 1.8168835e-08 0.24065351 0 -1 7.54979e-08 22 14 5 255
0.40802288 1.8168835e-08 0.24065351 0 -1 7.54979e-08 19 11 3 255
0.42802286 1.8168835e-08 0.24065351 0 -1 7.54979e-08 19 11 3 255
0.44802284 1.8168835e-08 0.24065351 0 -1 7.54979e-08 0 0 0 255
0.46802282 1.8168835e-08 0.24065351 0 -1 7.54979e-08 5 3 1 255
0.48802292 1.8168835e-08 0.24065351 0 -1 7.54979e-08 14 15 3 255
0.5080229 1.8168835e-08 0.24065351 0 -1 7.54979e-08 2 7 1 255
0.5280229 1.8168835e-08 0.24065351 0 -1 7.54979e-08 0 0 0 255
0.54802287 1.8168835e-08 0.24065351 0 -1 7.54979e-08 0 0 0 255
0.56802285 1.8168835e-08 0.24065351 0 -1 7.54979e-08 0 0 0 255
0.5880228 1.8168835e-08 0.24065351 0 -1 7.54979e-08 0 0 0 255
0.6080229 1.8168835e-08 0.24065351 0 -1 7.54979e-08 0 0 0 255
0.6280229 1.8168835e-08 0.24065351 0 -1 7.54979e-08 0 0 0 255
0.6480229 1.8168835e-08 0.24065351 0 -1 7.54979e-08 0 0 0 255
0.6680229 1.8168835e-08 0.24065351 0 -1 7.54979e-08 0 0 0 255
0.68802285 1.8168835e-08 0.24065351 0 -1 7.54979e-08 25 15 7 255
-0.8719771 1.9678797e-08 0.26065356 0 -1 7.54979e-08 54 37 18 255
-0.8519771 1.9678797e-08 0.26065356 0 -1 7.54979e-08 110 73 39 255
-0.8319771 1.9678797e-08 0.26065356 0 -1 7.54979e-08 115 77 41 255
-0.8119771 1.9678797e-08 0.26065356 0 -1 7.54979e-08 140 91 51 255
-0.79197705 1.9678797e-08 0.26065356 0 -1 7.54979e-08 160 102 60 255
-0.77197707 1.9678797e-08 0.26065356 0 -1 7.54979e-08 180 114 69 255
-0.7519771 1.9678797e-08 0.26065356 0 -1 7.54979e-08 190 125 80 255
-0.7319771 1.9678797e-08 0.26065356 0 -1 7.54979e-08 199 133 88 255
-0.7119771 1.9678797e-08 0.26065356 0 -1 7.54979e-08 189 126 82 255
-0.6919771 1.9678797e-08 0.26065356 0 -1 7.54979e-08 163 104 62 255
-0.6719771 1.9678797e-08 0.26065356 0 -1 7.54979e-08 132 86 49 255
-0.65197706 1.9678797e-08 0.26065356 0 -1 7.54979e-08 117 77 41 255
-0.6319771 1.9678797e-08 0.26065356 0 -1 7.54979e-08 97 65 33 255
-0.6119771 1.9678797e-08 0.26065356 0 -1 7.54979e-08 77 56 26 255
-0.5919771 1.9678797e-08 0.26065356 0 -1 7.54979e-08 72 53 24 255
-0.5719771 1.9678797e-08 0.26065356 0 -1 7.54979e-08 74 53 25 255
-0.5519771 1.9678797e-08 0.26065356 0 -1 7.54979e-08 99 68 35 255
-0.5319771 1.9678797e-08 0.26065356 0 -1 7.54979e-08 122 78 43 255
-0.5119771 1.9678797e-08 0.26065356 0 -1 7.54979e-08 108 71 38 255
-0.4919771 1.9678797e-08 0.26065356 0 -1 7.54979e-08 87 60 29 255
-0.4719771 1.9678797e-08 0.26065356 0 -1 7.54979e-08 64 47 21 255
-0.45197707 1.9678797e-08 0.26065356 0 -1 7.54979e-08 52 39 17 255
-0.4319771 1.9678797e-08 0.26065356 0 -1 7.54979e-08 39 31 11 255
-0.4119771 1.9678797e-08 0.26065356 0 -1 7.54979e-08 45 35 14 255
-0.39197707 1.9678797e-08 0.26065356 0 -1 7.54979e-08 56 41 18 255
-0.3719771 1.9678797e-08 0.26065356 0 -1 7.54979e-08 70 51 24 255
-0.3519771 1.9678797e-08 0.26065356 0 -1 7.54979e-08 76 57 26 255
-0.33197713 1.9678797e-08 0.26065356 0 -1 7.54979e-08 79 56 27 255
-0.3119771 1.9678797e-08 0.26065356 0 -1 7.54979e-08 71 53 24 255
-0.2919771 1.9678797e-08 0.26065356 0 -1 7.54979e-08 55 41 18 255
-0.27197713 1.9678797e-08 0.26065356 0 -1 7.54979e-08 28 21 8 255
-0.2519771 1.9678797e-08 0.26065356 0 -1 7.54979e-08 0 0 0 255
-0.2319771 1.9678797e-08 0.26065356 0 -1 7.54979e-08 0 0 0 255
-0.21197712 1.9678797e-08 0.26065356 0 -1 7.54979e-08 0 0 0 255
-0.19197708 1.9678797e-08 0.26065356 0 -1 7.54979e-08 0 0 0 255
-0.1719771 1.9678797e-08 0.26065356 0 -1 7.54979e-08 0 1 0 255
-0.15197712 1.9678797e-08 0.26065356 0 -1 7.54979e-08 1 4 0 255
-0.13197708 1.9678797e-08 0.26065356 0 -1 7.54979e-08 0 0 0 255
-0.1119771 1.9678797e-08 0.26065356 0 -1 7.54979e-08 3 8 1 255
-0.09197712 1.9678797e-08 0.26065356 0 -1 7.54979e-08 0 2 0 255
-0.07197714 1.9678797e-08 0.26065356 0 -1 7.54979e-08 0 0 0 255
-0.051977158 1.9678797e-08 0.26065356 0 -1 7.54979e-08 0 0 0 255
-0.031977057 1.9678797e-08 0.26065356 0 -1 7.54979e-08 0 0 0 255
-0.0119770765 1.9678797e-08 0.26065356 0 -1 7.54979e-08 8 5 2 255
0.008022904 1.9678797e-08 0.26065356 0 -1 7.54979e-08 23 17 6 255
0.028022885 1.9678797e-08 0.26065356 0 -1 7.54979e-08 26 20 7 255
0.048022866 1.9678797e-08 0.26065356 0 -1 7.54979e-08 13 8 2 255
0.06802285 1.9678797e-08 0.26065356 0 -1 7.54979e-08 18 12 5 255
0.08802295 1.9678797e-08 0.26065356 0 -1 7.54979e-08 20 15 5 255
0.10802293 1.9678797e-08 0.26065356 0 -1 7.54979e-08 26 20 7 255
0.12802291 1.9678797e-08 0.26065356 0 -1 7.54979e-08 35 27 12 255
0.14802289 1.9678797e-08 0.26065356 0 -1 7.54979e-08 49 37 25 255
0.16802287 1.9678797e-08 0.26065356 0 -1 7.54979e-08 52 39 28 255
0.18802285 1.9678797e-08 0.26065356 0 -1 7.54979e-08 42 31 15 255
0.20802283 1.9678797e-08 0.26065356 0 -1 7.54979e-08 92 76 52 255
0.22802293 1.9678797e-08 0.26065356 0 -1 7.54979e-08 89 73 50 255
0.24802291 1.9678797e-08 0.26065356 0 -1 7.54979e-08 79 64 43 255
0.2680229 1.9678797e-08 0.26065356 0 -1 7.54979e-08 68 54 33 255
0.28802288 1.9678797e-08 0.26065356 0 -1 7.54979e-08 90 75 58 255
0.30802286 1.9678797e-08 0.26065356 0 -1 7.54979e-08 49 36 20 255
0.32802284 1.9678797e-08 0.26065356 0 -1 7.54979e-08 29 23 9 255
0.34802294 1.9678797e-08 0.26065356 0 -1 7.54979e-08 20 15 6 255
0.36802292 1.9678797e-08 0.26065356 0 -1 7.54979e-08 23 20 7 255
0.3880229 1.9678797e-08 0.26065356 0 -1 7.54979e-08 15 11 3 255
0.40802288 1.9678797e-08 0.26065356 0 -1 7.54979e-08 12 7 2 255
0.42802286 1.9678797e-08 0.26065356 0 -1 7.54979e-08 12 7 2 255
0.44802284 1.9678797e-08 0.26065356 0 -1 7.54979e-08 0 0 0 255
0.46802282 1.9678797e-08 0.26065356 0 -1 7.54979e-08 5 3 1 255
0.48802292 1.9678797e-08 0.26065356 0 -1 7.54979e-08 14 15 3 255
0.5080229 1.9678797e-08 0.26065356 0 -1 7.54979e-08 2 7 1 255
0.5280229 1.9678797e-08 0.26065356 0 -1 7.54979e-08 0 0 0 255
0.54802287 1.9678797e-08 0.26065356 0 -1 7.54979e-08 0 0 0 255
0.56802285 1.9678797e-08 0.26065356 0 -1 7.54979e-08 0 0 0 255
0.5880228 1.9678797e-08 0.26065356 0 -1 7.54979e-08 0 0 0 255
0.6080229 1.9678797e-08 0.26065356 0 -1 7.54979e-08 0 0 0 255
0.6280229 1.9678797e-08 0.26065356 0 -1 7.54979e-08 0 0 0 255
0.6480229 1.9678797e-08 0.26065356 0 -1 7.54979e-08 0 0 0 255
0.6680229 1.9678797e-08 0.26065356 0 -1 7.54979e-08 0 0 0 255
0.68802285 1.9678797e-08 0.26065356 0 -1 7.54979e-08 19 11 3 255
0.70802283 1.9678797e-08 0.26065356 0 -1 7.54979e-08 40 24 18 255
-0.8719771 2.1188754e-08 0.28065354 0 -1 7.54979e-08 61 40 21 255
-0.8519771 2.1188754e-08 0.28065354 0 -1 7.54979e-08 84 58 28 255
-0.8319771 2.1188754e-08 0.28065354 0 -1 7.54979e-08 71 51 23 255
-0.8119771 2.1188754e-08 0.28065354 0 -1 7.54979e-08 85 58 29 255
-0.79197705 2.1188754e-08 0.28065354 0 -1 7.54979e-08 105 69 37 255
-0.77197707 2.1188754e-08 0.28065354 0 -1 7.54979e-08 117 79 44 255
-0.7519771 2.1188754e-08 0.28065354 0 -1 7.54979e-08 117 79 44 255
-0.7319771 2.1188754e-08 0.28065354 0 -1 7.54979e-08 117 79 44 255
-0.7119771 2.1188754e-08 0.28065354 0 -1 7.54979e-08 96 65 33 255
-0.6919771 2.1188754e-08 0.28065354 0 -1 7.54979e-08 73 52 24 255
-0.6719771 2.1188754e-08 0.28065354 0 -1 7.54979e-08 62 46 20 255
-0.65197706 2.1188754e-08 0.28065354 0 -1 7.54979e-08 72 53 24 255
-0.6319771 2.1188754e-08 0.28065354 0 -1 7.54979e-08 77 54 26 255
-0.6119771 2.1188754e-08 0.28065354 0 -1 7.54979e-08 76 53 26 255
-0.5919771 2.1188754e-08 0.28065354 0 -1 7.54979e-08 91 63 32 255
-0.5719771 2.1188754e-08 0.28065354 0 -1 7.54979e-08 124 79 44 255
-0.5519771 2.1188754e-08 0.28065354 0 -1 7.54979e-08 114 74 40 255
-0.5319771 2.1188754e-08 0.28065354 0 -1 7.54979e-08 89 60 30 255
-0.5119771 2.1188754e-08 0.28065354 0 -1 7.54979e-08 67 49 22 255
-0.4919771 2.1188754e-08 0.28065354 0 -1 7.54979e-08 55 41 17 255
-0.4719771 2.1188754e-08 0.28065354 0 -1 7.54979e-08 42 33 12 255
-0.45197707 2.1188754e-08 0.28065354 0 -1 7.54979e-08 45 34 13 255
-0.4319771 2.1188754e-08 0.28065354 0 -1 7.54979e-08 48 37 16 255
-0.4119771 2.1188754e-08 0.28065354 0 -1 7.54979e-08 70 50 24 255
-0.39197707 2.1188754e-08 0.28065354 0 -1 7.54979e-08 81 57 28 255
-0.3719771 2.1188754e-08 0.28065354 0 -1 7.54979e-08 88 62 30 255
-0.3519771 2.1188754e-08 0.28065354 0 -1 7.54979e-08 76 56 27 255
-0.33197713 2.1188754e-08 0.28065354 0 -1 7.54979e-08 60 44 20 255
-0.3119771 2.1188754e-08 0.28065354 0 -1 7.54979e-08 58 43 19 255
-0.2919771 2.1188754e-08 0.28065354 0 -1 7.54979e-08 59 43 19 255
-0.27197713 2.1188754e-08 0.28065354 0 -1 7.54979e-08 38 28 12 255
-0.2519771 2.1188754e-08 0.28065354 0 -1 7.54979e-08 0 0 0 255
-0.2319771 2.1188754e-08 0.28065354 0 -1 7.54979e-08 0 0 0 255
-0.21197712 2.1188754e-08 0.28065354 0 -1 7.54979e-08 0 0 0 255
-0.19197708 2.1188754e-08 0.28065354 0 -1 7.54979e-08 0 0 0 255
-0.1719771 2.1188754e-08 0.28065354 0 -1 7.54979e-08 0 2 0 255
-0.15197712 2.1188754e-08 0.28065354 0 -1 7.54979e-08 3 8 1 255
-0.13197708 2.1188754e-08 0.28065354 0 -1 7.54979e-08 0 0 0 255
-0.1119771 2.1188754e-08 0.28065354 0 -1 7.54979e-08 0 0 0 255
-0.09197712 2.1188754e-08 0.28065354 0 -1 7.54979e-08 0 0 0 255
-0.07197714 2.1188754e-08 0.28065354 0 -1 7.54979e-08 0 0 0 255
-0.051977158 2.1188754e-08 0.28065354 0 -1 7.54979e-08 0 0 0 255
-0.031977057 2.1188754e-08 0.28065354 0 -1 7.54979e-08 9 12 8 255
-0.0119770765 2.1188754e-08 0.28065354 0 -1 7.54979e-08 22 20 16 255
0.008022904 2.1188754e-08 0.28065354 0 -1 7.54979e-08 6 5 2 255
0.028022885 2.1188754e-08 0.28065354 0 -1 7.54979e-08 0 0 0 255
0.048022866 2.1188754e-08 0.28065354 0 -1 7.54979e-08 0 0 0 255
0.06802285 2.1188754e-08 0.28065354 0 -1 7.54979e-08 0 0 0 255
0.08802295 2.1188754e-08 0.28065354 0 -1 7.54979e-08 0 0 0 255
0.10802293 2.1188754e-08 0.28065354 0 -1 7.54979e-08 0 0 0 255
0.12802291 2.1188754e-08 0.28065354 0 -1 7.54979e-08 0 0 0 255
0.14802289 2.1188754e-08 0.28065354 0 -1 7.54979e-08 0 0 0 255
0.16802287 2.1188754e-08 0.28065354 0 -1 7.54979e-08 0 0 0 255
0.18802285 2.1188754e-08 0.28065354 0 -1 7.54979e-08 0 0 0 255
0.20802283 2.1188754e-08 0.28065354 0 -1 7.54979e-08 0 0 0 255
0.22802293 2.1188754e-08 0.28065354 0 -1 7.54979e-08 0 0 0 255
0.24802291 2.1188754e-08 0.28065354 0 -1 7.54979e-08 0 0 0 255
0.2680229 2.1188754e-08 0.28065354 0 -1 7.54979e-08 0 0 0 255
0.28802288 2.1188754e-08 0.28065354 0 -1 7.54979e-08 0 0 0 255
0.30802286 2.1188754e-08 0.28065354 0 -1 7.54979e-08 0 0 0 255
0.32802284 2.1188754e-08 0.28065354 0 -1 7.54979e-08 0 0 0 255
0.34802294 2.1188754e-08 0.28065354 0 -1 7.54979e-08 0 0 0 255
0.36802292 2.1188754e-08 0.28065354 0 -1 7.54979e-08 2 6 1 255
0.3880229 2.1188754e-08 0.28065354 0 -1 7.54979e-08 1 4 0 255
0.40802288 2.1188754e-08 0.28065354 0 -1 7.54979e-08 0 0 0 255
0.42802286 2.1188754e-08 0.28065354 0 -1 7.54979e-08 0 0 0 255
0.44802284 2.1188754e-08 0.28065354 0 -1 7.54979e-08 0 0 0 255
0.46802282 2.1188754e-08 0.28065354 0 -1 7.54979e-08 5 3 1 255
0.48802292 2.1188754e-08 0.28065354 0 -1 7.54979e-08 12 12 3 255
0.5080229 2.1188754e-08 0.28065354 0 -1 7.54979e-08 1 4 0 255
0.5280229 2.1188754e-08 0.28065354 0 -1 7.54979e-08 0 0 0 255
0.54802287 2.1188754e-08 0.28065354 0 -1 7.54979e-08 0 0 0 255
0.56802285 2.1188754e-08 0.28065354 0 -1 7.54979e-08 0 0 0 255
0.5880228 2.1188754e-08 0.28065354 0 -1 7.54979e-08 0 0 0 255
0.6080229 2.1188754e-08 0.28065354 0 -1 7.54979e-08 0 0 0 255
0.6280229 2.1188754e-08 0.28065354 0 -1 7.54979e-08 0 0 0 255
0.6480229 2.1188754e-08 0.28065354 0 -1 7.54979e-08 0 0 0 255
0.6680229 2.1188754e-08 0.28065354 0 -1 7.54979e-08 0 0 0 255
0.68802285 2.1188754e-08 0.28065354 0 -1 7.54979e-08 35 23 9 255
0.70802283 2.1188754e-08 0.28065354 0 -1 7.54979e-08 22 15 5 255
0.72802293 2.1188754e-08 0.28065354 0 -1 7.54979e-08 50 33 28 255
-0.8719771 2.2698709e-08 0.30065352 0 -1 7.54979e-08 68 44 24 255
-0.8519771 2.2698709e-08 0.30065352 0 -1 7.54979e-08 100 67 34 255
-0.8319771 2.2698709e-08 0.30065352 0 -1 7.54979e-08 78 55 26 255
-0.8119771 2.2698709e-08 0.30065352 0 -1 7.54979e-08 60 46 20 255
-0.79197705 2.2698709e-08 0.30065352 0 -1 7.54979e-08 63 46 21 255
-0.77197707 2.2698709e-08 0.30065352 0 -1 7.54979e-08 65 49 25 255
-0.7519771 2.2698709e-08 0.30065352 0 -1 7.54979e-08 64 48 25 255
-0.7319771 2.2698709e-08 0.30065352 0 -1 7.54979e-08 66 50 26 255
-0.7119771 2.2698709e-08 0.30065352 0 -1 7.54979e-08 55 43 19 255
-0.6919771 2.2698709e-08 0.30065352 0 -1 7.54979e-08 55 41 17 255
-0.6719771 2.2698709e-08 0.30065352 0 -1 7.54979e-08 61 44 20 255
-0.65197706 2.2698709e-08 0.30065352 0 -1 7.54979e-08 79 55 26 255
-0.6319771 2.2698709e-08 0.30065352 0 -1 7.54979e-08 103 69 36 255
-0.6119771 2.2698709e-08 0.30065352 0 -1 7.54979e-08 118 76 42 255
-0.5919771 2.2698709e-08 0.30065352 0 -1 7.54979e-08 112 73 40 255
-0.5719771 2.2698709e-08 0.30065352 0 -1 7.54979e-08 97 64 33 255
-0.5519771 2.2698709e-08 0.30065352 0 -1 7.54979e-08 71 51 24 255
-0.5319771 2.2698709e-08 0.30065352 0 -1 7.54979e-08 48 36 15 255
-0.5119771 2.2698709e-08 0.30065352 0 -1 7.54979e-08 39 31 11 255
-0.4919771 2.2698709e-08 0.30065352 0 -1 7.54979e-08 42 33 13 255
-0.4719771 2.2698709e-08 0.30065352 0 -1 7.54979e-08 46 35 14 255
-0.45197707 2.2698709e-08 0.30065352 0 -1 7.54979e-08 67 48 22 255
-0.4319771 2.2698709e-08 0.30065352 0 -1 7.54979e-08 76 54 27 255
-0.4119771 2.2698709e-08 0.30065352 0 -1 7.54979e-08 94 64 32 255
-0.39197707 2.2698709e-08 0.30065352 0 -1 7.54979e-08 89 61 31 255
-0.3719771 2.2698709e-08 0.30065352 0 -1 7.54979e-08 76 55 26 255
-0.3519771 2.2698709e-08 0.30065352 0 -1 7.54979e-08 64 47 22 255
-0.33197713 2.2698709e-08 0.30065352 0 -1 7.54979e-08 60 44 20 255
-0.3119771 2.2698709e-08 0.30065352 0 -1 7.54979e-08 62 45 20 255
-0.2919771 2.2698709e-08 0.30065352 0 -1 7.54979e-08 69 49 23 255
-0.27197713 2.2698709e-08 0.30065352 0 -1 7.54979e-08 43 31 14 255
-0.2519771 2.2698709e-08 0.30065352 0 -1 7.54979e-08 0 0 0 255
-0.2319771 2.2698709e-08 0.30065352 0 -1 7.54979e-08 0 0 0 255
-0.21197712 2.2698709e-08 0.30065352 0 -1 7.54979e-08 0 0 0 255
-0.19197708 2.2698709e-08 0.30065352 0 -1 7.54979e-08 0 0 0 255
-0.1719771 2.2698709e-08 0.30065352 0 -1 7.54979e-08 1 4 0 255
-0.15197712 2.2698709e-08 0.30065352 0 -1 7.54979e-08 0 0 0 255
-0.13197708 2.2698709e-08 0.30065352 0 -1 7.54979e-08 0 0 0 255
-0.1119771 2.2698709e-08 0.30065352 0 -1 7.54979e-08 1 3 0 255
-0.09197712 2.2698709e-08 0.30065352 0 -1 7.54979e-08 0 1 0 255
-0.07197714 2.2698709e-08 0.30065352 0 -1 7.54979e-08 0 0 0 255
-0.051977158 2.2698709e-08 0.30065352 0 -1 7.54979e-08 3 4 3 255
-0.031977057 2.2698709e-08 0.30065352 0 -1 7.54979e-08 56 62 54 255
-0.0119770765 2.2698709e-08 0.30065352 0 -1 7.54979e-08 114 109 101 255
0.008022904 2.2698709e-08 0.30065352 0 -1 7.54979e-08 36 32 26 255
0.028022885 2.2698709e-08 0.30065352 0 -1 7.54979e-08 0 0 0 255
0.048022866 2.2698709e-08 0.30065352 0 -1 7.54979e-08 0 0 0 255
0.06802285 2.2698709e-08 0.30065352 0 -1 7.54979e-08 0 0 0 255
0.08802295 2.2698709e-08 0.30065352 0 -1 7.54979e-08 0 0 0 255
0.10802293 2.2698709e-08 0.30065352 0 -1 7.54979e-08 0 0 0 255
0.12802291 2.2698709e-08 0.30065352 0 -1 7.54979e-08 0 0 0 255
0.14802289 2.2698709e-08 0.30065352 0 -1 7.54979e-08 0 0 0 255
0.16802287 2.2698709e-08 0.30065352 0 -1 7.54979e-08 0 0 0 255
0.18802285 2.2698709e-08 0.30065352 0 -1 7.54979e-08 0 0 0 255
0.20802283 2.2698709e-08 0.30065352 0 -1 7.54979e-08 0 0 0 255
0.22802293 2.2698709e-08 0.30065352 0 -1 7.54979e-08 0 0 0 255
0.24802291 2.2698709e-08 0.30065352 0 -1 7.54979e-08 0 0 0 255
0.2680229 2.2698709e-08 0.30065352 0 -1 7.54979e-08 0 0 0 255
0.28802288 2.2698709e-08 0.30065352 0 -1 7.54979e-08 0 0 0 255
0.30802286 2.2698709e-08 0.30065352 0 -1 7.54979e-08 0 0 0 255
0.32802284 2.2698709e-08 0.30065352 0 -1 7.54979e-08 2 1 0 255
0.34802294 2.2698709e-08 0.30065352 0 -1 7.54979e-08 7 6 2 255
0.36802292 2.2698709e-08 0.30065352 0 -1 7.54979e-08 0 0 0 255
0.3880229 2.2698709e-08 0.30065352 0 -1 7.54979e-08 0 0 0 255
0.40802288 2.2698709e-08 0.30065352 0 -1 7.54979e-08 0 0 0 255
0.42802286 2.2698709e-08 0.30065352 0 -1 7.54979e-08 0 0 0 255
0.44802284 2.2698709e-08 0.30065352 0 -1 7.54979e-08 0 0 0 255
0.46802282 2.2698709e-08 0.30065352 0 -1 7.54979e-08 5 3 1 255
0.48802292 2.2698709e-08 0.30065352 0 -1 7.54979e-08 11 8 2 255
0.5080229 2.2698709e-08 0.30065352 0 -1 7.54979e-08 0 2 0 255
0.5280229 2.2698709e-08 0.30065352 0 -1 7.54979e-08 0 0 0 255
0.54802287 2.2698709e-08 0.30065352 0 -1 7.54979e-08 0 0 0 255
0.56802285 2.2698709e-08 0.30065352 0 -1 7.54979e-08 0 0 0 255
0.5880228 2.2698709e-08 0.30065352 0 -1 7.54979e-08 0 0 0 255
0.6080229 2.2698709e-08 0.30065352 0 -1 7.54979e-08 0 0 0 255
0.6280229 2.2698709e-08 0.30065352 0 -1 7.54979e-08 0 0 0 255
0.6480229 2.2698709e-08 0.30065352 0 -1 7.54979e-08 0 0 0 255
0.6680229 2.2698709e-08 0.30065352 0 -1 7.54979e-08 0 0 0 255
0.68802285 2.2698709e-08 0.30065352 0 -1 7.54979e-08 58 43 19 255
0.70802283 2.2698709e-08 0.30065352 0 -1 7.54979e-08 21 18 6 255
0.72802293 2.2698709e-08 0.30065352 0 -1 7.54979e-08 5 10 2 255
-0.8719771 2.4208665e-08 0.3206535 0 -1 7.54979e-08 52 33 18 255
-0.8519771 2.4208665e-08 0.3206535 0 -1 7.54979e-08 101 66 35 255
-0.8319771 2.4208665e-08 0.3206535 0 -1 7.54979e-08 100 67 34 255
-0.8119771 2.4208665e-08 0.3206535 0 -1 7.54979e-08 100 68 35 255
-0.79197705 2.4208665e-08 0.3206535 0 -1 7.54979e-08 79 55 26 255
-0.77197707 2.4208665e-08 0.3206535 0 -1 7.54979e-08 58 44 19 255
-0.7519771 2.4208665e-08 0.3206535 0 -1 7.54979e-08 53 41 18 255
-0.7319771 2.4208665e-08 0.3206535 0 -1 7.54979e-08 58 45 20 255
-0.7119771 2.4208665e-08 0.3206535 0 -1 7.54979e-08 77 54 26 255
-0.6919771 2.4208665e-08 0.3206535 0 -1 7.54979e-08 102 68 36 255
-0.6719771 2.4208665e-08 0.3206535 0 -1 7.54979e-08 111 71 38 255
-0.65197706 2.4208665e-08 0.3206535 0 -1 7.54979e-08 106 70 36 255
-0.6319771 2.4208665e-08 0.3206535 0 -1 7.54979e-08 91 61 31 255
-0.6119771 2.4208665e-08 0.3206535 0 -1 7.54979e-08 84 58 29 255
-0.5919771 2.4208665e-08 0.3206535 0 -1 7.54979e-08 64 47 21 255
-0.5719771 2.4208665e-08 0.3206535 0 -1 7.54979e-08 53 39 17 255
-0.5519771 2.4208665e-08 0.3206535 0 -1 7.54979e-08 39 31 11 255
-0.5319771 2.4208665e-08 0.3206535 0 -1 7.54979e-08 40 32 12 255
-0.5119771 2.4208665e-08 0.3206535 0 -1 7.54979e-08 45 35 14 255
-0.4919771 2.4208665e-08 0.3206535 0 -1 7.54979e-08 59 44 20 255
-0.4719771 2.4208665e-08 0.3206535 0 -1 7.54979e-08 73 52 26 255
-0.45197707 2.4208665e-08 0.3206535 0 -1 7.54979e-08 92 63 32 255
-0.4319771 2.4208665e-08 0.3206535 0 -1 7.54979e-08 94 63 32 255
-0.4119771 2.4208665e-08 0.3206535 0 -1 7.54979e-08 86 59 30 255
-0.39197707 2.4208665e-08 0.3206535 0 -1 7.54979e-08 69 51 24 255
-0.3719771 2.4208665e-08 0.3206535 0 -1 7.54979e-08 61 45 21 255
-0.3519771 2.4208665e-08 0.3206535 0 -1 7.54979e-08 61 45 20 255
-0.33197713 2.4208665e-08 0.3206535 0 -1 7.54979e-08 66 50 24 255
-0.3119771 2.4208665e-08 0.3206535 0 -1 7.54979e-08 77 54 26 255
-0.2919771 2.4208665e-08 0.3206535 0 -1 7.54979e-08 87 60 30 255
-0.27197713 2.4208665e-08 0.3206535 0 -1 7.54979e-08 47 33 15 255
-0.2519771 2.4208665e-08 0.3206535 0 -1 7.54979e-08 0 0 0 255
-0.2319771 2.4208665e-08 0.3206535 0 -1 7.54979e-08 0 0 0 255
-0.21197712 2.4208665e-08 0.3206535 0 -1 7.54979e-08 0 0 0 255
-0.19197708 2.4208665e-08 0.3206535 0 -1 7.54979e-08 0 0 0 255
-0.1719771 2.4208665e-08 0.3206535 0 -1 7.54979e-08 4 11 2 255
-0.15197712 2.4208665e-08 0.3206535 0 -1 7.54979e-08 0 0 0 255
-0.13197708 2.4208665e-08 0.3206535 0 -1 7.54979e-08 0 0 0 255
-0.1119771 2.4208665e-08 0.3206535 0 -1 7.54979e-08 3 8 1 255
-0.09197712 2.4208665e-08 0.3206535 0 -1 7.54979e-08 0 2 0 255
-0.07197714 2.4208665e-08 0.3206535 0 -1 7.54979e-08 0 0 0 255
-0.051977158 2.4208665e-08 0.3206535 0 -1 7.54979e-08 7 7 7 255
-0.031977057 2.4208665e-08 0.3206535 0 -1 7.54979e-08 97 97 97 255
-0.0119770765 2.4208665e-08 0.3206535 0 -1 7.54979e-08 170 170 170 255
0.008022904 2.4208665e-08 0.3206535 0 -1 7.54979e-08 54 54 54 255
0.028022885 2.4208665e-08 0.3206535 0 -1 7.54979e-08 0 0 0 255
0.048022866 2.4208665e-08 0.3206535 0 -1 7.54979e-08 0 0 0 255
0.06802285 2.4208665e-08 0.3206535 0 -1 7.54979e-08 0 0 0 255
0.08802295 2.4208665e-08 0.3206535 0 -1 7.54979e-08 0 0 0 255
0.10802293 2.4208665e-08 0.3206535 0 -1 7.54979e-08 0 0 0 255
0.12802291 2.4208665e-08 0.3206535 0 -1 7.54979e-08 0 0 0 255
0.14802289 2.4208665e-08 0.3206535 0 -1 7.54979e-08 0 0 0 255
0.16802287 2.4208665e-08 0.3206535 0 -1 7.54979e-08 0 0 0 255
0.18802285 2.4208665e-08 0.3206535 0 -1 7.54979e-08 0 0 0 255
0.20802283 2.4208665e-08 0.3206535 0 -1 7.54979e-08 0 0 0 255
0.22802293 2.4208665e-08 0.3206535 0 -1 7.54979e-08 0 0 0 255
0.24802291 2.4208665e-08 0.3206535 0 -1 7.54979e-08 0 0 0 255
0.2680229 2.4208665e-08 0.3206535 0 -1 7.54979e-08 0 0 0 255
0.28802288 2.4208665e-08 0.3206535 0 -1 7.54979e-08 0 0 0 255
0.30802286 2.4208665e-08 0.3206535 0 -1 7.54979e-08 19 19 19 255
0.32802284 2.4208665e-08 0.3206535 0 -1 7.54979e-08 66 65 62 255
0.34802294 2.4208665e-08 0.3206535 0 -1 7.54979e-08 70 67 58 255
0.36802292 2.4208665e-08 0.3206535 0 -1 7.54979e-08 18 18 18 255
0.3880229 2.4208665e-08 0.3206535 0 -1 7.54979e-08 0 0 0 255
0.40802288 2.4208665e-08 0.3206535 0 -1 7.54979e-08 0 0 0 255
0.42802286 2.4208665e-08 0.3206535 0 -1 7.54979e-08 0 0 0 255
0.44802284 2.4208665e-08 0.3206535 0 -1 7.54979e-08 0 0 0 255
0.46802282 2.4208665e-08 0.3206535 0 -1 7.54979e-08 6 5 3 255
0.48802292 2.4208665e-08 0.3206535 0 -1 7.54979e-08 23 24 16 255
0.5080229 2.4208665e-08 0.3206535 0 -1 7.54979e-08 10 15 8 255
0.5280229 2.4208665e-08 0.3206535 0 -1 7.54979e-08 0 1 0 255
0.54802287 2.4208665e-08 0.3206535 0 -1 7.54979e-08 0 0 0 255
0.56802285 2.4208665e-08 0.3206535 0 -1 7.54979e-08 0 0 0 255
0.5880228 2.4208665e-08 0.3206535 0 -1 7.54979e-08 0 0 0 255
0.6080229 2.4208665e-08 0.3206535 0 -1 7.54979e-08 0 0 0 255
0.6280229 2.4208665e-08 0.3206535 0 -1 7.54979e-08 0 0 0 255
0.6480229 2.4208665e-08 0.3206535 0 -1 7.54979e-08 0 0 0 255
0.6680229 2.4208665e-08 0.3206535 0 -1 7.54979e-08 0 0 0 255
0.68802285 2.4208665e-08 0.3206535 0 -1 7.54979e-08 36 29 10 255
0.70802283 2.4208665e-08 0.3206535 0 -1 7.54979e-08 1 4 0 255
0.72802293 2.4208665e-08 0.3206535 0 -1 7.54979e-08 10 17 3 255
0.7480229 2.4208665e-08 0.3206535 0 -1 7.54979e-08 25 20 6 255
-0.8719771 2.5718622e-08 0.34065348 0 -1 7.54979e-08 0 0 0 255
-0.8519771 2.5718622e-08 0.34065348 0 -1 7.54979e-08 89 58 31 255
-0.8319771 2.5718622e-08 0.34065348 0 -1 7.54979e-08 125 81 45 255
-0.8119771 2.5718622e-08 0.34065348 0 -1 7.54979e-08 117 76 42 255
-0.79197705 2.5718622e-08 0.34065348 0 -1 7.54979e-08 106 70 36 255
-0.77197707 2.5718622e-08 0.34065348 0 -1 7.54979e-08 98 66 34 255
-0.7519771 2.5718622e-08 0.34065348 0 -1 7.54979e-08 91 64 34 255
-0.7319771 2.5718622e-08 0.34065348 0 -1 7.54979e-08 98 66 35 255
-0.7119771 2.5718622e-08 0.34065348 0 -1 7.54979e-08 108 70 38 255
-0.6919771 2.5718622e-08 0.34065348 0 -1 7.54979e-08 121 77 43 255
-0.6719771 2.5718622e-08 0.34065348 0 -1 7.54979e-08 109 71 38 255
-0.65197706 2.5718622e-08 0.34065348 0 -1 7.54979e-08 85 58 28 255
-0.6319771 2.5718622e-08 0.34065348 0 -1 7.54979e-08 58 43 19 255
-0.6119771 2.5718622e-08 0.34065348 0 -1 7.54979e-08 54 40 18 255
-0.5919771 2.5718622e-08 0.34065348 0 -1 7.54979e-08 46 35 14 255
-0.5719771 2.5718622e-08 0.34065348 0 -1 7.54979e-08 45 35 14 255
-0.5519771 2.5718622e-08 0.34065348 0 -1 7.54979e-08 54 40 17 255
-0.5319771 2.5718622e-08 0.34065348 0 -1 7.54979e-08 62 44 20 255
-0.5119771 2.5718622e-08 0.34065348 0 -1 7.54979e-08 76 53 26 255
-0.4919771 2.5718622e-08 0.34065348 0 -1 7.54979e-08 85 59 30 255
-0.4719771 2.5718622e-08 0.34065348 0 -1 7.54979e-08 94 64 32 255
-0.45197707 2.5718622e-08 0.34065348 0 -1 7.54979e-08 91 61 31 255
-0.4319771 2.5718622e-08 0.34065348 0 -1 7.54979e-08 72 54 25 255
-0.4119771 2.5718622e-08 0.34065348 0 -1 7.54979e-08 63 47 23 255
-0.39197707 2.5718622e-08 0.34065348 0 -1 7.54979e-08 66 49 23 255
-0.3719771 2.5718622e-08 0.34065348 0 -1 7.54979e-08 71 51 25 255
-0.3519771 2.5718622e-08 0.34065348 0 -1 7.54979e-08 78 54 26 255
-0.33197713 2.5718622e-08 0.34065348 0 -1 7.54979e-08 84 60 29 255
-0.3119771 2.5718622e-08 0.34065348 0 -1 7.54979e-08 97 66 33 255
-0.2919771 2.5718622e-08 0.34065348 0 -1 7.54979e-08 97 66 33 255
-0.27197713 2.5718622e-08 0.34065348 0 -1 7.54979e-08 60 40 20 255
-0.2519771 2.5718622e-08 0.34065348 0 -1 7.54979e-08 0 0 0 255
-0.2319771 2.5718622e-08 0.34065348 0 -1 7.54979e-08 0 0 0 255
-0.21197712 2.5718622e-08 0.34065348 0 -1 7.54979e-08 0 0 0 255
-0.19197708 2.5718622e-08 0.34065348 0 -1 7.54979e-08 0 0 0 255
-0.1719771 2.5718622e-08 0.34065348 0 -1 7.54979e-08 0 0 0 255
-0.15197712 2.5718622e-08 0.34065348 0 -1 7.54979e-08 0 0 0 255
-0.13197708 2.5718622e-08 0.34065348 0 -1 7.54979e-08 0 0 0 255
-0.1119771 2.5718622e-08 0.34065348 0 -1 7.54979e-08 0 0 0 255
-0.09197712 2.5718622e-08 0.34065348 0 -1 7.54979e-08 0 0 0 255
-0.07197714 2.5718622e-08 0.34065348 0 -1 7.54979e-08 0 0 0 255
-0.051977158 2.5718622e-08 0.34065348 0 -1 7.54979e-08 3 3 3 255
-0.031977057 2.5718622e-08 0.34065348 0 -1 7.54979e-08 40 42 38 255
-0.0119770765 2.5718622e-08 0.34065348 0 -1 7.54979e-08 58 57 56 255
0.008022904 2.5718622e-08 0.34065348 0 -1 7.54979e-08 13 13 13 255
0.028022885 2.5718622e-08 0.34065348 0 -1 7.54979e-08 0 0 0 255
0.048022866 2.5718622e-08 0.34065348 0 -1 7.54979e-08 0 0 0 255
0.06802285 2.5718622e-08 0.34065348 0 -1 7.54979e-08 0 0 0 255
0.08802295 2.5718622e-08 0.34065348 0 -1 7.54979e-08 0 0 0 255
0.10802293 2.5718622e-08 0.34065348 0 -1 7.54979e-08 0 0 0 255
0.12802291 2.5718622e-08 0.34065348 0 -1 7.54979e-08 0 0 0 255
0.14802289 2.5718622e-08 0.34065348 0 -1 7.54979e-08 0 0 0 255
0.16802287 2.5718622e-08 0.34065348 0 -1 7.54979e-08 0 0 0 255
0.18802285 2.5718622e-08 0.34065348 0 -1 7.54979e-08 0 0 0 255
0.20802283 2.5718622e-08 0.34065348 0 -1 7.54979e-08 0 0 0 255
0.22802293 2.5718622e-08 0.34065348 0 -1 7.54979e-08 0 0 0 255
0.24802291 2.5718622e-08 0.34065348 0 -1 7.54979e-08 0 0 0 255
0.2680229 2.5718622e-08 0.34065348 0 -1 7.54979e-08 0 0 0 255
0.28802288 2.5718622e-08 0.34065348 0 -1 7.54979e-08 0 0 0 255
0.30802286 2.5718622e-08 0.34065348 0 -1 7.54979e-08 60 60 60 255
0.32802284 2.5718622e-08 0.34065348 0 -1 7.54979e-08 205 205 205 255
0.34802294 2.5718622e-08 0.34065348 0 -1 7.54979e-08 180 180 180 255
0.36802292 2.5718622e-08 0.34065348 0 -1 7.54979e-08 62 64 61 255
0.3880229 2.5718622e-08 0.34065348 0 -1 7.54979e-08 0 1 0 255
0.40802288 2.5718622e-08 0.34065348 0 -1 7.54979e-08 0 0 0 255
0.42802286 2.5718622e-08 0.34065348 0 -1 7.54979e-08 0 0 0 255
0.44802284 2.5718622e-08 0.34065348 0 -1 7.54979e-08 0 0 0 255
0.46802282 2.5718622e-08 0.34065348 0 -1 7.54979e-08 10 10 10 255
0.48802292 2.5718622e-08 0.34065348 0 -1 7.54979e-08 55 55 55 255
0.5080229 2.5718622e-08 0.34065348 0 -1 7.54979e-08 41 46 39 255
0.5280229 2.5718622e-08 0.34065348 0 -1 7.54979e-08 3 5 3 255
0.54802287 2.5718622e-08 0.34065348 0 -1 7.54979e-08 0 0 0 255
0.56802285 2.5718622e-08 0.34065348 0 -1 7.54979e-08 0 0 0 255
0.5880228 2.5718622e-08 0.34065348 0 -1 7.54979e-08 0 0 0 255
0.6080229 2.5718622e-08 0.34065348 0 -1 7.54979e-08 0 0 0 255
0.6280229 2.5718622e-08 0.34065348 0 -1 7.54979e-08 0 0 0 255
0.6480229 2.5718622e-08 0.34065348 0 -1 7.54979e-08 0 0 0 255
0.6680229 2.5718622e-08 0.34065348 0 -1 7.54979e-08 0 0 0 255
0.68802285 2.5718622e-08 0.34065348 0 -1 7.54979e-08 36 29 10 255
0.70802283 2.5718622e-08 0.34065348 0 -1 7.54979e-08 1 4 0 255
0.72802293 2.5718622e-08 0.34065348 0 -1 7.54979e-08 7 19 3 255
0.7480229 2.5718622e-08 0.34065348 0 -1 7.54979e-08 17 18 5 255
0.7680229 2.5718622e-08 0.34065348 0 -1 7.54979e-08 34 27 9 255
-0.8519771 2.7228584e-08 0.36065352 0 -1 7.54979e-08 73 48 27 255
-0.8319771 2.7228584e-08 0.36065352 0 -1 7.54979e-08 99 65 36 255
-0.8119771 2.7228584e-08 0.36065352 0 -1 7.54979e-08 103 70 36 255
-0.79197705 2.7228584e-08 0.36065352 0 -1 7.54979e-08 104 70 37 255
-0.77197707 2.7228584e-08 0.36065352 0 -1 7.54979e-08 115 74 40 255
-0.7519771 2.7228584e-08 0.36065352 0 -1 7.54979e-08 125 80 44 255
-0.7319771 2.7228584e-08 0.36065352 0 -1 7.54979e-08 125 80 44 255
-0.7119771 2.7228584e-08 0.36065352 0 -1 7.54979e-08 125 80 44 255
-0.6919771 2.7228584e-08 0.36065352 0 -1 7.54979e-08 104 68 36 255
-0.6719771 2.7228584e-08 0.36065352 0 -1 7.54979e-08 80 56 27 255
-0.65197706 2.7228584e-08 0.36065352 0 -1 7.54979e-08 67 47 22 255
-0.6319771 2.7228584e-08 0.36065352 0 -1 7.54979e-08 62 44 20 255
-0.6119771 2.7228584e-08 0.36065352 0 -1 7.54979e-08 59 42 19 255
-0.5919771 2.7228584e-08 0.36065352 0 -1 7.54979e-08 68 48 22 255
-0.5719771 2.7228584e-08 0.36065352 0 -1 7.54979e-08 70 51 25 255
-0.5519771 2.7228584e-08 0.36065352 0 -1 7.54979e-08 90 62 31 255
-0.5319771 2.7228584e-08 0.36065352 0 -1 7.54979e-08 95 64 32 255
-0.5119771 2.7228584e-08 0.36065352 0 -1 7.54979e-08 101 67 34 255
-0.4919771 2.7228584e-08 0.36065352 0 -1 7.54979e-08 89 62 31 255
-0.4719771 2.7228584e-08 0.36065352 0 -1 7.54979e-08 75 56 26 255
-0.45197707 2.7228584e-08 0.36065352 0 -1 7.54979e-08 65 48 23 255
-0.4319771 2.7228584e-08 0.36065352 0 -1 7.54979e-08 74 52 26 255
-0.4119771 2.7228584e-08 0.36065352 0 -1 7.54979e-08 80 56 28 255
-0.39197707 2.7228584e-08 0.36065352 0 -1 7.54979e-08 87 61 30 255
-0.3719771 2.7228584e-08 0.36065352 0 -1 7.54979e-08 99 66 34 255
-0.3519771 2.7228584e-08 0.36065352 0 -1 7.54979e-08 105 68 36 255
-0.33197713 2.7228584e-08 0.36065352 0 -1 7.54979e-08 109 70 38 255
-0.3119771 2.7228584e-08 0.36065352 0 -1 7.54979e-08 118 76 41 255
-0.2919771 2.7228584e-08 0.36065352 0 -1 7.54979e-08 118 76 41 255
-0.27197713 2.7228584e-08 0.36065352 0 -1 7.54979e-08 73 47 25 255
-0.2519771 2.7228584e-08 0.36065352 0 -1 7.54979e-08 0 0 0 255
-0.2319771 2.7228584e-08 0.36065352 0 -1 7.54979e-08 0 0 0 255
-0.21197712 2.7228584e-08 0.36065352 0 -1 7.54979e-08 0 0 0 255
-0.19197708 2.7228584e-08 0.36065352 0 -1 7.54979e-08 0 0 0 255
-0.1719771 2.7228584e-08 0.36065352 0 -1 7.54979e-08 0 0 0 255
-0.15197712 2.7228584e-08 0.36065352 0 -1 7.54979e-08 1 3 0 255
-0.13197708 2.7228584e-08 0.36065352 0 -1 7.54979e-08 0 0 0 255
-0.1119771 2.7228584e-08 0.36065352 0 -1 7.54979e-08 0 0 0 255
-0.09197712 2.7228584e-08 0.36065352 0 -1 7.54979e-08 0 0 0 255
-0.07197714 2.7228584e-08 0.36065352 0 -1 7.54979e-08 0 0 0 255
-0.051977158 2.7228584e-08 0.36065352 0 -1 7.54979e-08 1 2 0 255
-0.031977057 2.7228584e-08 0.36065352 0 -1 7.54979e-08 10 17 3 255
-0.0119770765 2.7228584e-08 0.36065352 0 -1 7.54979e-08 8 7 2 255
0.008022904 2.7228584e-08 0.36065352 0 -1 7.54979e-08 0 0 0 255
0.028022885 2.7228584e-08 0.36065352 0 -1 7.54979e-08 0 0 0 255
0.048022866 2.7228584e-08 0.36065352 0 -1 7.54979e-08 0 0 0 255
0.06802285 2.7228584e-08 0.36065352 0 -1 7.54979e-08 0 0 0 255
0.08802295 2.7228584e-08 0.36065352 0 -1 7.54979e-08 0 0 0 255
0.10802293 2.7228584e-08 0.36065352 0 -1 7.54979e-08 0 0 0 255
0.12802291 2.7228584e-08 0.36065352 0 -1 7.54979e-08 0 0 0 255
0.14802289 2.7228584e-08 0.36065352 0 -1 7.54979e-08 0 0 0 255
0.16802287 2.7228584e-08 0.36065352 0 -1 7.54979e-08 0 0 0 255
0.18802285 2.7228584e-08 0.36065352 0 -1 7.54979e-08 0 0 0 255
0.20802283 2.7228584e-08 0.36065352 0 -1 7.54979e-08 0 0 0 255
0.22802293 2.7228584e-08 0.36065352 0 -1 7.54979e-08 0 0 0 255
0.24802291 2.7228584e-08 0.36065352 0 -1 7.54979e-08 0 0 0 255
0.2680229 2.7228584e-08 0.36065352 0 -1 7.54979e-08 0 0 0 255
0.28802288 2.7228584e-08 0.36065352 0 -1 7.54979e-08 0 0 0 255
0.30802286 2.7228584e-08 0.36065352 0 -1 7.54979e-08 33 33 33 255
0.32802284 2.7228584e-08 0.36065352 0 -1 7.54979e-08 159 159 159 255
0.34802294 2.7228584e-08 0.36065352 0 -1 7.54979e-08 150 149 147 255
0.36802292 2.7228584e-08 0.36065352 0 -1 7.54979e-08 53 56 48 255
0.3880229 2.7228584e-08 0.36065352 0 -1 7.54979e-08 1 4 0 255
0.40802288 2.7228584e-08 0.36065352 0 -1 7.54979e-08 0 0 0 255
0.42802286 2.7228584e-08 0.36065352 0 -1 7.54979e-08 0 0 0 255
0.44802284 2.7228584e-08 0.36065352 0 -1 7.54979e-08 0 0 0 255
0.46802282 2.7228584e-08 0.36065352 0 -1 7.54979e-08 10 10 9 255
0.48802292 2.7228584e-08 0.36065352 0 -1 7.54979e-08 62 60 58 255
0.5080229 2.7228584e-08 0.36065352 0 -1 7.54979e-08 54 53 52 255
0.5280229 2.7228584e-08 0.36065352 0 -1 7.54979e-08 6 6 6 255
0.54802287 2.7228584e-08 0.36065352 0 -1 7.54979e-08 0 0 0 255
0.56802285 2.7228584e-08 0.36065352 0 -1 7.54979e-08 0 0 0 255
0.5880228 2.7228584e-08 0.36065352 0 -1 7.54979e-08 0 0 0 255
0.6080229 2.7228584e-08 0.36065352 0 -1 7.54979e-08 0 0 0 255
0.6280229 2.7228584e-08 0.36065352 0 -1 7.54979e-08 0 0 0 255
0.6480229 2.7228584e-08 0.36065352 0 -1 7.54979e-08 0 0 0 255
0.6680229 2.7228584e-08 0.36065352 0 -1 7.54979e-08 0 0 0 255
0.68802285 2.7228584e-08 0.36065352 0 -1 7.54979e-08 26 21 7 255
0.70802283 2.7228584e-08 0.36065352 0 -1 7.54979e-08 1 4 0 255
0.72802293 2.7228584e-08 0.36065352 0 -1 7.54979e-08 11 20 4 255
0.7480229 2.7228584e-08 0.36065352 0 -1 7.54979e-08 28 27 9 255
0.7680229 2.7228584e-08 0.36065352 0 -1 7.54979e-08 39 31 11 255
0.7880229 2.7228584e-08 0.36065352 0 -1 7.54979e-08 43 34 13 255
-0.8319771 2.873854e-08 0.3806535 0 -1 7.54979e-08 0 0 0 255
-0.8119771 2.873854e-08 0.3806535 0 -1 7.54979e-08 100 65 37 255
-0.79197705 2.873854e-08 0.3806535 0 -1 7.54979e-08 105 68 38 255
-0.77197707 2.873854e-08 0.3806535 0 -1 7.54979e-08 117 76 41 255
-0.7519771 2.873854e-08 0.3806535 0 -1 7.54979e-08 113 74 39 255
-0.7319771 2.873854e-08 0.3806535 0 -1 7.54979e-08 116 75 40 255
-0.7119771 2.873854e-08 0.3806535 0 -1 7.54979e-08 114 74 39 255
-0.6919771 2.873854e-08 0.3806535 0 -1 7.54979e-08 113 74 39 255
-0.6719771 2.873854e-08 0.3806535 0 -1 7.54979e-08 110 72 38 255
-0.65197706 2.873854e-08 0.3806535 0 -1 7.54979e-08 97 65 33 255
-0.6319771 2.873854e-08 0.3806535 0 -1 7.54979e-08 106 70 37 255
-0.6119771 2.873854e-08 0.3806535 0 -1 7.54979e-08 97 64 33 255
-0.5919771 2.873854e-08 0.3806535 0 -1 7.54979e-08 90 60 30 255
-0.5719771 2.873854e-08 0.3806535 0 -1 7.54979e-08 83 58 29 255
-0.5519771 2.873854e-08 0.3806535 0 -1 7.54979e-08 92 63 31 255
-0.5319771 2.873854e-08 0.3806535 0 -1 7.54979e-08 88 60 30 255
-0.5119771 2.873854e-08 0.3806535 0 -1 7.54979e-08 93 64 32 255
-0.4919771 2.873854e-08 0.3806535 0 -1 7.54979e-08 92 64 34 255
-0.4719771 2.873854e-08 0.3806535 0 -1 7.54979e-08 87 60 32 255
-0.45197707 2.873854e-08 0.3806535 0 -1 7.54979e-08 86 59 29 255
-0.4319771 2.873854e-08 0.3806535 0 -1 7.54979e-08 108 70 37 255
-0.4119771 2.873854e-08 0.3806535 0 -1 7.54979e-08 119 77 42 255
-0.39197707 2.873854e-08 0.3806535 0 -1 7.54979e-08 119 77 42 255
-0.3719771 2.873854e-08 0.3806535 0 -1 7.54979e-08 120 78 42 255
-0.3519771 2.873854e-08 0.3806535 0 -1 7.54979e-08 122 79 43 255
-0.33197713 2.873854e-08 0.3806535 0 -1 7.54979e-08 133 85 48 255
-0.3119771 2.873854e-08 0.3806535 0 -1 7.54979e-08 135 85 49 255
-0.2919771 2.873854e-08 0.3806535 0 -1 7.54979e-08 135 85 49 255
-0.27197713 2.873854e-08 0.3806535 0 -1 7.54979e-08 83 52 30 255
-0.2519771 2.873854e-08 0.3806535 0 -1 7.54979e-08 0 0 0 255
-0.2319771 2.873854e-08 0.3806535 0 -1 7.54979e-08 0 0 0 255
-0.21197712 2.873854e-08 0.3806535 0 -1 7.54979e-08 0 0 0 255
-0.19197708 2.873854e-08 0.3806535 0 -1 7.54979e-08 0 0 0 255
-0.1719771 2.873854e-08 0.3806535 0 -1 7.54979e-08 1 3 0 255
-0.15197712 2.873854e-08 0.3806535 0 -1 7.54979e-08 5 12 2 255
-0.13197708 2.873854e-08 0.3806535 0 -1 7.54979e-08 0 0 0 255
-0.1119771 2.873854e-08 0.3806535 0 -1 7.54979e-08 0 0 0 255
-0.09197712 2.873854e-08 0.3806535 0 -1 7.54979e-08 0 0 0 255
-0.07197714 2.873854e-08 0.3806535 0 -1 7.54979e-08 0 0 0 255
-0.051977158 2.873854e-08 0.3806535 0 -1 7.54979e-08 0 1 0 255
-0.031977057 2.873854e-08 0.3806535 0 -1 7.54979e-08 5 14 2 255
-0.0119770765 2.873854e-08 0.3806535 0 -1 7.54979e-08 3 7 1 255
0.008022904 2.873854e-08 0.3806535 0 -1 7.54979e-08 0 0 0 255
0.028022885 2.873854e-08 0.3806535 0 -1 7.54979e-08 0 0 0 255
0.048022866 2.873854e-08 0.3806535 0 -1 7.54979e-08 0 0 0 255
0.06802285 2.873854e-08 0.3806535 0 -1 7.54979e-08 0 0 0 255
0.08802295 2.873854e-08 0.3806535 0 -1 7.54979e-08 0 0 0 255
0.10802293 2.873854e-08 0.3806535 0 -1 7.54979e-08 0 0 0 255
0.12802291 2.873854e-08 0.3806535 0 -1 7.54979e-08 0 0 0 255
0.14802289 2.873854e-08 0.3806535 0 -1 7.54979e-08 0 0 0 255
0.16802287 2.873854e-08 0.3806535 0 -1 7.54979e-08 0 0 0 255
0.18802285 2.873854e-08 0.3806535 0 -1 7.54979e-08 0 0 0 255
0.20802283 2.873854e-08 0.3806535 0 -1 7.54979e-08 0 0 0 255
0.22802293 2.873854e-08 0.3806535 0 -1 7.54979e-08 0 0 0 255
0.24802291 2.873854e-08 0.3806535 0 -1 7.54979e-08 0 0 0 255
0.2680229 2.873854e-08 0.3806535 0 -1 7.54979e-08 0 0 0 255
0.28802288 2.873854e-08 0.3806535 0 -1 7.54979e-08 0 0 0 255
0.30802286 2.873854e-08 0.3806535 0 -1 7.54979e-08 0 0 0 255
0.32802284 2.873854e-08 0.3806535 0 -1 7.54979e-08 26 25 25 255
0.34802294 2.873854e-08 0.3806535 0 -1 7.54979e-08 39 35 28 255
0.36802292 2.873854e-08 0.3806535 0 -1 7.54979e-08 16 12 4 255
0.3880229 2.873854e-08 0.3806535 0 -1 7.54979e-08 0 0 0 255
0.40802288 2.873854e-08 0.3806535 0 -1 7.54979e-08 0 0 0 255
0.42802286 2.873854e-08 0.3806535 0 -1 7.54979e-08 0 0 0 255
0.44802284 2.873854e-08 0.3806535 0 -1 7.54979e-08 0 0 0 255
0.46802282 2.873854e-08 0.3806535 0 -1 7.54979e-08 5 3 1 255
0.48802292 2.873854e-08 0.3806535 0 -1 7.54979e-08 18 12 3 255
0.5080229 2.873854e-08 0.3806535 0 -1 7.54979e-08 6 5 1 255
0.5280229 2.873854e-08 0.3806535 0 -1 7.54979e-08 0 0 0 255
0.54802287 2.873854e-08 0.3806535 0 -1 7.54979e-08 0 0 0 255
0.56802285 2.873854e-08 0.3806535 0 -1 7.54979e-08 0 0 0 255
0.5880228 2.873854e-08 0.3806535 0 -1 7.54979e-08 0 0 0 255
0.6080229 2.873854e-08 0.3806535 0 -1 7.54979e-08 0 0 0 255
0.6280229 2.873854e-08 0.3806535 0 -1 7.54979e-08 0 0 0 255
0.6480229 2.873854e-08 0.3806535 0 -1 7.54979e-08 0 0 0 255
0.6680229 2.873854e-08 0.3806535 0 -1 7.54979e-08 0 0 0 255
0.68802285 2.873854e-08 0.3806535 0 -1 7.54979e-08 0 0 0 255
0.70802283 2.873854e-08 0.3806535 0 -1 7.54979e-08 3 8 1 255
0.72802293 2.873854e-08 0.3806535 0 -1 7.54979e-08 17 21 5 255
0.7480229 2.873854e-08 0.3806535 0 -1 7.54979e-08 36 28 10 255
0.7680229 2.873854e-08 0.3806535 0 -1 7.54979e-08 39 31 11 255
0.7880229 2.873854e-08 0.3806535 0 -1 7.54979e-08 51 38 16 255
0.80802286 2.873854e-08 0.3806535 0 -1 7.54979e-08 53 39 17 255
-0.8119771 3.02485e-08 0.40065354 0 -1 7.54979e-08 0 0 0 255
-0.79197705 3.02485e-08 0.40065354 0 -1 7.54979e-08 21 14 7 255
-0.77197707 3.02485e-08 0.40065354 0 -1 7.54979e-08 96 64 33 255
-0.7519771 3.02485e-08 0.40065354 0 -1 7.54979e-08 105 69 36 255
-0.7319771 3.02485e-08 0.40065354 0 -1 7.54979e-08 111 73 39 255
-0.7119771 3.02485e-08 0.40065354 0 -1 7.54979e-08 103 69 35 255
-0.6919771 3.02485e-08 0.40065354 0 -1 7.54979e-08 100 67 35 255
-0.6719771 3.02485e-08 0.40065354 0 -1 7.54979e-08 94 64 32 255
-0.65197706 3.02485e-08 0.40065354 0 -1 7.54979e-08 71 52 24 255
-0.6319771 3.02485e-08 0.40065354 0 -1 7.54979e-08 63 46 21 255
-0.6119771 3.02485e-08 0.40065354 0 -1 7.54979e-08 62 46 21 255
-0.5919771 3.02485e-08 0.40065354 0 -1 7.54979e-08 68 48 23 255
-0.5719771 3.02485e-08 0.40065354 0 -1 7.54979e-08 84 59 31 255
-0.5519771 3.02485e-08 0.40065354 0 -1 7.54979e-08 121 78 43 255
-0.5319771 3.02485e-08 0.40065354 0 -1 7.54979e-08 142 90 52 255
-0.5119771 3.02485e-08 0.40065354 0 -1 7.54979e-08 153 97 57 255
-0.4919771 3.02485e-08 0.40065354 0 -1 7.54979e-08 155 100 58 255
-0.4719771 3.02485e-08 0.40065354 0 -1 7.54979e-08 144 92 53 255
-0.45197707 3.02485e-08 0.40065354 0 -1 7.54979e-08 128 81 46 255
-0.4319771 3.02485e-08 0.40065354 0 -1 7.54979e-08 119 77 41 255
-0.4119771 3.02485e-08 0.40065354 0 -1 7.54979e-08 115 75 39 255
-0.39197707 3.02485e-08 0.40065354 0 -1 7.54979e-08 120 78 42 255
-0.3719771 3.02485e-08 0.40065354 0 -1 7.54979e-08 135 88 49 255
-0.3519771 3.02485e-08 0.40065354 0 -1 7.54979e-08 155 99 57 255
-0.33197713 3.02485e-08 0.40065354 0 -1 7.54979e-08 158 100 58 255
-0.3119771 3.02485e-08 0.40065354 0 -1 7.54979e-08 153 97 56 255
-0.2919771 3.02485e-08 0.40065354 0 -1 7.54979e-08 152 96 56 255
-0.27197713 3.02485e-08 0.40065354 0 -1 7.54979e-08 92 58 33 255
-0.2519771 3.02485e-08 0.40065354 0 -1 7.54979e-08 0 0 0 255
-0.2319771 3.02485e-08 0.40065354 0 -1 7.54979e-08 0 0 0 255
-0.21197712 3.02485e-08 0.40065354 0 -1 7.54979e-08 0 0 0 255
-0.19197708 3.02485e-08 0.40065354 0 -1 7.54979e-08 0 0 0 255
-0.1719771 3.02485e-08 0.40065354 0 -1 7.54979e-08 1 2 0 255
-0.15197712 3.02485e-08 0.40065354 0 -1 7.54979e-08 3 9 1 255
-0.13197708 3.02485e-08 0.40065354 0 -1 7.54979e-08 0 0 0 255
-0.1119771 3.02485e-08 0.40065354 0 -1 7.54979e-08 0 0 0 255
-0.09197712 3.02485e-08 0.40065354 0 -1 7.54979e-08 0 0 0 255
-0.07197714 3.02485e-08 0.40065354 0 -1 7.54979e-08 0 0 0 255
-0.051977158 3.02485e-08 0.40065354 0 -1 7.54979e-08 0 0 0 255
-0.031977057 3.02485e-08 0.40065354 0 -1 7.54979e-08 0 0 0 255
-0.0119770765 3.02485e-08 0.40065354 0 -1 7.54979e-08 0 0 0 255
0.008022904 3.02485e-08 0.40065354 0 -1 7.54979e-08 0 0 0 255
0.028022885 3.02485e-08 0.40065354 0 -1 7.54979e-08 1 3 0 255
0.048022866 3.02485e-08 0.40065354 0 -1 7.54979e-08 10 10 10 255
0.06802285 3.02485e-08 0.40065354 0 -1 7.54979e-08 7 7 7 255
0.08802295 3.02485e-08 0.40065354 0 -1 7.54979e-08 4 2 0 255
0.10802293 3.02485e-08 0.40065354 0 -1 7.54979e-08 2 1 0 255
0.12802291 3.02485e-08 0.40065354 0 -1 7.54979e-08 0 0 0 255
0.14802289 3.02485e-08 0.40065354 0 -1 7.54979e-08 0 0 0 255
0.16802287 3.02485e-08 0.40065354 0 -1 7.54979e-08 7 7 7 255
0.18802285 3.02485e-08 0.40065354 0 -1 7.54979e-08 10 10 10 255
0.20802283 3.02485e-08 0.40065354 0 -1 7.54979e-08 5 4 1 255
0.22802293 3.02485e-08 0.40065354 0 -1 7.54979e-08 3 4 1 255
0.24802291 3.02485e-08 0.40065354 0 -1 7.54979e-08 11 8 3 255
0.2680229 3.02485e-08 0.40065354 0 -1 7.54979e-08 15 11 4 255
0.28802288 3.02485e-08 0.40065354 0 -1 7.54979e-08 3 5 1 255
0.30802286 3.02485e-08 0.40065354 0 -1 7.54979e-08 0 0 0 255
0.32802284 3.02485e-08 0.40065354 0 -1 7.54979e-08 3 2 0 255
0.34802294 3.02485e-08 0.40065354 0 -1 7.54979e-08 18 12 3 255
0.36802292 3.02485e-08 0.40065354 0 -1 7.54979e-08 8 6 1 255
0.3880229 3.02485e-08 0.40065354 0 -1 7.54979e-08 0 0 0 255
0.40802288 3.02485e-08 0.40065354 0 -1 7.54979e-08 0 0 0 255
0.42802286 3.02485e-08 0.40065354 0 -1 7.54979e-08 0 0 0 255
0.44802284 3.02485e-08 0.40065354 0 -1 7.54979e-08 0 0 0 255
0.46802282 3.02485e-08 0.40065354 0 -1 7.54979e-08 8 6 4 255
0.48802292 3.02485e-08 0.40065354 0 -1 7.54979e-08 32 32 24 255
0.5080229 3.02485e-08 0.40065354 0 -1 7.54979e-08 23 24 16 255
0.5280229 3.02485e-08 0.40065354 0 -1 7.54979e-08 3 2 1 255
0.54802287 3.02485e-08 0.40065354 0 -1 7.54979e-08 0 0 0 255
0.56802285 3.02485e-08 0.40065354 0 -1 7.54979e-08 0 0 0 255
0.5880228 3.02485e-08 0.40065354 0 -1 7.54979e-08 0 0 0 255
0.6080229 3.02485e-08 0.40065354 0 -1 7.54979e-08 0 0 0 255
0.6280229 3.02485e-08 0.40065354 0 -1 7.54979e-08 0 0 0 255
0.6480229 3.02485e-08 0.40065354 0 -1 7.54979e-08 0 0 0 255
0.6680229 3.02485e-08 0.40065354 0 -1 7.54979e-08 0 0 0 255
0.68802285 3.02485e-08 0.40065354 0 -1 7.54979e-08 0 0 0 255
0.70802283 3.02485e-08 0.40065354 0 -1 7.54979e-08 6 15 3 255
0.72802293 3.02485e-08 0.40065354 0 -1 7.54979e-08 10 17 3 255
0.7480229 3.02485e-08 0.40065354 0 -1 7.54979e-08 25 20 6 255
0.7680229 3.02485e-08 0.40065354 0 -1 7.54979e-08 34 26 9 255
0.7880229 3.02485e-08 0.40065354 0 -1 7.54979e-08 34 26 9 255
0.80802286 3.02485e-08 0.40065354 0 -1 7.54979e-08 36 27 10 255
-0.79197705 3.1758457e-08 0.42065352 0 -1 7.54979e-08 16 12 5 255
-0.77197707 3.1758457e-08 0.42065352 0 -1 7.54979e-08 76 56 26 255
-0.7519771 3.1758457e-08 0.42065352 0 -1 7.54979e-08 77 55 26 255
-0.7319771 3.1758457e-08 0.42065352 0 -1 7.54979e-08 71 52 24 255
-0.7119771 3.1758457e-08 0.42065352 0 -1 7.54979e-08 63 46 20 255
-0.6919771 3.1758457e-08 0.42065352 0 -1 7.54979e-08 56 43 20 255
-0.6719771 3.1758457e-08 0.42065352 0 -1 7.54979e-08 61 44 20 255
-0.65197706 3.1758457e-08 0.42065352 0 -1 7.54979e-08 71 50 24 255
-0.6319771 3.1758457e-08 0.42065352 0 -1 7.54979e-08 80 55 28 255
-0.6119771 3.1758457e-08 0.42065352 0 -1 7.54979e-08 94 66 34 255
-0.5919771 3.1758457e-08 0.42065352 0 -1 7.54979e-08 114 75 41 255
-0.5719771 3.1758457e-08 0.42065352 0 -1 7.54979e-08 152 96 56 255
-0.5519771 3.1758457e-08 0.42065352 0 -1 7.54979e-08 160 102 60 255
-0.5319771 3.1758457e-08 0.42065352 0 -1 7.54979e-08 153 98 57 255
-0.5119771 3.1758457e-08 0.42065352 0 -1 7.54979e-08 138 88 50 255
-0.4919771 3.1758457e-08 0.42065352 0 -1 7.54979e-08 125 81 44 255
-0.4719771 3.1758457e-08 0.42065352 0 -1 7.54979e-08 119 77 42 255
-0.45197707 3.1758457e-08 0.42065352 0 -1 7.54979e-08 119 77 42 255
-0.4319771 3.1758457e-08 0.42065352 0 -1 7.54979e-08 119 78 42 255
-0.4119771 3.1758457e-08 0.42065352 0 -1 7.54979e-08 125 81 44 255
-0.39197707 3.1758457e-08 0.42065352 0 -1 7.54979e-08 143 92 53 255
-0.3719771 3.1758457e-08 0.42065352 0 -1 7.54979e-08 163 104 62 255
-0.3519771 3.1758457e-08 0.42065352 0 -1 7.54979e-08 178 114 68 255
-0.33197713 3.1758457e-08 0.42065352 0 -1 7.54979e-08 176 112 66 255
-0.3119771 3.1758457e-08 0.42065352 0 -1 7.54979e-08 158 102 59 255
-0.2919771 3.1758457e-08 0.42065352 0 -1 7.54979e-08 156 100 58 255
-0.27197713 3.1758457e-08 0.42065352 0 -1 7.54979e-08 93 59 34 255
-0.2519771 3.1758457e-08 0.42065352 0 -1 7.54979e-08 0 0 0 255
-0.2319771 3.1758457e-08 0.42065352 0 -1 7.54979e-08 0 0 0 255
-0.21197712 3.1758457e-08 0.42065352 0 -1 7.54979e-08 0 0 0 255
-0.19197708 3.1758457e-08 0.42065352 0 -1 7.54979e-08 0 0 0 255
-0.1719771 3.1758457e-08 0.42065352 0 -1 7.54979e-08 0 0 0 255
-0.15197712 3.1758457e-08 0.42065352 0 -1 7.54979e-08 0 0 0 255
-0.13197708 3.1758457e-08 0.42065352 0 -1 7.54979e-08 0 2 0 255
-0.1119771 3.1758457e-08 0.42065352 0 -1 7.54979e-08 0 1 0 255
-0.09197712 3.1758457e-08 0.42065352 0 -1 7.54979e-08 0 0 0 255
-0.07197714 3.1758457e-08 0.42065352 0 -1 7.54979e-08 0 0 0 255
-0.051977158 3.1758457e-08 0.42065352 0 -1 7.54979e-08 1 4 0 255
-0.031977057 3.1758457e-08 0.42065352 0 -1 7.54979e-08 0 0 0 255
-0.0119770765 3.1758457e-08 0.42065352 0 -1 7.54979e-08 0 0 0 255
0.008022904 3.1758457e-08 0.42065352 0 -1 7.54979e-08 0 0 0 255
0.028022885 3.1758457e-08 0.42065352 0 -1 7.54979e-08 10 17 8 255
0.048022866 3.1758457e-08 0.42065352 0 -1 7.54979e-08 45 46 45 255
0.06802285 3.1758457e-08 0.42065352 0 -1 7.54979e-08 38 38 37 255
0.08802295 3.1758457e-08 0.42065352 0 -1 7.54979e-08 25 19 13 255
0.10802293 3.1758457e-08 0.42065352 0 -1 7.54979e-08 18 14 9 255
0.12802291 3.1758457e-08 0.42065352 0 -1 7.54979e-08 4 3 1 255
0.14802289 3.1758457e-08 0.42065352 0 -1 7.54979e-08 3 2 0 255
0.16802287 3.1758457e-08 0.42065352 0 -1 7.54979e-08 57 57 57 255
0.18802285 3.1758457e-08 0.42065352 0 -1 7.54979e-08 81 81 81 255
0.20802283 3.1758457e-08 0.42065352 0 -1 7.54979e-08 54 51 42 255
0.22802293 3.1758457e-08 0.42065352 0 -1 7.54979e-08 39 42 31 255
0.24802291 3.1758457e-08 0.42065352 0 -1 7.54979e-08 73 64 50 255
0.2680229 3.1758457e-08 0.42065352 0 -1 7.54979e-08 88 76 59 255
0.28802288 3.1758457e-08 0.42065352 0 -1 7.54979e-08 31 37 24 255
0.30802286 3.1758457e-08 0.42065352 0 -1 7.54979e-08 0 0 0 255
0.32802284 3.1758457e-08 0.42065352 0 -1 7.54979e-08 2 1 0 255
0.34802294 3.1758457e-08 0.42065352 0 -1 7.54979e-08 12 12 3 255
0.36802292 3.1758457e-08 0.42065352 0 -1 7.54979e-08 4 12 2 255
0.3880229 3.1758457e-08 0.42065352 0 -1 7.54979e-08 0 1 0 255
0.40802288 3.1758457e-08 0.42065352 0 -1 7.54979e-08 1 3 0 255
0.42802286 3.1758457e-08 0.42065352 0 -1 7.54979e-08 0 0 0 255
0.44802284 3.1758457e-08 0.42065352 0 -1 7.54979e-08 0 0 0 255
0.46802282 3.1758457e-08 0.42065352 0 -1 7.54979e-08 16 16 16 255
0.48802292 3.1758457e-08 0.42065352 0 -1 7.54979e-08 92 92 92 255
0.5080229 3.1758457e-08 0.42065352 0 -1 7.54979e-08 92 85 74 255
0.5280229 3.1758457e-08 0.42065352 0 -1 7.54979e-08 14 11 7 255
0.54802287 3.1758457e-08 0.42065352 0 -1 7.54979e-08 0 0 0 255
0.56802285 3.1758457e-08 0.42065352 0 -1 7.54979e-08 0 0 0 255
0.5880228 3.1758457e-08 0.42065352 0 -1 7.54979e-08 0 0 0 255
0.6080229 3.1758457e-08 0.42065352 0 -1 7.54979e-08 0 0 0 255
0.6280229 3.1758457e-08 0.42065352 0 -1 7.54979e-08 0 0 0 255
0.6480229 3.1758457e-08 0.42065352 0 -1 7.54979e-08 0 0 0 255
0.6680229 3.1758457e-08 0.42065352 0 -1 7.54979e-08 0 0 0 255
0.68802285 3.1758457e-08 0.42065352 0 -1 7.54979e-08 1 4 0 255
0.70802283 3.1758457e-08 0.42065352 0 -1 7.54979e-08 1 3 0 255
0.72802293 3.1758457e-08 0.42065352 0 -1 7.54979e-08 6 16 3 255
0.7480229 3.1758457e-08 0.42065352 0 -1 7.54979e-08 12 16 3 255
0.7680229 3.1758457e-08 0.42065352 0 -1 7.54979e-08 16 13 3 255
0.7880229 3.1758457e-08 0.42065352 0 -1 7.54979e-08 16 13 3 255
0.80802286 3.1758457e-08 0.42065352 0 -1 7.54979e-08 19 11 3 255
0.82802284 3.1758457e-08 0.42065352 0 -1 7.54979e-08 35 26 12 255
-0.79197705 3.3268414e-08 0.4406535 0 -1 7.54979e-08 15 11 5 255
-0.77197707 3.3268414e-08 0.4406535 0 -1 7.54979e-08 67 49 22 255
-0.7519771 3.3268414e-08 0.4406535 0 -1 7.54979e-08 50 38 15 255
-0.7319771 3.3268414e-08 0.4406535 0 -1 7.54979e-08 42 33 12 255
-0.7119771 3.3268414e-08 0.4406535 0 -1 7.54979e-08 43 34 13 255
-0.6919771 3.3268414e-08 0.4406535 0 -1 7.54979e-08 54 40 17 255
-0.6719771 3.3268414e-08 0.4406535 0 -1 7.54979e-08 85 58 31 255
-0.65197706 3.3268414e-08 0.4406535 0 -1 7.54979e-08 121 78 43 255
-0.6319771 3.3268414e-08 0.4406535 0 -1 7.54979e-08 145 92 53 255
-0.6119771 3.3268414e-08 0.4406535 0 -1 7.54979e-08 158 101 59 255
-0.5919771 3.3268414e-08 0.4406535 0 -1 7.54979e-08 159 102 60 255
-0.5719771 3.3268414e-08 0.4406535 0 -1 7.54979e-08 154 99 58 255
-0.5519771 3.3268414e-08 0.4406535 0 -1 7.54979e-08 141 90 51 255
-0.5319771 3.3268414e-08 0.4406535 0 -1 7.54979e-08 129 84 46 255
-0.5119771 3.3268414e-08 0.4406535 0 -1 7.54979e-08 119 77 42 255
-0.4919771 3.3268414e-08 0.4406535 0 -1 7.54979e-08 116 75 40 255
-0.4719771 3.3268414e-08 0.4406535 0 -1 7.54979e-08 113 74 39 255
-0.45197707 3.3268414e-08 0.4406535 0 -1 7.54979e-08 119 78 41 255
-0.4319771 3.3268414e-08 0.4406535 0 -1 7.54979e-08 140 91 52 255
-0.4119771 3.3268414e-08 0.4406535 0 -1 7.54979e-08 147 95 55 255
-0.39197707 3.3268414e-08 0.4406535 0 -1 7.54979e-08 160 102 60 255
-0.3719771 3.3268414e-08 0.4406535 0 -1 7.54979e-08 174 110 66 255
-0.3519771 3.3268414e-08 0.4406535 0 -1 7.54979e-08 163 104 61 255
-0.33197713 3.3268414e-08 0.4406535 0 -1 7.54979e-08 146 92 53 255
-0.3119771 3.3268414e-08 0.4406535 0 -1 7.54979e-08 136 88 50 255
-0.2919771 3.3268414e-08 0.4406535 0 -1 7.54979e-08 146 95 54 255
-0.27197713 3.3268414e-08 0.4406535 0 -1 7.54979e-08 99 64 37 255
-0.2519771 3.3268414e-08 0.4406535 0 -1 7.54979e-08 0 0 0 255
-0.2319771 3.3268414e-08 0.4406535 0 -1 7.54979e-08 0 0 0 255
-0.21197712 3.3268414e-08 0.4406535 0 -1 7.54979e-08 0 0 0 255
-0.19197708 3.3268414e-08 0.4406535 0 -1 7.54979e-08 0 0 0 255
-0.1719771 3.3268414e-08 0.4406535 0 -1 7.54979e-08 1 3 0 255
-0.15197712 3.3268414e-08 0.4406535 0 -1 7.54979e-08 0 0 0 255
-0.13197708 3.3268414e-08 0.4406535 0 -1 7.54979e-08 2 7 1 255
-0.1119771 3.3268414e-08 0.4406535 0 -1 7.54979e-08 1 4 0 255
-0.09197712 3.3268414e-08 0.4406535 0 -1 7.54979e-08 0 0 0 255
-0.07197714 3.3268414e-08 0.4406535 0 -1 7.54979e-08 0 0 0 255
-0.051977158 3.3268414e-08 0.4406535 0 -1 7.54979e-08 5 12 2 255
-0.031977057 3.3268414e-08 0.4406535 0 -1 7.54979e-08 0 0 0 255
-0.0119770765 3.3268414e-08 0.4406535 0 -1 7.54979e-08 0 0 0 255
0.008022904 3.3268414e-08 0.4406535 0 -1 7.54979e-08 0 0 0 255
0.028022885 3.3268414e-08 0.4406535 0 -1 7.54979e-08 19 22 19 255
0.048022866 3.3268414e-08 0.4406535 0 -1 7.54979e-08 48 50 47 255
0.06802285 3.3268414e-08 0.4406535 0 -1 7.54979e-08 49 49 48 255
0.08802295 3.3268414e-08 0.4406535 0 -1 7.54979e-08 35 36 33 255
0.10802293 3.3268414e-08 0.4406535 0 -1 7.54979e-08 36 31 23 255
0.12802291 3.3268414e-08 0.4406535 0 -1 7.54979e-08 15 13 4 255
0.14802289 3.3268414e-08 0.4406535 0 -1 7.54979e-08 11 7 2 255
0.16802287 3.3268414e-08 0.4406535 0 -1 7.54979e-08 116 113 111 255
0.18802285 3.3268414e-08 0.4406535 0 -1 7.54979e-08 161 161 161 255
0.20802283 3.3268414e-08 0.4406535 0 -1 7.54979e-08 119 119 118 255
0.22802293 3.3268414e-08 0.4406535 0 -1 7.54979e-08 89 88 85 255
0.24802291 3.3268414e-08 0.4406535 0 -1 7.54979e-08 129 127 124 255
0.2680229 3.3268414e-08 0.4406535 0 -1 7.54979e-08 141 139 137 255
0.28802288 3.3268414e-08 0.4406535 0 -1 7.54979e-08 62 62 62 255
0.30802286 3.3268414e-08 0.4406535 0 -1 7.54979e-08 0 0 0 255
0.32802284 3.3268414e-08 0.4406535 0 -1 7.54979e-08 0 0 0 255
0.34802294 3.3268414e-08 0.4406535 0 -1 7.54979e-08 2 6 1 255
0.36802292 3.3268414e-08 0.4406535 0 -1 7.54979e-08 6 17 3 255
0.3880229 3.3268414e-08 0.4406535 0 -1 7.54979e-08 1 4 0 255
0.40802288 3.3268414e-08 0.4406535 0 -1 7.54979e-08 4 12 2 255
0.42802286 3.3268414e-08 0.4406535 0 -1 7.54979e-08 0 0 0 255
0.44802284 3.3268414e-08 0.4406535 0 -1 7.54979e-08 0 0 0 255
0.46802282 3.3268414e-08 0.4406535 0 -1 7.54979e-08 26 26 26 255
0.48802292 3.3268414e-08 0.4406535 0 -1 7.54979e-08 139 139 139 255
0.5080229 3.3268414e-08 0.4406535 0 -1 7.54979e-08 147 147 147 255
0.5280229 3.3268414e-08 0.4406535 0 -1 7.54979e-08 25 25 25 255
0.54802287 3.3268414e-08 0.4406535 0 -1 7.54979e-08 0 0 0 255
0.56802285 3.3268414e-08 0.4406535 0 -1 7.54979e-08 0 0 0 255
0.5880228 3.3268414e-08 0.4406535 0 -1 7.54979e-08 0 0 0 255
0.6080229 3.3268414e-08 0.4406535 0 -1 7.54979e-08 0 0 0 255
0.6280229 3.3268414e-08 0.4406535 0 -1 7.54979e-08 0 0 0 255
0.6480229 3.3268414e-08 0.4406535 0 -1 7.54979e-08 0 0 0 255
0.6680229 3.3268414e-08 0.4406535 0 -1 7.54979e-08 0 0 0 255
0.68802285 3.3268414e-08 0.4406535 0 -1 7.54979e-08 5 13 2 255
0.70802283 3.3268414e-08 0.4406535 0 -1 7.54979e-08 0 0 0 255
0.72802293 3.3268414e-08 0.4406535 0 -1 7.54979e-08 2 7 1 255
0.7480229 3.3268414e-08 0.4406535 0 -1 7.54979e-08 7 19 3 255
0.7680229 3.3268414e-08 0.4406535 0 -1 7.54979e-08 7 19 3 255
0.7880229 3.3268414e-08 0.4406535 0 -1 7.54979e-08 7 19 3 255
0.80802286 3.3268414e-08 0.4406535 0 -1 7.54979e-08 19 11 3 255
0.82802284 3.3268414e-08 0.4406535 0 -1 7.54979e-08 36 25 17 255
-0.79197705 3.477837e-08 0.46065348 0 -1 7.54979e-08 11 8 3 255
-0.77197707 3.477837e-08 0.46065348 0 -1 7.54979e-08 51 37 16 255
-0.7519771 3.477837e-08 0.46065348 0 -1 7.54979e-08 46 35 14 255
-0.7319771 3.477837e-08 0.46065348 0 -1 7.54979e-08 62 44 20 255
-0.7119771 3.477837e-08 0.46065348 0 -1 7.54979e-08 74 51 25 255
-0.6919771 3.477837e-08 0.46065348 0 -1 7.54979e-08 113 73 39 255
-0.6719771 3.477837e-08 0.46065348 0 -1 7.54979e-08 140 89 51 255
-0.65197706 3.477837e-08 0.46065348 0 -1 7.54979e-08 155 99 58 255
-0.6319771 3.477837e-08 0.46065348 0 -1 7.54979e-08 160 102 60 255
-0.6119771 3.477837e-08 0.46065348 0 -1 7.54979e-08 145 92 53 255
-0.5919771 3.477837e-08 0.46065348 0 -1 7.54979e-08 128 84 47 255
-0.5719771 3.477837e-08 0.46065348 0 -1 7.54979e-08 110 72 38 255
-0.5519771 3.477837e-08 0.46065348 0 -1 7.54979e-08 110 72 38 255
-0.5319771 3.477837e-08 0.46065348 0 -1 7.54979e-08 114 74 40 255
-0.5119771 3.477837e-08 0.46065348 0 -1 7.54979e-08 113 74 39 255
-0.4919771 3.477837e-08 0.46065348 0 -1 7.54979e-08 117 76 40 255
-0.4719771 3.477837e-08 0.46065348 0 -1 7.54979e-08 119 78 41 255
-0.45197707 3.477837e-08 0.46065348 0 -1 7.54979e-08 139 90 51 255
-0.4319771 3.477837e-08 0.46065348 0 -1 7.54979e-08 156 99 58 255
-0.4119771 3.477837e-08 0.46065348 0 -1 7.54979e-08 172 110 66 255
-0.39197707 3.477837e-08 0.46065348 0 -1 7.54979e-08 162 104 61 255
-0.3719771 3.477837e-08 0.46065348 0 -1 7.54979e-08 150 96 56 255
-0.3519771 3.477837e-08 0.46065348 0 -1 7.54979e-08 138 89 50 255
-0.33197713 3.477837e-08 0.46065348 0 -1 7.54979e-08 131 84 48 255
-0.3119771 3.477837e-08 0.46065348 0 -1 7.54979e-08 139 88 51 255
-0.2919771 3.477837e-08 0.46065348 0 -1 7.54979e-08 163 105 61 255
-0.27197713 3.477837e-08 0.46065348 0 -1 7.54979e-08 102 65 38 255
-0.2519771 3.477837e-08 0.46065348 0 -1 7.54979e-08 0 0 0 255
-0.2319771 3.477837e-08 0.46065348 0 -1 7.54979e-08 0 0 0 255
-0.21197712 3.477837e-08 0.46065348 0 -1 7.54979e-08 0 0 0 255
-0.19197708 3.477837e-08 0.46065348 0 -1 7.54979e-08 0 0 0 255
-0.1719771 3.477837e-08 0.46065348 0 -1 7.54979e-08 4 12 2 255
-0.15197712 3.477837e-08 0.46065348 0 -1 7.54979e-08 0 1 0 255
-0.13197708 3.477837e-08 0.46065348 0 -1 7.54979e-08 0 2 0 255
-0.1119771 3.477837e-08 0.46065348 0 -1 7.54979e-08 0 0 0 255
-0.09197712 3.477837e-08 0.46065348 0 -1 7.54979e-08 0 0 0 255
-0.07197714 3.477837e-08 0.46065348 0 -1 7.54979e-08 0 0 0 255
-0.051977158 3.477837e-08 0.46065348 0 -1 7.54979e-08 0 0 0 255
-0.031977057 3.477837e-08 0.46065348 0 -1 7.54979e-08 0 0 0 255
-0.0119770765 3.477837e-08 0.46065348 0 -1 7.54979e-08 0 0 0 255
0.008022904 3.477837e-08 0.46065348 0 -1 7.54979e-08 0 0 0 255
0.028022885 3.477837e-08 0.46065348 0 -1 7.54979e-08 4 11 2 255
0.048022866 3.477837e-08 0.46065348 0 -1 7.54979e-08 5 14 2 255
0.06802285 3.477837e-08 0.46065348 0 -1 7.54979e-08 0 1 0 255
0.08802295 3.477837e-08 0.46065348 0 -1 7.54979e-08 8 14 3 255
0.10802293 3.477837e-08 0.46065348 0 -1 7.54979e-08 17 12 3 255
0.12802291 3.477837e-08 0.46065348 0 -1 7.54979e-08 12 16 3 255
0.14802289 3.477837e-08 0.46065348 0 -1 7.54979e-08 3 8 1 255
0.16802287 3.477837e-08 0.46065348 0 -1 7.54979e-08 13 8 2 255
0.18802285 3.477837e-08 0.46065348 0 -1 7.54979e-08 24 24 24 255
0.20802283 3.477837e-08 0.46065348 0 -1 7.54979e-08 23 21 19 255
0.22802293 3.477837e-08 0.46065348 0 -1 7.54979e-08 20 12 4 255
0.24802291 3.477837e-08 0.46065348 0 -1 7.54979e-08 21 14 5 255
0.2680229 3.477837e-08 0.46065348 0 -1 7.54979e-08 16 10 3 255
0.28802288 3.477837e-08 0.46065348 0 -1 7.54979e-08 2 1 0 255
0.30802286 3.477837e-08 0.46065348 0 -1 7.54979e-08 0 0 0 255
0.32802284 3.477837e-08 0.46065348 0 -1 7.54979e-08 0 0 0 255
0.34802294 3.477837e-08 0.46065348 0 -1 7.54979e-08 2 6 1 255
0.36802292 3.477837e-08 0.46065348 0 -1 7.54979e-08 3 9 1 255
0.3880229 3.477837e-08 0.46065348 0 -1 7.54979e-08 0 0 0 255
0.40802288 3.477837e-08 0.46065348 0 -1 7.54979e-08 0 0 0 255
0.42802286 3.477837e-08 0.46065348 0 -1 7.54979e-08 0 0 0 255
0.44802284 3.477837e-08 0.46065348 0 -1 7.54979e-08 0 0 0 255
0.46802282 3.477837e-08 0.46065348 0 -1 7.54979e-08 41 43 40 255
0.48802292 3.477837e-08 0.46065348 0 -1 7.54979e-08 162 162 162 255
0.5080229 3.477837e-08 0.46065348 0 -1 7.54979e-08 194 194 194 255
0.5280229 3.477837e-08 0.46065348 0 -1 7.54979e-08 42 42 42 255
0.54802287 3.477837e-08 0.46065348 0 -1 7.54979e-08 0 0 0 255
0.56802285 3.477837e-08 0.46065348 0 -1 7.54979e-08 0 0 0 255
0.5880228 3.477837e-08 0.46065348 0 -1 7.54979e-08 0 0 0 255
0.6080229 3.477837e-08 0.46065348 0 -1 7.54979e-08 0 0 0 255
0.6280229 3.477837e-08 0.46065348 0 -1 7.54979e-08 0 0 0 255
0.6480229 3.477837e-08 0.46065348 0 -1 7.54979e-08 0 0 0 255
0.6680229 3.477837e-08 0.46065348 0 -1 7.54979e-08 0 0 0 255
0.68802285 3.477837e-08 0.46065348 0 -1 7.54979e-08 0 0 0 255
0.70802283 3.477837e-08 0.46065348 0 -1 7.54979e-08 0 0 0 255
0.72802293 3.477837e-08 0.46065348 0 -1 7.54979e-08 5 9 2 255
0.7480229 3.477837e-08 0.46065348 0 -1 7.54979e-08 10 17 3 255
0.7680229 3.477837e-08 0.46065348 0 -1 7.54979e-08 8 18 3 255
0.7880229 3.477837e-08 0.46065348 0 -1 7.54979e-08 13 21 5 255
0.80802286 3.477837e-08 0.46065348 0 -1 7.54979e-08 19 11 3 255
0.82802284 3.477837e-08 0.46065348 0 -1 7.54979e-08 12 16 3 255
0.8480228 3.477837e-08 0.46065348 0 -1 7.54979e-08 25 15 10 255
-0.79197705 3.628833e-08 0.48065352 0 -1 7.54979e-08 0 0 0 255
-0.77197707 3.628833e-08 0.48065352 0 -1 7.54979e-08 27 19 9 255
-0.7519771 3.628833e-08 0.48065352 0 -1 7.54979e-08 77 55 26 255
-0.7319771 3.628833e-08 0.48065352 0 -1 7.54979e-08 103 68 35 255
-0.7119771 3.628833e-08 0.48065352 0 -1 7.54979e-08 131 83 47 255
-0.6919771 3.628833e-08 0.48065352 0 -1 7.54979e-08 149 94 55 255
-0.6719771 3.628833e-08 0.48065352 0 -1 7.54979e-08 159 102 60 255
-0.65197706 3.628833e-08 0.48065352 0 -1 7.54979e-08 152 97 56 255
-0.6319771 3.628833e-08 0.48065352 0 -1 7.54979e-08 131 85 48 255
-0.6119771 3.628833e-08 0.48065352 0 -1 7.54979e-08 105 70 37 255
-0.5919771 3.628833e-08 0.48065352 0 -1 7.54979e-08 87 60 30 255
-0.5719771 3.628833e-08 0.48065352 0 -1 7.54979e-08 75 53 25 255
-0.5519771 3.628833e-08 0.48065352 0 -1 7.54979e-08 82 57 27 255
-0.5319771 3.628833e-08 0.48065352 0 -1 7.54979e-08 101 68 34 255
-0.5119771 3.628833e-08 0.48065352 0 -1 7.54979e-08 116 76 40 255
-0.4919771 3.628833e-08 0.48065352 0 -1 7.54979e-08 134 87 49 255
-0.4719771 3.628833e-08 0.48065352 0 -1 7.54979e-08 143 93 53 255
-0.45197707 3.628833e-08 0.48065352 0 -1 7.54979e-08 152 96 56 255
-0.4319771 3.628833e-08 0.48065352 0 -1 7.54979e-08 171 109 65 255
-0.4119771 3.628833e-08 0.48065352 0 -1 7.54979e-08 172 110 65 255
-0.39197707 3.628833e-08 0.48065352 0 -1 7.54979e-08 149 96 55 255
-0.3719771 3.628833e-08 0.48065352 0 -1 7.54979e-08 133 86 48 255
-0.3519771 3.628833e-08 0.48065352 0 -1 7.54979e-08 135 86 49 255
-0.33197713 3.628833e-08 0.48065352 0 -1 7.54979e-08 144 93 54 255
-0.3119771 3.628833e-08 0.48065352 0 -1 7.54979e-08 169 108 64 255
-0.2919771 3.628833e-08 0.48065352 0 -1 7.54979e-08 164 105 61 255
-0.27197713 3.628833e-08 0.48065352 0 -1 7.54979e-08 79 53 29 255
-0.2519771 3.628833e-08 0.48065352 0 -1 7.54979e-08 0 1 0 255
-0.2319771 3.628833e-08 0.48065352 0 -1 7.54979e-08 0 0 0 255
-0.21197712 3.628833e-08 0.48065352 0 -1 7.54979e-08 0 0 0 255
-0.19197708 3.628833e-08 0.48065352 0 -1 7.54979e-08 0 0 0 255
-0.1719771 3.628833e-08 0.48065352 0 -1 7.54979e-08 1 3 0 255
-0.15197712 3.628833e-08 0.48065352 0 -1 7.54979e-08 2 5 1 255
-0.13197708 3.628833e-08 0.48065352 0 -1 7.54979e-08 3 7 1 255
-0.1119771 3.628833e-08 0.48065352 0 -1 7.54979e-08 0 0 0 255
-0.09197712 3.628833e-08 0.48065352 0 -1 7.54979e-08 0 0 0 255
-0.07197714 3.628833e-08 0.48065352 0 -1 7.54979e-08 0 0 0 255
-0.051977158 3.628833e-08 0.48065352 0 -1 7.54979e-08 0 0 0 255
-0.031977057 3.628833e-08 0.48065352 0 -1 7.54979e-08 0 0 0 255
-0.0119770765 3.628833e-08 0.48065352 0 -1 7.54979e-08 0 0 0 255
0.008022904 3.628833e-08 0.48065352 0 -1 7.54979e-08 0 0 0 255
0.028022885 3.628833e-08 0.48065352 0 -1 7.54979e-08 0 0 0 255
0.048022866 3.628833e-08 0.48065352 0 -1 7.54979e-08 0 0 0 255
0.06802285 3.628833e-08 0.48065352 0 -1 7.54979e-08 0 0 0 255
0.08802295 3.628833e-08 0.48065352 0 -1 7.54979e-08 2 4 1 255
0.10802293 3.628833e-08 0.48065352 0 -1 7.54979e-08 14 15 3 255
0.12802291 3.628833e-08 0.48065352 0 -1 7.54979e-08 14 15 3 255
0.14802289 3.628833e-08 0.48065352 0 -1 7.54979e-08 8 19 3 255
0.16802287 3.628833e-08 0.48065352 0 -1 7.54979e-08 0 1 0 255
0.18802285 3.628833e-08 0.48065352 0 -1 7.54979e-08 0 0 0 255
0.20802283 3.628833e-08 0.48065352 0 -1 7.54979e-08 3 1 0 255
0.22802293 3.628833e-08 0.48065352 0 -1 7.54979e-08 9 5 1 255
0.24802291 3.628833e-08 0.48065352 0 -1 7.54979e-08 0 0 0 255
0.2680229 3.628833e-08 0.48065352 0 -1 7.54979e-08 0 0 0 255
0.28802288 3.628833e-08 0.48065352 0 -1 7.54979e-08 0 0 0 255
0.30802286 3.628833e-08 0.48065352 0 -1 7.54979e-08 0 0 0 255
0.32802284 3.628833e-08 0.48065352 0 -1 7.54979e-08 0 0 0 255
0.34802294 3.628833e-08 0.48065352 0 -1 7.54979e-08 2 6 1 255
0.36802292 3.628833e-08 0.48065352 0 -1 7.54979e-08 3 9 1 255
0.3880229 3.628833e-08 0.48065352 0 -1 7.54979e-08 0 0 0 255
0.40802288 3.628833e-08 0.48065352 0 -1 7.54979e-08 0 0 0 255
0.42802286 3.628833e-08 0.48065352 0 -1 7.54979e-08 0 0 0 255
0.44802284 3.628833e-08 0.48065352 0 -1 7.54979e-08 2 6 1 255
0.46802282 3.628833e-08 0.48065352 0 -1 7.54979e-08 14 19 9 255
0.48802292 3.628833e-08 0.48065352 0 -1 7.54979e-08 39 39 39 255
0.5080229 3.628833e-08 0.48065352 0 -1 7.54979e-08 52 52 52 255
0.5280229 3.628833e-08 0.48065352 0 -1 7.54979e-08 10 10 10 255
0.54802287 3.628833e-08 0.48065352 0 -1 7.54979e-08 0 0 0 255
0.56802285 3.628833e-08 0.48065352 0 -1 7.54979e-08 0 0 0 255
0.5880228 3.628833e-08 0.48065352 0 -1 7.54979e-08 0 0 0 255
0.6080229 3.628833e-08 0.48065352 0 -1 7.54979e-08 0 0 0 255
0.6280229 3.628833e-08 0.48065352 0 -1 7.54979e-08 0 0 0 255
0.6480229 3.628833e-08 0.48065352 0 -1 7.54979e-08 0 0 0 255
0.6680229 3.628833e-08 0.48065352 0 -1 7.54979e-08 0 0 0 255
0.68802285 3.628833e-08 0.48065352 0 -1 7.54979e-08 0 0 0 255
0.70802283 3.628833e-08 0.48065352 0 -1 7.54979e-08 3 7 1 255
0.72802293 3.628833e-08 0.48065352 0 -1 7.54979e-08 11 17 3 255
0.7480229 3.628833e-08 0.48065352 0 -1 7.54979e-08 16 13 3 255
0.7680229 3.628833e-08 0.48065352 0 -1 7.54979e-08 12 16 3 255
0.7880229 3.628833e-08 0.48065352 0 -1 7.54979e-08 31 25 9 255
0.80802286 3.628833e-08 0.48065352 0 -1 7.54979e-08 23 15 5 255
0.82802284 3.628833e-08 0.48065352 0 -1 7.54979e-08 24 16 5 255
0.8480228 3.628833e-08 0.48065352 0 -1 7.54979e-08 65 42 33 255
-0.77197707 3.7798287e-08 0.5006535 0 -1 7.54979e-08 23 17 8 255
-0.7519771 3.7798287e-08 0.5006535 0 -1 7.54979e-08 93 63 32 255
-0.7319771 3.7798287e-08 0.5006535 0 -1 7.54979e-08 135 86 48 255
-0.7119771 3.7798287e-08 0.5006535 0 -1 7.54979e-08 137 88 50 255
-0.6919771 3.7798287e-08 0.5006535 0 -1 7.54979e-08 134 86 49 255
-0.6719771 3.7798287e-08 0.5006535 0 -1 7.54979e-08 121 81 45 255
-0.65197706 3.7798287e-08 0.5006535 0 -1 7.54979e-08 112 74 40 255
-0.6319771 3.7798287e-08 0.5006535 0 -1 7.54979e-08 85 59 29 255
-0.6119771 3.7798287e-08 0.5006535 0 -1 7.54979e-08 73 54 25 255
-0.5919771 3.7798287e-08 0.5006535 0 -1 7.54979e-08 76 53 25 255
-0.5719771 3.7798287e-08 0.5006535 0 -1 7.54979e-08 92 63 31 255
-0.5519771 3.7798287e-08 0.5006535 0 -1 7.54979e-08 111 73 38 255
-0.5319771 3.7798287e-08 0.5006535 0 -1 7.54979e-08 116 75 40 255
-0.5119771 3.7798287e-08 0.5006535 0 -1 7.54979e-08 132 85 47 255
-0.4919771 3.7798287e-08 0.5006535 0 -1 7.54979e-08 160 103 60 255
-0.4719771 3.7798287e-08 0.5006535 0 -1 7.54979e-08 169 108 64 255
-0.45197707 3.7798287e-08 0.5006535 0 -1 7.54979e-08 165 106 62 255
-0.4319771 3.7798287e-08 0.5006535 0 -1 7.54979e-08 157 101 59 255
-0.4119771 3.7798287e-08 0.5006535 0 -1 7.54979e-08 142 90 52 255
-0.39197707 3.7798287e-08 0.5006535 0 -1 7.54979e-08 136 88 50 255
-0.3719771 3.7798287e-08 0.5006535 0 -1 7.54979e-08 141 91 52 255
-0.3519771 3.7798287e-08 0.5006535 0 -1 7.54979e-08 164 105 62 255
-0.33197713 3.7798287e-08 0.5006535 0 -1 7.54979e-08 169 108 65 255
-0.3119771 3.7798287e-08 0.5006535 0 -1 7.54979e-08 170 108 64 255
-0.2919771 3.7798287e-08 0.5006535 0 -1 7.54979e-08 119 79 43 255
-0.27197713 3.7798287e-08 0.5006535 0 -1 7.54979e-08 58 46 20 255
-0.2519771 3.7798287e-08 0.5006535 0 -1 7.54979e-08 3 8 1 255
-0.2319771 3.7798287e-08 0.5006535 0 -1 7.54979e-08 0 0 0 255
-0.21197712 3.7798287e-08 0.5006535 0 -1 7.54979e-08 0 0 0 255
-0.19197708 3.7798287e-08 0.5006535 0 -1 7.54979e-08 0 0 0 255
-0.1719771 3.7798287e-08 0.5006535 0 -1 7.54979e-08 6 15 3 255
-0.15197712 3.7798287e-08 0.5006535 0 -1 7.54979e-08 0 1 0 255
-0.13197708 3.7798287e-08 0.5006535 0 -1 7.54979e-08 2 3 0 255
-0.1119771 3.7798287e-08 0.5006535 0 -1 7.54979e-08 1 0 0 255
-0.09197712 3.7798287e-08 0.5006535 0 -1 7.54979e-08 0 0 0 255
-0.07197714 3.7798287e-08 0.5006535 0 -1 7.54979e-08 0 0 0 255
-0.051977158 3.7798287e-08 0.5006535 0 -1 7.54979e-08 0 0 0 255
-0.031977057 3.7798287e-08 0.5006535 0 -1 7.54979e-08 0 0 0 255
-0.0119770765 3.7798287e-08 0.5006535 0 -1 7.54979e-08 0 0 0 255
0.008022904 3.7798287e-08 0.5006535 0 -1 7.54979e-08 0 0 0 255
0.028022885 3.7798287e-08 0.5006535 0 -1 7.54979e-08 0 0 0 255
0.048022866 3.7798287e-08 0.5006535 0 -1 7.54979e-08 0 0 0 255
0.06802285 3.7798287e-08 0.5006535 0 -1 7.54979e-08 0 0 0 255
0.08802295 3.7798287e-08 0.5006535 0 -1 7.54979e-08 5 3 1 255
0.10802293 3.7798287e-08 0.5006535 0 -1 7.54979e-08 19 11 3 255
0.12802291 3.7798287e-08 0.5006535 0 -1 7.54979e-08 19 11 3 255
0.14802289 3.7798287e-08 0.5006535 0 -1 7.54979e-08 10 17 3 255
0.16802287 3.7798287e-08 0.5006535 0 -1 7.54979e-08 0 1 0 255
0.18802285 3.7798287e-08 0.5006535 0 -1 7.54979e-08 0 0 0 255
0.20802283 3.7798287e-08 0.5006535 0 -1 7.54979e-08 0 0 0 255
0.22802293 3.7798287e-08 0.5006535 0 -1 7.54979e-08 0 0 0 255
0.24802291 3.7798287e-08 0.5006535 0 -1 7.54979e-08 0 0 0 255
0.2680229 3.7798287e-08 0.5006535 0 -1 7.54979e-08 0 0 0 255
0.28802288 3.7798287e-08 0.5006535 0 -1 7.54979e-08 0 0 0 255
0.30802286 3.7798287e-08 0.5006535 0 -1 7.54979e-08 0 0 0 255
0.32802284 3.7798287e-08 0.5006535 0 -1 7.54979e-08 0 0 0 255
0.34802294 3.7798287e-08 0.5006535 0 -1 7.54979e-08 2 6 1 255
0.36802292 3.7798287e-08 0.5006535 0 -1 7.54979e-08 3 9 1 255
0.3880229 3.7798287e-08 0.5006535 0 -1 7.54979e-08 0 0 0 255
0.40802288 3.7798287e-08 0.5006535 0 -1 7.54979e-08 0 0 0 255
0.42802286 3.7798287e-08 0.5006535 0 -1 7.54979e-08 0 0 0 255
0.44802284 3.7798287e-08 0.5006535 0 -1 7.54979e-08 11 17 3 255
0.46802282 3.7798287e-08 0.5006535 0 -1 7.54979e-08 11 9 2 255
0.48802292 3.7798287e-08 0.5006535 0 -1 7.54979e-08 0 0 0 255
0.5080229 3.7798287e-08 0.5006535 0 -1 7.54979e-08 0 0 0 255
0.5280229 3.7798287e-08 0.5006535 0 -1 7.54979e-08 0 0 0 255
0.54802287 3.7798287e-08 0.5006535 0 -1 7.54979e-08 0 0 0 255
0.56802285 3.7798287e-08 0.5006535 0 -1 7.54979e-08 0 0 0 255
0.5880228 3.7798287e-08 0.5006535 0 -1 7.54979e-08 0 0 0 255
0.6080229 3.7798287e-08 0.5006535 0 -1 7.54979e-08 0 0 0 255
0.6280229 3.7798287e-08 0.5006535 0 -1 7.54979e-08 0 0 0 255
0.6480229 3.7798287e-08 0.5006535 0 -1 7.54979e-08 1 2 0 255
0.6680229 3.7798287e-08 0.5006535 0 -1 7.54979e-08 1 4 0 255
0.68802285 3.7798287e-08 0.5006535 0 -1 7.54979e-08 0 0 0 255
0.70802283 3.7798287e-08 0.5006535 0 -1 7.54979e-08 6 16 3 255
0.72802293 3.7798287e-08 0.5006535 0 -1 7.54979e-08 7 19 3 255
0.7480229 3.7798287e-08 0.5006535 0 -1 7.54979e-08 9 18 3 255
0.7680229 3.7798287e-08 0.5006535 0 -1 7.54979e-08 16 13 3 255
0.7880229 3.7798287e-08 0.5006535 0 -1 7.54979e-08 19 11 3 255
0.80802286 3.7798287e-08 0.5006535 0 -1 7.54979e-08 32 28 9 255
0.82802284 3.7798287e-08 0.5006535 0 -1 7.54979e-08 42 33 13 255
0.8480228 3.7798287e-08 0.5006535 0 -1 7.54979e-08 59 43 19 255
0.8680229 3.7798287e-08 0.5006535 0 -1 7.54979e-08 30 22 10 255
-0.77197707 3.9308244e-08 0.5206535 0 -1 7.54979e-08 12 7 4 255
-0.7519771 3.9308244e-08 0.5206535 0 -1 7.54979e-08 71 47 25 255
-0.7319771 3.9308244e-08 0.5206535 0 -1 7.54979e-08 105 69 36 255
-0.7119771 3.9308244e-08 0.5206535 0 -1 7.54979e-08 87 61 30 255
-0.6919771 3.9308244e-08 0.5206535 0 -1 7.54979e-08 75 56 26 255
-0.6719771 3.9308244e-08 0.5206535 0 -1 7.54979e-08 64 48 23 255
-0.65197706 3.9308244e-08 0.5206535 0 -1 7.54979e-08 68 50 25 255
-0.6319771 3.9308244e-08 0.5206535 0 -1 7.54979e-08 77 54 27 255
-0.6119771 3.9308244e-08 0.5206535 0 -1 7.54979e-08 85 60 29 255
-0.5919771 3.9308244e-08 0.5206535 0 -1 7.54979e-08 101 67 35 255
-0.5719771 3.9308244e-08 0.5206535 0 -1 7.54979e-08 104 68 35 255
-0.5519771 3.9308244e-08 0.5206535 0 -1 7.54979e-08 108 70 37 255
-0.5319771 3.9308244e-08 0.5206535 0 -1 7.54979e-08 130 84 46 255
-0.5119771 3.9308244e-08 0.5206535 0 -1 7.54979e-08 163 103 61 255
-0.4919771 3.9308244e-08 0.5206535 0 -1 7.54979e-08 178 114 68 255
-0.4719771 3.9308244e-08 0.5206535 0 -1 7.54979e-08 178 113 67 255
-0.45197707 3.9308244e-08 0.5206535 0 -1 7.54979e-08 160 103 60 255
-0.4319771 3.9308244e-08 0.5206535 0 -1 7.54979e-08 135 88 49 255
-0.4119771 3.9308244e-08 0.5206535 0 -1 7.54979e-08 132 84 48 255
-0.39197707 3.9308244e-08 0.5206535 0 -1 7.54979e-08 149 95 55 255
-0.3719771 3.9308244e-08 0.5206535 0 -1 7.54979e-08 171 109 65 255
-0.3519771 3.9308244e-08 0.5206535 0 -1 7.54979e-08 182 114 69 255
-0.33197713 3.9308244e-08 0.5206535 0 -1 7.54979e-08 155 99 57 255
-0.3119771 3.9308244e-08 0.5206535 0 -1 7.54979e-08 117 76 42 255
-0.2919771 3.9308244e-08 0.5206535 0 -1 7.54979e-08 91 63 31 255
-0.27197713 3.9308244e-08 0.5206535 0 -1 7.54979e-08 64 48 22 255
-0.2519771 3.9308244e-08 0.5206535 0 -1 7.54979e-08 5 8 2 255
-0.2319771 3.9308244e-08 0.5206535 0 -1 7.54979e-08 0 0 0 255
-0.21197712 3.9308244e-08 0.5206535 0 -1 7.54979e-08 0 0 0 255
-0.19197708 3.9308244e-08 0.5206535 0 -1 7.54979e-08 0 0 0 255
-0.1719771 3.9308244e-08 0.5206535 0 -1 7.54979e-08 6 16 3 255
-0.15197712 3.9308244e-08 0.5206535 0 -1 7.54979e-08 3 7 1 255
-0.13197708 3.9308244e-08 0.5206535 0 -1 7.54979e-08 10 12 3 255
-0.1119771 3.9308244e-08 0.5206535 0 -1 7.54979e-08 5 3 1 255
-0.09197712 3.9308244e-08 0.5206535 0 -1 7.54979e-08 0 0 0 255
-0.07197714 3.9308244e-08 0.5206535 0 -1 7.54979e-08 0 0 0 255
-0.051977158 3.9308244e-08 0.5206535 0 -1 7.54979e-08 0 0 0 255
-0.031977057 3.9308244e-08 0.5206535 0 -1 7.54979e-08 0 0 0 255
-0.0119770765 3.9308244e-08 0.5206535 0 -1 7.54979e-08 0 0 0 255
0.008022904 3.9308244e-08 0.5206535 0 -1 7.54979e-08 0 0 0 255
0.028022885 3.9308244e-08 0.5206535 0 -1 7.54979e-08 0 0 0 255
0.048022866 3.9308244e-08 0.5206535 0 -1 7.54979e-08 0 0 0 255
0.06802285 3.9308244e-08 0.5206535 0 -1 7.54979e-08 0 0 0 255
0.08802295 3.9308244e-08 0.5206535 0 -1 7.54979e-08 5 3 1 255
0.10802293 3.9308244e-08 0.5206535 0 -1 7.54979e-08 19 11 3 255
0.12802291 3.9308244e-08 0.5206535 0 -1 7.54979e-08 19 11 3 255
0.14802289 3.9308244e-08 0.5206535 0 -1 7.54979e-08 10 17 3 255
0.16802287 3.9308244e-08 0.5206535 0 -1 7.54979e-08 0 1 0 255
0.18802285 3.9308244e-08 0.5206535 0 -1 7.54979e-08 0 0 0 255
0.20802283 3.9308244e-08 0.5206535 0 -1 7.54979e-08 0 0 0 255
0.22802293 3.9308244e-08 0.5206535 0 -1 7.54979e-08 0 0 0 255
0.24802291 3.9308244e-08 0.5206535 0 -1 7.54979e-08 0 0 0 255
0.2680229 3.9308244e-08 0.5206535 0 -1 7.54979e-08 0 0 0 255
0.28802288 3.9308244e-08 0.5206535 0 -1 7.54979e-08 0 0 0 255
0.30802286 3.9308244e-08 0.5206535 0 -1 7.54979e-08 0 0 0 255
0.32802284 3.9308244e-08 0.5206535 0 -1 7.54979e-08 0 0 0 255
0.34802294 3.9308244e-08 0.5206535 0 -1 7.54979e-08 3 6 1 255
0.36802292 3.9308244e-08 0.5206535 0 -1 7.54979e-08 4 8 1 255
0.3880229 3.9308244e-08 0.5206535 0 -1 7.54979e-08 0 0 0 255
0.40802288 3.9308244e-08 0.5206535 0 -1 7.54979e-08 0 0 0 255
0.42802286 3.9308244e-08 0.5206535 0 -1 7.54979e-08 1 3 0 255
0.44802284 3.9308244e-08 0.5206535 0 -1 7.54979e-08 17 12 3 255
0.46802282 3.9308244e-08 0.5206535 0 -1 7.54979e-08 4 10 2 255
0.48802292 3.9308244e-08 0.5206535 0 -1 7.54979e-08 0 0 0 255
0.5080229 3.9308244e-08 0.5206535 0 -1 7.54979e-08 0 0 0 255
0.5280229 3.9308244e-08 0.5206535 0 -1 7.54979e-08 0 0 0 255
0.54802287 3.9308244e-08 0.5206535 0 -1 7.54979e-08 0 0 0 255
0.56802285 3.9308244e-08 0.5206535 0 -1 7.54979e-08 0 0 0 255
0.5880228 3.9308244e-08 0.5206535 0 -1 7.54979e-08 0 0 0 255
0.6080229 3.9308244e-08 0.5206535 0 -1 7.54979e-08 0 0 0 255
0.6280229 3.9308244e-08 0.5206535 0 -1 7.54979e-08 0 2 0 255
0.6480229 3.9308244e-08 0.5206535 0 -1 7.54979e-08 6 15 3 255
0.6680229 3.9308244e-08 0.5206535 0 -1 7.54979e-08 7 19 3 255
0.68802285 3.9308244e-08 0.5206535 0 -1 7.54979e-08 1 3 0 255
0.70802283 3.9308244e-08 0.5206535 0 -1 7.54979e-08 2 7 1 255
0.72802293 3.9308244e-08 0.5206535 0 -1 7.54979e-08 7 19 3 255
0.7480229 3.9308244e-08 0.5206535 0 -1 7.54979e-08 12 16 3 255
0.7680229 3.9308244e-08 0.5206535 0 -1 7.54979e-08 17 13 3 255
0.7880229 3.9308244e-08 0.5206535 0 -1 7.54979e-08 19 11 3 255
0.80802286 3.9308244e-08 0.5206535 0 -1 7.54979e-08 14 22 5 255
0.82802284 3.9308244e-08 0.5206535 0 -1 7.54979e-08 41 32 12 255
0.8480228 3.9308244e-08 0.5206535 0 -1 7.54979e-08 59 43 19 255
0.8680229 3.9308244e-08 0.5206535 0 -1 7.54979e-08 34 25 11 255
-0.77197707 4.0818207e-08 0.5406535 0 -1 7.54979e-08 57 37 21 255
-0.7519771 4.0818207e-08 0.5406535 0 -1 7.54979e-08 110 74 39 255
-0.7319771 4.0818207e-08 0.5406535 0 -1 7.54979e-08 78 54 26 255
-0.7119771 4.0818207e-08 0.5406535 0 -1 7.54979e-08 73 52 26 255
-0.6919771 4.0818207e-08 0.5406535 0 -1 7.54979e-08 75 53 27 255
-0.6719771 4.0818207e-08 0.5406535 0 -1 7.54979e-08 83 58 28 255
-0.65197706 4.0818207e-08 0.5406535 0 -1 7.54979e-08 103 70 36 255
-0.6319771 4.0818207e-08 0.5406535 0 -1 7.54979e-08 125 80 44 255
-0.6119771 4.0818207e-08 0.5406535 0 -1 7.54979e-08 121 78 42 255
-0.5919771 4.0818207e-08 0.5406535 0 -1 7.54979e-08 117 76 40 255
-0.5719771 4.0818207e-08 0.5406535 0 -1 7.54979e-08 120 78 42 255
-0.5519771 4.0818207e-08 0.5406535 0 -1 7.54979e-08 131 84 47 255
-0.5319771 4.0818207e-08 0.5406535 0 -1 7.54979e-08 158 100 59 255
-0.5119771 4.0818207e-08 0.5406535 0 -1 7.54979e-08 174 111 66 255
-0.4919771 4.0818207e-08 0.5406535 0 -1 7.54979e-08 166 107 63 255
-0.4719771 4.0818207e-08 0.5406535 0 -1 7.54979e-08 148 94 54 255
-0.45197707 4.0818207e-08 0.5406535 0 -1 7.54979e-08 136 89 50 255
-0.4319771 4.0818207e-08 0.5406535 0 -1 7.54979e-08 137 87 50 255
-0.4119771 4.0818207e-08 0.5406535 0 -1 7.54979e-08 151 97 56 255
-0.39197707 4.0818207e-08 0.5406535 0 -1 7.54979e-08 170 108 65 255
-0.3719771 4.0818207e-08 0.5406535 0 -1 7.54979e-08 172 110 65 255
-0.3519771 4.0818207e-08 0.5406535 0 -1 7.54979e-08 140 91 52 255
-0.33197713 4.0818207e-08 0.5406535 0 -1 7.54979e-08 122 79 44 255
-0.3119771 4.0818207e-08 0.5406535 0 -1 7.54979e-08 83 60 29 255
-0.2919771 4.0818207e-08 0.5406535 0 -1 7.54979e-08 104 70 36 255
-0.27197713 4.0818207e-08 0.5406535 0 -1 7.54979e-08 85 56 29 255
-0.2519771 4.0818207e-08 0.5406535 0 -1 7.54979e-08 12 8 3 255
-0.2319771 4.0818207e-08 0.5406535 0 -1 7.54979e-08 0 0 0 255
-0.21197712 4.0818207e-08 0.5406535 0 -1 7.54979e-08 0 0 0 255
-0.19197708 4.0818207e-08 0.5406535 0 -1 7.54979e-08 1 3 0 255
-0.1719771 4.0818207e-08 0.5406535 0 -1 7.54979e-08 7 19 3 255
-0.15197712 4.0818207e-08 0.5406535 0 -1 7.54979e-08 5 14 2 255
-0.13197708 4.0818207e-08 0.5406535 0 -1 7.54979e-08 1 3 0 255
-0.1119771 4.0818207e-08 0.5406535 0 -1 7.54979e-08 0 1 0 255
-0.09197712 4.0818207e-08 0.5406535 0 -1 7.54979e-08 0 0 0 255
-0.07197714 4.0818207e-08 0.5406535 0 -1 7.54979e-08 0 0 0 255
-0.051977158 4.0818207e-08 0.5406535 0 -1 7.54979e-08 0 0 0 255
-0.031977057 4.0818207e-08 0.5406535 0 -1 7.54979e-08 0 0 0 255
-0.0119770765 4.0818207e-08 0.5406535 0 -1 7.54979e-08 0 0 0 255
0.008022904 4.0818207e-08 0.5406535 0 -1 7.54979e-08 0 0 0 255
0.028022885 4.0818207e-08 0.5406535 0 -1 7.54979e-08 0 0 0 255
0.048022866 4.0818207e-08 0.5406535 0 -1 7.54979e-08 0 0 0 255
0.06802285 4.0818207e-08 0.5406535 0 -1 7.54979e-08 0 0 0 255
0.08802295 4.0818207e-08 0.5406535 0 -1 7.54979e-08 5 3 1 255
0.10802293 4.0818207e-08 0.5406535 0 -1 7.54979e-08 19 11 3 255
0.12802291 4.0818207e-08 0.5406535 0 -1 7.54979e-08 19 11 3 255
0.14802289 4.0818207e-08 0.5406535 0 -1 7.54979e-08 9 14 3 255
0.16802287 4.0818207e-08 0.5406535 0 -1 7.54979e-08 0 1 0 255
0.18802285 4.0818207e-08 0.5406535 0 -1 7.54979e-08 0 0 0 255
0.20802283 4.0818207e-08 0.5406535 0 -1 7.54979e-08 0 0 0 255
0.22802293 4.0818207e-08 0.5406535 0 -1 7.54979e-08 0 2 0 255
0.24802291 4.0818207e-08 0.5406535 0 -1 7.54979e-08 0 0 0 255
0.2680229 4.0818207e-08 0.5406535 0 -1 7.54979e-08 0 0 0 255
0.28802288 4.0818207e-08 0.5406535 0 -1 7.54979e-08 0 0 0 255
0.30802286 4.0818207e-08 0.5406535 0 -1 7.54979e-08 0 0 0 255
0.32802284 4.0818207e-08 0.5406535 0 -1 7.54979e-08 0 0 0 255
0.34802294 4.0818207e-08 0.5406535 0 -1 7.54979e-08 5 4 1 255
0.36802292 4.0818207e-08 0.5406535 0 -1 7.54979e-08 8 6 1 255
0.3880229 4.0818207e-08 0.5406535 0 -1 7.54979e-08 0 0 0 255
0.40802288 4.0818207e-08 0.5406535 0 -1 7.54979e-08 0 0 0 255
0.42802286 4.0818207e-08 0.5406535 0 -1 7.54979e-08 7 19 3 255
0.44802284 4.0818207e-08 0.5406535 0 -1 7.54979e-08 14 11 3 255
0.46802282 4.0818207e-08 0.5406535 0 -1 7.54979e-08 0 0 0 255
0.48802292 4.0818207e-08 0.5406535 0 -1 7.54979e-08 0 0 0 255
0.5080229 4.0818207e-08 0.5406535 0 -1 7.54979e-08 2 1 0 255
0.5280229 4.0818207e-08 0.5406535 0 -1 7.54979e-08 0 0 0 255
0.54802287 4.0818207e-08 0.5406535 0 -1 7.54979e-08 0 0 0 255
0.56802285 4.0818207e-08 0.5406535 0 -1 7.54979e-08 0 0 0 255
0.5880228 4.0818207e-08 0.5406535 0 -1 7.54979e-08 0 0 0 255
0.6080229 4.0818207e-08 0.5406535 0 -1 7.54979e-08 0 0 0 255
0.6280229 4.0818207e-08 0.5406535 0 -1 7.54979e-08 4 11 2 255
0.6480229 4.0818207e-08 0.5406535 0 -1 7.54979e-08 9 18 3 255
0.6680229 4.0818207e-08 0.5406535 0 -1 7.54979e-08 7 19 3 255
0.68802285 4.0818207e-08 0.5406535 0 -1 7.54979e-08 7 19 3 255
0.70802283 4.0818207e-08 0.5406535 0 -1 7.54979e-08 7 19 3 255
0.72802293 4.0818207e-08 0.5406535 0 -1 7.54979e-08 8 18 3 255
0.7480229 4.0818207e-08 0.5406535 0 -1 7.54979e-08 8 18 3 255
0.7680229 4.0818207e-08 0.5406535 0 -1 7.54979e-08 7 19 3 255
0.7880229 4.0818207e-08 0.5406535 0 -1 7.54979e-08 17 12 3 255
0.80802286 4.0818207e-08 0.5406535 0 -1 7.54979e-08 39 31 11 255
0.82802284 4.0818207e-08 0.5406535 0 -1 7.54979e-08 40 31 11 255
0.8480228 4.0818207e-08 0.5406535 0 -1 7.54979e-08 52 39 17 255
0.8680229 4.0818207e-08 0.5406535 0 -1 7.54979e-08 32 24 12 255
-0.77197707 4.2328164e-08 0.5606535 0 -1 7.54979e-08 28 19 9 255
-0.7519771 4.2328164e-08 0.5606535 0 -1 7.54979e-08 95 63 33 255
-0.7319771 4.2328164e-08 0.5606535 0 -1 7.54979e-08 121 78 42 255
-0.7119771 4.2328164e-08 0.5606535 0 -1 7.54979e-08 124 80 44 255
-0.6919771 4.2328164e-08 0.5606535 0 -1 7.54979e-08 136 86 49 255
-0.6719771 4.2328164e-08 0.5606535 0 -1 7.54979e-08 135 85 49 255
-0.65197706 4.2328164e-08 0.5606535 0 -1 7.54979e-08 144 91 53 255
-0.6319771 4.2328164e-08 0.5606535 0 -1 7.54979e-08 135 86 49 255
-0.6119771 4.2328164e-08 0.5606535 0 -1 7.54979e-08 123 79 43 255
-0.5919771 4.2328164e-08 0.5606535 0 -1 7.54979e-08 133 85 48 255
-0.5719771 4.2328164e-08 0.5606535 0 -1 7.54979e-08 151 96 56 255
-0.5519771 4.2328164e-08 0.5606535 0 -1 7.54979e-08 158 102 59 255
-0.5319771 4.2328164e-08 0.5606535 0 -1 7.54979e-08 163 105 62 255
-0.5119771 4.2328164e-08 0.5606535 0 -1 7.54979e-08 153 98 57 255
-0.4919771 4.2328164e-08 0.5606535 0 -1 7.54979e-08 139 90 51 255
-0.4719771 4.2328164e-08 0.5606535 0 -1 7.54979e-08 132 84 48 255
-0.45197707 4.2328164e-08 0.5606535 0 -1 7.54979e-08 135 86 49 255
-0.4319771 4.2328164e-08 0.5606535 0 -1 7.54979e-08 169 108 64 255
-0.4119771 4.2328164e-08 0.5606535 0 -1 7.54979e-08 175 111 67 255
-0.39197707 4.2328164e-08 0.5606535 0 -1 7.54979e-08 169 107 63 255
-0.3719771 4.2328164e-08 0.5606535 0 -1 7.54979e-08 134 86 49 255
-0.3519771 4.2328164e-08 0.5606535 0 -1 7.54979e-08 100 67 35 255
-0.33197713 4.2328164e-08 0.5606535 0 -1 7.54979e-08 98 67 34 255
-0.3119771 4.2328164e-08 0.5606535 0 -1 7.54979e-08 118 77 42 255
-0.2919771 4.2328164e-08 0.5606535 0 -1 7.54979e-08 140 91 51 255
-0.27197713 4.2328164e-08 0.5606535 0 -1 7.54979e-08 85 56 29 255
-0.2519771 4.2328164e-08 0.5606535 0 -1 7.54979e-08 13 9 3 255
-0.2319771 4.2328164e-08 0.5606535 0 -1 7.54979e-08 0 0 0 255
-0.21197712 4.2328164e-08 0.5606535 0 -1 7.54979e-08 0 0 0 255
-0.19197708 4.2328164e-08 0.5606535 0 -1 7.54979e-08 6 15 3 255
-0.1719771 4.2328164e-08 0.5606535 0 -1 7.54979e-08 9 17 3 255
-0.15197712 4.2328164e-08 0.5606535 0 -1 7.54979e-08 6 15 3 255
-0.13197708 4.2328164e-08 0.5606535 0 -1 7.54979e-08 6 15 3 255
-0.1119771 4.2328164e-08 0.5606535 0 -1 7.54979e-08 2 5 1 255
-0.09197712 4.2328164e-08 0.5606535 0 -1 7.54979e-08 0 0 0 255
-0.07197714 4.2328164e-08 0.5606535 0 -1 7.54979e-08 0 0 0 255
-0.051977158 4.2328164e-08 0.5606535 0 -1 7.54979e-08 0 0 0 255
-0.031977057 4.2328164e-08 0.5606535 0 -1 7.54979e-08 0 0 0 255
-0.0119770765 4.2328164e-08 0.5606535 0 -1 7.54979e-08 0 0 0 255
0.008022904 4.2328164e-08 0.5606535 0 -1 7.54979e-08 0 0 0 255
0.028022885 4.2328164e-08 0.5606535 0 -1 7.54979e-08 0 0 0 255
0.048022866 4.2328164e-08 0.5606535 0 -1 7.54979e-08 0 0 0 255
0.06802285 4.2328164e-08 0.5606535 0 -1 7.54979e-08 0 0 0 255
0.08802295 4.2328164e-08 0.5606535 0 -1 7.54979e-08 5 3 1 255
0.10802293 4.2328164e-08 0.5606535 0 -1 7.54979e-08 19 11 3 255
0.12802291 4.2328164e-08 0.5606535 0 -1 7.54979e-08 19 11 3 255
0.14802289 4.2328164e-08 0.5606535 0 -1 7.54979e-08 4 2 0 255
0.16802287 4.2328164e-08 0.5606535 0 -1 7.54979e-08 0 0 0 255
0.18802285 4.2328164e-08 0.5606535 0 -1 7.54979e-08 0 0 0 255
0.20802283 4.2328164e-08 0.5606535 0 -1 7.54979e-08 1 3 0 255
0.22802293 4.2328164e-08 0.5606535 0 -1 7.54979e-08 3 9 1 255
0.24802291 4.2328164e-08 0.5606535 0 -1 7.54979e-08 0 0 0 255
0.2680229 4.2328164e-08 0.5606535 0 -1 7.54979e-08 0 0 0 255
0.28802288 4.2328164e-08 0.5606535 0 -1 7.54979e-08 0 0 0 255
0.30802286 4.2328164e-08 0.5606535 0 -1 7.54979e-08 0 0 0 255
0.32802284 4.2328164e-08 0.5606535 0 -1 7.54979e-08 0 0 0 255
0.34802294 4.2328164e-08 0.5606535 0 -1 7.54979e-08 3 8 1 255
0.36802292 4.2328164e-08 0.5606535 0 -1 7.54979e-08 3 9 1 255
0.3880229 4.2328164e-08 0.5606535 0 -1 7.54979e-08 0 0 0 255
0.40802288 4.2328164e-08 0.5606535 0 -1 7.54979e-08 0 0 0 255
0.42802286 4.2328164e-08 0.5606535 0 -1 7.54979e-08 6 15 3 255
0.44802284 4.2328164e-08 0.5606535 0 -1 7.54979e-08 5 13 2 255
0.46802282 4.2328164e-08 0.5606535 0 -1 7.54979e-08 0 0 0 255
0.48802292 4.2328164e-08 0.5606535 0 -1 7.54979e-08 1 0 0 255
0.5080229 4.2328164e-08 0.5606535 0 -1 7.54979e-08 13 7 2 255
0.5280229 4.2328164e-08 0.5606535 0 -1 7.54979e-08 4 2 0 255
0.54802287 4.2328164e-08 0.5606535 0 -1 7.54979e-08 0 0 0 255
0.56802285 4.2328164e-08 0.5606535 0 -1 7.54979e-08 0 0 0 255
0.5880228 4.2328164e-08 0.5606535 0 -1 7.54979e-08 0 0 0 255
0.6080229 4.2328164e-08 0.5606535 0 -1 7.54979e-08 0 0 0 255
0.6280229 4.2328164e-08 0.5606535 0 -1 7.54979e-08 5 10 2 255
0.6480229 4.2328164e-08 0.5606535 0 -1 7.54979e-08 15 14 3 255
0.6680229 4.2328164e-08 0.5606535 0 -1 7.54979e-08 8 18 3 255
0.68802285 4.2328164e-08 0.5606535 0 -1 7.54979e-08 6 15 3 255
0.70802283 4.2328164e-08 0.5606535 0 -1 7.54979e-08 6 15 3 255
0.72802293 4.2328164e-08 0.5606535 0 -1 7.54979e-08 10 14 3 255
0.7480229 4.2328164e-08 0.5606535 0 -1 7.54979e-08 13 15 3 255
0.7680229 4.2328164e-08 0.5606535 0 -1 7.54979e-08 8 19 3 255
0.7880229 4.2328164e-08 0.5606535 0 -1 7.54979e-08 19 13 4 255
0.80802286 4.2328164e-08 0.5606535 0 -1 7.54979e-08 39 31 11 255
0.82802284 4.2328164e-08 0.5606535 0 -1 7.54979e-08 44 34 13 255
0.8480228 4.2328164e-08 0.5606535 0 -1 7.54979e-08 70 51 23 255
0.8680229 4.2328164e-08 0.5606535 0 -1 7.54979e-08 37 28 12 255
-0.77197707 4.383812e-08 0.5806535 0 -1 7.54979e-08 0 0 0 255
-0.7519771 4.383812e-08 0.5806535 0 -1 7.54979e-08 74 47 28 255
-0.7319771 4.383812e-08 0.5806535 0 -1 7.54979e-08 159 101 60 255
-0.7119771 4.383812e-08 0.5806535 0 -1 7.54979e-08 169 107 64 255
-0.6919771 4.383812e-08 0.5806535 0 -1 7.54979e-08 158 101 59 255
-0.6719771 4.383812e-08 0.5806535 0 -1 7.54979e-08 140 89 51 255
-0.65197706 4.383812e-08 0.5806535 0 -1 7.54979e-08 123 79 43 255
-0.6319771 4.383812e-08 0.5806535 0 -1 7.54979e-08 120 78 42 255
-0.6119771 4.383812e-08 0.5806535 0 -1 7.54979e-08 140 89 51 255
-0.5919771 4.383812e-08 0.5806535 0 -1 7.54979e-08 162 103 61 255
-0.5719771 4.383812e-08 0.5806535 0 -1 7.54979e-08 163 105 62 255
-0.5519771 4.383812e-08 0.5806535 0 -1 7.54979e-08 156 101 58 255
-0.5319771 4.383812e-08 0.5806535 0 -1 7.54979e-08 153 99 57 255
-0.5119771 4.383812e-08 0.5806535 0 -1 7.54979e-08 133 86 49 255
-0.4919771 4.383812e-08 0.5806535 0 -1 7.54979e-08 133 85 48 255
-0.4719771 4.383812e-08 0.5806535 0 -1 7.54979e-08 141 92 52 255
-0.45197707 4.383812e-08 0.5806535 0 -1 7.54979e-08 167 107 63 255
-0.4319771 4.383812e-08 0.5806535 0 -1 7.54979e-08 175 112 66 255
-0.4119771 4.383812e-08 0.5806535 0 -1 7.54979e-08 152 97 57 255
-0.39197707 4.383812e-08 0.5806535 0 -1 7.54979e-08 117 76 41 255
-0.3719771 4.383812e-08 0.5806535 0 -1 7.54979e-08 104 69 36 255
-0.3519771 4.383812e-08 0.5806535 0 -1 7.54979e-08 104 69 36 255
-0.33197713 4.383812e-08 0.5806535 0 -1 7.54979e-08 145 94 55 255
-0.3119771 4.383812e-08 0.5806535 0 -1 7.54979e-08 184 117 70 255
-0.2919771 4.383812e-08 0.5806535 0 -1 7.54979e-08 167 107 63 255
-0.27197713 4.383812e-08 0.5806535 0 -1 7.54979e-08 85 58 28 255
-0.2519771 4.383812e-08 0.5806535 0 -1 7.54979e-08 17 14 5 255
-0.2319771 4.383812e-08 0.5806535 0 -1 7.54979e-08 0 0 0 255
-0.21197712 4.383812e-08 0.5806535 0 -1 7.54979e-08 0 0 0 255
-0.19197708 4.383812e-08 0.5806535 0 -1 7.54979e-08 0 0 0 255
-0.1719771 4.383812e-08 0.5806535 0 -1 7.54979e-08 15 9 3 255
-0.15197712 4.383812e-08 0.5806535 0 -1 7.54979e-08 0 0 0 255
-0.13197708 4.383812e-08 0.5806535 0 -1 7.54979e-08 0 0 0 255
-0.1119771 4.383812e-08 0.5806535 0 -1 7.54979e-08 0 0 0 255
-0.09197712 4.383812e-08 0.5806535 0 -1 7.54979e-08 0 0 0 255
-0.07197714 4.383812e-08 0.5806535 0 -1 7.54979e-08 0 0 0 255
-0.051977158 4.383812e-08 0.5806535 0 -1 7.54979e-08 0 0 0 255
-0.031977057 4.383812e-08 0.5806535 0 -1 7.54979e-08 0 0 0 255
-0.0119770765 4.383812e-08 0.5806535 0 -1 7.54979e-08 0 0 0 255
0.008022904 4.383812e-08 0.5806535 0 -1 7.54979e-08 0 0 0 255
0.028022885 4.383812e-08 0.5806535 0 -1 7.54979e-08 0 0 0 255
0.048022866 4.383812e-08 0.5806535 0 -1 7.54979e-08 0 0 0 255
0.06802285 4.383812e-08 0.5806535 0 -1 7.54979e-08 0 0 0 255
0.08802295 4.383812e-08 0.5806535 0 -1 7.54979e-08 5 3 1 255
0.10802293 4.383812e-08 0.5806535 0 -1 7.54979e-08 19 11 3 255
0.12802291 4.383812e-08 0.5806535 0 -1 7.54979e-08 19 11 3 255
0.14802289 4.383812e-08 0.5806535 0 -1 7.54979e-08 5 5 1 255
0.16802287 4.383812e-08 0.5806535 0 -1 7.54979e-08 0 0 0 255
0.18802285 4.383812e-08 0.5806535 0 -1 7.54979e-08 0 0 0 255
0.20802283 4.383812e-08 0.5806535 0 -1 7.54979e-08 0 0 0 255
0.22802293 4.383812e-08 0.5806535 0 -1 7.54979e-08 0 2 0 255
0.24802291 4.383812e-08 0.5806535 0 -1 7.54979e-08 0 0 0 255
0.2680229 4.383812e-08 0.5806535 0 -1 7.54979e-08 0 0 0 255
0.28802288 4.383812e-08 0.5806535 0 -1 7.54979e-08 0 0 0 255
0.30802286 4.383812e-08 0.5806535 0 -1 7.54979e-08 0 0 0 255
0.32802284 4.383812e-08 0.5806535 0 -1 7.54979e-08 2 5 1 255
0.34802294 4.383812e-08 0.5806535 0 -1 7.54979e-08 6 16 3 255
0.36802292 4.383812e-08 0.5806535 0 -1 7.54979e-08 3 7 1 255
0.3880229 4.383812e-08 0.5806535 0 -1 7.54979e-08 0 0 0 255
0.40802288 4.383812e-08 0.5806535 0 -1 7.54979e-08 0 0 0 255
0.42802286 4.383812e-08 0.5806535 0 -1 7.54979e-08 0 0 0 255
0.44802284 4.383812e-08 0.5806535 0 -1 7.54979e-08 0 0 0 255
0.46802282 4.383812e-08 0.5806535 0 -1 7.54979e-08 0 0 0 255
0.48802292 4.383812e-08 0.5806535 0 -1 7.54979e-08 11 6 2 255
0.5080229 4.383812e-08 0.5806535 0 -1 7.54979e-08 19 12 4 255
0.5280229 4.383812e-08 0.5806535 0 -1 7.54979e-08 4 2 0 255
0.54802287 4.383812e-08 0.5806535 0 -1 7.54979e-08 0 0 0 255
0.56802285 4.383812e-08 0.5806535 0 -1 7.54979e-08 0 0 0 255
0.5880228 4.383812e-08 0.5806535 0 -1 7.54979e-08 0 0 0 255
0.6080229 4.383812e-08 0.5806535 0 -1 7.54979e-08 0 1 0 255
0.6280229 4.383812e-08 0.5806535 0 -1 7.54979e-08 10 8 2 255
0.6480229 4.383812e-08 0.5806535 0 -1 7.54979e-08 10 17 3 255
0.6680229 4.383812e-08 0.5806535 0 -1 7.54979e-08 7 19 3 255
0.68802285 4.383812e-08 0.5806535 0 -1 7.54979e-08 0 0 0 255
0.70802283 4.383812e-08 0.5806535 0 -1 7.54979e-08 0 0 0 255
0.72802293 4.383812e-08 0.5806535 0 -1 7.54979e-08 2 7 1 255
0.7480229 4.383812e-08 0.5806535 0 -1 7.54979e-08 14 15 3 255
0.7680229 4.383812e-08 0.5806535 0 -1 7.54979e-08 13 17 4 255
0.7880229 4.383812e-08 0.5806535 0 -1 7.54979e-08 26 21 7 255
0.80802286 4.383812e-08 0.5806535 0 -1 7.54979e-08 39 31 11 255
0.82802284 4.383812e-08 0.5806535 0 -1 7.54979e-08 42 33 13 255
0.8480228 4.383812e-08 0.5806535 0 -1 7.54979e-08 59 43 19 255
0.8680229 4.383812e-08 0.5806535 0 -1 7.54979e-08 29 21 9 255
-0.77197707 4.534808e-08 0.6006535 0 -1 7.54979e-08 0 0 0 255
-0.7519771 4.534808e-08 0.6006535 0 -1 7.54979e-08 0 0 0 255
-0.7319771 4.534808e-08 0.6006535 0 -1 7.54979e-08 87 55 32 255
-0.7119771 4.534808e-08 0.6006535 0 -1 7.54979e-08 139 88 50 255
-0.6919771 4.534808e-08 0.6006535 0 -1 7.54979e-08 124 79 44 255
-0.6719771 4.534808e-08 0.6006535 0 -1 7.54979e-08 110 72 37 255
-0.65197706 4.534808e-08 0.6006535 0 -1 7.54979e-08 114 74 40 255
-0.6319771 4.534808e-08 0.6006535 0 -1 7.54979e-08 129 83 47 255
-0.6119771 4.534808e-08 0.6006535 0 -1 7.54979e-08 141 90 51 255
-0.5919771 4.534808e-08 0.6006535 0 -1 7.54979e-08 157 101 59 255
-0.5719771 4.534808e-08 0.6006535 0 -1 7.54979e-08 154 100 57 255
-0.5519771 4.534808e-08 0.6006535 0 -1 7.54979e-08 144 91 53 255
-0.5319771 4.534808e-08 0.6006535 0 -1 7.54979e-08 136 88 50 255
-0.5119771 4.534808e-08 0.6006535 0 -1 7.54979e-08 138 89 51 255
-0.4919771 4.534808e-08 0.6006535 0 -1 7.54979e-08 159 102 60 255
-0.4719771 4.534808e-08 0.6006535 0 -1 7.54979e-08 170 108 65 255
-0.45197707 4.534808e-08 0.6006535 0 -1 7.54979e-08 175 112 66 255
-0.4319771 4.534808e-08 0.6006535 0 -1 7.54979e-08 134 87 49 255
-0.4119771 4.534808e-08 0.6006535 0 -1 7.54979e-08 119 77 42 255
-0.39197707 4.534808e-08 0.6006535 0 -1 7.54979e-08 99 67 34 255
-0.3719771 4.534808e-08 0.6006535 0 -1 7.54979e-08 119 77 41 255
-0.3519771 4.534808e-08 0.6006535 0 -1 7.54979e-08 143 93 53 255
-0.33197713 4.534808e-08 0.6006535 0 -1 7.54979e-08 199 127 81 255
-0.3119771 4.534808e-08 0.6006535 0 -1 7.54979e-08 180 115 69 255
-0.2919771 4.534808e-08 0.6006535 0 -1 7.54979e-08 155 99 58 255
-0.27197713 4.534808e-08 0.6006535 0 -1 7.54979e-08 85 58 30 255
-0.2519771 4.534808e-08 0.6006535 0 -1 7.54979e-08 17 14 6 255
-0.2319771 4.534808e-08 0.6006535 0 -1 7.54979e-08 0 0 0 255
-0.21197712 4.534808e-08 0.6006535 0 -1 7.54979e-08 0 0 0 255
-0.19197708 4.534808e-08 0.6006535 0 -1 7.54979e-08 0 0 0 255
-0.1719771 4.534808e-08 0.6006535 0 -1 7.54979e-08 17 11 3 255
-0.15197712 4.534808e-08 0.6006535 0 -1 7.54979e-08 0 2 0 255
-0.13197708 4.534808e-08 0.6006535 0 -1 7.54979e-08 0 1 0 255
-0.1119771 4.534808e-08 0.6006535 0 -1 7.54979e-08 1 3 0 255
-0.09197712 4.534808e-08 0.6006535 0 -1 7.54979e-08 0 0 0 255
-0.07197714 4.534808e-08 0.6006535 0 -1 7.54979e-08 0 0 0 255
-0.051977158 4.534808e-08 0.6006535 0 -1 7.54979e-08 0 0 0 255
-0.031977057 4.534808e-08 0.6006535 0 -1 7.54979e-08 0 0 0 255
-0.0119770765 4.534808e-08 0.6006535 0 -1 7.54979e-08 0 0 0 255
0.008022904 4.534808e-08 0.6006535 0 -1 7.54979e-08 0 0 0 255
0.028022885 4.534808e-08 0.6006535 0 -1 7.54979e-08 0 0 0 255
0.048022866 4.534808e-08 0.6006535 0 -1 7.54979e-08 0 0 0 255
0.06802285 4.534808e-08 0.6006535 0 -1 7.54979e-08 0 0 0 255
0.08802295 4.534808e-08 0.6006535 0 -1 7.54979e-08 5 3 1 255
0.10802293 4.534808e-08 0.6006535 0 -1 7.54979e-08 19 11 3 255
0.12802291 4.534808e-08 0.6006535 0 -1 7.54979e-08 19 11 3 255
0.14802289 4.534808e-08 0.6006535 0 -1 7.54979e-08 10 17 3 255
0.16802287 4.534808e-08 0.6006535 0 -1 7.54979e-08 0 1 0 255
0.18802285 4.534808e-08 0.6006535 0 -1 7.54979e-08 0 0 0 255
0.20802283 4.534808e-08 0.6006535 0 -1 7.54979e-08 1 4 0 255
0.22802293 4.534808e-08 0.6006535 0 -1 7.54979e-08 4 11 2 255
0.24802291 4.534808e-08 0.6006535 0 -1 7.54979e-08 0 0 0 255
0.2680229 4.534808e-08 0.6006535 0 -1 7.54979e-08 0 0 0 255
0.28802288 4.534808e-08 0.6006535 0 -1 7.54979e-08 0 0 0 255
0.30802286 4.534808e-08 0.6006535 0 -1 7.54979e-08 0 0 0 255
0.32802284 4.534808e-08 0.6006535 0 -1 7.54979e-08 5 13 2 255
0.34802294 4.534808e-08 0.6006535 0 -1 7.54979e-08 0 0 0 255
0.36802292 4.534808e-08 0.6006535 0 -1 7.54979e-08 0 0 0 255
0.3880229 4.534808e-08 0.6006535 0 -1 7.54979e-08 0 0 0 255
0.40802288 4.534808e-08 0.6006535 0 -1 7.54979e-08 0 0 0 255
0.42802286 4.534808e-08 0.6006535 0 -1 7.54979e-08 0 0 0 255
0.44802284 4.534808e-08 0.6006535 0 -1 7.54979e-08 0 0 0 255
0.46802282 4.534808e-08 0.6006535 0 -1 7.54979e-08 6 5 1 255
0.48802292 4.534808e-08 0.6006535 0 -1 7.54979e-08 22 14 5 255
0.5080229 4.534808e-08 0.6006535 0 -1 7.54979e-08 21 14 5 255
0.5280229 4.534808e-08 0.6006535 0 -1 7.54979e-08 4 2 0 255
0.54802287 4.534808e-08 0.6006535 0 -1 7.54979e-08 0 0 0 255
0.56802285 4.534808e-08 0.6006535 0 -1 7.54979e-08 0 0 0 255
0.5880228 4.534808e-08 0.6006535 0 -1 7.54979e-08 0 0 0 255
0.6080229 4.534808e-08 0.6006535 0 -1 7.54979e-08 3 8 1 255
0.6280229 4.534808e-08 0.6006535 0 -1 7.54979e-08 8 18 3 255
0.6480229 4.534808e-08 0.6006535 0 -1 7.54979e-08 8 19 3 255
0.6680229 4.534808e-08 0.6006535 0 -1 7.54979e-08 9 18 3 255
0.68802285 4.534808e-08 0.6006535 0 -1 7.54979e-08 1 3 0 255
0.70802283 4.534808e-08 0.6006535 0 -1 7.54979e-08 2 3 0 255
0.72802293 4.534808e-08 0.6006535 0 -1 7.54979e-08 8 11 3 255
0.7480229 4.534808e-08 0.6006535 0 -1 7.54979e-08 19 18 5 255
0.7680229 4.534808e-08 0.6006535 0 -1 7.54979e-08 30 21 9 255
0.7880229 4.534808e-08 0.6006535 0 -1 7.54979e-08 45 34 14 255
0.80802286 4.534808e-08 0.6006535 0 -1 7.54979e-08 44 34 13 255
0.82802284 4.534808e-08 0.6006535 0 -1 7.54979e-08 44 35 14 255
0.8480228 4.534808e-08 0.6006535 0 -1 7.54979e-08 58 43 20 255
0.8680229 4.534808e-08 0.6006535 0 -1 7.54979e-08 24 18 8 255
-0.77197707 4.6858037e-08 0.6206535 0 -1 7.54979e-08 0 0 0 255
-0.7519771 4.6858037e-08 0.6206535 0 -1 7.54979e-08 0 0 0 255
-0.7319771 4.6858037e-08 0.6206535 0 -1 7.54979e-08 0 0 0 255
-0.7119771 4.6858037e-08 0.6206535 0 -1 7.54979e-08 79 52 27 255
-0.6919771 4.6858037e-08 0.6206535 0 -1 7.54979e-08 92 61 31 255
-0.6719771 4.6858037e-08 0.6206535 0 -1 7.54979e-08 85 60 29 255
-0.65197706 4.6858037e-08 0.6206535 0 -1 7.54979e-08 87 61 30 255
-0.6319771 4.6858037e-08 0.6206535 0 -1 7.54979e-08 104 70 36 255
-0.6119771 4.6858037e-08 0.6206535 0 -1 7.54979e-08 122 79 43 255
-0.5919771 4.6858037e-08 0.6206535 0 -1 7.54979e-08 134 87 49 255
-0.5719771 4.6858037e-08 0.6206535 0 -1 7.54979e-08 136 89 50 255
-0.5519771 4.6858037e-08 0.6206535 0 -1 7.54979e-08 131 83 47 255
-0.5319771 4.6858037e-08 0.6206535 0 -1 7.54979e-08 144 92 53 255
-0.5119771 4.6858037e-08 0.6206535 0 -1 7.54979e-08 172 110 66 255
-0.4919771 4.6858037e-08 0.6206535 0 -1 7.54979e-08 182 114 69 255
-0.4719771 4.6858037e-08 0.6206535 0 -1 7.54979e-08 159 102 59 255
-0.45197707 4.6858037e-08 0.6206535 0 -1 7.54979e-08 129 82 47 255
-0.4319771 4.6858037e-08 0.6206535 0 -1 7.54979e-08 126 81 45 255
-0.4119771 4.6858037e-08 0.6206535 0 -1 7.54979e-08 132 85 47 255
-0.39197707 4.6858037e-08 0.6206535 0 -1 7.54979e-08 137 90 51 255
-0.3719771 4.6858037e-08 0.6206535 0 -1 7.54979e-08 175 110 66 255
-0.3519771 4.6858037e-08 0.6206535 0 -1 7.54979e-08 200 127 80 255
-0.33197713 4.6858037e-08 0.6206535 0 -1 7.54979e-08 183 117 70 255
-0.3119771 4.6858037e-08 0.6206535 0 -1 7.54979e-08 163 105 62 255
-0.2919771 4.6858037e-08 0.6206535 0 -1 7.54979e-08 136 88 49 255
-0.27197713 4.6858037e-08 0.6206535 0 -1 7.54979e-08 87 61 37 255
-0.2519771 4.6858037e-08 0.6206535 0 -1 7.54979e-08 17 16 15 255
-0.2319771 4.6858037e-08 0.6206535 0 -1 7.54979e-08 0 0 0 255
-0.21197712 4.6858037e-08 0.6206535 0 -1 7.54979e-08 0 0 0 255
-0.19197708 4.6858037e-08 0.6206535 0 -1 7.54979e-08 1 3 0 255
-0.1719771 4.6858037e-08 0.6206535 0 -1 7.54979e-08 23 19 7 255
-0.15197712 4.6858037e-08 0.6206535 0 -1 7.54979e-08 5 12 2 255
-0.13197708 4.6858037e-08 0.6206535 0 -1 7.54979e-08 3 9 1 255
-0.1119771 4.6858037e-08 0.6206535 0 -1 7.54979e-08 7 19 3 255
-0.09197712 4.6858037e-08 0.6206535 0 -1 7.54979e-08 1 3 0 255
-0.07197714 4.6858037e-08 0.6206535 0 -1 7.54979e-08 0 0 0 255
-0.051977158 4.6858037e-08 0.6206535 0 -1 7.54979e-08 0 0 0 255
-0.031977057 4.6858037e-08 0.6206535 0 -1 7.54979e-08 0 0 0 255
-0.0119770765 4.6858037e-08 0.6206535 0 -1 7.54979e-08 0 0 0 255
0.008022904 4.6858037e-08 0.6206535 0 -1 7.54979e-08 0 0 0 255
0.028022885 4.6858037e-08 0.6206535 0 -1 7.54979e-08 0 0 0 255
0.048022866 4.6858037e-08 0.6206535 0 -1 7.54979e-08 0 0 0 255
0.06802285 4.6858037e-08 0.6206535 0 -1 7.54979e-08 0 0 0 255
0.08802295 4.6858037e-08 0.6206535 0 -1 7.54979e-08 5 3 1 255
0.10802293 4.6858037e-08 0.6206535 0 -1 7.54979e-08 19 11 3 255
0.12802291 4.6858037e-08 0.6206535 0 -1 7.54979e-08 19 11 3 255
0.14802289 4.6858037e-08 0.6206535 0 -1 7.54979e-08 10 17 3 255
0.16802287 4.6858037e-08 0.6206535 0 -1 7.54979e-08 0 1 0 255
0.18802285 4.6858037e-08 0.6206535 0 -1 7.54979e-08 0 0 0 255
0.20802283 4.6858037e-08 0.6206535 0 -1 7.54979e-08 2 6 1 255
0.22802293 4.6858037e-08 0.6206535 0 -1 7.54979e-08 5 11 2 255
0.24802291 4.6858037e-08 0.6206535 0 -1 7.54979e-08 0 0 0 255
0.2680229 4.6858037e-08 0.6206535 0 -1 7.54979e-08 0 0 0 255
0.28802288 4.6858037e-08 0.6206535 0 -1 7.54979e-08 0 0 0 255
0.30802286 4.6858037e-08 0.6206535 0 -1 7.54979e-08 0 0 0 255
0.32802284 4.6858037e-08 0.6206535 0 -1 7.54979e-08 0 0 0 255
0.34802294 4.6858037e-08 0.6206535 0 -1 7.54979e-08 0 0 0 255
0.36802292 4.6858037e-08 0.6206535 0 -1 7.54979e-08 0 0 0 255
0.3880229 4.6858037e-08 0.6206535 0 -1 7.54979e-08 0 0 0 255
0.40802288 4.6858037e-08 0.6206535 0 -1 7.54979e-08 0 0 0 255
0.42802286 4.6858037e-08 0.6206535 0 -1 7.54979e-08 0 0 0 255
0.44802284 4.6858037e-08 0.6206535 0 -1 7.54979e-08 1 2 0 255
0.46802282 4.6858037e-08 0.6206535 0 -1 7.54979e-08 11 17 3 255
0.48802292 4.6858037e-08 0.6206535 0 -1 7.54979e-08 19 11 3 255
0.5080229 4.6858037e-08 0.6206535 0 -1 7.54979e-08 18 12 3 255
0.5280229 4.6858037e-08 0.6206535 0 -1 7.54979e-08 3 2 0 255
0.54802287 4.6858037e-08 0.6206535 0 -1 7.54979e-08 0 0 0 255
0.56802285 4.6858037e-08 0.6206535 0 -1 7.54979e-08 0 0 0 255
0.5880228 4.6858037e-08 0.6206535 0 -1 7.54979e-08 0 0 0 255
0.6080229 4.6858037e-08 0.6206535 0 -1 7.54979e-08 3 9 1 255
0.6280229 4.6858037e-08 0.6206535 0 -1 7.54979e-08 13 15 3 255
0.6480229 4.6858037e-08 0.6206535 0 -1 7.54979e-08 10 17 3 255
0.6680229 4.6858037e-08 0.6206535 0 -1 7.54979e-08 19 13 4 255
0.68802285 4.6858037e-08 0.6206535 0 -1 7.54979e-08 12 21 5 255
0.70802283 4.6858037e-08 0.6206535 0 -1 7.54979e-08 19 23 6 255
0.72802293 4.6858037e-08 0.6206535 0 -1 7.54979e-08 42 33 13 255
0.7480229 4.6858037e-08 0.6206535 0 -1 7.54979e-08 51 38 16 255
0.7680229 4.6858037e-08 0.6206535 0 -1 7.54979e-08 62 46 22 255
0.7880229 4.6858037e-08 0.6206535 0 -1 7.54979e-08 85 60 29 255
0.80802286 4.6858037e-08 0.6206535 0 -1 7.54979e-08 73 52 24 255
0.82802284 4.6858037e-08 0.6206535 0 -1 7.54979e-08 51 41 17 255
0.8480228 4.6858037e-08 0.6206535 0 -1 7.54979e-08 42 31 15 255
0.8680229 4.6858037e-08 0.6206535 0 -1 7.54979e-08 0 0 0 255
-0.77197707 4.8367994e-08 0.6406535 0 -1 7.54979e-08 0 0 0 255
-0.7519771 4.8367994e-08 0.6406535 0 -1 7.54979e-08 0 0 0 255
-0.7319771 4.8367994e-08 0.6406535 0 -1 7.54979e-08 20 12 8 255
-0.7119771 4.8367994e-08 0.6406535 0 -1 7.54979e-08 37 29 11 255
-0.6919771 4.8367994e-08 0.6406535 0 -1 7.54979e-08 39 31 11 255
-0.6719771 4.8367994e-08 0.6406535 0 -1 7.54979e-08 59 43 19 255
-0.65197706 4.8367994e-08 0.6406535 0 -1 7.54979e-08 71 52 24 255
-0.6319771 4.8367994e-08 0.6406535 0 -1 7.54979e-08 93 65 32 255
-0.6119771 4.8367994e-08 0.6406535 0 -1 7.54979e-08 125 82 45 255
-0.5919771 4.8367994e-08 0.6406535 0 -1 7.54979e-08 130 83 47 255
-0.5719771 4.8367994e-08 0.6406535 0 -1 7.54979e-08 130 83 47 255
-0.5519771 4.8367994e-08 0.6406535 0 -1 7.54979e-08 141 92 52 255
-0.5319771 4.8367994e-08 0.6406535 0 -1 7.54979e-08 164 106 62 255
-0.5119771 4.8367994e-08 0.6406535 0 -1 7.54979e-08 195 125 77 255
-0.4919771 4.8367994e-08 0.6406535 0 -1 7.54979e-08 162 104 63 255
-0.4719771 4.8367994e-08 0.6406535 0 -1 7.54979e-08 137 89 52 255
-0.45197707 4.8367994e-08 0.6406535 0 -1 7.54979e-08 137 89 52 255
-0.4319771 4.8367994e-08 0.6406535 0 -1 7.54979e-08 162 103 62 255
-0.4119771 4.8367994e-08 0.6406535 0 -1 7.54979e-08 204 129 82 255
-0.39197707 4.8367994e-08 0.6406535 0 -1 7.54979e-08 212 138 91 255
-0.3719771 4.8367994e-08 0.6406535 0 -1 7.54979e-08 192 123 76 255
-0.3519771 4.8367994e-08 0.6406535 0 -1 7.54979e-08 178 113 68 255
-0.33197713 4.8367994e-08 0.6406535 0 -1 7.54979e-08 167 107 63 255
-0.3119771 4.8367994e-08 0.6406535 0 -1 7.54979e-08 164 105 62 255
-0.2919771 4.8367994e-08 0.6406535 0 -1 7.54979e-08 154 99 58 255
-0.27197713 4.8367994e-08 0.6406535 0 -1 7.54979e-08 104 68 38 255
-0.2519771 4.8367994e-08 0.6406535 0 -1 7.54979e-08 29 22 10 255
-0.2319771 4.8367994e-08 0.6406535 0 -1 7.54979e-08 0 0 0 255
-0.21197712 4.8367994e-08 0.6406535 0 -1 7.54979e-08 0 2 0 255
-0.19197708 4.8367994e-08 0.6406535 0 -1 7.54979e-08 7 16 3 255
-0.1719771 4.8367994e-08 0.6406535 0 -1 7.54979e-08 22 18 6 255
-0.15197712 4.8367994e-08 0.6406535 0 -1 7.54979e-08 5 13 2 255
-0.13197708 4.8367994e-08 0.6406535 0 -1 7.54979e-08 3 9 1 255
-0.1119771 4.8367994e-08 0.6406535 0 -1 7.54979e-08 6 16 3 255
-0.09197712 4.8367994e-08 0.6406535 0 -1 7.54979e-08 1 2 0 255
-0.07197714 4.8367994e-08 0.6406535 0 -1 7.54979e-08 0 0 0 255
-0.051977158 4.8367994e-08 0.6406535 0 -1 7.54979e-08 0 0 0 255
-0.031977057 4.8367994e-08 0.6406535 0 -1 7.54979e-08 0 0 0 255
-0.0119770765 4.8367994e-08 0.6406535 0 -1 7.54979e-08 0 0 0 255
0.008022904 4.8367994e-08 0.6406535 0 -1 7.54979e-08 0 0 0 255
0.028022885 4.8367994e-08 0.6406535 0 -1 7.54979e-08 0 0 0 255
0.048022866 4.8367994e-08 0.6406535 0 -1 7.54979e-08 0 0 0 255
0.06802285 4.8367994e-08 0.6406535 0 -1 7.54979e-08 0 0 0 255
0.08802295 4.8367994e-08 0.6406535 0 -1 7.54979e-08 5 3 1 255
0.10802293 4.8367994e-08 0.6406535 0 -1 7.54979e-08 19 11 3 255
0.12802291 4.8367994e-08 0.6406535 0 -1 7.54979e-08 19 11 3 255
0.14802289 4.8367994e-08 0.6406535 0 -1 7.54979e-08 9 15 3 255
0.16802287 4.8367994e-08 0.6406535 0 -1 7.54979e-08 0 1 0 255
0.18802285 4.8367994e-08 0.6406535 0 -1 7.54979e-08 0 1 0 255
0.20802283 4.8367994e-08 0.6406535 0 -1 7.54979e-08 9 17 3 255
0.22802293 4.8367994e-08 0.6406535 0 -1 7.54979e-08 10 7 2 255
0.24802291 4.8367994e-08 0.6406535 0 -1 7.54979e-08 0 0 0 255
0.2680229 4.8367994e-08 0.6406535 0 -1 7.54979e-08 0 0 0 255
0.28802288 4.8367994e-08 0.6406535 0 -1 7.54979e-08 0 0 0 255
0.30802286 4.8367994e-08 0.6406535 0 -1 7.54979e-08 0 0 0 255
0.32802284 4.8367994e-08 0.6406535 0 -1 7.54979e-08 0 0 0 255
0.34802294 4.8367994e-08 0.6406535 0 -1 7.54979e-08 0 0 0 255
0.36802292 4.8367994e-08 0.6406535 0 -1 7.54979e-08 0 0 0 255
0.3880229 4.8367994e-08 0.6406535 0 -1 7.54979e-08 0 0 0 255
0.40802288 4.8367994e-08 0.6406535 0 -1 7.54979e-08 0 0 0 255
0.42802286 4.8367994e-08 0.6406535 0 -1 7.54979e-08 0 0 0 255
0.44802284 4.8367994e-08 0.6406535 0 -1 7.54979e-08 1 2 0 255
0.46802282 4.8367994e-08 0.6406535 0 -1 7.54979e-08 11 17 3 255
0.48802292 4.8367994e-08 0.6406535 0 -1 7.54979e-08 19 11 3 255
0.5080229 4.8367994e-08 0.6406535 0 -1 7.54979e-08 11 14 3 255
0.5280229 4.8367994e-08 0.6406535 0 -1 7.54979e-08 1 3 0 255
0.54802287 4.8367994e-08 0.6406535 0 -1 7.54979e-08 0 0 0 255
0.56802285 4.8367994e-08 0.6406535 0 -1 7.54979e-08 0 0 0 255
0.5880228 4.8367994e-08 0.6406535 0 -1 7.54979e-08 2 7 1 255
0.6080229 4.8367994e-08 0.6406535 0 -1 7.54979e-08 7 19 3 255
0.6280229 4.8367994e-08 0.6406535 0 -1 7.54979e-08 7 19 3 255
0.6480229 4.8367994e-08 0.6406535 0 -1 7.54979e-08 9 19 4 255
0.6680229 4.8367994e-08 0.6406535 0 -1 7.54979e-08 27 20 7 255
0.68802285 4.8367994e-08 0.6406535 0 -1 7.54979e-08 42 33 13 255
0.70802283 4.8367994e-08 0.6406535 0 -1 7.54979e-08 47 36 15 255
0.72802293 4.8367994e-08 0.6406535 0 -1 7.54979e-08 63 47 22 255
0.7480229 4.8367994e-08 0.6406535 0 -1 7.54979e-08 63 47 22 255
0.7680229 4.8367994e-08 0.6406535 0 -1 7.54979e-08 69 51 23 255
0.7880229 4.8367994e-08 0.6406535 0 -1 7.54979e-08 77 57 26 255
0.80802286 4.8367994e-08 0.6406535 0 -1 7.54979e-08 89 62 31 255
0.82802284 4.8367994e-08 0.6406535 0 -1 7.54979e-08 59 43 19 255
0.8480228 4.8367994e-08 0.6406535 0 -1 7.54979e-08 39 28 13 255
-0.7519771 4.9877954e-08 0.66065353 0 -1 7.54979e-08 0 0 0 255
-0.7319771 4.9877954e-08 0.66065353 0 -1 7.54979e-08 135 87 55 255
-0.7119771 4.9877954e-08 0.66065353 0 -1 7.54979e-08 68 49 24 255
-0.6919771 4.9877954e-08 0.66065353 0 -1 7.54979e-08 39 31 11 255
-0.6719771 4.9877954e-08 0.66065353 0 -1 7.54979e-08 48 38 15 255
-0.65197706 4.9877954e-08 0.66065353 0 -1 7.54979e-08 61 45 20 255
-0.6319771 4.9877954e-08 0.66065353 0 -1 7.54979e-08 73 53 24 255
-0.6119771 4.9877954e-08 0.66065353 0 -1 7.54979e-08 99 67 34 255
-0.5919771 4.9877954e-08 0.66065353 0 -1 7.54979e-08 122 78 43 255
-0.5719771 4.9877954e-08 0.66065353 0 -1 7.54979e-08 134 88 49 255
-0.5519771 4.9877954e-08 0.66065353 0 -1 7.54979e-08 144 91 52 255
-0.5319771 4.9877954e-08 0.66065353 0 -1 7.54979e-08 156 99 57 255
-0.5119771 4.9877954e-08 0.66065353 0 -1 7.54979e-08 191 122 75 255
-0.4919771 4.9877954e-08 0.66065353 0 -1 7.54979e-08 210 136 89 255
-0.4719771 4.9877954e-08 0.66065353 0 -1 7.54979e-08 230 155 108 255
-0.45197707 4.9877954e-08 0.66065353 0 -1 7.54979e-08 227 153 105 255
-0.4319771 4.9877954e-08 0.66065353 0 -1 7.54979e-08 210 137 90 255
-0.4119771 4.9877954e-08 0.66065353 0 -1 7.54979e-08 202 131 84 255
-0.39197707 4.9877954e-08 0.66065353 0 -1 7.54979e-08 178 113 68 255
-0.3719771 4.9877954e-08 0.66065353 0 -1 7.54979e-08 180 114 69 255
-0.3519771 4.9877954e-08 0.66065353 0 -1 7.54979e-08 193 120 73 255
-0.33197713 4.9877954e-08 0.66065353 0 -1 7.54979e-08 175 111 67 255
-0.3119771 4.9877954e-08 0.66065353 0 -1 7.54979e-08 164 105 62 255
-0.2919771 4.9877954e-08 0.66065353 0 -1 7.54979e-08 138 90 51 255
-0.27197713 4.9877954e-08 0.66065353 0 -1 7.54979e-08 105 69 38 255
-0.2519771 4.9877954e-08 0.66065353 0 -1 7.54979e-08 33 32 12 255
-0.2319771 4.9877954e-08 0.66065353 0 -1 7.54979e-08 2 5 1 255
-0.21197712 4.9877954e-08 0.66065353 0 -1 7.54979e-08 6 16 3 255
-0.19197708 4.9877954e-08 0.66065353 0 -1 7.54979e-08 0 0 0 255
-0.1719771 4.9877954e-08 0.66065353 0 -1 7.54979e-08 17 13 3 255
-0.15197712 4.9877954e-08 0.66065353 0 -1 7.54979e-08 7 19 3 255
-0.13197708 4.9877954e-08 0.66065353 0 -1 7.54979e-08 3 9 1 255
-0.1119771 4.9877954e-08 0.66065353 0 -1 7.54979e-08 0 0 0 255
-0.09197712 4.9877954e-08 0.66065353 0 -1 7.54979e-08 0 0 0 255
-0.07197714 4.9877954e-08 0.66065353 0 -1 7.54979e-08 0 0 0 255
-0.051977158 4.9877954e-08 0.66065353 0 -1 7.54979e-08 0 0 0 255
-0.031977057 4.9877954e-08 0.66065353 0 -1 7.54979e-08 0 0 0 255
-0.0119770765 4.9877954e-08 0.66065353 0 -1 7.54979e-08 0 0 0 255
0.008022904 4.9877954e-08 0.66065353 0 -1 7.54979e-08 0 0 0 255
0.028022885 4.9877954e-08 0.66065353 0 -1 7.54979e-08 0 0 0 255
0.048022866 4.9877954e-08 0.66065353 0 -1 7.54979e-08 0 0 0 255
0.06802285 4.9877954e-08 0.66065353 0 -1 7.54979e-08 0 0 0 255
0.08802295 4.9877954e-08 0.66065353 0 -1 7.54979e-08 4 3 1 255
0.10802293 4.9877954e-08 0.66065353 0 -1 7.54979e-08 18 12 3 255
0.12802291 4.9877954e-08 0.66065353 0 -1 7.54979e-08 19 11 3 255
0.14802289 4.9877954e-08 0.66065353 0 -1 7.54979e-08 4 2 0 255
0.16802287 4.9877954e-08 0.66065353 0 -1 7.54979e-08 0 0 0 255
0.18802285 4.9877954e-08 0.66065353 0 -1 7.54979e-08 1 3 0 255
0.20802283 4.9877954e-08 0.66065353 0 -1 7.54979e-08 7 19 3 255
0.22802293 4.9877954e-08 0.66065353 0 -1 7.54979e-08 4 11 2 255
0.24802291 4.9877954e-08 0.66065353 0 -1 7.54979e-08 0 0 0 255
0.2680229 4.9877954e-08 0.66065353 0 -1 7.54979e-08 0 0 0 255
0.28802288 4.9877954e-08 0.66065353 0 -1 7.54979e-08 0 0 0 255
0.30802286 4.9877954e-08 0.66065353 0 -1 7.54979e-08 0 0 0 255
0.32802284 4.9877954e-08 0.66065353 0 -1 7.54979e-08 0 0 0 255
0.34802294 4.9877954e-08 0.66065353 0 -1 7.54979e-08 0 0 0 255
0.36802292 4.9877954e-08 0.66065353 0 -1 7.54979e-08 0 0 0 255
0.3880229 4.9877954e-08 0.66065353 0 -1 7.54979e-08 0 0 0 255
0.40802288 4.9877954e-08 0.66065353 0 -1 7.54979e-08 0 0 0 255
0.42802286 4.9877954e-08 0.66065353 0 -1 7.54979e-08 0 0 0 255
0.44802284 4.9877954e-08 0.66065353 0 -1 7.54979e-08 1 2 0 255
0.46802282 4.9877954e-08 0.66065353 0 -1 7.54979e-08 12 16 3 255
0.48802292 4.9877954e-08 0.66065353 0 -1 7.54979e-08 19 11 3 255
0.5080229 4.9877954e-08 0.66065353 0 -1 7.54979e-08 7 4 1 255
0.5280229 4.9877954e-08 0.66065353 0 -1 7.54979e-08 0 0 0 255
0.54802287 4.9877954e-08 0.66065353 0 -1 7.54979e-08 0 0 0 255
0.56802285 4.9877954e-08 0.66065353 0 -1 7.54979e-08 1 4 0 255
0.5880228 4.9877954e-08 0.66065353 0 -1 7.54979e-08 7 19 3 255
0.6080229 4.9877954e-08 0.66065353 0 -1 7.54979e-08 7 19 3 255
0.6280229 4.9877954e-08 0.66065353 0 -1 7.54979e-08 7 19 3 255
0.6480229 4.9877954e-08 0.66065353 0 -1 7.54979e-08 25 21 7 255
0.6680229 4.9877954e-08 0.66065353 0 -1 7.54979e-08 42 32 12 255
0.68802285 4.9877954e-08 0.66065353 0 -1 7.54979e-08 64 48 23 255
0.70802283 4.9877954e-08 0.66065353 0 -1 7.54979e-08 68 50 24 255
0.72802293 4.9877954e-08 0.66065353 0 -1 7.54979e-08 80 59 27 255
0.7480229 4.9877954e-08 0.66065353 0 -1 7.54979e-08 80 59 27 255
0.7680229 4.9877954e-08 0.66065353 0 -1 7.54979e-08 80 59 27 255
0.7880229 4.9877954e-08 0.66065353 0 -1 7.54979e-08 78 58 27 255
0.80802286 4.9877954e-08 0.66065353 0 -1 7.54979e-08 87 60 30 255
0.82802284 4.9877954e-08 0.66065353 0 -1 7.54979e-08 49 36 16 255
0.8480228 4.9877954e-08 0.66065353 0 -1 7.54979e-08 0 0 0 255
-0.7519771 5.138791e-08 0.6806535 0 -1 7.54979e-08 0 0 0 255
-0.7319771 5.138791e-08 0.6806535 0 -1 7.54979e-08 55 38 19 255
-0.7119771 5.138791e-08 0.6806535 0 -1 7.54979e-08 110 72 38 255
-0.6919771 5.138791e-08 0.6806535 0 -1 7.54979e-08 47 36 14 255
-0.6719771 5.138791e-08 0.6806535 0 -1 7.54979e-08 43 34 13 255
-0.65197706 5.138791e-08 0.6806535 0 -1 7.54979e-08 50 40 16 255
-0.6319771 5.138791e-08 0.6806535 0 -1 7.54979e-08 63 46 20 255
-0.6119771 5.138791e-08 0.6806535 0 -1 7.54979e-08 81 57 27 255
-0.5919771 5.138791e-08 0.6806535 0 -1 7.54979e-08 88 62 30 255
-0.5719771 5.138791e-08 0.6806535 0 -1 7.54979e-08 110 72 38 255
-0.5519771 5.138791e-08 0.6806535 0 -1 7.54979e-08 116 75 40 255
-0.5319771 5.138791e-08 0.6806535 0 -1 7.54979e-08 131 84 47 255
-0.5119771 5.138791e-08 0.6806535 0 -1 7.54979e-08 166 105 62 255
-0.4919771 5.138791e-08 0.6806535 0 -1 7.54979e-08 192 121 74 255
-0.4719771 5.138791e-08 0.6806535 0 -1 7.54979e-08 196 123 76 255
-0.45197707 5.138791e-08 0.6806535 0 -1 7.54979e-08 193 120 73 255
-0.4319771 5.138791e-08 0.6806535 0 -1 7.54979e-08 171 109 65 255
-0.4119771 5.138791e-08 0.6806535 0 -1 7.54979e-08 166 106 63 255
-0.39197707 5.138791e-08 0.6806535 0 -1 7.54979e-08 171 109 65 255
-0.3719771 5.138791e-08 0.6806535 0 -1 7.54979e-08 188 117 71 255
-0.3519771 5.138791e-08 0.6806535 0 -1 7.54979e-08 197 122 75 255
-0.33197713 5.138791e-08 0.6806535 0 -1 7.54979e-08 176 112 67 255
-0.3119771 5.138791e-08 0.6806535 0 -1 7.54979e-08 172 109 66 255
-0.2919771 5.138791e-08 0.6806535 0 -1 7.54979e-08 157 100 59 255
-0.27197713 5.138791e-08 0.6806535 0 -1 7.54979e-08 110 73 39 255
-0.2519771 5.138791e-08 0.6806535 0 -1 7.54979e-08 40 37 14 255
-0.2319771 5.138791e-08 0.6806535 0 -1 7.54979e-08 2 5 1 255
-0.21197712 5.138791e-08 0.6806535 0 -1 7.54979e-08 6 16 3 255
-0.19197708 5.138791e-08 0.6806535 0 -1 7.54979e-08 1 2 0 255
-0.1719771 5.138791e-08 0.6806535 0 -1 7.54979e-08 17 13 3 255
-0.15197712 5.138791e-08 0.6806535 0 -1 7.54979e-08 7 19 3 255
-0.13197708 5.138791e-08 0.6806535 0 -1 7.54979e-08 4 10 2 255
-0.1119771 5.138791e-08 0.6806535 0 -1 7.54979e-08 0 2 0 255
-0.09197712 5.138791e-08 0.6806535 0 -1 7.54979e-08 0 0 0 255
-0.07197714 5.138791e-08 0.6806535 0 -1 7.54979e-08 0 0 0 255
-0.051977158 5.138791e-08 0.6806535 0 -1 7.54979e-08 0 0 0 255
-0.031977057 5.138791e-08 0.6806535 0 -1 7.54979e-08 0 0 0 255
-0.0119770765 5.138791e-08 0.6806535 0 -1 7.54979e-08 0 0 0 255
0.008022904 5.138791e-08 0.6806535 0 -1 7.54979e-08 0 0 0 255
0.028022885 5.138791e-08 0.6806535 0 -1 7.54979e-08 0 0 0 255
0.048022866 5.138791e-08 0.6806535 0 -1 7.54979e-08 0 0 0 255
0.06802285 5.138791e-08 0.6806535 0 -1 7.54979e-08 0 0 0 255
0.08802295 5.138791e-08 0.6806535 0 -1 7.54979e-08 2 5 1 255
0.10802293 5.138791e-08 0.6806535 0 -1 7.54979e-08 12 16 3 255
0.12802291 5.138791e-08 0.6806535 0 -1 7.54979e-08 18 12 3 255
0.14802289 5.138791e-08 0.6806535 0 -1 7.54979e-08 5 4 1 255
0.16802287 5.138791e-08 0.6806535 0 -1 7.54979e-08 0 0 0 255
0.18802285 5.138791e-08 0.6806535 0 -1 7.54979e-08 7 19 3 255
0.20802283 5.138791e-08 0.6806535 0 -1 7.54979e-08 7 19 3 255
0.22802293 5.138791e-08 0.6806535 0 -1 7.54979e-08 4 11 2 255
0.24802291 5.138791e-08 0.6806535 0 -1 7.54979e-08 0 0 0 255
0.2680229 5.138791e-08 0.6806535 0 -1 7.54979e-08 0 0 0 255
0.28802288 5.138791e-08 0.6806535 0 -1 7.54979e-08 0 0 0 255
0.30802286 5.138791e-08 0.6806535 0 -1 7.54979e-08 0 0 0 255
0.32802284 5.138791e-08 0.6806535 0 -1 7.54979e-08 0 0 0 255
0.34802294 5.138791e-08 0.6806535 0 -1 7.54979e-08 0 0 0 255
0.36802292 5.138791e-08 0.6806535 0 -1 7.54979e-08 0 0 0 255
0.3880229 5.138791e-08 0.6806535 0 -1 7.54979e-08 0 0 0 255
0.40802288 5.138791e-08 0.6806535 0 -1 7.54979e-08 0 0 0 255
0.42802286 5.138791e-08 0.6806535 0 -1 7.54979e-08 0 0 0 255
0.44802284 5.138791e-08 0.6806535 0 -1 7.54979e-08 2 1 0 255
0.46802282 5.138791e-08 0.6806535 0 -1 7.54979e-08 18 12 3 255
0.48802292 5.138791e-08 0.6806535 0 -1 7.54979e-08 19 12 4 255
0.5080229 5.138791e-08 0.6806535 0 -1 7.54979e-08 7 4 1 255
0.5280229 5.138791e-08 0.6806535 0 -1 7.54979e-08 0 0 0 255
0.54802287 5.138791e-08 0.6806535 0 -1 7.54979e-08 0 0 0 255
0.56802285 5.138791e-08 0.6806535 0 -1 7.54979e-08 7 19 3 255
0.5880228 5.138791e-08 0.6806535 0 -1 7.54979e-08 7 19 3 255
0.6080229 5.138791e-08 0.6806535 0 -1 7.54979e-08 7 19 3 255
0.6280229 5.138791e-08 0.6806535 0 -1 7.54979e-08 8 18 3 255
0.6480229 5.138791e-08 0.6806535 0 -1 7.54979e-08 46 37 15 255
0.6680229 5.138791e-08 0.6806535 0 -1 7.54979e-08 72 51 24 255
0.68802285 5.138791e-08 0.6806535 0 -1 7.54979e-08 81 59 28 255
0.70802283 5.138791e-08 0.6806535 0 -1 7.54979e-08 84 61 29 255
0.72802293 5.138791e-08 0.6806535 0 -1 7.54979e-08 91 63 31 255
0.7480229 5.138791e-08 0.6806535 0 -1 7.54979e-08 91 63 31 255
0.7680229 5.138791e-08 0.6806535 0 -1 7.54979e-08 91 63 31 255
0.7880229 5.138791e-08 0.6806535 0 -1 7.54979e-08 81 59 28 255
0.80802286 5.138791e-08 0.6806535 0 -1 7.54979e-08 70 50 23 255
0.82802284 5.138791e-08 0.6806535 0 -1 7.54979e-08 57 41 19 255
0.8480228 5.138791e-08 0.6806535 0 -1 7.54979e-08 0 0 0 255
-0.7519771 5.2897867e-08 0.7006535 0 -1 7.54979e-08 0 0 0 255
-0.7319771 5.2897867e-08 0.7006535 0 -1 7.54979e-08 0 0 0 255
-0.7119771 5.2897867e-08 0.7006535 0 -1 7.54979e-08 107 69 38 255
-0.6919771 5.2897867e-08 0.7006535 0 -1 7.54979e-08 114 75 39 255
-0.6719771 5.2897867e-08 0.7006535 0 -1 7.54979e-08 75 54 25 255
-0.65197706 5.2897867e-08 0.7006535 0 -1 7.54979e-08 52 42 17 255
-0.6319771 5.2897867e-08 0.7006535 0 -1 7.54979e-08 54 41 18 255
-0.6119771 5.2897867e-08 0.7006535 0 -1 7.54979e-08 66 48 22 255
-0.5919771 5.2897867e-08 0.7006535 0 -1 7.54979e-08 78 57 26 255
-0.5719771 5.2897867e-08 0.7006535 0 -1 7.54979e-08 95 65 33 255
-0.5519771 5.2897867e-08 0.7006535 0 -1 7.54979e-08 127 81 45 255
-0.5319771 5.2897867e-08 0.7006535 0 -1 7.54979e-08 147 93 54 255
-0.5119771 5.2897867e-08 0.7006535 0 -1 7.54979e-08 174 110 67 255
-0.4919771 5.2897867e-08 0.7006535 0 -1 7.54979e-08 173 110 66 255
-0.4719771 5.2897867e-08 0.7006535 0 -1 7.54979e-08 167 107 63 255
-0.45197707 5.2897867e-08 0.7006535 0 -1 7.54979e-08 171 109 66 255
-0.4319771 5.2897867e-08 0.7006535 0 -1 7.54979e-08 166 106 63 255
-0.4119771 5.2897867e-08 0.7006535 0 -1 7.54979e-08 177 112 68 255
-0.39197707 5.2897867e-08 0.7006535 0 -1 7.54979e-08 190 120 72 255
-0.3719771 5.2897867e-08 0.7006535 0 -1 7.54979e-08 199 124 77 255
-0.3519771 5.2897867e-08 0.7006535 0 -1 7.54979e-08 200 125 78 255
-0.33197713 5.2897867e-08 0.7006535 0 -1 7.54979e-08 187 119 71 255
-0.3119771 5.2897867e-08 0.7006535 0 -1 7.54979e-08 173 110 66 255
-0.2919771 5.2897867e-08 0.7006535 0 -1 7.54979e-08 154 99 58 255
-0.27197713 5.2897867e-08 0.7006535 0 -1 7.54979e-08 110 73 39 255
-0.2519771 5.2897867e-08 0.7006535 0 -1 7.54979e-08 41 37 14 255
-0.2319771 5.2897867e-08 0.7006535 0 -1 7.54979e-08 2 5 1 255
-0.21197712 5.2897867e-08 0.7006535 0 -1 7.54979e-08 6 16 3 255
-0.19197708 5.2897867e-08 0.7006535 0 -1 7.54979e-08 7 19 3 255
-0.1719771 5.2897867e-08 0.7006535 0 -1 7.54979e-08 18 13 4 255
-0.15197712 5.2897867e-08 0.7006535 0 -1 7.54979e-08 7 19 3 255
-0.13197708 5.2897867e-08 0.7006535 0 -1 7.54979e-08 7 18 3 255
-0.1119771 5.2897867e-08 0.7006535 0 -1 7.54979e-08 6 17 3 255
-0.09197712 5.2897867e-08 0.7006535 0 -1 7.54979e-08 1 3 0 255
-0.07197714 5.2897867e-08 0.7006535 0 -1 7.54979e-08 0 0 0 255
-0.051977158 5.2897867e-08 0.7006535 0 -1 7.54979e-08 0 0 0 255
-0.031977057 5.2897867e-08 0.7006535 0 -1 7.54979e-08 0 0 0 255
-0.0119770765 5.2897867e-08 0.7006535 0 -1 7.54979e-08 0 0 0 255
0.008022904 5.2897867e-08 0.7006535 0 -1 7.54979e-08 0 0 0 255
0.028022885 5.2897867e-08 0.7006535 0 -1 7.54979e-08 0 0 0 255
0.048022866 5.2897867e-08 0.7006535 0 -1 7.54979e-08 0 0 0 255
0.06802285 5.2897867e-08 0.7006535 0 -1 7.54979e-08 0 0 0 255
0.08802295 5.2897867e-08 0.7006535 0 -1 7.54979e-08 2 5 1 255
0.10802293 5.2897867e-08 0.7006535 0 -1 7.54979e-08 7 19 3 255
0.12802291 5.2897867e-08 0.7006535 0 -1 7.54979e-08 8 18 3 255
0.14802289 5.2897867e-08 0.7006535 0 -1 7.54979e-08 8 19 3 255
0.16802287 5.2897867e-08 0.7006535 0 -1 7.54979e-08 0 1 0 255
0.18802285 5.2897867e-08 0.7006535 0 -1 7.54979e-08 6 17 3 255
0.20802283 5.2897867e-08 0.7006535 0 -1 7.54979e-08 7 19 3 255
0.22802293 5.2897867e-08 0.7006535 0 -1 7.54979e-08 4 11 2 255
0.24802291 5.2897867e-08 0.7006535 0 -1 7.54979e-08 0 0 0 255
0.2680229 5.2897867e-08 0.7006535 0 -1 7.54979e-08 0 0 0 255
0.28802288 5.2897867e-08 0.7006535 0 -1 7.54979e-08 0 0 0 255
0.30802286 5.2897867e-08 0.7006535 0 -1 7.54979e-08 0 2 0 255
0.32802284 5.2897867e-08 0.7006535 0 -1 7.54979e-08 0 0 0 255
0.34802294 5.2897867e-08 0.7006535 0 -1 7.54979e-08 0 0 0 255
0.36802292 5.2897867e-08 0.7006535 0 -1 7.54979e-08 0 0 0 255
0.3880229 5.2897867e-08 0.7006535 0 -1 7.54979e-08 0 0 0 255
0.40802288 5.2897867e-08 0.7006535 0 -1 7.54979e-08 0 0 0 255
0.42802286 5.2897867e-08 0.7006535 0 -1 7.54979e-08 0 0 0 255
0.44802284 5.2897867e-08 0.7006535 0 -1 7.54979e-08 1 2 0 255
0.46802282 5.2897867e-08 0.7006535 0 -1 7.54979e-08 14 19 5 255
0.48802292 5.2897867e-08 0.7006535 0 -1 7.54979e-08 23 16 6 255
0.5080229 5.2897867e-08 0.7006535 0 -1 7.54979e-08 6 4 1 255
0.5280229 5.2897867e-08 0.7006535 0 -1 7.54979e-08 0 0 0 255
0.54802287 5.2897867e-08 0.7006535 0 -1 7.54979e-08 0 1 0 255
0.56802285 5.2897867e-08 0.7006535 0 -1 7.54979e-08 7 19 3 255
0.5880228 5.2897867e-08 0.7006535 0 -1 7.54979e-08 7 19 3 255
0.6080229 5.2897867e-08 0.7006535 0 -1 7.54979e-08 7 19 3 255
0.6280229 5.2897867e-08 0.7006535 0 -1 7.54979e-08 15 16 4 255
0.6480229 5.2897867e-08 0.7006535 0 -1 7.54979e-08 57 41 18 255
0.6680229 5.2897867e-08 0.7006535 0 -1 7.54979e-08 99 65 34 255
0.68802285 5.2897867e-08 0.7006535 0 -1 7.54979e-08 103 67 35 255
0.70802283 5.2897867e-08 0.7006535 0 -1 7.54979e-08 110 72 37 255
0.72802293 5.2897867e-08 0.7006535 0 -1 7.54979e-08 102 67 35 255
0.7480229 5.2897867e-08 0.7006535 0 -1 7.54979e-08 103 67 35 255
0.7680229 5.2897867e-08 0.7006535 0 -1 7.54979e-08 102 66 35 255
0.7880229 5.2897867e-08 0.7006535 0 -1 7.54979e-08 90 62 31 255
0.80802286 5.2897867e-08 0.7006535 0 -1 7.54979e-08 69 50 23 255
0.82802284 5.2897867e-08 0.7006535 0 -1 7.54979e-08 51 37 17 255
0.8480228 5.2897867e-08 0.7006535 0 -1 7.54979e-08 0 0 0 255
-0.7519771 5.4407824e-08 0.7206535 0 -1 7.54979e-08 0 0 0 255
-0.7319771 5.4407824e-08 0.7206535 0 -1 7.54979e-08 0 0 0 255
-0.7119771 5.4407824e-08 0.7206535 0 -1 7.54979e-08 73 51 25 255
-0.6919771 5.4407824e-08 0.7206535 0 -1 7.54979e-08 126 80 45 255
-0.6719771 5.4407824e-08 0.7206535 0 -1 7.54979e-08 147 96 54 255
-0.65197706 5.4407824e-08 0.7206535 0 -1 7.54979e-08 104 70 36 255
-0.6319771 5.4407824e-08 0.7206535 0 -1 7.54979e-08 75 53 26 255
-0.6119771 5.4407824e-08 0.7206535 0 -1 7.54979e-08 78 55 27 255
-0.5919771 5.4407824e-08 0.7206535 0 -1 7.54979e-08 98 67 35 255
-0.5719771 5.4407824e-08 0.7206535 0 -1 7.54979e-08 143 93 53 255
-0.5519771 5.4407824e-08 0.7206535 0 -1 7.54979e-08 164 106 61 255
-0.5319771 5.4407824e-08 0.7206535 0 -1 7.54979e-08 185 118 70 255
-0.5119771 5.4407824e-08 0.7206535 0 -1 7.54979e-08 183 117 70 255
-0.4919771 5.4407824e-08 0.7206535 0 -1 7.54979e-08 175 111 67 255
-0.4719771 5.4407824e-08 0.7206535 0 -1 7.54979e-08 169 108 65 255
-0.45197707 5.4407824e-08 0.7206535 0 -1 7.54979e-08 163 105 62 255
-0.4319771 5.4407824e-08 0.7206535 0 -1 7.54979e-08 166 106 63 255
-0.4119771 5.4407824e-08 0.7206535 0 -1 7.54979e-08 190 120 73 255
-0.39197707 5.4407824e-08 0.7206535 0 -1 7.54979e-08 200 125 78 255
-0.3719771 5.4407824e-08 0.7206535 0 -1 7.54979e-08 200 125 78 255
-0.3519771 5.4407824e-08 0.7206535 0 -1 7.54979e-08 197 122 75 255
-0.33197713 5.4407824e-08 0.7206535 0 -1 7.54979e-08 195 121 74 255
-0.3119771 5.4407824e-08 0.7206535 0 -1 7.54979e-08 180 115 68 255
-0.2919771 5.4407824e-08 0.7206535 0 -1 7.54979e-08 137 89 50 255
-0.27197713 5.4407824e-08 0.7206535 0 -1 7.54979e-08 111 74 39 255
-0.2519771 5.4407824e-08 0.7206535 0 -1 7.54979e-08 52 38 17 255
-0.2319771 5.4407824e-08 0.7206535 0 -1 7.54979e-08 8 5 2 255
-0.21197712 5.4407824e-08 0.7206535 0 -1 7.54979e-08 6 16 3 255
-0.19197708 5.4407824e-08 0.7206535 0 -1 7.54979e-08 9 18 3 255
-0.1719771 5.4407824e-08 0.7206535 0 -1 7.54979e-08 25 20 7 255
-0.15197712 5.4407824e-08 0.7206535 0 -1 7.54979e-08 9 19 4 255
-0.13197708 5.4407824e-08 0.7206535 0 -1 7.54979e-08 3 8 1 255
-0.1119771 5.4407824e-08 0.7206535 0 -1 7.54979e-08 0 0 0 255
-0.09197712 5.4407824e-08 0.7206535 0 -1 7.54979e-08 0 0 0 255
-0.07197714 5.4407824e-08 0.7206535 0 -1 7.54979e-08 0 0 0 255
-0.051977158 5.4407824e-08 0.7206535 0 -1 7.54979e-08 0 0 0 255
-0.031977057 5.4407824e-08 0.7206535 0 -1 7.54979e-08 0 0 0 255
-0.0119770765 5.4407824e-08 0.7206535 0 -1 7.54979e-08 0 0 0 255
0.008022904 5.4407824e-08 0.7206535 0 -1 7.54979e-08 0 0 0 255
0.028022885 5.4407824e-08 0.7206535 0 -1 7.54979e-08 0 0 0 255
0.048022866 5.4407824e-08 0.7206535 0 -1 7.54979e-08 0 0 0 255
0.06802285 5.4407824e-08 0.7206535 0 -1 7.54979e-08 0 0 0 255
0.08802295 5.4407824e-08 0.7206535 0 -1 7.54979e-08 2 4 1 255
0.10802293 5.4407824e-08 0.7206535 0 -1 7.54979e-08 8 18 3 255
0.12802291 5.4407824e-08 0.7206535 0 -1 7.54979e-08 15 14 3 255
0.14802289 5.4407824e-08 0.7206535 0 -1 7.54979e-08 10 15 3 255
0.16802287 5.4407824e-08 0.7206535 0 -1 7.54979e-08 0 1 0 255
0.18802285 5.4407824e-08 0.7206535 0 -1 7.54979e-08 1 2 0 255
0.20802283 5.4407824e-08 0.7206535 0 -1 7.54979e-08 7 19 3 255
0.22802293 5.4407824e-08 0.7206535 0 -1 7.54979e-08 4 11 2 255
0.24802291 5.4407824e-08 0.7206535 0 -1 7.54979e-08 0 0 0 255
0.2680229 5.4407824e-08 0.7206535 0 -1 7.54979e-08 0 0 0 255
0.28802288 5.4407824e-08 0.7206535 0 -1 7.54979e-08 0 0 0 255
0.30802286 5.4407824e-08 0.7206535 0 -1 7.54979e-08 7 19 3 255
0.32802284 5.4407824e-08 0.7206535 0 -1 7.54979e-08 0 0 0 255
0.34802294 5.4407824e-08 0.7206535 0 -1 7.54979e-08 0 0 0 255
0.36802292 5.4407824e-08 0.7206535 0 -1 7.54979e-08 0 0 0 255
0.3880229 5.4407824e-08 0.7206535 0 -1 7.54979e-08 0 0 0 255
0.40802288 5.4407824e-08 0.7206535 0 -1 7.54979e-08 0 0 0 255
0.42802286 5.4407824e-08 0.7206535 0 -1 7.54979e-08 0 0 0 255
0.44802284 5.4407824e-08 0.7206535 0 -1 7.54979e-08 2 1 0 255
0.46802282 5.4407824e-08 0.7206535 0 -1 7.54979e-08 25 17 6 255
0.48802292 5.4407824e-08 0.7206535 0 -1 7.54979e-08 24 25 9 255
0.5080229 5.4407824e-08 0.7206535 0 -1 7.54979e-08 2 7 1 255
0.5280229 5.4407824e-08 0.7206535 0 -1 7.54979e-08 0 1 0 255
0.54802287 5.4407824e-08 0.7206535 0 -1 7.54979e-08 7 18 3 255
0.56802285 5.4407824e-08 0.7206535 0 -1 7.54979e-08 7 19 3 255
0.5880228 5.4407824e-08 0.7206535 0 -1 7.54979e-08 7 19 3 255
0.6080229 5.4407824e-08 0.7206535 0 -1 7.54979e-08 7 19 3 255
0.6280229 5.4407824e-08 0.7206535 0 -1 7.54979e-08 25 26 8 255
0.6480229 5.4407824e-08 0.7206535 0 -1 7.54979e-08 64 47 21 255
0.6680229 5.4407824e-08 0.7206535 0 -1 7.54979e-08 101 66 34 255
0.68802285 5.4407824e-08 0.7206535 0 -1 7.54979e-08 114 74 39 255
0.70802283 5.4407824e-08 0.7206535 0 -1 7.54979e-08 101 66 35 255
0.72802293 5.4407824e-08 0.7206535 0 -1 7.54979e-08 105 69 36 255
0.7480229 5.4407824e-08 0.7206535 0 -1 7.54979e-08 114 74 39 255
0.7680229 5.4407824e-08 0.7206535 0 -1 7.54979e-08 105 69 36 255
0.7880229 5.4407824e-08 0.7206535 0 -1 7.54979e-08 80 58 28 255
0.80802286 5.4407824e-08 0.7206535 0 -1 7.54979e-08 59 44 21 255
0.82802284 5.4407824e-08 0.7206535 0 -1 7.54979e-08 0 0 0 255
-0.7319771 5.5917784e-08 0.7406535 0 -1 7.54979e-08 0 0 0 255
-0.7119771 5.5917784e-08 0.7406535 0 -1 7.54979e-08 33 26 9 255
-0.6919771 5.5917784e-08 0.7406535 0 -1 7.54979e-08 88 61 30 255
-0.6719771 5.5917784e-08 0.7406535 0 -1 7.54979e-08 131 84 47 255
-0.65197706 5.5917784e-08 0.7406535 0 -1 7.54979e-08 153 99 57 255
-0.6319771 5.5917784e-08 0.7406535 0 -1 7.54979e-08 153 98 56 255
-0.6119771 5.5917784e-08 0.7406535 0 -1 7.54979e-08 174 110 66 255
-0.5919771 5.5917784e-08 0.7406535 0 -1 7.54979e-08 203 130 83 255
-0.5719771 5.5917784e-08 0.7406535 0 -1 7.54979e-08 199 125 77 255
-0.5519771 5.5917784e-08 0.7406535 0 -1 7.54979e-08 193 120 73 255
-0.5319771 5.5917784e-08 0.7406535 0 -1 7.54979e-08 188 118 71 255
-0.5119771 5.5917784e-08 0.7406535 0 -1 7.54979e-08 171 109 65 255
-0.4919771 5.5917784e-08 0.7406535 0 -1 7.54979e-08 152 97 56 255
-0.4719771 5.5917784e-08 0.7406535 0 -1 7.54979e-08 139 90 51 255
-0.45197707 5.5917784e-08 0.7406535 0 -1 7.54979e-08 148 93 54 255
-0.4319771 5.5917784e-08 0.7406535 0 -1 7.54979e-08 162 104 61 255
-0.4119771 5.5917784e-08 0.7406535 0 -1 7.54979e-08 200 125 78 255
-0.39197707 5.5917784e-08 0.7406535 0 -1 7.54979e-08 201 126 79 255
-0.3719771 5.5917784e-08 0.7406535 0 -1 7.54979e-08 201 126 79 255
-0.3519771 5.5917784e-08 0.7406535 0 -1 7.54979e-08 197 123 75 255
-0.33197713 5.5917784e-08 0.7406535 0 -1 7.54979e-08 185 118 71 255
-0.3119771 5.5917784e-08 0.7406535 0 -1 7.54979e-08 164 105 62 255
-0.2919771 5.5917784e-08 0.7406535 0 -1 7.54979e-08 151 98 56 255
-0.27197713 5.5917784e-08 0.7406535 0 -1 7.54979e-08 123 79 44 255
-0.2519771 5.5917784e-08 0.7406535 0 -1 7.54979e-08 67 45 22 255
-0.2319771 5.5917784e-08 0.7406535 0 -1 7.54979e-08 8 7 2 255
-0.21197712 5.5917784e-08 0.7406535 0 -1 7.54979e-08 7 16 3 255
-0.19197708 5.5917784e-08 0.7406535 0 -1 7.54979e-08 19 11 3 255
-0.1719771 5.5917784e-08 0.7406535 0 -1 7.54979e-08 37 29 10 255
-0.15197712 5.5917784e-08 0.7406535 0 -1 7.54979e-08 24 19 7 255
-0.13197708 5.5917784e-08 0.7406535 0 -1 7.54979e-08 0 1 0 255
-0.1119771 5.5917784e-08 0.7406535 0 -1 7.54979e-08 0 1 0 255
-0.09197712 5.5917784e-08 0.7406535 0 -1 7.54979e-08 0 1 0 255
-0.07197714 5.5917784e-08 0.7406535 0 -1 7.54979e-08 0 0 0 255
-0.051977158 5.5917784e-08 0.7406535 0 -1 7.54979e-08 0 1 0 255
-0.031977057 5.5917784e-08 0.7406535 0 -1 7.54979e-08 0 1 0 255
-0.0119770765 5.5917784e-08 0.7406535 0 -1 7.54979e-08 0 0 0 255
0.008022904 5.5917784e-08 0.7406535 0 -1 7.54979e-08 0 0 0 255
0.028022885 5.5917784e-08 0.7406535 0 -1 7.54979e-08 0 0 0 255
0.048022866 5.5917784e-08 0.7406535 0 -1 7.54979e-08 0 0 0 255
0.06802285 5.5917784e-08 0.7406535 0 -1 7.54979e-08 0 0 0 255
0.08802295 5.5917784e-08 0.7406535 0 -1 7.54979e-08 4 2 0 255
0.10802293 5.5917784e-08 0.7406535 0 -1 7.54979e-08 18 11 3 255
0.12802291 5.5917784e-08 0.7406535 0 -1 7.54979e-08 18 11 3 255
0.14802289 5.5917784e-08 0.7406535 0 -1 7.54979e-08 4 2 0 255
0.16802287 5.5917784e-08 0.7406535 0 -1 7.54979e-08 0 1 0 255
0.18802285 5.5917784e-08 0.7406535 0 -1 7.54979e-08 7 17 3 255
0.20802283 5.5917784e-08 0.7406535 0 -1 7.54979e-08 7 17 3 255
0.22802293 5.5917784e-08 0.7406535 0 -1 7.54979e-08 4 10 2 255
0.24802291 5.5917784e-08 0.7406535 0 -1 7.54979e-08 0 0 0 255
0.2680229 5.5917784e-08 0.7406535 0 -1 7.54979e-08 0 0 0 255
0.28802288 5.5917784e-08 0.7406535 0 -1 7.54979e-08 0 0 0 255
0.30802286 5.5917784e-08 0.7406535 0 -1 7.54979e-08 6 17 3 255
0.32802284 5.5917784e-08 0.7406535 0 -1 7.54979e-08 0 0 0 255
0.34802294 5.5917784e-08 0.7406535 0 -1 7.54979e-08 0 0 0 255
0.36802292 5.5917784e-08 0.7406535 0 -1 7.54979e-08 0 0 0 255
0.3880229 5.5917784e-08 0.7406535 0 -1 7.54979e-08 0 0 0 255
0.40802288 5.5917784e-08 0.7406535 0 -1 7.54979e-08 0 0 0 255
0.42802286 5.5917784e-08 0.7406535 0 -1 7.54979e-08 0 0 0 255
0.44802284 5.5917784e-08 0.7406535 0 -1 7.54979e-08 2 1 0 255
0.46802282 5.5917784e-08 0.7406535 0 -1 7.54979e-08 21 17 11 255
0.48802292 5.5917784e-08 0.7406535 0 -1 7.54979e-08 19 25 17 255
0.5080229 5.5917784e-08 0.7406535 0 -1 7.54979e-08 3 8 1 255
0.5280229 5.5917784e-08 0.7406535 0 -1 7.54979e-08 6 15 3 255
0.54802287 5.5917784e-08 0.7406535 0 -1 7.54979e-08 7 19 3 255
0.56802285 5.5917784e-08 0.7406535 0 -1 7.54979e-08 7 19 3 255
0.5880228 5.5917784e-08 0.7406535 0 -1 7.54979e-08 7 19 3 255
0.6080229 5.5917784e-08 0.7406535 0 -1 7.54979e-08 7 19 3 255
0.6280229 5.5917784e-08 0.7406535 0 -1 7.54979e-08 26 26 8 255
0.6480229 5.5917784e-08 0.7406535 0 -1 7.54979e-08 86 58 29 255
0.6680229 5.5917784e-08 0.7406535 0 -1 7.54979e-08 121 78 42 255
0.68802285 5.5917784e-08 0.7406535 0 -1 7.54979e-08 128 81 46 255
0.70802283 5.5917784e-08 0.7406535 0 -1 7.54979e-08 98 65 34 255
0.72802293 5.5917784e-08 0.7406535 0 -1 7.54979e-08 96 66 33 255
0.7480229 5.5917784e-08 0.7406535 0 -1 7.54979e-08 121 78 43 255
0.7680229 5.5917784e-08 0.7406535 0 -1 7.54979e-08 106 69 36 255
0.7880229 5.5917784e-08 0.7406535 0 -1 7.54979e-08 66 48 23 255
0.80802286 5.5917784e-08 0.7406535 0 -1 7.54979e-08 34 27 10 255
0.82802284 5.5917784e-08 0.7406535 0 -1 7.54979e-08 0 0 0 255
-0.7319771 5.742774e-08 0.7606535 0 -1 7.54979e-08 0 0 0 255
-0.7119771 5.742774e-08 0.7606535 0 -1 7.54979e-08 33 26 9 255
-0.6919771 5.742774e-08 0.7606535 0 -1 7.54979e-08 57 42 19 255
-0.6719771 5.742774e-08 0.7606535 0 -1 7.54979e-08 90 62 31 255
-0.65197706 5.742774e-08 0.7606535 0 -1 7.54979e-08 116 76 40 255
-0.6319771 5.742774e-08 0.7606535 0 -1 7.54979e-08 147 93 55 255
-0.6119771 5.742774e-08 0.7606535 0 -1 7.54979e-08 184 116 71 255
-0.5919771 5.742774e-08 0.7606535 0 -1 7.54979e-08 193 121 75 255
-0.5719771 5.742774e-08 0.7606535 0 -1 7.54979e-08 180 114 68 255
-0.5519771 5.742774e-08 0.7606535 0 -1 7.54979e-08 159 102 60 255
-0.5319771 5.742774e-08 0.7606535 0 -1 7.54979e-08 143 91 52 255
-0.5119771 5.742774e-08 0.7606535 0 -1 7.54979e-08 129 84 47 255
-0.4919771 5.742774e-08 0.7606535 0 -1 7.54979e-08 127 81 45 255
-0.4719771 5.742774e-08 0.7606535 0 -1 7.54979e-08 131 83 47 255
-0.45197707 5.742774e-08 0.7606535 0 -1 7.54979e-08 149 94 55 255
-0.4319771 5.742774e-08 0.7606535 0 -1 7.54979e-08 170 108 64 255
-0.4119771 5.742774e-08 0.7606535 0 -1 7.54979e-08 200 125 78 255
-0.39197707 5.742774e-08 0.7606535 0 -1 7.54979e-08 209 134 87 255
-0.3719771 5.742774e-08 0.7606535 0 -1 7.54979e-08 208 133 86 255
-0.3519771 5.742774e-08 0.7606535 0 -1 7.54979e-08 199 124 77 255
-0.33197713 5.742774e-08 0.7606535 0 -1 7.54979e-08 185 118 71 255
-0.3119771 5.742774e-08 0.7606535 0 -1 7.54979e-08 165 106 62 255
-0.2919771 5.742774e-08 0.7606535 0 -1 7.54979e-08 157 101 59 255
-0.27197713 5.742774e-08 0.7606535 0 -1 7.54979e-08 125 80 45 255
-0.2519771 5.742774e-08 0.7606535 0 -1 7.54979e-08 73 51 25 255
-0.2319771 5.742774e-08 0.7606535 0 -1 7.54979e-08 16 23 6 255
-0.21197712 5.742774e-08 0.7606535 0 -1 7.54979e-08 17 12 3 255
-0.19197708 5.742774e-08 0.7606535 0 -1 7.54979e-08 19 11 3 255
-0.1719771 5.742774e-08 0.7606535 0 -1 7.54979e-08 19 11 3 255
-0.15197712 5.742774e-08 0.7606535 0 -1 7.54979e-08 15 14 3 255
-0.13197708 5.742774e-08 0.7606535 0 -1 7.54979e-08 8 19 3 255
-0.1119771 5.742774e-08 0.7606535 0 -1 7.54979e-08 7 19 3 255
-0.09197712 5.742774e-08 0.7606535 0 -1 7.54979e-08 7 19 3 255
-0.07197714 5.742774e-08 0.7606535 0 -1 7.54979e-08 0 1 0 255
-0.051977158 5.742774e-08 0.7606535 0 -1 7.54979e-08 7 19 3 255
-0.031977057 5.742774e-08 0.7606535 0 -1 7.54979e-08 5 14 2 255
-0.0119770765 5.742774e-08 0.7606535 0 -1 7.54979e-08 0 1 0 255
0.008022904 5.742774e-08 0.7606535 0 -1 7.54979e-08 0 0 0 255
0.028022885 5.742774e-08 0.7606535 0 -1 7.54979e-08 0 0 0 255
0.048022866 5.742774e-08 0.7606535 0 -1 7.54979e-08 0 0 0 255
0.06802285 5.742774e-08 0.7606535 0 -1 7.54979e-08 0 0 0 255
0.08802295 5.742774e-08 0.7606535 0 -1 7.54979e-08 0 0 0 255
0.10802293 5.742774e-08 0.7606535 0 -1 7.54979e-08 2 7 1 255
0.12802291 5.742774e-08 0.7606535 0 -1 7.54979e-08 3 8 1 255
0.14802289 5.742774e-08 0.7606535 0 -1 7.54979e-08 0 0 0 255
0.16802287 5.742774e-08 0.7606535 0 -1 7.54979e-08 6 17 3 255
0.18802285 5.742774e-08 0.7606535 0 -1 7.54979e-08 0 0 0 255
0.20802283 5.742774e-08 0.7606535 0 -1 7.54979e-08 0 0 0 255
0.22802293 5.742774e-08 0.7606535 0 -1 7.54979e-08 0 0 0 255
0.24802291 5.742774e-08 0.7606535 0 -1 7.54979e-08 0 0 0 255
0.2680229 5.742774e-08 0.7606535 0 -1 7.54979e-08 0 0 0 255
0.28802288 5.742774e-08 0.7606535 0 -1 7.54979e-08 0 0 0 255
0.30802286 5.742774e-08 0.7606535 0 -1 7.54979e-08 0 0 0 255
0.32802284 5.742774e-08 0.7606535 0 -1 7.54979e-08 0 0 0 255
0.34802294 5.742774e-08 0.7606535 0 -1 7.54979e-08 0 0 0 255
0.36802292 5.742774e-08 0.7606535 0 -1 7.54979e-08 0 0 0 255
0.3880229 5.742774e-08 0.7606535 0 -1 7.54979e-08 0 1 0 255
0.40802288 5.742774e-08 0.7606535 0 -1 7.54979e-08 0 1 0 255
0.42802286 5.742774e-08 0.7606535 0 -1 7.54979e-08 0 0 0 255
0.44802284 5.742774e-08 0.7606535 0 -1 7.54979e-08 1 4 0 255
0.46802282 5.742774e-08 0.7606535 0 -1 7.54979e-08 7 19 3 255
0.48802292 5.742774e-08 0.7606535 0 -1 7.54979e-08 7 19 3 255
0.5080229 5.742774e-08 0.7606535 0 -1 7.54979e-08 7 19 3 255
0.5280229 5.742774e-08 0.7606535 0 -1 7.54979e-08 7 19 3 255
0.54802287 5.742774e-08 0.7606535 0 -1 7.54979e-08 7 19 3 255
0.56802285 5.742774e-08 0.7606535 0 -1 7.54979e-08 7 19 3 255
0.5880228 5.742774e-08 0.7606535 0 -1 7.54979e-08 7 19 3 255
0.6080229 5.742774e-08 0.7606535 0 -1 7.54979e-08 8 19 3 255
0.6280229 5.742774e-08 0.7606535 0 -1 7.54979e-08 32 31 11 255
0.6480229 5.742774e-08 0.7606535 0 -1 7.54979e-08 98 66 33 255
0.6680229 5.742774e-08 0.7606535 0 -1 7.54979e-08 137 89 50 255
0.68802285 5.742774e-08 0.7606535 0 -1 7.54979e-08 129 82 47 255
0.70802283 5.742774e-08 0.7606535 0 -1 7.54979e-08 117 75 41 255
0.72802293 5.742774e-08 0.7606535 0 -1 7.54979e-08 110 71 38 255
0.7480229 5.742774e-08 0.7606535 0 -1 7.54979e-08 121 78 42 255
0.7680229 5.742774e-08 0.7606535 0 -1 7.54979e-08 84 58 28 255
0.7880229 5.742774e-08 0.7606535 0 -1 7.54979e-08 40 31 12 255
0.80802286 5.742774e-08 0.7606535 0 -1 7.54979e-08 0 0 0 255
-0.7319771 5.8937697e-08 0.7806535 0 -1 7.54979e-08 0 0 0 255
-0.7119771 5.8937697e-08 0.7806535 0 -1 7.54979e-08 33 26 9 255
-0.6919771 5.8937697e-08 0.7806535 0 -1 7.54979e-08 39 31 11 255
-0.6719771 5.8937697e-08 0.7806535 0 -1 7.54979e-08 45 36 14 255
-0.65197706 5.8937697e-08 0.7806535 0 -1 7.54979e-08 84 60 29 255
-0.6319771 5.8937697e-08 0.7806535 0 -1 7.54979e-08 100 66 34 255
-0.6119771 5.8937697e-08 0.7806535 0 -1 7.54979e-08 108 71 37 255
-0.5919771 5.8937697e-08 0.7806535 0 -1 7.54979e-08 112 73 38 255
-0.5719771 5.8937697e-08 0.7806535 0 -1 7.54979e-08 120 77 42 255
-0.5519771 5.8937697e-08 0.7806535 0 -1 7.54979e-08 121 78 42 255
-0.5319771 5.8937697e-08 0.7806535 0 -1 7.54979e-08 121 78 42 255
-0.5119771 5.8937697e-08 0.7806535 0 -1 7.54979e-08 125 80 45 255
-0.4919771 5.8937697e-08 0.7806535 0 -1 7.54979e-08 135 88 49 255
-0.4719771 5.8937697e-08 0.7806535 0 -1 7.54979e-08 154 100 57 255
-0.45197707 5.8937697e-08 0.7806535 0 -1 7.54979e-08 166 106 63 255
-0.4319771 5.8937697e-08 0.7806535 0 -1 7.54979e-08 198 123 76 255
-0.4119771 5.8937697e-08 0.7806535 0 -1 7.54979e-08 210 135 88 255
-0.39197707 5.8937697e-08 0.7806535 0 -1 7.54979e-08 216 141 94 255
-0.3719771 5.8937697e-08 0.7806535 0 -1 7.54979e-08 211 136 89 255
-0.3519771 5.8937697e-08 0.7806535 0 -1 7.54979e-08 199 124 77 255
-0.33197713 5.8937697e-08 0.7806535 0 -1 7.54979e-08 185 118 71 255
-0.3119771 5.8937697e-08 0.7806535 0 -1 7.54979e-08 165 106 62 255
-0.2919771 5.8937697e-08 0.7806535 0 -1 7.54979e-08 165 106 62 255
-0.27197713 5.8937697e-08 0.7806535 0 -1 7.54979e-08 151 97 56 255
-0.2519771 5.8937697e-08 0.7806535 0 -1 7.54979e-08 78 56 40 255
-0.2319771 5.8937697e-08 0.7806535 0 -1 7.54979e-08 15 24 13 255
-0.21197712 5.8937697e-08 0.7806535 0 -1 7.54979e-08 17 12 3 255
-0.19197708 5.8937697e-08 0.7806535 0 -1 7.54979e-08 19 11 3 255
-0.1719771 5.8937697e-08 0.7806535 0 -1 7.54979e-08 17 13 3 255
-0.15197712 5.8937697e-08 0.7806535 0 -1 7.54979e-08 11 16 3 255
-0.13197708 5.8937697e-08 0.7806535 0 -1 7.54979e-08 13 15 3 255
-0.1119771 5.8937697e-08 0.7806535 0 -1 7.54979e-08 7 19 3 255
-0.09197712 5.8937697e-08 0.7806535 0 -1 7.54979e-08 7 18 3 255
-0.07197714 5.8937697e-08 0.7806535 0 -1 7.54979e-08 7 19 3 255
-0.051977158 5.8937697e-08 0.7806535 0 -1 7.54979e-08 8 18 3 255
-0.031977057 5.8937697e-08 0.7806535 0 -1 7.54979e-08 7 19 3 255
-0.0119770765 5.8937697e-08 0.7806535 0 -1 7.54979e-08 7 18 3 255
0.008022904 5.8937697e-08 0.7806535 0 -1 7.54979e-08 3 8 1 255
0.028022885 5.8937697e-08 0.7806535 0 -1 7.54979e-08 0 1 0 255
0.048022866 5.8937697e-08 0.7806535 0 -1 7.54979e-08 0 1 0 255
0.06802285 5.8937697e-08 0.7806535 0 -1 7.54979e-08 0 1 0 255
0.08802295 5.8937697e-08 0.7806535 0 -1 7.54979e-08 0 0 0 255
0.10802293 5.8937697e-08 0.7806535 0 -1 7.54979e-08 0 0 0 255
0.12802291 5.8937697e-08 0.7806535 0 -1 7.54979e-08 4 10 2 255
0.14802289 5.8937697e-08 0.7806535 0 -1 7.54979e-08 2 5 1 255
0.16802287 5.8937697e-08 0.7806535 0 -1 7.54979e-08 6 16 3 255
0.18802285 5.8937697e-08 0.7806535 0 -1 7.54979e-08 0 0 0 255
0.20802283 5.8937697e-08 0.7806535 0 -1 7.54979e-08 0 0 0 255
0.22802293 5.8937697e-08 0.7806535 0 -1 7.54979e-08 0 0 0 255
0.24802291 5.8937697e-08 0.7806535 0 -1 7.54979e-08 0 0 0 255
0.2680229 5.8937697e-08 0.7806535 0 -1 7.54979e-08 0 0 0 255
0.28802288 5.8937697e-08 0.7806535 0 -1 7.54979e-08 0 0 0 255
0.30802286 5.8937697e-08 0.7806535 0 -1 7.54979e-08 0 0 0 255
0.32802284 5.8937697e-08 0.7806535 0 -1 7.54979e-08 0 0 0 255
0.34802294 5.8937697e-08 0.7806535 0 -1 7.54979e-08 0 0 0 255
0.36802292 5.8937697e-08 0.7806535 0 -1 7.54979e-08 0 0 0 255
0.3880229 5.8937697e-08 0.7806535 0 -1 7.54979e-08 4 12 2 255
0.40802288 5.8937697e-08 0.7806535 0 -1 7.54979e-08 7 19 3 255
0.42802286 5.8937697e-08 0.7806535 0 -1 7.54979e-08 0 1 0 255
0.44802284 5.8937697e-08 0.7806535 0 -1 7.54979e-08 7 19 3 255
0.46802282 5.8937697e-08 0.7806535 0 -1 7.54979e-08 7 19 3 255
0.48802292 5.8937697e-08 0.7806535 0 -1 7.54979e-08 7 19 3 255
0.5080229 5.8937697e-08 0.7806535 0 -1 7.54979e-08 7 19 3 255
0.5280229 5.8937697e-08 0.7806535 0 -1 7.54979e-08 8 19 3 255
0.54802287 5.8937697e-08 0.7806535 0 -1 7.54979e-08 8 18 3 255
0.56802285 5.8937697e-08 0.7806535 0 -1 7.54979e-08 8 18 3 255
0.5880228 5.8937697e-08 0.7806535 0 -1 7.54979e-08 7 19 3 255
0.6080229 5.8937697e-08 0.7806535 0 -1 7.54979e-08 16 19 5 255
0.6280229 5.8937697e-08 0.7806535 0 -1 7.54979e-08 59 43 19 255
0.6480229 5.8937697e-08 0.7806535 0 -1 7.54979e-08 119 77 43 255
0.6680229 5.8937697e-08 0.7806535 0 -1 7.54979e-08 163 104 61 255
0.68802285 5.8937697e-08 0.7806535 0 -1 7.54979e-08 135 88 49 255
0.70802283 5.8937697e-08 0.7806535 0 -1 7.54979e-08 109 72 37 255
0.72802293 5.8937697e-08 0.7806535 0 -1 7.54979e-08 113 74 40 255
0.7480229 5.8937697e-08 0.7806535 0 -1 7.54979e-08 109 73 39 255
0.7680229 5.8937697e-08 0.7806535 0 -1 7.54979e-08 64 46 21 255
0.7880229 5.8937697e-08 0.7806535 0 -1 7.54979e-08 7 5 2 255
-0.7319771 6.044766e-08 0.8006535 0 -1 7.54979e-08 0 0 0 255
-0.7119771 6.044766e-08 0.8006535 0 -1 7.54979e-08 34 27 10 255
-0.6919771 6.044766e-08 0.8006535 0 -1 7.54979e-08 39 31 11 255
-0.6719771 6.044766e-08 0.8006535 0 -1 7.54979e-08 40 32 12 255
-0.65197706 6.044766e-08 0.8006535 0 -1 7.54979e-08 55 43 18 255
-0.6319771 6.044766e-08 0.8006535 0 -1 7.54979e-08 80 56 27 255
-0.6119771 6.044766e-08 0.8006535 0 -1 7.54979e-08 90 62 31 255
-0.5919771 6.044766e-08 0.8006535 0 -1 7.54979e-08 100 66 34 255
-0.5719771 6.044766e-08 0.8006535 0 -1 7.54979e-08 102 67 35 255
-0.5519771 6.044766e-08 0.8006535 0 -1 7.54979e-08 114 74 39 255
-0.5319771 6.044766e-08 0.8006535 0 -1 7.54979e-08 119 77 41 255
-0.5119771 6.044766e-08 0.8006535 0 -1 7.54979e-08 134 86 49 255
-0.4919771 6.044766e-08 0.8006535 0 -1 7.54979e-08 150 98 56 255
-0.4719771 6.044766e-08 0.8006535 0 -1 7.54979e-08 170 108 65 255
-0.45197707 6.044766e-08 0.8006535 0 -1 7.54979e-08 184 117 70 255
-0.4319771 6.044766e-08 0.8006535 0 -1 7.54979e-08 201 126 79 255
-0.4119771 6.044766e-08 0.8006535 0 -1 7.54979e-08 212 137 90 255
-0.39197707 6.044766e-08 0.8006535 0 -1 7.54979e-08 220 145 98 255
-0.3719771 6.044766e-08 0.8006535 0 -1 7.54979e-08 211 136 89 255
-0.3519771 6.044766e-08 0.8006535 0 -1 7.54979e-08 199 124 77 255
-0.33197713 6.044766e-08 0.8006535 0 -1 7.54979e-08 185 117 70 255
-0.3119771 6.044766e-08 0.8006535 0 -1 7.54979e-08 165 106 62 255
-0.2919771 6.044766e-08 0.8006535 0 -1 7.54979e-08 166 106 63 255
-0.27197713 6.044766e-08 0.8006535 0 -1 7.54979e-08 156 99 59 255
-0.2519771 6.044766e-08 0.8006535 0 -1 7.54979e-08 79 57 40 255
-0.2319771 6.044766e-08 0.8006535 0 -1 7.54979e-08 16 24 12 255
-0.21197712 6.044766e-08 0.8006535 0 -1 7.54979e-08 17 13 3 255
-0.19197708 6.044766e-08 0.8006535 0 -1 7.54979e-08 19 11 3 255
-0.1719771 6.044766e-08 0.8006535 0 -1 7.54979e-08 17 12 3 255
-0.15197712 6.044766e-08 0.8006535 0 -1 7.54979e-08 8 18 3 255
-0.13197708 6.044766e-08 0.8006535 0 -1 7.54979e-08 13 15 3 255
-0.1119771 6.044766e-08 0.8006535 0 -1 7.54979e-08 12 16 3 255
-0.09197712 6.044766e-08 0.8006535 0 -1 7.54979e-08 1 4 0 255
-0.07197714 6.044766e-08 0.8006535 0 -1 7.54979e-08 7 19 3 255
-0.051977158 6.044766e-08 0.8006535 0 -1 7.54979e-08 17 13 3 255
-0.031977057 6.044766e-08 0.8006535 0 -1 7.54979e-08 5 13 2 255
-0.0119770765 6.044766e-08 0.8006535 0 -1 7.54979e-08 3 9 1 255
0.008022904 6.044766e-08 0.8006535 0 -1 7.54979e-08 7 19 3 255
0.028022885 6.044766e-08 0.8006535 0 -1 7.54979e-08 7 19 3 255
0.048022866 6.044766e-08 0.8006535 0 -1 7.54979e-08 7 19 3 255
0.06802285 6.044766e-08 0.8006535 0 -1 7.54979e-08 6 17 3 255
0.08802295 6.044766e-08 0.8006535 0 -1 7.54979e-08 0 1 0 255
0.10802293 6.044766e-08 0.8006535 0 -1 7.54979e-08 0 0 0 255
0.12802291 6.044766e-08 0.8006535 0 -1 7.54979e-08 0 0 0 255
0.14802289 6.044766e-08 0.8006535 0 -1 7.54979e-08 5 14 2 255
0.16802287 6.044766e-08 0.8006535 0 -1 7.54979e-08 0 1 0 255
0.18802285 6.044766e-08 0.8006535 0 -1 7.54979e-08 0 0 0 255
0.20802283 6.044766e-08 0.8006535 0 -1 7.54979e-08 0 0 0 255
0.22802293 6.044766e-08 0.8006535 0 -1 7.54979e-08 0 0 0 255
0.24802291 6.044766e-08 0.8006535 0 -1 7.54979e-08 0 0 0 255
0.2680229 6.044766e-08 0.8006535 0 -1 7.54979e-08 0 0 0 255
0.28802288 6.044766e-08 0.8006535 0 -1 7.54979e-08 0 0 0 255
0.30802286 6.044766e-08 0.8006535 0 -1 7.54979e-08 0 0 0 255
0.32802284 6.044766e-08 0.8006535 0 -1 7.54979e-08 0 0 0 255
0.34802294 6.044766e-08 0.8006535 0 -1 7.54979e-08 0 0 0 255
0.36802292 6.044766e-08 0.8006535 0 -1 7.54979e-08 3 9 1 255
0.3880229 6.044766e-08 0.8006535 0 -1 7.54979e-08 2 6 1 255
0.40802288 6.044766e-08 0.8006535 0 -1 7.54979e-08 5 14 2 255
0.42802286 6.044766e-08 0.8006535 0 -1 7.54979e-08 7 19 3 255
0.44802284 6.044766e-08 0.8006535 0 -1 7.54979e-08 7 19 3 255
0.46802282 6.044766e-08 0.8006535 0 -1 7.54979e-08 7 19 3 255
0.48802292 6.044766e-08 0.8006535 0 -1 7.54979e-08 7 19 3 255
0.5080229 6.044766e-08 0.8006535 0 -1 7.54979e-08 7 19 3 255
0.5280229 6.044766e-08 0.8006535 0 -1 7.54979e-08 16 13 3 255
0.54802287 6.044766e-08 0.8006535 0 -1 7.54979e-08 19 11 3 255
0.56802285 6.044766e-08 0.8006535 0 -1 7.54979e-08 18 12 4 255
0.5880228 6.044766e-08 0.8006535 0 -1 7.54979e-08 8 19 4 255
0.6080229 6.044766e-08 0.8006535 0 -1 7.54979e-08 22 25 7 255
0.6280229 6.044766e-08 0.8006535 0 -1 7.54979e-08 93 62 33 255
0.6480229 6.044766e-08 0.8006535 0 -1 7.54979e-08 155 99 58 255
0.6680229 6.044766e-08 0.8006535 0 -1 7.54979e-08 176 112 67 255
0.68802285 6.044766e-08 0.8006535 0 -1 7.54979e-08 116 75 41 255
0.70802283 6.044766e-08 0.8006535 0 -1 7.54979e-08 88 61 30 255
0.72802293 6.044766e-08 0.8006535 0 -1 7.54979e-08 84 60 29 255
0.7480229 6.044766e-08 0.8006535 0 -1 7.54979e-08 67 50 24 255
0.7680229 6.044766e-08 0.8006535 0 -1 7.54979e-08 17 13 6 255
0.7880229 6.044766e-08 0.8006535 0 -1 7.54979e-08 0 0 0 255
-0.7319771 6.1957614e-08 0.8206535 0 -1 7.54979e-08 0 0 0 255
-0.7119771 6.1957614e-08 0.8206535 0 -1 7.54979e-08 38 31 12 255
-0.6919771 6.1957614e-08 0.8206535 0 -1 7.54979e-08 39 31 11 255
-0.6719771 6.1957614e-08 0.8206535 0 -1 7.54979e-08 40 32 12 255
-0.65197706 6.1957614e-08 0.8206535 0 -1 7.54979e-08 54 42 18 255
-0.6319771 6.1957614e-08 0.8206535 0 -1 7.54979e-08 80 56 27 255
-0.6119771 6.1957614e-08 0.8206535 0 -1 7.54979e-08 90 62 31 255
-0.5919771 6.1957614e-08 0.8206535 0 -1 7.54979e-08 100 66 34 255
-0.5719771 6.1957614e-08 0.8206535 0 -1 7.54979e-08 114 74 39 255
-0.5519771 6.1957614e-08 0.8206535 0 -1 7.54979e-08 117 76 40 255
-0.5319771 6.1957614e-08 0.8206535 0 -1 7.54979e-08 133 85 48 255
-0.5119771 6.1957614e-08 0.8206535 0 -1 7.54979e-08 147 96 54 255
-0.4919771 6.1957614e-08 0.8206535 0 -1 7.54979e-08 162 104 61 255
-0.4719771 6.1957614e-08 0.8206535 0 -1 7.54979e-08 180 115 68 255
-0.45197707 6.1957614e-08 0.8206535 0 -1 7.54979e-08 195 121 74 255
-0.4319771 6.1957614e-08 0.8206535 0 -1 7.54979e-08 201 126 79 255
-0.4119771 6.1957614e-08 0.8206535 0 -1 7.54979e-08 208 133 86 255
-0.39197707 6.1957614e-08 0.8206535 0 -1 7.54979e-08 208 133 86 255
-0.3719771 6.1957614e-08 0.8206535 0 -1 7.54979e-08 203 128 81 255
-0.3519771 6.1957614e-08 0.8206535 0 -1 7.54979e-08 196 122 75 255
-0.33197713 6.1957614e-08 0.8206535 0 -1 7.54979e-08 175 111 67 255
-0.3119771 6.1957614e-08 0.8206535 0 -1 7.54979e-08 171 109 66 255
-0.2919771 6.1957614e-08 0.8206535 0 -1 7.54979e-08 164 105 62 255
-0.27197713 6.1957614e-08 0.8206535 0 -1 7.54979e-08 150 96 56 255
-0.2519771 6.1957614e-08 0.8206535 0 -1 7.54979e-08 93 63 34 255
-0.2319771 6.1957614e-08 0.8206535 0 -1 7.54979e-08 25 27 9 255
-0.21197712 6.1957614e-08 0.8206535 0 -1 7.54979e-08 8 19 3 255
-0.19197708 6.1957614e-08 0.8206535 0 -1 7.54979e-08 19 11 3 255
-0.1719771 6.1957614e-08 0.8206535 0 -1 7.54979e-08 19 11 3 255
-0.15197712 6.1957614e-08 0.8206535 0 -1 7.54979e-08 19 11 3 255
-0.13197708 6.1957614e-08 0.8206535 0 -1 7.54979e-08 19 11 3 255
-0.1119771 6.1957614e-08 0.8206535 0 -1 7.54979e-08 19 11 3 255
-0.09197712 6.1957614e-08 0.8206535 0 -1 7.54979e-08 10 17 3 255
-0.07197714 6.1957614e-08 0.8206535 0 -1 7.54979e-08 7 19 3 255
-0.051977158 6.1957614e-08 0.8206535 0 -1 7.54979e-08 7 19 3 255
-0.031977057 6.1957614e-08 0.8206535 0 -1 7.54979e-08 8 19 3 255
-0.0119770765 6.1957614e-08 0.8206535 0 -1 7.54979e-08 7 19 3 255
0.008022904 6.1957614e-08 0.8206535 0 -1 7.54979e-08 7 19 3 255
0.028022885 6.1957614e-08 0.8206535 0 -1 7.54979e-08 7 19 3 255
0.048022866 6.1957614e-08 0.8206535 0 -1 7.54979e-08 7 19 3 255
0.06802285 6.1957614e-08 0.8206535 0 -1 7.54979e-08 7 19 3 255
0.08802295 6.1957614e-08 0.8206535 0 -1 7.54979e-08 7 19 3 255
0.10802293 6.1957614e-08 0.8206535 0 -1 7.54979e-08 4 11 2 255
0.12802291 6.1957614e-08 0.8206535 0 -1 7.54979e-08 4 11 2 255
0.14802289 6.1957614e-08 0.8206535 0 -1 7.54979e-08 7 19 3 255
0.16802287 6.1957614e-08 0.8206535 0 -1 7.54979e-08 1 2 0 255
0.18802285 6.1957614e-08 0.8206535 0 -1 7.54979e-08 0 0 0 255
0.20802283 6.1957614e-08 0.8206535 0 -1 7.54979e-08 0 0 0 255
0.22802293 6.1957614e-08 0.8206535 0 -1 7.54979e-08 0 0 0 255
0.24802291 6.1957614e-08 0.8206535 0 -1 7.54979e-08 0 0 0 255
0.2680229 6.1957614e-08 0.8206535 0 -1 7.54979e-08 0 0 0 255
0.28802288 6.1957614e-08 0.8206535 0 -1 7.54979e-08 0 0 0 255
0.30802286 6.1957614e-08 0.8206535 0 -1 7.54979e-08 0 0 0 255
0.32802284 6.1957614e-08 0.8206535 0 -1 7.54979e-08 0 0 0 255
0.34802294 6.1957614e-08 0.8206535 0 -1 7.54979e-08 0 0 0 255
0.36802292 6.1957614e-08 0.8206535 0 -1 7.54979e-08 0 0 0 255
0.3880229 6.1957614e-08 0.8206535 0 -1 7.54979e-08 0 0 0 255
0.40802288 6.1957614e-08 0.8206535 0 -1 7.54979e-08 0 0 0 255
0.42802286 6.1957614e-08 0.8206535 0 -1 7.54979e-08 7 19 3 255
0.44802284 6.1957614e-08 0.8206535 0 -1 7.54979e-08 8 19 3 255
0.46802282 6.1957614e-08 0.8206535 0 -1 7.54979e-08 8 19 3 255
0.48802292 6.1957614e-08 0.8206535 0 -1 7.54979e-08 8 19 3 255
0.5080229 6.1957614e-08 0.8206535 0 -1 7.54979e-08 8 19 3 255
0.5280229 6.1957614e-08 0.8206535 0 -1 7.54979e-08 17 13 3 255
0.54802287 6.1957614e-08 0.8206535 0 -1 7.54979e-08 19 11 4 255
0.56802285 6.1957614e-08 0.8206535 0 -1 7.54979e-08 27 19 8 255
0.5880228 6.1957614e-08 0.8206535 0 -1 7.54979e-08 27 19 7 255
0.6080229 6.1957614e-08 0.8206535 0 -1 7.54979e-08 47 35 16 255
0.6280229 6.1957614e-08 0.8206535 0 -1 7.54979e-08 124 83 46 255
0.6480229 6.1957614e-08 0.8206535 0 -1 7.54979e-08 139 91 52 255
0.6680229 6.1957614e-08 0.8206535 0 -1 7.54979e-08 68 50 25 255
0.68802285 6.1957614e-08 0.8206535 0 -1 7.54979e-08 57 42 19 255
0.70802283 6.1957614e-08 0.8206535 0 -1 7.54979e-08 58 42 19 255
0.72802293 6.1957614e-08 0.8206535 0 -1 7.54979e-08 59 43 20 255
0.7480229 6.1957614e-08 0.8206535 0 -1 7.54979e-08 27 20 10 255
0.7680229 6.1957614e-08 0.8206535 0 -1 7.54979e-08 0 0 0 255
-0.7319771 6.3467574e-08 0.8406535 0 -1 7.54979e-08 0 0 0 255
-0.7119771 6.3467574e-08 0.8406535 0 -1 7.54979e-08 0 0 0 255
-0.6919771 6.3467574e-08 0.8406535 0 -1 7.54979e-08 39 31 11 255
-0.6719771 6.3467574e-08 0.8406535 0 -1 7.54979e-08 39 31 11 255
-0.65197706 6.3467574e-08 0.8406535 0 -1 7.54979e-08 45 35 14 255
-0.6319771 6.3467574e-08 0.8406535 0 -1 7.54979e-08 74 52 25 255
-0.6119771 6.3467574e-08 0.8406535 0 -1 7.54979e-08 97 65 33 255
-0.5919771 6.3467574e-08 0.8406535 0 -1 7.54979e-08 102 66 35 255
-0.5719771 6.3467574e-08 0.8406535 0 -1 7.54979e-08 129 82 46 255
-0.5519771 6.3467574e-08 0.8406535 0 -1 7.54979e-08 139 90 51 255
-0.5319771 6.3467574e-08 0.8406535 0 -1 7.54979e-08 151 96 56 255
-0.5119771 6.3467574e-08 0.8406535 0 -1 7.54979e-08 157 102 58 255
-0.4919771 6.3467574e-08 0.8406535 0 -1 7.54979e-08 162 104 61 255
-0.4719771 6.3467574e-08 0.8406535 0 -1 7.54979e-08 180 115 68 255
-0.45197707 6.3467574e-08 0.8406535 0 -1 7.54979e-08 184 117 70 255
-0.4319771 6.3467574e-08 0.8406535 0 -1 7.54979e-08 200 125 78 255
-0.4119771 6.3467574e-08 0.8406535 0 -1 7.54979e-08 200 125 78 255
-0.39197707 6.3467574e-08 0.8406535 0 -1 7.54979e-08 200 125 78 255
-0.3719771 6.3467574e-08 0.8406535 0 -1 7.54979e-08 197 123 76 255
-0.3519771 6.3467574e-08 0.8406535 0 -1 7.54979e-08 179 113 68 255
-0.33197713 6.3467574e-08 0.8406535 0 -1 7.54979e-08 172 109 66 255
-0.3119771 6.3467574e-08 0.8406535 0 -1 7.54979e-08 157 102 58 255
-0.2919771 6.3467574e-08 0.8406535 0 -1 7.54979e-08 153 99 57 255
-0.27197713 6.3467574e-08 0.8406535 0 -1 7.54979e-08 135 87 49 255
-0.2519771 6.3467574e-08 0.8406535 0 -1 7.54979e-08 102 69 36 255
-0.2319771 6.3467574e-08 0.8406535 0 -1 7.54979e-08 42 31 14 255
-0.21197712 6.3467574e-08 0.8406535 0 -1 7.54979e-08 20 13 4 255
-0.19197708 6.3467574e-08 0.8406535 0 -1 7.54979e-08 19 11 3 255
-0.1719771 6.3467574e-08 0.8406535 0 -1 7.54979e-08 19 11 3 255
-0.15197712 6.3467574e-08 0.8406535 0 -1 7.54979e-08 19 11 3 255
-0.13197708 6.3467574e-08 0.8406535 0 -1 7.54979e-08 19 11 3 255
-0.1119771 6.3467574e-08 0.8406535 0 -1 7.54979e-08 19 11 3 255
-0.09197712 6.3467574e-08 0.8406535 0 -1 7.54979e-08 19 11 3 255
-0.07197714 6.3467574e-08 0.8406535 0 -1 7.54979e-08 8 19 3 255
-0.051977158 6.3467574e-08 0.8406535 0 -1 7.54979e-08 9 18 3 255
-0.031977057 6.3467574e-08 0.8406535 0 -1 7.54979e-08 15 14 3 255
-0.0119770765 6.3467574e-08 0.8406535 0 -1 7.54979e-08 7 19 3 255
0.008022904 6.3467574e-08 0.8406535 0 -1 7.54979e-08 7 19 3 255
0.028022885 6.3467574e-08 0.8406535 0 -1 7.54979e-08 7 19 3 255
0.048022866 6.3467574e-08 0.8406535 0 -1 7.54979e-08 7 19 3 255
0.06802285 6.3467574e-08 0.8406535 0 -1 7.54979e-08 7 19 3 255
0.08802295 6.3467574e-08 0.8406535 0 -1 7.54979e-08 7 19 3 255
0.10802293 6.3467574e-08 0.8406535 0 -1 7.54979e-08 7 19 3 255
0.12802291 6.3467574e-08 0.8406535 0 -1 7.54979e-08 7 19 3 255
0.14802289 6.3467574e-08 0.8406535 0 -1 7.54979e-08 8 19 3 255
0.16802287 6.3467574e-08 0.8406535 0 -1 7.54979e-08 8 19 3 255
0.18802285 6.3467574e-08 0.8406535 0 -1 7.54979e-08 7 19 3 255
0.20802283 6.3467574e-08 0.8406535 0 -1 7.54979e-08 6 15 3 255
0.22802293 6.3467574e-08 0.8406535 0 -1 7.54979e-08 0 0 0 255
0.24802291 6.3467574e-08 0.8406535 0 -1 7.54979e-08 0 0 0 255
0.2680229 6.3467574e-08 0.8406535 0 -1 7.54979e-08 0 0 0 255
0.28802288 6.3467574e-08 0.8406535 0 -1 7.54979e-08 0 0 0 255
0.30802286 6.3467574e-08 0.8406535 0 -1 7.54979e-08 0 0 0 255
0.32802284 6.3467574e-08 0.8406535 0 -1 7.54979e-08 1 3 0 255
0.34802294 6.3467574e-08 0.8406535 0 -1 7.54979e-08 7 19 3 255
0.36802292 6.3467574e-08 0.8406535 0 -1 7.54979e-08 3 9 1 255
0.3880229 6.3467574e-08 0.8406535 0 -1 7.54979e-08 5 13 2 255
0.40802288 6.3467574e-08 0.8406535 0 -1 7.54979e-08 7 19 3 255
0.42802286 6.3467574e-08 0.8406535 0 -1 7.54979e-08 7 19 3 255
0.44802284 6.3467574e-08 0.8406535 0 -1 7.54979e-08 19 11 3 255
0.46802282 6.3467574e-08 0.8406535 0 -1 7.54979e-08 19 11 3 255
0.48802292 6.3467574e-08 0.8406535 0 -1 7.54979e-08 19 11 3 255
0.5080229 6.3467574e-08 0.8406535 0 -1 7.54979e-08 19 11 3 255
0.5280229 6.3467574e-08 0.8406535 0 -1 7.54979e-08 19 11 3 255
0.54802287 6.3467574e-08 0.8406535 0 -1 7.54979e-08 27 19 7 255
0.56802285 6.3467574e-08 0.8406535 0 -1 7.54979e-08 30 29 27 255
0.5880228 6.3467574e-08 0.8406535 0 -1 7.54979e-08 26 18 7 255
0.6080229 6.3467574e-08 0.8406535 0 -1 7.54979e-08 29 25 18 255
0.6280229 6.3467574e-08 0.8406535 0 -1 7.54979e-08 48 39 25 255
0.6480229 6.3467574e-08 0.8406535 0 -1 7.54979e-08 44 34 13 255
0.6680229 6.3467574e-08 0.8406535 0 -1 7.54979e-08 39 31 11 255
0.68802285 6.3467574e-08 0.8406535 0 -1 7.54979e-08 39 31 11 255
0.70802283 6.3467574e-08 0.8406535 0 -1 7.54979e-08 43 33 13 255
0.72802293 6.3467574e-08 0.8406535 0 -1 7.54979e-08 36 26 11 255
0.7480229 6.3467574e-08 0.8406535 0 -1 7.54979e-08 0 0 0 255
-0.7319771 6.4977534e-08 0.8606535 0 -1 7.54979e-08 0 0 0 255
-0.7119771 6.4977534e-08 0.8606535 0 -1 7.54979e-08 0 0 0 255
-0.6919771 6.4977534e-08 0.8606535 0 -1 7.54979e-08 39 31 11 255
-0.6719771 6.4977534e-08 0.8606535 0 -1 7.54979e-08 39 31 11 255
-0.65197706 6.4977534e-08 0.8606535 0 -1 7.54979e-08 45 35 14 255
-0.6319771 6.4977534e-08 0.8606535 0 -1 7.54979e-08 68 50 23 255
-0.6119771 6.4977534e-08 0.8606535 0 -1 7.54979e-08 94 64 32 255
-0.5919771 6.4977534e-08 0.8606535 0 -1 7.54979e-08 111 73 38 255
-0.5719771 6.4977534e-08 0.8606535 0 -1 7.54979e-08 129 82 46 255
-0.5519771 6.4977534e-08 0.8606535 0 -1 7.54979e-08 139 90 51 255
-0.5319771 6.4977534e-08 0.8606535 0 -1 7.54979e-08 151 96 56 255
-0.5119771 6.4977534e-08 0.8606535 0 -1 7.54979e-08 157 102 58 255
-0.4919771 6.4977534e-08 0.8606535 0 -1 7.54979e-08 162 104 61 255
-0.4719771 6.4977534e-08 0.8606535 0 -1 7.54979e-08 171 109 65 255
-0.45197707 6.4977534e-08 0.8606535 0 -1 7.54979e-08 184 117 70 255
-0.4319771 6.4977534e-08 0.8606535 0 -1 7.54979e-08 196 121 74 255
-0.4119771 6.4977534e-08 0.8606535 0 -1 7.54979e-08 196 121 74 255
-0.39197707 6.4977534e-08 0.8606535 0 -1 7.54979e-08 196 121 74 255
-0.3719771 6.4977534e-08 0.8606535 0 -1 7.54979e-08 189 119 72 255
-0.3519771 6.4977534e-08 0.8606535 0 -1 7.54979e-08 175 111 67 255
-0.33197713 6.4977534e-08 0.8606535 0 -1 7.54979e-08 158 102 59 255
-0.3119771 6.4977534e-08 0.8606535 0 -1 7.54979e-08 157 102 58 255
-0.2919771 6.4977534e-08 0.8606535 0 -1 7.54979e-08 159 103 59 255
-0.27197713 6.4977534e-08 0.8606535 0 -1 7.54979e-08 154 99 58 255
-0.2519771 6.4977534e-08 0.8606535 0 -1 7.54979e-08 105 73 38 255
-0.2319771 6.4977534e-08 0.8606535 0 -1 7.54979e-08 45 39 30 255
-0.21197712 6.4977534e-08 0.8606535 0 -1 7.54979e-08 27 21 10 255
-0.19197708 6.4977534e-08 0.8606535 0 -1 7.54979e-08 27 19 8 255
-0.1719771 6.4977534e-08 0.8606535 0 -1 7.54979e-08 19 11 3 255
-0.15197712 6.4977534e-08 0.8606535 0 -1 7.54979e-08 19 11 3 255
-0.13197708 6.4977534e-08 0.8606535 0 -1 7.54979e-08 19 11 3 255
-0.1119771 6.4977534e-08 0.8606535 0 -1 7.54979e-08 19 11 3 255
-0.09197712 6.4977534e-08 0.8606535 0 -1 7.54979e-08 19 11 3 255
-0.07197714 6.4977534e-08 0.8606535 0 -1 7.54979e-08 19 11 3 255
-0.051977158 6.4977534e-08 0.8606535 0 -1 7.54979e-08 17 12 3 255
-0.031977057 6.4977534e-08 0.8606535 0 -1 7.54979e-08 11 16 3 255
-0.0119770765 6.4977534e-08 0.8606535 0 -1 7.54979e-08 14 15 3 255
0.008022904 6.4977534e-08 0.8606535 0 -1 7.54979e-08 7 19 3 255
0.028022885 6.4977534e-08 0.8606535 0 -1 7.54979e-08 8 19 3 255
0.048022866 6.4977534e-08 0.8606535 0 -1 7.54979e-08 7 19 3 255
0.06802285 6.4977534e-08 0.8606535 0 -1 7.54979e-08 7 19 3 255
0.08802295 6.4977534e-08 0.8606535 0 -1 7.54979e-08 8 19 3 255
0.10802293 6.4977534e-08 0.8606535 0 -1 7.54979e-08 8 19 3 255
0.12802291 6.4977534e-08 0.8606535 0 -1 7.54979e-08 8 19 3 255
0.14802289 6.4977534e-08 0.8606535 0 -1 7.54979e-08 16 13 3 255
0.16802287 6.4977534e-08 0.8606535 0 -1 7.54979e-08 19 11 3 255
0.18802285 6.4977534e-08 0.8606535 0 -1 7.54979e-08 7 19 3 255
0.20802283 6.4977534e-08 0.8606535 0 -1 7.54979e-08 7 19 3 255
0.22802293 6.4977534e-08 0.8606535 0 -1 7.54979e-08 4 12 2 255
0.24802291 6.4977534e-08 0.8606535 0 -1 7.54979e-08 0 0 0 255
0.2680229 6.4977534e-08 0.8606535 0 -1 7.54979e-08 0 0 0 255
0.28802288 6.4977534e-08 0.8606535 0 -1 7.54979e-08 0 0 0 255
0.30802286 6.4977534e-08 0.8606535 0 -1 7.54979e-08 0 0 0 255
0.32802284 6.4977534e-08 0.8606535 0 -1 7.54979e-08 1 3 0 255
0.34802294 6.4977534e-08 0.8606535 0 -1 7.54979e-08 7 19 3 255
0.36802292 6.4977534e-08 0.8606535 0 -1 7.54979e-08 7 19 3 255
0.3880229 6.4977534e-08 0.8606535 0 -1 7.54979e-08 7 19 3 255
0.40802288 6.4977534e-08 0.8606535 0 -1 7.54979e-08 7 19 3 255
0.42802286 6.4977534e-08 0.8606535 0 -1 7.54979e-08 8 19 3 255
0.44802284 6.4977534e-08 0.8606535 0 -1 7.54979e-08 19 11 3 255
0.46802282 6.4977534e-08 0.8606535 0 -1 7.54979e-08 19 11 3 255
0.48802292 6.4977534e-08 0.8606535 0 -1 7.54979e-08 19 11 3 255
0.5080229 6.4977534e-08 0.8606535 0 -1 7.54979e-08 19 12 4 255
0.5280229 6.4977534e-08 0.8606535 0 -1 7.54979e-08 20 12 4 255
0.54802287 6.4977534e-08 0.8606535 0 -1 7.54979e-08 37 29 10 255
0.56802285 6.4977534e-08 0.8606535 0 -1 7.54979e-08 16 10 3 255
0.5880228 6.4977534e-08 0.8606535 0 -1 7.54979e-08 0 0 0 255
0.6080229 6.4977534e-08 0.8606535 0 -1 7.54979e-08 3 8 1 255
0.6280229 6.4977534e-08 0.8606535 0 -1 7.54979e-08 31 31 10 255
0.6480229 6.4977534e-08 0.8606535 0 -1 7.54979e-08 58 45 21 255
0.6680229 6.4977534e-08 0.8606535 0 -1 7.54979e-08 59 43 19 255
0.68802285 6.4977534e-08 0.8606535 0 -1 7.54979e-08 39 31 11 255
0.70802283 6.4977534e-08 0.8606535 0 -1 7.54979e-08 43 33 13 255
0.72802293 6.4977534e-08 0.8606535 0 -1 7.54979e-08 36 26 11 255
-0.7119771 6.648749e-08 0.8806535 0 -1 7.54979e-08 0 0 0 255
-0.6919771 6.648749e-08 0.8806535 0 -1 7.54979e-08 39 31 11 255
-0.6719771 6.648749e-08 0.8806535 0 -1 7.54979e-08 39 31 11 255
-0.65197706 6.648749e-08 0.8806535 0 -1 7.54979e-08 45 35 14 255
-0.6319771 6.648749e-08 0.8806535 0 -1 7.54979e-08 68 50 23 255
-0.6119771 6.648749e-08 0.8806535 0 -1 7.54979e-08 94 63 32 255
-0.5919771 6.648749e-08 0.8806535 0 -1 7.54979e-08 111 73 38 255
-0.5719771 6.648749e-08 0.8806535 0 -1 7.54979e-08 129 82 46 255
-0.5519771 6.648749e-08 0.8806535 0 -1 7.54979e-08 139 90 51 255
-0.5319771 6.648749e-08 0.8806535 0 -1 7.54979e-08 151 96 56 255
-0.5119771 6.648749e-08 0.8806535 0 -1 7.54979e-08 157 102 58 255
-0.4919771 6.648749e-08 0.8806535 0 -1 7.54979e-08 162 104 61 255
-0.4719771 6.648749e-08 0.8806535 0 -1 7.54979e-08 171 109 65 255
-0.45197707 6.648749e-08 0.8806535 0 -1 7.54979e-08 183 117 70 255
-0.4319771 6.648749e-08 0.8806535 0 -1 7.54979e-08 185 118 71 255
-0.4119771 6.648749e-08 0.8806535 0 -1 7.54979e-08 193 120 73 255
-0.39197707 6.648749e-08 0.8806535 0 -1 7.54979e-08 184 117 70 255
-0.3719771 6.648749e-08 0.8806535 0 -1 7.54979e-08 173 110 66 255
-0.3519771 6.648749e-08 0.8806535 0 -1 7.54979e-08 159 103 59 255
-0.33197713 6.648749e-08 0.8806535 0 -1 7.54979e-08 157 102 58 255
-0.3119771 6.648749e-08 0.8806535 0 -1 7.54979e-08 157 102 59 255
-0.2919771 6.648749e-08 0.8806535 0 -1 7.54979e-08 164 105 62 255
-0.27197713 6.648749e-08 0.8806535 0 -1 7.54979e-08 151 96 56 255
-0.2519771 6.648749e-08 0.8806535 0 -1 7.54979e-08 108 71 38 255
-0.2319771 6.648749e-08 0.8806535 0 -1 7.54979e-08 48 40 31 255
-0.21197712 6.648749e-08 0.8806535 0 -1 7.54979e-08 27 21 11 255
-0.19197708 6.648749e-08 0.8806535 0 -1 7.54979e-08 31 31 30 255
-0.1719771 6.648749e-08 0.8806535 0 -1 7.54979e-08 26 18 7 255
-0.15197712 6.648749e-08 0.8806535 0 -1 7.54979e-08 19 11 3 255
-0.13197708 6.648749e-08 0.8806535 0 -1 7.54979e-08 19 11 3 255
-0.1119771 6.648749e-08 0.8806535 0 -1 7.54979e-08 19 11 3 255
-0.09197712 6.648749e-08 0.8806535 0 -1 7.54979e-08 19 11 3 255
-0.07197714 6.648749e-08 0.8806535 0 -1 7.54979e-08 19 11 3 255
-0.051977158 6.648749e-08 0.8806535 0 -1 7.54979e-08 19 11 3 255
-0.031977057 6.648749e-08 0.8806535 0 -1 7.54979e-08 19 11 3 255
-0.0119770765 6.648749e-08 0.8806535 0 -1 7.54979e-08 14 15 3 255
0.008022904 6.648749e-08 0.8806535 0 -1 7.54979e-08 14 14 3 255
0.028022885 6.648749e-08 0.8806535 0 -1 7.54979e-08 19 11 3 255
0.048022866 6.648749e-08 0.8806535 0 -1 7.54979e-08 8 18 3 255
0.06802285 6.648749e-08 0.8806535 0 -1 7.54979e-08 9 18 3 255
0.08802295 6.648749e-08 0.8806535 0 -1 7.54979e-08 19 11 3 255
0.10802293 6.648749e-08 0.8806535 0 -1 7.54979e-08 19 11 3 255
0.12802291 6.648749e-08 0.8806535 0 -1 7.54979e-08 19 11 3 255
0.14802289 6.648749e-08 0.8806535 0 -1 7.54979e-08 19 11 3 255
0.16802287 6.648749e-08 0.8806535 0 -1 7.54979e-08 19 11 3 255
0.18802285 6.648749e-08 0.8806535 0 -1 7.54979e-08 7 19 3 255
0.20802283 6.648749e-08 0.8806535 0 -1 7.54979e-08 7 19 3 255
0.22802293 6.648749e-08 0.8806535 0 -1 7.54979e-08 7 19 3 255
0.24802291 6.648749e-08 0.8806535 0 -1 7.54979e-08 3 9 1 255
0.2680229 6.648749e-08 0.8806535 0 -1 7.54979e-08 0 0 0 255
0.28802288 6.648749e-08 0.8806535 0 -1 7.54979e-08 6 16 3 255
0.30802286 6.648749e-08 0.8806535 0 -1 7.54979e-08 0 0 0 255
0.32802284 6.648749e-08 0.8806535 0 -1 7.54979e-08 7 19 3 255
0.34802294 6.648749e-08 0.8806535 0 -1 7.54979e-08 7 19 3 255
0.36802292 6.648749e-08 0.8806535 0 -1 7.54979e-08 7 19 3 255
0.3880229 6.648749e-08 0.8806535 0 -1 7.54979e-08 7 19 3 255
0.40802288 6.648749e-08 0.8806535 0 -1 7.54979e-08 17 12 3 255
0.42802286 6.648749e-08 0.8806535 0 -1 7.54979e-08 19 11 3 255
0.44802284 6.648749e-08 0.8806535 0 -1 7.54979e-08 19 11 3 255
0.46802282 6.648749e-08 0.8806535 0 -1 7.54979e-08 19 11 3 255
0.48802292 6.648749e-08 0.8806535 0 -1 7.54979e-08 23 15 5 255
0.5080229 6.648749e-08 0.8806535 0 -1 7.54979e-08 34 26 10 255
0.5280229 6.648749e-08 0.8806535 0 -1 7.54979e-08 38 30 11 255
0.54802287 6.648749e-08 0.8806535 0 -1 7.54979e-08 20 12 4 255
0.56802285 6.648749e-08 0.8806535 0 -1 7.54979e-08 0 0 0 255
0.5880228 6.648749e-08 0.8806535 0 -1 7.54979e-08 2 5 1 255
0.6080229 6.648749e-08 0.8806535 0 -1 7.54979e-08 30 29 10 255
0.6280229 6.648749e-08 0.8806535 0 -1 7.54979e-08 70 52 24 255
0.6480229 6.648749e-08 0.8806535 0 -1 7.54979e-08 67 50 24 255
0.6680229 6.648749e-08 0.8806535 0 -1 7.54979e-08 62 47 23 255
0.68802285 6.648749e-08 0.8806535 0 -1 7.54979e-08 46 38 15 255
0.70802283 6.648749e-08 0.8806535 0 -1 7.54979e-08 43 33 13 255
0.72802293 6.648749e-08 0.8806535 0 -1 7.54979e-08 36 26 12 255
-0.7119771 6.799745e-08 0.9006535 0 -1 7.54979e-08 0 0 0 255
-0.6919771 6.799745e-08 0.9006535 0 -1 7.54979e-08 39 31 11 255
-0.6719771 6.799745e-08 0.9006535 0 -1 7.54979e-08 39 31 11 255
-0.65197706 6.799745e-08 0.9006535 0 -1 7.54979e-08 45 35 14 255
-0.6319771 6.799745e-08 0.9006535 0 -1 7.54979e-08 64 47 21 255
-0.6119771 6.799745e-08 0.9006535 0 -1 7.54979e-08 91 61 31 255
-0.5919771 6.799745e-08 0.9006535 0 -1 7.54979e-08 111 73 38 255
-0.5719771 6.799745e-08 0.9006535 0 -1 7.54979e-08 129 82 46 255
-0.5519771 6.799745e-08 0.9006535 0 -1 7.54979e-08 139 90 51 255
-0.5319771 6.799745e-08 0.9006535 0 -1 7.54979e-08 151 96 56 255
-0.5119771 6.799745e-08 0.9006535 0 -1 7.54979e-08 157 102 58 255
-0.4919771 6.799745e-08 0.9006535 0 -1 7.54979e-08 162 104 61 255
-0.4719771 6.799745e-08 0.9006535 0 -1 7.54979e-08 171 109 65 255
-0.45197707 6.799745e-08 0.9006535 0 -1 7.54979e-08 173 110 66 255
-0.4319771 6.799745e-08 0.9006535 0 -1 7.54979e-08 184 117 70 255
-0.4119771 6.799745e-08 0.9006535 0 -1 7.54979e-08 184 117 70 255
-0.39197707 6.799745e-08 0.9006535 0 -1 7.54979e-08 179 114 68 255
-0.3719771 6.799745e-08 0.9006535 0 -1 7.54979e-08 168 107 64 255
-0.3519771 6.799745e-08 0.9006535 0 -1 7.54979e-08 159 103 59 255
-0.33197713 6.799745e-08 0.9006535 0 -1 7.54979e-08 164 105 62 255
-0.3119771 6.799745e-08 0.9006535 0 -1 7.54979e-08 157 102 58 255
-0.2919771 6.799745e-08 0.9006535 0 -1 7.54979e-08 152 99 57 255
-0.27197713 6.799745e-08 0.9006535 0 -1 7.54979e-08 134 87 49 255
-0.2519771 6.799745e-08 0.9006535 0 -1 7.54979e-08 108 71 38 255
-0.2319771 6.799745e-08 0.9006535 0 -1 7.54979e-08 49 40 31 255
-0.21197712 6.799745e-08 0.9006535 0 -1 7.54979e-08 31 31 31 255
-0.19197708 6.799745e-08 0.9006535 0 -1 7.54979e-08 31 31 31 255
-0.1719771 6.799745e-08 0.9006535 0 -1 7.54979e-08 30 29 27 255
-0.15197712 6.799745e-08 0.9006535 0 -1 7.54979e-08 24 16 6 255
-0.13197708 6.799745e-08 0.9006535 0 -1 7.54979e-08 19 11 3 255
-0.1119771 6.799745e-08 0.9006535 0 -1 7.54979e-08 19 11 3 255
-0.09197712 6.799745e-08 0.9006535 0 -1 7.54979e-08 19 11 3 255
-0.07197714 6.799745e-08 0.9006535 0 -1 7.54979e-08 19 11 3 255
-0.051977158 6.799745e-08 0.9006535 0 -1 7.54979e-08 19 11 3 255
-0.031977057 6.799745e-08 0.9006535 0 -1 7.54979e-08 15 13 3 255
-0.0119770765 6.799745e-08 0.9006535 0 -1 7.54979e-08 13 15 3 255
0.008022904 6.799745e-08 0.9006535 0 -1 7.54979e-08 12 16 3 255
0.028022885 6.799745e-08 0.9006535 0 -1 7.54979e-08 16 13 3 255
0.048022866 6.799745e-08 0.9006535 0 -1 7.54979e-08 19 11 3 255
0.06802285 6.799745e-08 0.9006535 0 -1 7.54979e-08 19 11 3 255
0.08802295 6.799745e-08 0.9006535 0 -1 7.54979e-08 19 11 3 255
0.10802293 6.799745e-08 0.9006535 0 -1 7.54979e-08 19 11 3 255
0.12802291 6.799745e-08 0.9006535 0 -1 7.54979e-08 19 11 3 255
0.14802289 6.799745e-08 0.9006535 0 -1 7.54979e-08 19 11 3 255
0.16802287 6.799745e-08 0.9006535 0 -1 7.54979e-08 19 11 3 255
0.18802285 6.799745e-08 0.9006535 0 -1 7.54979e-08 7 19 3 255
0.20802283 6.799745e-08 0.9006535 0 -1 7.54979e-08 7 19 3 255
0.22802293 6.799745e-08 0.9006535 0 -1 7.54979e-08 7 19 3 255
0.24802291 6.799745e-08 0.9006535 0 -1 7.54979e-08 7 19 3 255
0.2680229 6.799745e-08 0.9006535 0 -1 7.54979e-08 2 5 1 255
0.28802288 6.799745e-08 0.9006535 0 -1 7.54979e-08 6 16 3 255
0.30802286 6.799745e-08 0.9006535 0 -1 7.54979e-08 7 19 3 255
0.32802284 6.799745e-08 0.9006535 0 -1 7.54979e-08 7 19 3 255
0.34802294 6.799745e-08 0.9006535 0 -1 7.54979e-08 7 19 3 255
0.36802292 6.799745e-08 0.9006535 0 -1 7.54979e-08 13 15 3 255
0.3880229 6.799745e-08 0.9006535 0 -1 7.54979e-08 19 11 3 255
0.40802288 6.799745e-08 0.9006535 0 -1 7.54979e-08 19 11 3 255
0.42802286 6.799745e-08 0.9006535 0 -1 7.54979e-08 19 11 3 255
0.44802284 6.799745e-08 0.9006535 0 -1 7.54979e-08 19 11 3 255
0.46802282 6.799745e-08 0.9006535 0 -1 7.54979e-08 19 11 3 255
0.48802292 6.799745e-08 0.9006535 0 -1 7.54979e-08 28 20 7 255
0.5080229 6.799745e-08 0.9006535 0 -1 7.54979e-08 38 31 11 255
0.5280229 6.799745e-08 0.9006535 0 -1 7.54979e-08 23 15 5 255
0.54802287 6.799745e-08 0.9006535 0 -1 7.54979e-08 1 0 0 255
0.56802285 6.799745e-08 0.9006535 0 -1 7.54979e-08 3 2 0 255
0.5880228 6.799745e-08 0.9006535 0 -1 7.54979e-08 38 27 11 255
0.6080229 6.799745e-08 0.9006535 0 -1 7.54979e-08 79 56 26 255
0.6280229 6.799745e-08 0.9006535 0 -1 7.54979e-08 83 60 29 255
0.6480229 6.799745e-08 0.9006535 0 -1 7.54979e-08 78 58 27 255
0.6680229 6.799745e-08 0.9006535 0 -1 7.54979e-08 64 48 23 255
0.68802285 6.799745e-08 0.9006535 0 -1 7.54979e-08 46 38 15 255
0.70802283 6.799745e-08 0.9006535 0 -1 7.54979e-08 44 34 14 255
0.72802293 6.799745e-08 0.9006535 0 -1 7.54979e-08 38 29 14 255
-0.7119771 6.950741e-08 0.9206535 0 -1 7.54979e-08 0 0 0 255
-0.6919771 6.950741e-08 0.9206535 0 -1 7.54979e-08 39 31 11 255
-0.6719771 6.950741e-08 0.9206535 0 -1 7.54979e-08 39 31 11 255
-0.65197706 6.950741e-08 0.9206535 0 -1 7.54979e-08 45 35 14 255
-0.6319771 6.950741e-08 0.9206535 0 -1 7.54979e-08 64 47 21 255
-0.6119771 6.950741e-08 0.9206535 0 -1 7.54979e-08 91 61 31 255
-0.5919771 6.950741e-08 0.9206535 0 -1 7.54979e-08 111 73 38 255
-0.5719771 6.950741e-08 0.9206535 0 -1 7.54979e-08 129 82 46 255
-0.5519771 6.950741e-08 0.9206535 0 -1 7.54979e-08 139 90 51 255
-0.5319771 6.950741e-08 0.9206535 0 -1 7.54979e-08 149 94 54 255
-0.5119771 6.950741e-08 0.9206535 0 -1 7.54979e-08 153 97 56 255
-0.4919771 6.950741e-08 0.9206535 0 -1 7.54979e-08 162 104 61 255
-0.4719771 6.950741e-08 0.9206535 0 -1 7.54979e-08 165 106 62 255
-0.45197707 6.950741e-08 0.9206535 0 -1 7.54979e-08 172 109 66 255
-0.4319771 6.950741e-08 0.9206535 0 -1 7.54979e-08 173 110 66 255
-0.4119771 6.950741e-08 0.9206535 0 -1 7.54979e-08 173 110 66 255
-0.39197707 6.950741e-08 0.9206535 0 -1 7.54979e-08 169 108 65 255
-0.3719771 6.950741e-08 0.9206535 0 -1 7.54979e-08 165 106 62 255
-0.3519771 6.950741e-08 0.9206535 0 -1 7.54979e-08 165 106 62 255
-0.33197713 6.950741e-08 0.9206535 0 -1 7.54979e-08 165 106 62 255
-0.3119771 6.950741e-08 0.9206535 0 -1 7.54979e-08 156 101 58 255
-0.2919771 6.950741e-08 0.9206535 0 -1 7.54979e-08 135 88 50 255
-0.27197713 6.950741e-08 0.9206535 0 -1 7.54979e-08 126 80 45 255
-0.2519771 6.950741e-08 0.9206535 0 -1 7.54979e-08 104 70 36 255
-0.2319771 6.950741e-08 0.9206535 0 -1 7.54979e-08 70 51 25 255
-0.21197712 6.950741e-08 0.9206535 0 -1 7.54979e-08 35 33 30 255
-0.19197708 6.950741e-08 0.9206535 0 -1 7.54979e-08 31 31 31 255
-0.1719771 6.950741e-08 0.9206535 0 -1 7.54979e-08 31 31 31 255
-0.15197712 6.950741e-08 0.9206535 0 -1 7.54979e-08 29 27 23 255
-0.13197708 6.950741e-08 0.9206535 0 -1 7.54979e-08 23 15 5 255
-0.1119771 6.950741e-08 0.9206535 0 -1 7.54979e-08 19 11 3 255
-0.09197712 6.950741e-08 0.9206535 0 -1 7.54979e-08 19 11 3 255
-0.07197714 6.950741e-08 0.9206535 0 -1 7.54979e-08 19 11 3 255
-0.051977158 6.950741e-08 0.9206535 0 -1 7.54979e-08 19 11 3 255
-0.031977057 6.950741e-08 0.9206535 0 -1 7.54979e-08 19 11 3 255
-0.0119770765 6.950741e-08 0.9206535 0 -1 7.54979e-08 19 11 3 255
0.008022904 6.950741e-08 0.9206535 0 -1 7.54979e-08 19 11 3 255
0.028022885 6.950741e-08 0.9206535 0 -1 7.54979e-08 19 11 3 255
0.048022866 6.950741e-08 0.9206535 0 -1 7.54979e-08 19 11 3 255
0.06802285 6.950741e-08 0.9206535 0 -1 7.54979e-08 19 11 3 255
0.08802295 6.950741e-08 0.9206535 0 -1 7.54979e-08 19 11 3 255
0.10802293 6.950741e-08 0.9206535 0 -1 7.54979e-08 19 11 3 255
0.12802291 6.950741e-08 0.9206535 0 -1 7.54979e-08 19 11 3 255
0.14802289 6.950741e-08 0.9206535 0 -1 7.54979e-08 19 11 3 255
0.16802287 6.950741e-08 0.9206535 0 -1 7.54979e-08 19 11 3 255
0.18802285 6.950741e-08 0.9206535 0 -1 7.54979e-08 18 12 3 255
0.20802283 6.950741e-08 0.9206535 0 -1 7.54979e-08 7 19 3 255
0.22802293 6.950741e-08 0.9206535 0 -1 7.54979e-08 7 19 3 255
0.24802291 6.950741e-08 0.9206535 0 -1 7.54979e-08 7 19 3 255
0.2680229 6.950741e-08 0.9206535 0 -1 7.54979e-08 7 19 3 255
0.28802288 6.950741e-08 0.9206535 0 -1 7.54979e-08 7 19 3 255
0.30802286 6.950741e-08 0.9206535 0 -1 7.54979e-08 7 19 3 255
0.32802284 6.950741e-08 0.9206535 0 -1 7.54979e-08 9 18 3 255
0.34802294 6.950741e-08 0.9206535 0 -1 7.54979e-08 19 11 3 255
0.36802292 6.950741e-08 0.9206535 0 -1 7.54979e-08 19 11 3 255
0.3880229 6.950741e-08 0.9206535 0 -1 7.54979e-08 19 11 3 255
0.40802288 6.950741e-08 0.9206535 0 -1 7.54979e-08 19 11 3 255
0.42802286 6.950741e-08 0.9206535 0 -1 7.54979e-08 19 11 3 255
0.44802284 6.950741e-08 0.9206535 0 -1 7.54979e-08 20 12 4 255
0.46802282 6.950741e-08 0.9206535 0 -1 7.54979e-08 27 19 7 255
0.48802292 6.950741e-08 0.9206535 0 -1 7.54979e-08 23 15 5 255
0.5080229 6.950741e-08 0.9206535 0 -1 7.54979e-08 19 11 3 255
0.5280229 6.950741e-08 0.9206535 0 -1 7.54979e-08 10 17 3 255
0.54802287 6.950741e-08 0.9206535 0 -1 7.54979e-08 7 19 3 255
0.56802285 6.950741e-08 0.9206535 0 -1 7.54979e-08 42 33 12 255
0.5880228 6.950741e-08 0.9206535 0 -1 7.54979e-08 75 53 25 255
0.6080229 6.950741e-08 0.9206535 0 -1 7.54979e-08 95 64 32 255
0.6280229 6.950741e-08 0.9206535 0 -1 7.54979e-08 102 66 35 255
0.6480229 6.950741e-08 0.9206535 0 -1 7.54979e-08 84 60 29 255
0.6680229 6.950741e-08 0.9206535 0 -1 7.54979e-08 64 48 23 255
0.68802285 6.950741e-08 0.9206535 0 -1 7.54979e-08 46 38 15 255
0.70802283 6.950741e-08 0.9206535 0 -1 7.54979e-08 44 34 14 255
0.72802293 6.950741e-08 0.9206535 0 -1 7.54979e-08 38 29 14 255
-0.7119771 7.101737e-08 0.9406535 0 -1 7.54979e-08 0 0 0 255
-0.6919771 7.101737e-08 0.9406535 0 -1 7.54979e-08 46 38 15 255
-0.6719771 7.101737e-08 0.9406535 0 -1 7.54979e-08 39 31 11 255
-0.65197706 7.101737e-08 0.9406535 0 -1 7.54979e-08 39 31 11 255
-0.6319771 7.101737e-08 0.9406535 0 -1 7.54979e-08 49 37 15 255
-0.6119771 7.101737e-08 0.9406535 0 -1 7.54979e-08 87 58 29 255
-0.5919771 7.101737e-08 0.9406535 0 -1 7.54979e-08 111 73 38 255
-0.5719771 7.101737e-08 0.9406535 0 -1 7.54979e-08 129 82 46 255
-0.5519771 7.101737e-08 0.9406535 0 -1 7.54979e-08 130 83 47 255
-0.5319771 7.101737e-08 0.9406535 0 -1 7.54979e-08 141 91 52 255
-0.5119771 7.101737e-08 0.9406535 0 -1 7.54979e-08 153 97 56 255
-0.4919771 7.101737e-08 0.9406535 0 -1 7.54979e-08 157 102 58 255
-0.4719771 7.101737e-08 0.9406535 0 -1 7.54979e-08 163 105 61 255
-0.45197707 7.101737e-08 0.9406535 0 -1 7.54979e-08 165 106 62 255
-0.4319771 7.101737e-08 0.9406535 0 -1 7.54979e-08 173 110 66 255
-0.4119771 7.101737e-08 0.9406535 0 -1 7.54979e-08 170 109 65 255
-0.39197707 7.101737e-08 0.9406535 0 -1 7.54979e-08 165 106 62 255
-0.3719771 7.101737e-08 0.9406535 0 -1 7.54979e-08 160 103 60 255
-0.3519771 7.101737e-08 0.9406535 0 -1 7.54979e-08 163 105 61 255
-0.33197713 7.101737e-08 0.9406535 0 -1 7.54979e-08 165 106 62 255
-0.3119771 7.101737e-08 0.9406535 0 -1 7.54979e-08 155 100 58 255
-0.2919771 7.101737e-08 0.9406535 0 -1 7.54979e-08 128 81 46 255
-0.27197713 7.101737e-08 0.9406535 0 -1 7.54979e-08 121 78 43 255
-0.2519771 7.101737e-08 0.9406535 0 -1 7.54979e-08 111 72 38 255
-0.2319771 7.101737e-08 0.9406535 0 -1 7.54979e-08 79 55 26 255
-0.21197712 7.101737e-08 0.9406535 0 -1 7.54979e-08 40 37 33 255
-0.19197708 7.101737e-08 0.9406535 0 -1 7.54979e-08 35 35 35 255
-0.1719771 7.101737e-08 0.9406535 0 -1 7.54979e-08 31 31 31 255
-0.15197712 7.101737e-08 0.9406535 0 -1 7.54979e-08 31 31 31 255
-0.13197708 7.101737e-08 0.9406535 0 -1 7.54979e-08 29 25 19 255
-0.1119771 7.101737e-08 0.9406535 0 -1 7.54979e-08 27 19 7 255
-0.09197712 7.101737e-08 0.9406535 0 -1 7.54979e-08 20 12 4 255
-0.07197714 7.101737e-08 0.9406535 0 -1 7.54979e-08 19 11 3 255
-0.051977158 7.101737e-08 0.9406535 0 -1 7.54979e-08 19 11 3 255
-0.031977057 7.101737e-08 0.9406535 0 -1 7.54979e-08 19 11 3 255
-0.0119770765 7.101737e-08 0.9406535 0 -1 7.54979e-08 19 11 3 255
0.008022904 7.101737e-08 0.9406535 0 -1 7.54979e-08 19 11 3 255
0.028022885 7.101737e-08 0.9406535 0 -1 7.54979e-08 19 11 3 255
0.048022866 7.101737e-08 0.9406535 0 -1 7.54979e-08 19 11 3 255
0.06802285 7.101737e-08 0.9406535 0 -1 7.54979e-08 19 11 3 255
0.08802295 7.101737e-08 0.9406535 0 -1 7.54979e-08 19 11 3 255
0.10802293 7.101737e-08 0.9406535 0 -1 7.54979e-08 19 11 3 255
0.12802291 7.101737e-08 0.9406535 0 -1 7.54979e-08 19 11 3 255
0.14802289 7.101737e-08 0.9406535 0 -1 7.54979e-08 19 11 3 255
0.16802287 7.101737e-08 0.9406535 0 -1 7.54979e-08 19 11 3 255
0.18802285 7.101737e-08 0.9406535 0 -1 7.54979e-08 19 11 3 255
0.20802283 7.101737e-08 0.9406535 0 -1 7.54979e-08 19 11 3 255
0.22802293 7.101737e-08 0.9406535 0 -1 7.54979e-08 19 11 3 255
0.24802291 7.101737e-08 0.9406535 0 -1 7.54979e-08 19 11 3 255
0.2680229 7.101737e-08 0.9406535 0 -1 7.54979e-08 19 11 3 255
0.28802288 7.101737e-08 0.9406535 0 -1 7.54979e-08 19 11 3 255
0.30802286 7.101737e-08 0.9406535 0 -1 7.54979e-08 19 11 3 255
0.32802284 7.101737e-08 0.9406535 0 -1 7.54979e-08 19 11 3 255
0.34802294 7.101737e-08 0.9406535 0 -1 7.54979e-08 19 11 3 255
0.36802292 7.101737e-08 0.9406535 0 -1 7.54979e-08 19 11 3 255
0.3880229 7.101737e-08 0.9406535 0 -1 7.54979e-08 19 11 3 255
0.40802288 7.101737e-08 0.9406535 0 -1 7.54979e-08 19 11 3 255
0.42802286 7.101737e-08 0.9406535 0 -1 7.54979e-08 19 11 3 255
0.44802284 7.101737e-08 0.9406535 0 -1 7.54979e-08 19 11 3 255
0.46802282 7.101737e-08 0.9406535 0 -1 7.54979e-08 21 14 5 255
0.48802292 7.101737e-08 0.9406535 0 -1 7.54979e-08 23 15 5 255
0.5080229 7.101737e-08 0.9406535 0 -1 7.54979e-08 24 16 6 255
0.5280229 7.101737e-08 0.9406535 0 -1 7.54979e-08 27 19 7 255
0.54802287 7.101737e-08 0.9406535 0 -1 7.54979e-08 38 30 11 255
0.56802285 7.101737e-08 0.9406535 0 -1 7.54979e-08 61 44 20 255
0.5880228 7.101737e-08 0.9406535 0 -1 7.54979e-08 93 63 32 255
0.6080229 7.101737e-08 0.9406535 0 -1 7.54979e-08 110 71 38 255
0.6280229 7.101737e-08 0.9406535 0 -1 7.54979e-08 117 76 40 255
0.6480229 7.101737e-08 0.9406535 0 -1 7.54979e-08 87 62 30 255
0.6680229 7.101737e-08 0.9406535 0 -1 7.54979e-08 64 48 23 255
0.68802285 7.101737e-08 0.9406535 0 -1 7.54979e-08 39 31 11 255
0.70802283 7.101737e-08 0.9406535 0 -1 7.54979e-08 30 24 9 255
0.72802293 7.101737e-08 0.9406535 0 -1 7.54979e-08 0 0 0 255
-0.7119771 7.252732e-08 0.9606535 0 -1 7.54979e-08 0 0 0 255
-0.6919771 7.252732e-08 0.9606535 0 -1 7.54979e-08 46 38 15 255
-0.6719771 7.252732e-08 0.9606535 0 -1 7.54979e-08 39 31 11 255
-0.65197706 7.252732e-08 0.9606535 0 -1 7.54979e-08 39 31 11 255
-0.6319771 7.252732e-08 0.9606535 0 -1 7.54979e-08 49 37 15 255
-0.6119771 7.252732e-08 0.9606535 0 -1 7.54979e-08 79 56 27 255
-0.5919771 7.252732e-08 0.9606535 0 -1 7.54979e-08 109 72 37 255
-0.5719771 7.252732e-08 0.9606535 0 -1 7.54979e-08 121 78 43 255
-0.5519771 7.252732e-08 0.9606535 0 -1 7.54979e-08 130 83 47 255
-0.5319771 7.252732e-08 0.9606535 0 -1 7.54979e-08 141 91 52 255
-0.5119771 7.252732e-08 0.9606535 0 -1 7.54979e-08 149 94 54 255
-0.4919771 7.252732e-08 0.9606535 0 -1 7.54979e-08 154 99 57 255
-0.4719771 7.252732e-08 0.9606535 0 -1 7.54979e-08 157 102 58 255
-0.45197707 7.252732e-08 0.9606535 0 -1 7.54979e-08 164 105 62 255
-0.4319771 7.252732e-08 0.9606535 0 -1 7.54979e-08 165 106 62 255
-0.4119771 7.252732e-08 0.9606535 0 -1 7.54979e-08 165 106 62 255
-0.39197707 7.252732e-08 0.9606535 0 -1 7.54979e-08 161 104 61 255
-0.3719771 7.252732e-08 0.9606535 0 -1 7.54979e-08 157 102 58 255
-0.3519771 7.252732e-08 0.9606535 0 -1 7.54979e-08 151 96 56 255
-0.33197713 7.252732e-08 0.9606535 0 -1 7.54979e-08 149 94 55 255
-0.3119771 7.252732e-08 0.9606535 0 -1 7.54979e-08 137 90 50 255
-0.2919771 7.252732e-08 0.9606535 0 -1 7.54979e-08 127 81 46 255
-0.27197713 7.252732e-08 0.9606535 0 -1 7.54979e-08 121 78 43 255
-0.2519771 7.252732e-08 0.9606535 0 -1 7.54979e-08 117 76 40 255
-0.2319771 7.252732e-08 0.9606535 0 -1 7.54979e-08 83 57 28 255
-0.21197712 7.252732e-08 0.9606535 0 -1 7.54979e-08 46 44 40 255
-0.19197708 7.252732e-08 0.9606535 0 -1 7.54979e-08 35 35 35 255
-0.1719771 7.252732e-08 0.9606535 0 -1 7.54979e-08 34 34 34 255
-0.15197712 7.252732e-08 0.9606535 0 -1 7.54979e-08 31 31 31 255
-0.13197708 7.252732e-08 0.9606535 0 -1 7.54979e-08 31 31 31 255
-0.1119771 7.252732e-08 0.9606535 0 -1 7.54979e-08 28 23 15 255
-0.09197712 7.252732e-08 0.9606535 0 -1 7.54979e-08 27 19 7 255
-0.07197714 7.252732e-08 0.9606535 0 -1 7.54979e-08 27 19 7 255
-0.051977158 7.252732e-08 0.9606535 0 -1 7.54979e-08 19 11 3 255
-0.031977057 7.252732e-08 0.9606535 0 -1 7.54979e-08 19 11 3 255
-0.0119770765 7.252732e-08 0.9606535 0 -1 7.54979e-08 23 15 5 255
0.008022904 7.252732e-08 0.9606535 0 -1 7.54979e-08 22 14 5 255
0.028022885 7.252732e-08 0.9606535 0 -1 7.54979e-08 19 11 3 255
0.048022866 7.252732e-08 0.9606535 0 -1 7.54979e-08 19 11 3 255
0.06802285 7.252732e-08 0.9606535 0 -1 7.54979e-08 19 11 3 255
0.08802295 7.252732e-08 0.9606535 0 -1 7.54979e-08 21 13 4 255
0.10802293 7.252732e-08 0.9606535 0 -1 7.54979e-08 27 19 7 255
0.12802291 7.252732e-08 0.9606535 0 -1 7.54979e-08 27 19 7 255
0.14802289 7.252732e-08 0.9606535 0 -1 7.54979e-08 30 27 24 255
0.16802287 7.252732e-08 0.9606535 0 -1 7.54979e-08 31 30 30 255
0.18802285 7.252732e-08 0.9606535 0 -1 7.54979e-08 31 30 30 255
0.20802283 7.252732e-08 0.9606535 0 -1 7.54979e-08 31 30 30 255
0.22802293 7.252732e-08 0.9606535 0 -1 7.54979e-08 29 26 21 255
0.24802291 7.252732e-08 0.9606535 0 -1 7.54979e-08 27 19 7 255
0.2680229 7.252732e-08 0.9606535 0 -1 7.54979e-08 27 19 7 255
0.28802288 7.252732e-08 0.9606535 0 -1 7.54979e-08 20 12 4 255
0.30802286 7.252732e-08 0.9606535 0 -1 7.54979e-08 19 11 3 255
0.32802284 7.252732e-08 0.9606535 0 -1 7.54979e-08 19 11 3 255
0.34802294 7.252732e-08 0.9606535 0 -1 7.54979e-08 19 11 3 255
0.36802292 7.252732e-08 0.9606535 0 -1 7.54979e-08 19 11 3 255
0.3880229 7.252732e-08 0.9606535 0 -1 7.54979e-08 19 11 3 255
0.40802288 7.252732e-08 0.9606535 0 -1 7.54979e-08 19 11 3 255
0.42802286 7.252732e-08 0.9606535 0 -1 7.54979e-08 38 30 11 255
0.44802284 7.252732e-08 0.9606535 0 -1 7.54979e-08 24 19 7 255
0.46802282 7.252732e-08 0.9606535 0 -1 7.54979e-08 5 13 2 255
0.48802292 7.252732e-08 0.9606535 0 -1 7.54979e-08 0 0 0 255
0.5080229 7.252732e-08 0.9606535 0 -1 7.54979e-08 0 0 0 255
0.5280229 7.252732e-08 0.9606535 0 -1 7.54979e-08 30 24 8 255
0.54802287 7.252732e-08 0.9606535 0 -1 7.54979e-08 39 31 11 255
0.56802285 7.252732e-08 0.9606535 0 -1 7.54979e-08 90 62 31 255
0.5880228 7.252732e-08 0.9606535 0 -1 7.54979e-08 106 69 37 255
0.6080229 7.252732e-08 0.9606535 0 -1 7.54979e-08 121 78 42 255
0.6280229 7.252732e-08 0.9606535 0 -1 7.54979e-08 117 76 40 255
0.6480229 7.252732e-08 0.9606535 0 -1 7.54979e-08 87 62 30 255
0.6680229 7.252732e-08 0.9606535 0 -1 7.54979e-08 64 48 23 255
0.68802285 7.252732e-08 0.9606535 0 -1 7.54979e-08 39 31 11 255
0.70802283 7.252732e-08 0.9606535 0 -1 7.54979e-08 30 24 9 255
-0.6919771 7.403728e-08 0.98065346 0 -1 7.54979e-08 47 39 15 255
-0.6719771 7.403728e-08 0.98065346 0 -1 7.54979e-08 45 37 14 255
-0.65197706 7.403728e-08 0.98065346 0 -1 7.54979e-08 39 31 11 255
-0.6319771 7.403728e-08 0.98065346 0 -1 7.54979e-08 49 37 15 255
-0.6119771 7.403728e-08 0.98065346 0 -1 7.54979e-08 72 53 24 255
-0.5919771 7.403728e-08 0.98065346 0 -1 7.54979e-08 98 65 33 255
-0.5719771 7.403728e-08 0.98065346 0 -1 7.54979e-08 121 78 42 255
-0.5519771 7.403728e-08 0.98065346 0 -1 7.54979e-08 130 83 47 255
-0.5319771 7.403728e-08 0.98065346 0 -1 7.54979e-08 141 91 52 255
-0.5119771 7.403728e-08 0.98065346 0 -1 7.54979e-08 149 94 54 255
-0.4919771 7.403728e-08 0.98065346 0 -1 7.54979e-08 149 94 54 255
-0.4719771 7.403728e-08 0.98065346 0 -1 7.54979e-08 155 100 58 255
-0.45197707 7.403728e-08 0.98065346 0 -1 7.54979e-08 157 102 58 255
-0.4319771 7.403728e-08 0.98065346 0 -1 7.54979e-08 157 102 58 255
-0.4119771 7.403728e-08 0.98065346 0 -1 7.54979e-08 157 102 58 255
-0.39197707 7.403728e-08 0.98065346 0 -1 7.54979e-08 157 102 58 255
-0.3719771 7.403728e-08 0.98065346 0 -1 7.54979e-08 152 97 56 255
-0.3519771 7.403728e-08 0.98065346 0 -1 7.54979e-08 140 91 52 255
-0.33197713 7.403728e-08 0.98065346 0 -1 7.54979e-08 131 83 47 255
-0.3119771 7.403728e-08 0.98065346 0 -1 7.54979e-08 137 89 50 255
-0.2919771 7.403728e-08 0.98065346 0 -1 7.54979e-08 129 82 46 255
-0.27197713 7.403728e-08 0.98065346 0 -1 7.54979e-08 126 80 45 255
-0.2519771 7.403728e-08 0.98065346 0 -1 7.54979e-08 111 72 38 255
-0.2319771 7.403728e-08 0.98065346 0 -1 7.54979e-08 80 55 26 255
-0.21197712 7.403728e-08 0.98065346 0 -1 7.54979e-08 63 47 23 255
-0.19197708 7.403728e-08 0.98065346 0 -1 7.54979e-08 35 35 35 255
-0.1719771 7.403728e-08 0.98065346 0 -1 7.54979e-08 35 35 35 255
-0.15197712 7.403728e-08 0.98065346 0 -1 7.54979e-08 33 33 33 255
-0.13197708 7.403728e-08 0.98065346 0 -1 7.54979e-08 31 31 31 255
-0.1119771 7.403728e-08 0.98065346 0 -1 7.54979e-08 31 31 30 255
-0.09197712 7.403728e-08 0.98065346 0 -1 7.54979e-08 31 30 30 255
-0.07197714 7.403728e-08 0.98065346 0 -1 7.54979e-08 27 19 8 255
-0.051977158 7.403728e-08 0.98065346 0 -1 7.54979e-08 24 19 7 255
-0.031977057 7.403728e-08 0.98065346 0 -1 7.54979e-08 11 16 3 255
-0.0119770765 7.403728e-08 0.98065346 0 -1 7.54979e-08 23 15 5 255
0.008022904 7.403728e-08 0.98065346 0 -1 7.54979e-08 27 19 7 255
0.028022885 7.403728e-08 0.98065346 0 -1 7.54979e-08 27 19 7 255
0.048022866 7.403728e-08 0.98065346 0 -1 7.54979e-08 27 19 7 255
0.06802285 7.403728e-08 0.98065346 0 -1 7.54979e-08 24 17 6 255
0.08802295 7.403728e-08 0.98065346 0 -1 7.54979e-08 2 5 1 255
0.10802293 7.403728e-08 0.98065346 0 -1 7.54979e-08 13 16 3 255
0.12802291 7.403728e-08 0.98065346 0 -1 7.54979e-08 19 11 3 255
0.14802289 7.403728e-08 0.98065346 0 -1 7.54979e-08 19 12 4 255
0.16802287 7.403728e-08 0.98065346 0 -1 7.54979e-08 19 12 4 255
0.18802285 7.403728e-08 0.98065346 0 -1 7.54979e-08 19 12 4 255
0.20802283 7.403728e-08 0.98065346 0 -1 7.54979e-08 15 9 3 255
0.22802293 7.403728e-08 0.98065346 0 -1 7.54979e-08 0 0 0 255
0.24802291 7.403728e-08 0.98065346 0 -1 7.54979e-08 0 0 0 255
0.2680229 7.403728e-08 0.98065346 0 -1 7.54979e-08 0 0 0 255
0.28802288 7.403728e-08 0.98065346 0 -1 7.54979e-08 16 10 3 255
0.30802286 7.403728e-08 0.98065346 0 -1 7.54979e-08 27 19 8 255
0.32802284 7.403728e-08 0.98065346 0 -1 7.54979e-08 28 27 25 255
0.34802294 7.403728e-08 0.98065346 0 -1 7.54979e-08 19 11 3 255
0.36802292 7.403728e-08 0.98065346 0 -1 7.54979e-08 19 11 3 255
0.3880229 7.403728e-08 0.98065346 0 -1 7.54979e-08 19 11 3 255
0.40802288 7.403728e-08 0.98065346 0 -1 7.54979e-08 19 11 3 255
0.42802286 7.403728e-08 0.98065346 0 -1 7.54979e-08 20 12 4 255
0.44802284 7.403728e-08 0.98065346 0 -1 7.54979e-08 18 12 3 255
0.46802282 7.403728e-08 0.98065346 0 -1 7.54979e-08 5 13 2 255
0.48802292 7.403728e-08 0.98065346 0 -1 7.54979e-08 0 0 0 255
0.5080229 7.403728e-08 0.98065346 0 -1 7.54979e-08 0 0 0 255
0.5280229 7.403728e-08 0.98065346 0 -1 7.54979e-08 30 24 9 255
0.54802287 7.403728e-08 0.98065346 0 -1 7.54979e-08 57 42 18 255
0.56802285 7.403728e-08 0.98065346 0 -1 7.54979e-08 93 64 32 255
0.5880228 7.403728e-08 0.98065346 0 -1 7.54979e-08 128 82 45 255
0.6080229 7.403728e-08 0.98065346 0 -1 7.54979e-08 137 87 49 255
0.6280229 7.403728e-08 0.98065346 0 -1 7.54979e-08 117 76 40 255
0.6480229 7.403728e-08 0.98065346 0 -1 7.54979e-08 96 65 33 255
0.6680229 7.403728e-08 0.98065346 0 -1 7.54979e-08 65 48 24 255
0.68802285 7.403728e-08 0.98065346 0 -1 7.54979e-08 39 31 11 255
-0.6919771 7.554724e-08 1.0006535 0 -1 7.54979e-08 2 2 0 255
-0.6719771 7.554724e-08 1.0006535 0 -1 7.54979e-08 46 39 15 255
-0.65197706 7.554724e-08 1.0006535 0 -1 7.54979e-08 46 38 15 255
-0.6319771 7.554724e-08 1.0006535 0 -1 7.54979e-08 52 40 17 255
-0.6119771 7.554724e-08 1.0006535 0 -1 7.54979e-08 66 48 22 255
-0.5919771 7.554724e-08 1.0006535 0 -1 7.54979e-08 87 60 30 255
-0.5719771 7.554724e-08 1.0006535 0 -1 7.54979e-08 121 78 42 255
-0.5519771 7.554724e-08 1.0006535 0 -1 7.54979e-08 130 83 47 255
-0.5319771 7.554724e-08 1.0006535 0 -1 7.54979e-08 137 90 51 255
-0.5119771 7.554724e-08 1.0006535 0 -1 7.54979e-08 143 92 52 255
-0.4919771 7.554724e-08 1.0006535 0 -1 7.54979e-08 149 94 54 255
-0.4719771 7.554724e-08 1.0006535 0 -1 7.54979e-08 149 94 55 255
-0.45197707 7.554724e-08 1.0006535 0 -1 7.54979e-08 149 94 55 255
-0.4319771 7.554724e-08 1.0006535 0 -1 7.54979e-08 149 94 55 255
-0.4119771 7.554724e-08 1.0006535 0 -1 7.54979e-08 149 94 55 255
-0.39197707 7.554724e-08 1.0006535 0 -1 7.54979e-08 149 94 55 255
-0.3719771 7.554724e-08 1.0006535 0 -1 7.54979e-08 149 94 54 255
-0.3519771 7.554724e-08 1.0006535 0 -1 7.54979e-08 140 91 51 255
-0.33197713 7.554724e-08 1.0006535 0 -1 7.54979e-08 130 83 47 255
-0.3119771 7.554724e-08 1.0006535 0 -1 7.54979e-08 130 83 47 255
-0.2919771 7.554724e-08 1.0006535 0 -1 7.54979e-08 133 87 49 255
-0.27197713 7.554724e-08 1.0006535 0 -1 7.54979e-08 122 78 43 255
-0.2519771 7.554724e-08 1.0006535 0 -1 7.54979e-08 111 72 38 255
-0.2319771 7.554724e-08 1.0006535 0 -1 7.54979e-08 80 55 26 255
-0.21197712 7.554724e-08 1.0006535 0 -1 7.54979e-08 63 47 23 255
-0.19197708 7.554724e-08 1.0006535 0 -1 7.54979e-08 42 42 42 255
-0.1719771 7.554724e-08 1.0006535 0 -1 7.54979e-08 35 35 35 255
-0.15197712 7.554724e-08 1.0006535 0 -1 7.54979e-08 35 35 35 255
-0.13197708 7.554724e-08 1.0006535 0 -1 7.54979e-08 35 35 35 255
-0.1119771 7.554724e-08 1.0006535 0 -1 7.54979e-08 30 25 17 255
-0.09197712 7.554724e-08 1.0006535 0 -1 7.54979e-08 5 4 2 255
-0.07197714 7.554724e-08 1.0006535 0 -1 7.54979e-08 1 0 0 255
-0.051977158 7.554724e-08 1.0006535 0 -1 7.54979e-08 9 18 3 255
-0.031977057 7.554724e-08 1.0006535 0 -1 7.54979e-08 15 14 3 255
-0.0119770765 7.554724e-08 1.0006535 0 -1 7.54979e-08 13 15 3 255
0.008022904 7.554724e-08 1.0006535 0 -1 7.54979e-08 19 11 4 255
0.028022885 7.554724e-08 1.0006535 0 -1 7.54979e-08 25 17 6 255
0.048022866 7.554724e-08 1.0006535 0 -1 7.54979e-08 27 19 7 255
0.06802285 7.554724e-08 1.0006535 0 -1 7.54979e-08 17 10 3 255
0.08802295 7.554724e-08 1.0006535 0 -1 7.54979e-08 0 0 0 255
0.10802293 7.554724e-08 1.0006535 0 -1 7.54979e-08 0 0 0 255
0.12802291 7.554724e-08 1.0006535 0 -1 7.54979e-08 0 0 0 255
0.14802289 7.554724e-08 1.0006535 0 -1 7.54979e-08 0 0 0 255
0.16802287 7.554724e-08 1.0006535 0 -1 7.54979e-08 17 10 3 255
0.18802285 7.554724e-08 1.0006535 0 -1 7.54979e-08 18 12 3 255
0.20802283 7.554724e-08 1.0006535 0 -1 7.54979e-08 6 14 3 255
0.22802293 7.554724e-08 1.0006535 0 -1 7.54979e-08 0 0 0 255
0.24802291 7.554724e-08 1.0006535 0 -1 7.54979e-08 0 0 0 255
0.2680229 7.554724e-08 1.0006535 0 -1 7.54979e-08 0 0 0 255
0.28802288 7.554724e-08 1.0006535 0 -1 7.54979e-08 7 16 3 255
0.30802286 7.554724e-08 1.0006535 0 -1 7.54979e-08 31 30 30 255
0.32802284 7.554724e-08 1.0006535 0 -1 7.54979e-08 34 34 34 255
0.34802294 7.554724e-08 1.0006535 0 -1 7.54979e-08 26 24 21 255
0.36802292 7.554724e-08 1.0006535 0 -1 7.54979e-08 19 11 3 255
0.3880229 7.554724e-08 1.0006535 0 -1 7.54979e-08 11 16 3 255
0.40802288 7.554724e-08 1.0006535 0 -1 7.54979e-08 2 3 0 255
0.42802286 7.554724e-08 1.0006535 0 -1 7.54979e-08 0 0 0 255
0.44802284 7.554724e-08 1.0006535 0 -1 7.54979e-08 1 3 0 255
0.46802282 7.554724e-08 1.0006535 0 -1 7.54979e-08 16 22 6 255
0.48802292 7.554724e-08 1.0006535 0 -1 7.54979e-08 37 29 11 255
0.5080229 7.554724e-08 1.0006535 0 -1 7.54979e-08 14 11 4 255
0.5280229 7.554724e-08 1.0006535 0 -1 7.54979e-08 30 24 9 255
0.54802287 7.554724e-08 1.0006535 0 -1 7.54979e-08 61 45 22 255
0.56802285 7.554724e-08 1.0006535 0 -1 7.54979e-08 124 80 44 255
0.5880228 7.554724e-08 1.0006535 0 -1 7.54979e-08 163 105 62 255
0.6080229 7.554724e-08 1.0006535 0 -1 7.54979e-08 157 100 59 255
0.6280229 7.554724e-08 1.0006535 0 -1 7.54979e-08 128 82 45 255
0.6480229 7.554724e-08 1.0006535 0 -1 7.54979e-08 96 65 33 255
0.6680229 7.554724e-08 1.0006535 0 -1 7.54979e-08 72 51 24 255
-0.6719771 7.7057194e-08 1.0206535 0 -1 7.54979e-08 49 39 16 255
-0.65197706 7.7057194e-08 1.0206535 0 -1 7.54979e-08 58 42 19 255
-0.6319771 7.7057194e-08 1.0206535 0 -1 7.54979e-08 64 46 21 255
-0.6119771 7.7057194e-08 1.0206535 0 -1 7.54979e-08 70 50 23 255
-0.5919771 7.7057194e-08 1.0206535 0 -1 7.54979e-08 86 60 29 255
-0.5719771 7.7057194e-08 1.0206535 0 -1 7.54979e-08 113 74 39 255
-0.5519771 7.7057194e-08 1.0206535 0 -1 7.54979e-08 129 82 47 255
-0.5319771 7.7057194e-08 1.0206535 0 -1 7.54979e-08 132 85 48 255
-0.5119771 7.7057194e-08 1.0206535 0 -1 7.54979e-08 137 90 51 255
-0.4919771 7.7057194e-08 1.0206535 0 -1 7.54979e-08 145 92 53 255
-0.4719771 7.7057194e-08 1.0206535 0 -1 7.54979e-08 149 94 54 255
-0.45197707 7.7057194e-08 1.0206535 0 -1 7.54979e-08 149 94 54 255
-0.4319771 7.7057194e-08 1.0206535 0 -1 7.54979e-08 149 94 54 255
-0.4119771 7.7057194e-08 1.0206535 0 -1 7.54979e-08 149 94 54 255
-0.39197707 7.7057194e-08 1.0206535 0 -1 7.54979e-08 149 94 54 255
-0.3719771 7.7057194e-08 1.0206535 0 -1 7.54979e-08 149 94 54 255
-0.3519771 7.7057194e-08 1.0206535 0 -1 7.54979e-08 140 91 51 255
-0.33197713 7.7057194e-08 1.0206535 0 -1 7.54979e-08 130 83 47 255
-0.3119771 7.7057194e-08 1.0206535 0 -1 7.54979e-08 136 89 50 255
-0.2919771 7.7057194e-08 1.0206535 0 -1 7.54979e-08 128 81 46 255
-0.27197713 7.7057194e-08 1.0206535 0 -1 7.54979e-08 121 78 43 255
-0.2519771 7.7057194e-08 1.0206535 0 -1 7.54979e-08 105 70 36 255
-0.2319771 7.7057194e-08 1.0206535 0 -1 7.54979e-08 68 49 23 255
-0.21197712 7.7057194e-08 1.0206535 0 -1 7.54979e-08 43 33 13 255
-0.19197708 7.7057194e-08 1.0206535 0 -1 7.54979e-08 61 46 24 255
-0.1719771 7.7057194e-08 1.0206535 0 -1 7.54979e-08 48 48 48 255
-0.15197712 7.7057194e-08 1.0206535 0 -1 7.54979e-08 40 40 40 255
-0.13197708 7.7057194e-08 1.0206535 0 -1 7.54979e-08 35 35 35 255
-0.1119771 7.7057194e-08 1.0206535 0 -1 7.54979e-08 12 12 12 255
-0.09197712 7.7057194e-08 1.0206535 0 -1 7.54979e-08 0 0 0 255
-0.07197714 7.7057194e-08 1.0206535 0 -1 7.54979e-08 0 0 0 255
-0.051977158 7.7057194e-08 1.0206535 0 -1 7.54979e-08 33 33 33 255
-0.031977057 7.7057194e-08 1.0206535 0 -1 7.54979e-08 21 21 20 255
-0.0119770765 7.7057194e-08 1.0206535 0 -1 7.54979e-08 0 0 0 255
0.008022904 7.7057194e-08 1.0206535 0 -1 7.54979e-08 0 0 0 255
0.028022885 7.7057194e-08 1.0206535 0 -1 7.54979e-08 6 15 3 255
0.048022866 7.7057194e-08 1.0206535 0 -1 7.54979e-08 8 19 4 255
0.06802285 7.7057194e-08 1.0206535 0 -1 7.54979e-08 7 17 3 255
0.08802295 7.7057194e-08 1.0206535 0 -1 7.54979e-08 0 0 0 255
0.10802293 7.7057194e-08 1.0206535 0 -1 7.54979e-08 0 0 0 255
0.12802291 7.7057194e-08 1.0206535 0 -1 7.54979e-08 0 0 0 255
0.14802289 7.7057194e-08 1.0206535 0 -1 7.54979e-08 5 13 2 255
0.16802287 7.7057194e-08 1.0206535 0 -1 7.54979e-08 8 19 3 255
0.18802285 7.7057194e-08 1.0206535 0 -1 7.54979e-08 0 0 0 255
0.20802283 7.7057194e-08 1.0206535 0 -1 7.54979e-08 0 0 0 255
0.22802293 7.7057194e-08 1.0206535 0 -1 7.54979e-08 0 0 0 255
0.24802291 7.7057194e-08 1.0206535 0 -1 7.54979e-08 0 0 0 255
0.2680229 7.7057194e-08 1.0206535 0 -1 7.54979e-08 0 0 0 255
0.28802288 7.7057194e-08 1.0206535 0 -1 7.54979e-08 0 0 0 255
0.30802286 7.7057194e-08 1.0206535 0 -1 7.54979e-08 31 31 31 255
0.32802284 7.7057194e-08 1.0206535 0 -1 7.54979e-08 35 35 35 255
0.34802294 7.7057194e-08 1.0206535 0 -1 7.54979e-08 25 29 24 255
0.36802292 7.7057194e-08 1.0206535 0 -1 7.54979e-08 4 9 2 255
0.3880229 7.7057194e-08 1.0206535 0 -1 7.54979e-08 0 0 0 255
0.40802288 7.7057194e-08 1.0206535 0 -1 7.54979e-08 0 0 0 255
0.42802286 7.7057194e-08 1.0206535 0 -1 7.54979e-08 0 0 0 255
0.44802284 7.7057194e-08 1.0206535 0 -1 7.54979e-08 0 0 0 255
0.46802282 7.7057194e-08 1.0206535 0 -1 7.54979e-08 11 9 3 255
0.48802292 7.7057194e-08 1.0206535 0 -1 7.54979e-08 49 38 16 255
0.5080229 7.7057194e-08 1.0206535 0 -1 7.54979e-08 46 35 15 255
0.5280229 7.7057194e-08 1.0206535 0 -1 7.54979e-08 56 42 20 255
0.54802287 7.7057194e-08 1.0206535 0 -1 7.54979e-08 108 71 37 255
0.56802285 7.7057194e-08 1.0206535 0 -1 7.54979e-08 163 104 61 255
0.5880228 7.7057194e-08 1.0206535 0 -1 7.54979e-08 165 106 62 255
0.6080229 7.7057194e-08 1.0206535 0 -1 7.54979e-08 158 101 59 255
0.6280229 7.7057194e-08 1.0206535 0 -1 7.54979e-08 128 82 45 255
0.6480229 7.7057194e-08 1.0206535 0 -1 7.54979e-08 104 68 36 255
0.6680229 7.7057194e-08 1.0206535 0 -1 7.54979e-08 90 62 31 255
0.68802285 7.7057194e-08 1.0206535 0 -1 7.54979e-08 36 29 10 255
-0.6719771 7.8567155e-08 1.0406535 0 -1 7.54979e-08 49 39 16 255
-0.65197706 7.8567155e-08 1.0406535 0 -1 7.54979e-08 62 45 20 255
-0.6319771 7.8567155e-08 1.0406535 0 -1 7.54979e-08 73 54 25 255
-0.6119771 7.8567155e-08 1.0406535 0 -1 7.54979e-08 78 58 27 255
-0.5919771 7.8567155e-08 1.0406535 0 -1 7.54979e-08 79 58 27 255
-0.5719771 7.8567155e-08 1.0406535 0 -1 7.54979e-08 102 67 35 255
-0.5519771 7.8567155e-08 1.0406535 0 -1 7.54979e-08 117 76 40 255
-0.5319771 7.8567155e-08 1.0406535 0 -1 7.54979e-08 129 82 47 255
-0.5119771 7.8567155e-08 1.0406535 0 -1 7.54979e-08 133 86 48 255
-0.4919771 7.8567155e-08 1.0406535 0 -1 7.54979e-08 138 90 51 255
-0.4719771 7.8567155e-08 1.0406535 0 -1 7.54979e-08 146 93 54 255
-0.45197707 7.8567155e-08 1.0406535 0 -1 7.54979e-08 149 94 54 255
-0.4319771 7.8567155e-08 1.0406535 0 -1 7.54979e-08 149 94 54 255
-0.4119771 7.8567155e-08 1.0406535 0 -1 7.54979e-08 149 94 54 255
-0.39197707 7.8567155e-08 1.0406535 0 -1 7.54979e-08 144 92 53 255
-0.3719771 7.8567155e-08 1.0406535 0 -1 7.54979e-08 138 90 51 255
-0.3519771 7.8567155e-08 1.0406535 0 -1 7.54979e-08 132 84 48 255
-0.33197713 7.8567155e-08 1.0406535 0 -1 7.54979e-08 129 82 47 255
-0.3119771 7.8567155e-08 1.0406535 0 -1 7.54979e-08 129 82 47 255
-0.2919771 7.8567155e-08 1.0406535 0 -1 7.54979e-08 122 78 43 255
-0.27197713 7.8567155e-08 1.0406535 0 -1 7.54979e-08 114 74 40 255
-0.2519771 7.8567155e-08 1.0406535 0 -1 7.54979e-08 96 64 33 255
-0.2319771 7.8567155e-08 1.0406535 0 -1 7.54979e-08 68 48 22 255
-0.21197712 7.8567155e-08 1.0406535 0 -1 7.54979e-08 32 23 9 255
-0.19197708 7.8567155e-08 1.0406535 0 -1 7.54979e-08 58 43 20 255
-0.1719771 7.8567155e-08 1.0406535 0 -1 7.54979e-08 52 50 46 255
-0.15197712 7.8567155e-08 1.0406535 0 -1 7.54979e-08 55 45 30 255
-0.13197708 7.8567155e-08 1.0406535 0 -1 7.54979e-08 40 37 27 255
-0.1119771 7.8567155e-08 1.0406535 0 -1 7.54979e-08 13 10 4 255
-0.09197712 7.8567155e-08 1.0406535 0 -1 7.54979e-08 5 14 2 255
-0.07197714 7.8567155e-08 1.0406535 0 -1 7.54979e-08 115 116 115 255
-0.051977158 7.8567155e-08 1.0406535 0 -1 7.54979e-08 183 183 183 255
-0.031977057 7.8567155e-08 1.0406535 0 -1 7.54979e-08 165 165 165 255
-0.0119770765 7.8567155e-08 1.0406535 0 -1 7.54979e-08 93 86 76 255
0.008022904 7.8567155e-08 1.0406535 0 -1 7.54979e-08 20 15 6 255
0.028022885 7.8567155e-08 1.0406535 0 -1 7.54979e-08 0 0 0 255
0.048022866 7.8567155e-08 1.0406535 0 -1 7.54979e-08 0 1 0 255
0.06802285 7.8567155e-08 1.0406535 0 -1 7.54979e-08 0 1 0 255
0.08802295 7.8567155e-08 1.0406535 0 -1 7.54979e-08 0 0 0 255
0.10802293 7.8567155e-08 1.0406535 0 -1 7.54979e-08 0 0 0 255
0.12802291 7.8567155e-08 1.0406535 0 -1 7.54979e-08 0 0 0 255
0.14802289 7.8567155e-08 1.0406535 0 -1 7.54979e-08 0 0 0 255
0.16802287 7.8567155e-08 1.0406535 0 -1 7.54979e-08 0 1 0 255
0.18802285 7.8567155e-08 1.0406535 0 -1 7.54979e-08 0 0 0 255
0.20802283 7.8567155e-08 1.0406535 0 -1 7.54979e-08 0 0 0 255
0.22802293 7.8567155e-08 1.0406535 0 -1 7.54979e-08 0 0 0 255
0.24802291 7.8567155e-08 1.0406535 0 -1 7.54979e-08 0 0 0 255
0.2680229 7.8567155e-08 1.0406535 0 -1 7.54979e-08 0 0 0 255
0.28802288 7.8567155e-08 1.0406535 0 -1 7.54979e-08 0 0 0 255
0.30802286 7.8567155e-08 1.0406535 0 -1 7.54979e-08 39 32 14 255
0.32802284 7.8567155e-08 1.0406535 0 -1 7.54979e-08 64 64 64 255
0.34802294 7.8567155e-08 1.0406535 0 -1 7.54979e-08 23 27 22 255
0.36802292 7.8567155e-08 1.0406535 0 -1 7.54979e-08 3 9 1 255
0.3880229 7.8567155e-08 1.0406535 0 -1 7.54979e-08 0 0 0 255
0.40802288 7.8567155e-08 1.0406535 0 -1 7.54979e-08 0 0 0 255
0.42802286 7.8567155e-08 1.0406535 0 -1 7.54979e-08 0 0 0 255
0.44802284 7.8567155e-08 1.0406535 0 -1 7.54979e-08 0 0 0 255
0.46802282 7.8567155e-08 1.0406535 0 -1 7.54979e-08 11 9 3 255
0.48802292 7.8567155e-08 1.0406535 0 -1 7.54979e-08 50 38 17 255
0.5080229 7.8567155e-08 1.0406535 0 -1 7.54979e-08 77 55 27 255
0.5280229 7.8567155e-08 1.0406535 0 -1 7.54979e-08 88 61 30 255
0.54802287 7.8567155e-08 1.0406535 0 -1 7.54979e-08 126 80 45 255
0.56802285 7.8567155e-08 1.0406535 0 -1 7.54979e-08 151 96 56 255
0.5880228 7.8567155e-08 1.0406535 0 -1 7.54979e-08 161 103 60 255
0.6080229 7.8567155e-08 1.0406535 0 -1 7.54979e-08 139 88 50 255
0.6280229 7.8567155e-08 1.0406535 0 -1 7.54979e-08 111 72 38 255
0.6480229 7.8567155e-08 1.0406535 0 -1 7.54979e-08 102 66 35 255
0.6680229 7.8567155e-08 1.0406535 0 -1 7.54979e-08 91 63 31 255
0.68802285 7.8567155e-08 1.0406535 0 -1 7.54979e-08 2 1 0 255
-0.6719771 8.007711e-08 1.0606534 0 -1 7.54979e-08 13 9 4 255
-0.65197706 8.007711e-08 1.0606534 0 -1 7.54979e-08 62 45 20 255
-0.6319771 8.007711e-08 1.0606534 0 -1 7.54979e-08 74 54 25 255
-0.6119771 8.007711e-08 1.0606534 0 -1 7.54979e-08 85 61 29 255
-0.5919771 8.007711e-08 1.0606534 0 -1 7.54979e-08 80 59 27 255
-0.5719771 8.007711e-08 1.0606534 0 -1 7.54979e-08 80 59 27 255
-0.5519771 8.007711e-08 1.0606534 0 -1 7.54979e-08 104 68 36 255
-0.5319771 8.007711e-08 1.0606534 0 -1 7.54979e-08 119 77 41 255
-0.5119771 8.007711e-08 1.0606534 0 -1 7.54979e-08 129 82 47 255
-0.4919771 8.007711e-08 1.0606534 0 -1 7.54979e-08 130 83 47 255
-0.4719771 8.007711e-08 1.0606534 0 -1 7.54979e-08 136 88 50 255
-0.45197707 8.007711e-08 1.0606534 0 -1 7.54979e-08 138 90 51 255
-0.4319771 8.007711e-08 1.0606534 0 -1 7.54979e-08 138 90 51 255
-0.4119771 8.007711e-08 1.0606534 0 -1 7.54979e-08 138 90 51 255
-0.39197707 8.007711e-08 1.0606534 0 -1 7.54979e-08 138 90 51 255
-0.3719771 8.007711e-08 1.0606534 0 -1 7.54979e-08 133 86 48 255
-0.3519771 8.007711e-08 1.0606534 0 -1 7.54979e-08 135 88 49 255
-0.33197713 8.007711e-08 1.0606534 0 -1 7.54979e-08 130 83 47 255
-0.3119771 8.007711e-08 1.0606534 0 -1 7.54979e-08 129 82 46 255
-0.2919771 8.007711e-08 1.0606534 0 -1 7.54979e-08 117 76 41 255
-0.27197713 8.007711e-08 1.0606534 0 -1 7.54979e-08 98 65 34 255
-0.2519771 8.007711e-08 1.0606534 0 -1 7.54979e-08 90 62 31 255
-0.2319771 8.007711e-08 1.0606534 0 -1 7.54979e-08 70 51 25 255
-0.21197712 8.007711e-08 1.0606534 0 -1 7.54979e-08 25 16 6 255
-0.19197708 8.007711e-08 1.0606534 0 -1 7.54979e-08 41 32 12 255
-0.1719771 8.007711e-08 1.0606534 0 -1 7.54979e-08 72 56 32 255
-0.15197712 8.007711e-08 1.0606534 0 -1 7.54979e-08 48 48 46 255
-0.13197708 8.007711e-08 1.0606534 0 -1 7.54979e-08 31 28 23 255
-0.1119771 8.007711e-08 1.0606534 0 -1 7.54979e-08 11 16 3 255
-0.09197712 8.007711e-08 1.0606534 0 -1 7.54979e-08 40 43 39 255
-0.07197714 8.007711e-08 1.0606534 0 -1 7.54979e-08 185 185 185 255
-0.051977158 8.007711e-08 1.0606534 0 -1 7.54979e-08 243 218 203 255
-0.031977057 8.007711e-08 1.0606534 0 -1 7.54979e-08 242 217 202 255
-0.0119770765 8.007711e-08 1.0606534 0 -1 7.54979e-08 205 190 182 255
0.008022904 8.007711e-08 1.0606534 0 -1 7.54979e-08 121 121 120 255
0.028022885 8.007711e-08 1.0606534 0 -1 7.54979e-08 80 80 80 255
0.048022866 8.007711e-08 1.0606534 0 -1 7.54979e-08 62 62 62 255
0.06802285 8.007711e-08 1.0606534 0 -1 7.54979e-08 46 46 46 255
0.08802295 8.007711e-08 1.0606534 0 -1 7.54979e-08 41 41 41 255
0.10802293 8.007711e-08 1.0606534 0 -1 7.54979e-08 53 53 53 255
0.12802291 8.007711e-08 1.0606534 0 -1 7.54979e-08 61 61 61 255
0.14802289 8.007711e-08 1.0606534 0 -1 7.54979e-08 37 37 37 255
0.16802287 8.007711e-08 1.0606534 0 -1 7.54979e-08 2 2 2 255
0.18802285 8.007711e-08 1.0606534 0 -1 7.54979e-08 0 0 0 255
0.20802283 8.007711e-08 1.0606534 0 -1 7.54979e-08 7 7 7 255
0.22802293 8.007711e-08 1.0606534 0 -1 7.54979e-08 35 35 35 255
0.24802291 8.007711e-08 1.0606534 0 -1 7.54979e-08 40 40 40 255
0.2680229 8.007711e-08 1.0606534 0 -1 7.54979e-08 52 52 52 255
0.28802288 8.007711e-08 1.0606534 0 -1 7.54979e-08 105 105 105 255
0.30802286 8.007711e-08 1.0606534 0 -1 7.54979e-08 211 210 209 255
0.32802284 8.007711e-08 1.0606534 0 -1 7.54979e-08 219 219 219 255
0.34802294 8.007711e-08 1.0606534 0 -1 7.54979e-08 193 194 193 255
0.36802292 8.007711e-08 1.0606534 0 -1 7.54979e-08 142 143 142 255
0.3880229 8.007711e-08 1.0606534 0 -1 7.54979e-08 124 124 124 255
0.40802288 8.007711e-08 1.0606534 0 -1 7.54979e-08 139 139 139 255
0.42802286 8.007711e-08 1.0606534 0 -1 7.54979e-08 113 113 113 255
0.44802284 8.007711e-08 1.0606534 0 -1 7.54979e-08 41 43 41 255
0.46802282 8.007711e-08 1.0606534 0 -1 7.54979e-08 13 18 4 255
0.48802292 8.007711e-08 1.0606534 0 -1 7.54979e-08 50 37 16 255
0.5080229 8.007711e-08 1.0606534 0 -1 7.54979e-08 78 58 27 255
0.5280229 8.007711e-08 1.0606534 0 -1 7.54979e-08 116 76 41 255
0.54802287 8.007711e-08 1.0606534 0 -1 7.54979e-08 146 92 53 255
0.56802285 8.007711e-08 1.0606534 0 -1 7.54979e-08 149 94 54 255
0.5880228 8.007711e-08 1.0606534 0 -1 7.54979e-08 143 91 52 255
0.6080229 8.007711e-08 1.0606534 0 -1 7.54979e-08 115 74 40 255
0.6280229 8.007711e-08 1.0606534 0 -1 7.54979e-08 102 67 35 255
0.6480229 8.007711e-08 1.0606534 0 -1 7.54979e-08 102 66 35 255
0.6680229 8.007711e-08 1.0606534 0 -1 7.54979e-08 91 63 31 255
0.68802285 8.007711e-08 1.0606534 0 -1 7.54979e-08 0 0 0 255
-0.6719771 8.158707e-08 1.0806534 0 -1 7.54979e-08 10 7 3 255
-0.65197706 8.158707e-08 1.0806534 0 -1 7.54979e-08 59 43 19 255
-0.6319771 8.158707e-08 1.0806534 0 -1 7.54979e-08 80 54 27 255
-0.6119771 8.158707e-08 1.0806534 0 -1 7.54979e-08 100 66 34 255
-0.5919771 8.158707e-08 1.0806534 0 -1 7.54979e-08 91 63 31 255
-0.5719771 8.158707e-08 1.0806534 0 -1 7.54979e-08 89 62 30 255
-0.5519771 8.158707e-08 1.0806534 0 -1 7.54979e-08 92 63 32 255
-0.5319771 8.158707e-08 1.0806534 0 -1 7.54979e-08 106 69 36 255
-0.5119771 8.158707e-08 1.0806534 0 -1 7.54979e-08 118 76 41 255
-0.4919771 8.158707e-08 1.0806534 0 -1 7.54979e-08 126 81 45 255
-0.4719771 8.158707e-08 1.0806534 0 -1 7.54979e-08 130 82 47 255
-0.45197707 8.158707e-08 1.0806534 0 -1 7.54979e-08 130 83 47 255
-0.4319771 8.158707e-08 1.0806534 0 -1 7.54979e-08 130 83 47 255
-0.4119771 8.158707e-08 1.0806534 0 -1 7.54979e-08 130 83 47 255
-0.39197707 8.158707e-08 1.0806534 0 -1 7.54979e-08 130 83 47 255
-0.3719771 8.158707e-08 1.0806534 0 -1 7.54979e-08 129 82 47 255
-0.3519771 8.158707e-08 1.0806534 0 -1 7.54979e-08 130 82 47 255
-0.33197713 8.158707e-08 1.0806534 0 -1 7.54979e-08 123 79 43 255
-0.3119771 8.158707e-08 1.0806534 0 -1 7.54979e-08 121 78 42 255
-0.2919771 8.158707e-08 1.0806534 0 -1 7.54979e-08 103 67 35 255
-0.27197713 8.158707e-08 1.0806534 0 -1 7.54979e-08 101 66 35 255
-0.2519771 8.158707e-08 1.0806534 0 -1 7.54979e-08 81 56 29 255
-0.2319771 8.158707e-08 1.0806534 0 -1 7.54979e-08 60 44 21 255
-0.21197712 8.158707e-08 1.0806534 0 -1 7.54979e-08 15 22 6 255
-0.19197708 8.158707e-08 1.0806534 0 -1 7.54979e-08 11 21 5 255
-0.1719771 8.158707e-08 1.0806534 0 -1 7.54979e-08 57 52 45 255
-0.15197712 8.158707e-08 1.0806534 0 -1 7.54979e-08 64 53 33 255
-0.13197708 8.158707e-08 1.0806534 0 -1 7.54979e-08 40 36 26 255
-0.1119771 8.158707e-08 1.0806534 0 -1 7.54979e-08 29 22 8 255
-0.09197712 8.158707e-08 1.0806534 0 -1 7.54979e-08 52 39 19 255
-0.07197714 8.158707e-08 1.0806534 0 -1 7.54979e-08 143 143 143 255
-0.051977158 8.158707e-08 1.0806534 0 -1 7.54979e-08 243 219 205 255
-0.031977057 8.158707e-08 1.0806534 0 -1 7.54979e-08 215 213 211 255
-0.0119770765 8.158707e-08 1.0806534 0 -1 7.54979e-08 200 199 198 255
0.008022904 8.158707e-08 1.0806534 0 -1 7.54979e-08 155 155 155 255
0.028022885 8.158707e-08 1.0806534 0 -1 7.54979e-08 125 125 125 255
0.048022866 8.158707e-08 1.0806534 0 -1 7.54979e-08 121 121 121 255
0.06802285 8.158707e-08 1.0806534 0 -1 7.54979e-08 116 116 116 255
0.08802295 8.158707e-08 1.0806534 0 -1 7.54979e-08 127 127 127 255
0.10802293 8.158707e-08 1.0806534 0 -1 7.54979e-08 157 157 157 255
0.12802291 8.158707e-08 1.0806534 0 -1 7.54979e-08 174 174 174 255
0.14802289 8.158707e-08 1.0806534 0 -1 7.54979e-08 134 134 134 255
0.16802287 8.158707e-08 1.0806534 0 -1 7.54979e-08 27 21 14 255
0.18802285 8.158707e-08 1.0806534 0 -1 7.54979e-08 36 36 36 255
0.20802283 8.158707e-08 1.0806534 0 -1 7.54979e-08 171 171 171 255
0.22802293 8.158707e-08 1.0806534 0 -1 7.54979e-08 216 216 216 255
0.24802291 8.158707e-08 1.0806534 0 -1 7.54979e-08 216 216 216 255
0.2680229 8.158707e-08 1.0806534 0 -1 7.54979e-08 217 217 217 255
0.28802288 8.158707e-08 1.0806534 0 -1 7.54979e-08 216 216 216 255
0.30802286 8.158707e-08 1.0806534 0 -1 7.54979e-08 224 224 224 255
0.32802284 8.158707e-08 1.0806534 0 -1 7.54979e-08 231 231 231 255
0.34802294 8.158707e-08 1.0806534 0 -1 7.54979e-08 227 227 227 255
0.36802292 8.158707e-08 1.0806534 0 -1 7.54979e-08 218 218 218 255
0.3880229 8.158707e-08 1.0806534 0 -1 7.54979e-08 221 221 221 255
0.40802288 8.158707e-08 1.0806534 0 -1 7.54979e-08 219 219 219 255
0.42802286 8.158707e-08 1.0806534 0 -1 7.54979e-08 162 162 162 255
0.44802284 8.158707e-08 1.0806534 0 -1 7.54979e-08 72 72 72 255
0.46802282 8.158707e-08 1.0806534 0 -1 7.54979e-08 26 24 21 255
0.48802292 8.158707e-08 1.0806534 0 -1 7.54979e-08 17 17 4 255
0.5080229 8.158707e-08 1.0806534 0 -1 7.54979e-08 44 38 16 255
0.5280229 8.158707e-08 1.0806534 0 -1 7.54979e-08 120 80 44 255
0.54802287 8.158707e-08 1.0806534 0 -1 7.54979e-08 124 80 44 255
0.56802285 8.158707e-08 1.0806534 0 -1 7.54979e-08 124 79 44 255
0.5880228 8.158707e-08 1.0806534 0 -1 7.54979e-08 121 78 42 255
0.6080229 8.158707e-08 1.0806534 0 -1 7.54979e-08 113 74 39 255
0.6280229 8.158707e-08 1.0806534 0 -1 7.54979e-08 106 69 36 255
0.6480229 8.158707e-08 1.0806534 0 -1 7.54979e-08 110 72 37 255
0.6680229 8.158707e-08 1.0806534 0 -1 7.54979e-08 17 11 6 255
0.68802285 8.158707e-08 1.0806534 0 -1 7.54979e-08 0 0 0 255
-0.65197706 8.309702e-08 1.1006534 0 -1 7.54979e-08 23 17 7 255
-0.6319771 8.309702e-08 1.1006534 0 -1 7.54979e-08 80 54 27 255
-0.6119771 8.309702e-08 1.1006534 0 -1 7.54979e-08 118 76 42 255
-0.5919771 8.309702e-08 1.1006534 0 -1 7.54979e-08 114 74 39 255
-0.5719771 8.309702e-08 1.1006534 0 -1 7.54979e-08 101 66 34 255
-0.5519771 8.309702e-08 1.1006534 0 -1 7.54979e-08 90 62 31 255
-0.5319771 8.309702e-08 1.1006534 0 -1 7.54979e-08 98 66 33 255
-0.5119771 8.309702e-08 1.1006534 0 -1 7.54979e-08 117 76 40 255
-0.4919771 8.309702e-08 1.1006534 0 -1 7.54979e-08 122 78 43 255
-0.4719771 8.309702e-08 1.1006534 0 -1 7.54979e-08 122 78 43 255
-0.45197707 8.309702e-08 1.1006534 0 -1 7.54979e-08 122 78 43 255
-0.4319771 8.309702e-08 1.1006534 0 -1 7.54979e-08 123 79 43 255
-0.4119771 8.309702e-08 1.1006534 0 -1 7.54979e-08 129 82 47 255
-0.39197707 8.309702e-08 1.1006534 0 -1 7.54979e-08 129 82 47 255
-0.3719771 8.309702e-08 1.1006534 0 -1 7.54979e-08 125 80 44 255
-0.3519771 8.309702e-08 1.1006534 0 -1 7.54979e-08 122 78 43 255
-0.33197713 8.309702e-08 1.1006534 0 -1 7.54979e-08 121 78 43 255
-0.3119771 8.309702e-08 1.1006534 0 -1 7.54979e-08 103 67 35 255
-0.2919771 8.309702e-08 1.1006534 0 -1 7.54979e-08 99 65 34 255
-0.27197713 8.309702e-08 1.1006534 0 -1 7.54979e-08 81 57 28 255
-0.2519771 8.309702e-08 1.1006534 0 -1 7.54979e-08 62 45 21 255
-0.2319771 8.309702e-08 1.1006534 0 -1 7.54979e-08 61 45 22 255
-0.21197712 8.309702e-08 1.1006534 0 -1 7.54979e-08 15 23 6 255
-0.19197708 8.309702e-08 1.1006534 0 -1 7.54979e-08 1 2 0 255
-0.1719771 8.309702e-08 1.1006534 0 -1 7.54979e-08 66 50 26 255
-0.15197712 8.309702e-08 1.1006534 0 -1 7.54979e-08 73 55 35 255
-0.13197708 8.309702e-08 1.1006534 0 -1 7.54979e-08 42 42 41 255
-0.1119771 8.309702e-08 1.1006534 0 -1 7.54979e-08 37 36 35 255
-0.09197712 8.309702e-08 1.1006534 0 -1 7.54979e-08 33 32 30 255
-0.07197714 8.309702e-08 1.1006534 0 -1 7.54979e-08 72 72 72 255
-0.051977158 8.309702e-08 1.1006534 0 -1 7.54979e-08 136 134 132 255
-0.031977057 8.309702e-08 1.1006534 0 -1 7.54979e-08 127 127 127 255
-0.0119770765 8.309702e-08 1.1006534 0 -1 7.54979e-08 110 110 110 255
0.008022904 8.309702e-08 1.1006534 0 -1 7.54979e-08 96 96 96 255
0.028022885 8.309702e-08 1.1006534 0 -1 7.54979e-08 75 75 75 255
0.048022866 8.309702e-08 1.1006534 0 -1 7.54979e-08 58 58 58 255
0.06802285 8.309702e-08 1.1006534 0 -1 7.54979e-08 58 58 58 255
0.08802295 8.309702e-08 1.1006534 0 -1 7.54979e-08 76 76 76 255
0.10802293 8.309702e-08 1.1006534 0 -1 7.54979e-08 90 90 90 255
0.12802291 8.309702e-08 1.1006534 0 -1 7.54979e-08 91 91 91 255
0.14802289 8.309702e-08 1.1006534 0 -1 7.54979e-08 77 77 77 255
0.16802287 8.309702e-08 1.1006534 0 -1 7.54979e-08 40 33 16 255
0.18802285 8.309702e-08 1.1006534 0 -1 7.54979e-08 41 34 18 255
0.20802283 8.309702e-08 1.1006534 0 -1 7.54979e-08 108 108 108 255
0.22802293 8.309702e-08 1.1006534 0 -1 7.54979e-08 171 171 171 255
0.24802291 8.309702e-08 1.1006534 0 -1 7.54979e-08 155 155 155 255
0.2680229 8.309702e-08 1.1006534 0 -1 7.54979e-08 137 137 137 255
0.28802288 8.309702e-08 1.1006534 0 -1 7.54979e-08 131 131 131 255
0.30802286 8.309702e-08 1.1006534 0 -1 7.54979e-08 131 131 131 255
0.32802284 8.309702e-08 1.1006534 0 -1 7.54979e-08 142 142 142 255
0.34802294 8.309702e-08 1.1006534 0 -1 7.54979e-08 139 139 139 255
0.36802292 8.309702e-08 1.1006534 0 -1 7.54979e-08 132 132 132 255
0.3880229 8.309702e-08 1.1006534 0 -1 7.54979e-08 131 131 131 255
0.40802288 8.309702e-08 1.1006534 0 -1 7.54979e-08 116 116 116 255
0.42802286 8.309702e-08 1.1006534 0 -1 7.54979e-08 83 83 83 255
0.44802284 8.309702e-08 1.1006534 0 -1 7.54979e-08 53 53 53 255
0.46802282 8.309702e-08 1.1006534 0 -1 7.54979e-08 34 34 34 255
0.48802292 8.309702e-08 1.1006534 0 -1 7.54979e-08 1 1 0 255
0.5080229 8.309702e-08 1.1006534 0 -1 7.54979e-08 48 36 16 255
0.5280229 8.309702e-08 1.1006534 0 -1 7.54979e-08 169 108 65 255
0.54802287 8.309702e-08 1.1006534 0 -1 7.54979e-08 169 108 65 255
0.56802285 8.309702e-08 1.1006534 0 -1 7.54979e-08 168 107 64 255
0.5880228 8.309702e-08 1.1006534 0 -1 7.54979e-08 162 103 61 255
0.6080229 8.309702e-08 1.1006534 0 -1 7.54979e-08 135 86 48 255
0.6280229 8.309702e-08 1.1006534 0 -1 7.54979e-08 120 77 42 255
0.6480229 8.309702e-08 1.1006534 0 -1 7.54979e-08 38 24 13 255
0.6680229 8.309702e-08 1.1006534 0 -1 7.54979e-08 1 0 0 255
-0.6319771 8.460698e-08 1.1206534 0 -1 7.54979e-08 39 28 13 255
-0.6119771 8.460698e-08 1.1206534 0 -1 7.54979e-08 106 69 37 255
-0.5919771 8.460698e-08 1.1206534 0 -1 7.54979e-08 132 86 48 255
-0.5719771 8.460698e-08 1.1206534 0 -1 7.54979e-08 127 81 45 255
-0.5519771 8.460698e-08 1.1206534 0 -1 7.54979e-08 110 72 37 255
-0.5319771 8.460698e-08 1.1206534 0 -1 7.54979e-08 101 66 35 255
-0.5119771 8.460698e-08 1.1206534 0 -1 7.54979e-08 103 67 35 255
-0.4919771 8.460698e-08 1.1206534 0 -1 7.54979e-08 110 72 38 255
-0.4719771 8.460698e-08 1.1206534 0 -1 7.54979e-08 120 77 42 255
-0.45197707 8.460698e-08 1.1206534 0 -1 7.54979e-08 121 78 43 255
-0.4319771 8.460698e-08 1.1206534 0 -1 7.54979e-08 121 78 43 255
-0.4119771 8.460698e-08 1.1206534 0 -1 7.54979e-08 122 78 43 255
-0.39197707 8.460698e-08 1.1206534 0 -1 7.54979e-08 122 78 43 255
-0.3719771 8.460698e-08 1.1206534 0 -1 7.54979e-08 122 78 43 255
-0.3519771 8.460698e-08 1.1206534 0 -1 7.54979e-08 121 78 43 255
-0.33197713 8.460698e-08 1.1206534 0 -1 7.54979e-08 105 68 36 255
-0.3119771 8.460698e-08 1.1206534 0 -1 7.54979e-08 100 66 34 255
-0.2919771 8.460698e-08 1.1206534 0 -1 7.54979e-08 77 57 27 255
-0.27197713 8.460698e-08 1.1206534 0 -1 7.54979e-08 63 46 22 255
-0.2519771 8.460698e-08 1.1206534 0 -1 7.54979e-08 60 45 21 255
-0.2319771 8.460698e-08 1.1206534 0 -1 7.54979e-08 67 49 23 255
-0.21197712 8.460698e-08 1.1206534 0 -1 7.54979e-08 25 17 6 255
-0.19197708 8.460698e-08 1.1206534 0 -1 7.54979e-08 0 0 0 255
-0.1719771 8.460698e-08 1.1206534 0 -1 7.54979e-08 48 37 15 255
-0.15197712 8.460698e-08 1.1206534 0 -1 7.54979e-08 67 53 32 255
-0.13197708 8.460698e-08 1.1206534 0 -1 7.54979e-08 43 43 43 255
-0.1119771 8.460698e-08 1.1206534 0 -1 7.54979e-08 42 42 42 255
-0.09197712 8.460698e-08 1.1206534 0 -1 7.54979e-08 41 41 41 255
-0.07197714 8.460698e-08 1.1206534 0 -1 7.54979e-08 45 45 45 255
-0.051977158 8.460698e-08 1.1206534 0 -1 7.54979e-08 51 51 51 255
-0.031977057 8.460698e-08 1.1206534 0 -1 7.54979e-08 47 47 47 255
-0.0119770765 8.460698e-08 1.1206534 0 -1 7.54979e-08 38 38 38 255
0.008022904 8.460698e-08 1.1206534 0 -1 7.54979e-08 30 26 21 255
0.028022885 8.460698e-08 1.1206534 0 -1 7.54979e-08 16 23 10 255
0.048022866 8.460698e-08 1.1206534 0 -1 7.54979e-08 5 6 5 255
0.06802285 8.460698e-08 1.1206534 0 -1 7.54979e-08 5 6 5 255
0.08802295 8.460698e-08 1.1206534 0 -1 7.54979e-08 16 22 10 255
0.10802293 8.460698e-08 1.1206534 0 -1 7.54979e-08 21 21 11 255
0.12802291 8.460698e-08 1.1206534 0 -1 7.54979e-08 15 25 11 255
0.14802289 8.460698e-08 1.1206534 0 -1 7.54979e-08 8 11 7 255
0.16802287 8.460698e-08 1.1206534 0 -1 7.54979e-08 4 3 1 255
0.18802285 8.460698e-08 1.1206534 0 -1 7.54979e-08 4 3 1 255
0.20802283 8.460698e-08 1.1206534 0 -1 7.54979e-08 13 12 10 255
0.22802293 8.460698e-08 1.1206534 0 -1 7.54979e-08 34 27 19 255
0.24802291 8.460698e-08 1.1206534 0 -1 7.54979e-08 32 25 18 255
0.2680229 8.460698e-08 1.1206534 0 -1 7.54979e-08 30 23 16 255
0.28802288 8.460698e-08 1.1206534 0 -1 7.54979e-08 29 22 15 255
0.30802286 8.460698e-08 1.1206534 0 -1 7.54979e-08 19 29 15 255
0.32802284 8.460698e-08 1.1206534 0 -1 7.54979e-08 23 30 17 255
0.34802294 8.460698e-08 1.1206534 0 -1 7.54979e-08 41 34 21 255
0.36802292 8.460698e-08 1.1206534 0 -1 7.54979e-08 47 40 22 255
0.3880229 8.460698e-08 1.1206534 0 -1 7.54979e-08 47 40 22 255
0.40802288 8.460698e-08 1.1206534 0 -1 7.54979e-08 60 47 26 255
0.42802286 8.460698e-08 1.1206534 0 -1 7.54979e-08 53 53 52 255
0.44802284 8.460698e-08 1.1206534 0 -1 7.54979e-08 67 67 67 255
0.46802282 8.460698e-08 1.1206534 0 -1 7.54979e-08 25 25 25 255
0.48802292 8.460698e-08 1.1206534 0 -1 7.54979e-08 0 0 0 255
0.5080229 8.460698e-08 1.1206534 0 -1 7.54979e-08 61 40 21 255
0.5280229 8.460698e-08 1.1206534 0 -1 7.54979e-08 178 112 68 255
0.54802287 8.460698e-08 1.1206534 0 -1 7.54979e-08 167 107 64 255
0.56802285 8.460698e-08 1.1206534 0 -1 7.54979e-08 165 106 63 255
0.5880228 8.460698e-08 1.1206534 0 -1 7.54979e-08 157 100 59 255
0.6080229 8.460698e-08 1.1206534 0 -1 7.54979e-08 130 82 47 255
0.6280229 8.460698e-08 1.1206534 0 -1 7.54979e-08 61 38 21 255
0.6480229 8.460698e-08 1.1206534 0 -1 7.54979e-08 3 2 1 255
-0.6119771 8.6116955e-08 1.1406536 0 -1 7.54979e-08 11 7 3 255
-0.5919771 8.6116955e-08 1.1406536 0 -1 7.54979e-08 109 69 39 255
-0.5719771 8.6116955e-08 1.1406536 0 -1 7.54979e-08 136 89 50 255
-0.5519771 8.6116955e-08 1.1406536 0 -1 7.54979e-08 145 91 53 255
-0.5319771 8.6116955e-08 1.1406536 0 -1 7.54979e-08 134 85 48 255
-0.5119771 8.6116955e-08 1.1406536 0 -1 7.54979e-08 107 70 37 255
-0.4919771 8.6116955e-08 1.1406536 0 -1 7.54979e-08 102 67 35 255
-0.4719771 8.6116955e-08 1.1406536 0 -1 7.54979e-08 104 67 35 255
-0.45197707 8.6116955e-08 1.1406536 0 -1 7.54979e-08 104 68 36 255
-0.4319771 8.6116955e-08 1.1406536 0 -1 7.54979e-08 114 75 39 255
-0.4119771 8.6116955e-08 1.1406536 0 -1 7.54979e-08 114 75 39 255
-0.39197707 8.6116955e-08 1.1406536 0 -1 7.54979e-08 114 75 39 255
-0.3719771 8.6116955e-08 1.1406536 0 -1 7.54979e-08 108 70 37 255
-0.3519771 8.6116955e-08 1.1406536 0 -1 7.54979e-08 104 68 36 255
-0.33197713 8.6116955e-08 1.1406536 0 -1 7.54979e-08 83 60 28 255
-0.3119771 8.6116955e-08 1.1406536 0 -1 7.54979e-08 66 49 24 255
-0.2919771 8.6116955e-08 1.1406536 0 -1 7.54979e-08 65 48 23 255
-0.27197713 8.6116955e-08 1.1406536 0 -1 7.54979e-08 69 50 23 255
-0.2519771 8.6116955e-08 1.1406536 0 -1 7.54979e-08 73 54 25 255
-0.2319771 8.6116955e-08 1.1406536 0 -1 7.54979e-08 77 57 26 255
-0.21197712 8.6116955e-08 1.1406536 0 -1 7.54979e-08 48 39 15 255
-0.19197708 8.6116955e-08 1.1406536 0 -1 7.54979e-08 17 10 3 255
-0.1719771 8.6116955e-08 1.1406536 0 -1 7.54979e-08 41 34 18 255
-0.15197712 8.6116955e-08 1.1406536 0 -1 7.54979e-08 50 48 46 255
-0.13197708 8.6116955e-08 1.1406536 0 -1 7.54979e-08 43 43 43 255
-0.1119771 8.6116955e-08 1.1406536 0 -1 7.54979e-08 43 43 43 255
-0.09197712 8.6116955e-08 1.1406536 0 -1 7.54979e-08 43 43 43 255
-0.07197714 8.6116955e-08 1.1406536 0 -1 7.54979e-08 43 43 43 255
-0.051977158 8.6116955e-08 1.1406536 0 -1 7.54979e-08 44 44 44 255
-0.031977057 8.6116955e-08 1.1406536 0 -1 7.54979e-08 51 47 41 255
-0.0119770765 8.6116955e-08 1.1406536 0 -1 7.54979e-08 44 36 25 255
0.008022904 8.6116955e-08 1.1406536 0 -1 7.54979e-08 13 12 11 255
0.028022885 8.6116955e-08 1.1406536 0 -1 7.54979e-08 1 1 0 255
0.048022866 8.6116955e-08 1.1406536 0 -1 7.54979e-08 0 0 0 255
0.06802285 8.6116955e-08 1.1406536 0 -1 7.54979e-08 6 17 3 255
0.08802295 8.6116955e-08 1.1406536 0 -1 7.54979e-08 6 14 2 255
0.10802293 8.6116955e-08 1.1406536 0 -1 7.54979e-08 8 5 1 255
0.12802291 8.6116955e-08 1.1406536 0 -1 7.54979e-08 12 16 3 255
0.14802289 8.6116955e-08 1.1406536 0 -1 7.54979e-08 1 4 0 255
0.16802287 8.6116955e-08 1.1406536 0 -1 7.54979e-08 0 0 0 255
0.18802285 8.6116955e-08 1.1406536 0 -1 7.54979e-08 0 1 0 255
0.20802283 8.6116955e-08 1.1406536 0 -1 7.54979e-08 9 16 3 255
0.22802293 8.6116955e-08 1.1406536 0 -1 7.54979e-08 19 11 3 255
0.24802291 8.6116955e-08 1.1406536 0 -1 7.54979e-08 19 11 3 255
0.2680229 8.6116955e-08 1.1406536 0 -1 7.54979e-08 19 11 3 255
0.28802288 8.6116955e-08 1.1406536 0 -1 7.54979e-08 19 11 3 255
0.30802286 8.6116955e-08 1.1406536 0 -1 7.54979e-08 18 12 3 255
0.32802284 8.6116955e-08 1.1406536 0 -1 7.54979e-08 20 15 8 255
0.34802294 8.6116955e-08 1.1406536 0 -1 7.54979e-08 31 30 28 255
0.36802292 8.6116955e-08 1.1406536 0 -1 7.54979e-08 32 31 29 255
0.3880229 8.6116955e-08 1.1406536 0 -1 7.54979e-08 32 31 29 255
0.40802288 8.6116955e-08 1.1406536 0 -1 7.54979e-08 48 46 44 255
0.42802286 8.6116955e-08 1.1406536 0 -1 7.54979e-08 64 64 64 255
0.44802284 8.6116955e-08 1.1406536 0 -1 7.54979e-08 47 49 47 255
0.46802282 8.6116955e-08 1.1406536 0 -1 7.54979e-08 7 14 5 255
0.48802292 8.6116955e-08 1.1406536 0 -1 7.54979e-08 15 12 4 255
0.5080229 8.6116955e-08 1.1406536 0 -1 7.54979e-08 96 64 34 255
0.5280229 8.6116955e-08 1.1406536 0 -1 7.54979e-08 174 111 66 255
0.54802287 8.6116955e-08 1.1406536 0 -1 7.54979e-08 153 96 56 255
0.56802285 8.6116955e-08 1.1406536 0 -1 7.54979e-08 134 85 49 255
0.5880228 8.6116955e-08 1.1406536 0 -1 7.54979e-08 135 88 49 255
0.6080229 8.6116955e-08 1.1406536 0 -1 7.54979e-08 77 49 27 255
0.6280229 8.6116955e-08 1.1406536 0 -1 7.54979e-08 5 3 2 255
0.6480229 8.6116955e-08 1.1406536 0 -1 7.54979e-08 0 0 0 255
-0.5919771 8.762691e-08 1.1606536 0 -1 7.54979e-08 12 8 4 255
-0.5719771 8.762691e-08 1.1606536 0 -1 7.54979e-08 16 10 6 255
-0.5519771 8.762691e-08 1.1606536 0 -1 7.54979e-08 34 22 12 255
-0.5319771 8.762691e-08 1.1606536 0 -1 7.54979e-08 140 91 51 255
-0.5119771 8.762691e-08 1.1606536 0 -1 7.54979e-08 144 91 52 255
-0.4919771 8.762691e-08 1.1606536 0 -1 7.54979e-08 128 82 46 255
-0.4719771 8.762691e-08 1.1606536 0 -1 7.54979e-08 105 68 36 255
-0.45197707 8.762691e-08 1.1606536 0 -1 7.54979e-08 102 66 35 255
-0.4319771 8.762691e-08 1.1606536 0 -1 7.54979e-08 103 67 35 255
-0.4119771 8.762691e-08 1.1606536 0 -1 7.54979e-08 103 67 35 255
-0.39197707 8.762691e-08 1.1606536 0 -1 7.54979e-08 103 67 35 255
-0.3719771 8.762691e-08 1.1606536 0 -1 7.54979e-08 96 65 33 255
-0.3519771 8.762691e-08 1.1606536 0 -1 7.54979e-08 84 60 29 255
-0.33197713 8.762691e-08 1.1606536 0 -1 7.54979e-08 72 52 24 255
-0.3119771 8.762691e-08 1.1606536 0 -1 7.54979e-08 86 60 30 255
-0.2919771 8.762691e-08 1.1606536 0 -1 7.54979e-08 76 57 26 255
-0.27197713 8.762691e-08 1.1606536 0 -1 7.54979e-08 77 57 26 255
-0.2519771 8.762691e-08 1.1606536 0 -1 7.54979e-08 83 60 28 255
-0.2319771 8.762691e-08 1.1606536 0 -1 7.54979e-08 81 59 28 255
-0.21197712 8.762691e-08 1.1606536 0 -1 7.54979e-08 69 50 23 255
-0.19197708 8.762691e-08 1.1606536 0 -1 7.54979e-08 57 42 21 255
-0.1719771 8.762691e-08 1.1606536 0 -1 7.54979e-08 60 45 22 255
-0.15197712 8.762691e-08 1.1606536 0 -1 7.54979e-08 55 45 32 255
-0.13197708 8.762691e-08 1.1606536 0 -1 7.54979e-08 43 43 43 255
-0.1119771 8.762691e-08 1.1606536 0 -1 7.54979e-08 43 43 43 255
-0.09197712 8.762691e-08 1.1606536 0 -1 7.54979e-08 43 43 43 255
-0.07197714 8.762691e-08 1.1606536 0 -1 7.54979e-08 43 43 43 255
-0.051977158 8.762691e-08 1.1606536 0 -1 7.54979e-08 44 44 44 255
-0.031977057 8.762691e-08 1.1606536 0 -1 7.54979e-08 51 50 49 255
-0.0119770765 8.762691e-08 1.1606536 0 -1 7.54979e-08 42 41 39 255
0.008022904 8.762691e-08 1.1606536 0 -1 7.54979e-08 11 11 11 255
0.028022885 8.762691e-08 1.1606536 0 -1 7.54979e-08 0 0 0 255
0.048022866 8.762691e-08 1.1606536 0 -1 7.54979e-08 0 0 0 255
0.06802285 8.762691e-08 1.1606536 0 -1 7.54979e-08 0 2 0 255
0.08802295 8.762691e-08 1.1606536 0 -1 7.54979e-08 0 1 0 255
0.10802293 8.762691e-08 1.1606536 0 -1 7.54979e-08 0 0 0 255
0.12802291 8.762691e-08 1.1606536 0 -1 7.54979e-08 1 1 0 255
0.14802289 8.762691e-08 1.1606536 0 -1 7.54979e-08 0 0 0 255
0.16802287 8.762691e-08 1.1606536 0 -1 7.54979e-08 0 0 0 255
0.18802285 8.762691e-08 1.1606536 0 -1 7.54979e-08 0 0 0 255
0.20802283 8.762691e-08 1.1606536 0 -1 7.54979e-08 1 2 0 255
0.22802293 8.762691e-08 1.1606536 0 -1 7.54979e-08 2 1 0 255
0.24802291 8.762691e-08 1.1606536 0 -1 7.54979e-08 2 1 0 255
0.2680229 8.762691e-08 1.1606536 0 -1 7.54979e-08 2 1 0 255
0.28802288 8.762691e-08 1.1606536 0 -1 7.54979e-08 2 1 0 255
0.30802286 8.762691e-08 1.1606536 0 -1 7.54979e-08 2 1 0 255
0.32802284 8.762691e-08 1.1606536 0 -1 7.54979e-08 2 1 1 255
0.34802294 8.762691e-08 1.1606536 0 -1 7.54979e-08 9 7 4 255
0.36802292 8.762691e-08 1.1606536 0 -1 7.54979e-08 31 27 24 255
0.3880229 8.762691e-08 1.1606536 0 -1 7.54979e-08 46 46 46 255
0.40802288 8.762691e-08 1.1606536 0 -1 7.54979e-08 50 50 50 255
0.42802286 8.762691e-08 1.1606536 0 -1 7.54979e-08 39 39 39 255
0.44802284 8.762691e-08 1.1606536 0 -1 7.54979e-08 11 20 8 255
0.46802282 8.762691e-08 1.1606536 0 -1 7.54979e-08 7 6 2 255
0.48802292 8.762691e-08 1.1606536 0 -1 7.54979e-08 61 41 20 255
0.5080229 8.762691e-08 1.1606536 0 -1 7.54979e-08 120 78 43 255
0.5280229 8.762691e-08 1.1606536 0 -1 7.54979e-08 135 85 49 255
0.54802287 8.762691e-08 1.1606536 0 -1 7.54979e-08 125 80 44 255
0.56802285 8.762691e-08 1.1606536 0 -1 7.54979e-08 114 74 39 255
0.5880228 8.762691e-08 1.1606536 0 -1 7.54979e-08 98 65 34 255
0.6080229 8.762691e-08 1.1606536 0 -1 7.54979e-08 44 31 14 255
0.6280229 8.762691e-08 1.1606536 0 -1 7.54979e-08 0 0 0 255
-0.5519771 8.913687e-08 1.1806536 0 -1 7.54979e-08 2 1 0 255
-0.5319771 8.913687e-08 1.1806536 0 -1 7.54979e-08 18 11 6 255
-0.5119771 8.913687e-08 1.1806536 0 -1 7.54979e-08 19 12 7 255
-0.4919771 8.913687e-08 1.1806536 0 -1 7.54979e-08 91 59 33 255
-0.4719771 8.913687e-08 1.1806536 0 -1 7.54979e-08 133 87 49 255
-0.45197707 8.913687e-08 1.1806536 0 -1 7.54979e-08 126 80 45 255
-0.4319771 8.913687e-08 1.1806536 0 -1 7.54979e-08 112 73 38 255
-0.4119771 8.913687e-08 1.1806536 0 -1 7.54979e-08 109 71 37 255
-0.39197707 8.913687e-08 1.1806536 0 -1 7.54979e-08 102 66 35 255
-0.3719771 8.913687e-08 1.1806536 0 -1 7.54979e-08 95 64 32 255
-0.3519771 8.913687e-08 1.1806536 0 -1 7.54979e-08 89 62 30 255
-0.33197713 8.913687e-08 1.1806536 0 -1 7.54979e-08 97 64 33 255
-0.3119771 8.913687e-08 1.1806536 0 -1 7.54979e-08 90 62 31 255
-0.2919771 8.913687e-08 1.1806536 0 -1 7.54979e-08 88 62 30 255
-0.27197713 8.913687e-08 1.1806536 0 -1 7.54979e-08 88 62 30 255
-0.2519771 8.913687e-08 1.1806536 0 -1 7.54979e-08 95 64 32 255
-0.2319771 8.913687e-08 1.1806536 0 -1 7.54979e-08 99 65 34 255
-0.21197712 8.913687e-08 1.1806536 0 -1 7.54979e-08 89 61 30 255
-0.19197708 8.913687e-08 1.1806536 0 -1 7.54979e-08 69 50 23 255
-0.1719771 8.913687e-08 1.1806536 0 -1 7.54979e-08 68 49 23 255
-0.15197712 8.913687e-08 1.1806536 0 -1 7.54979e-08 61 46 24 255
-0.13197708 8.913687e-08 1.1806536 0 -1 7.54979e-08 51 44 34 255
-0.1119771 8.913687e-08 1.1806536 0 -1 7.54979e-08 43 43 43 255
-0.09197712 8.913687e-08 1.1806536 0 -1 7.54979e-08 43 43 43 255
-0.07197714 8.913687e-08 1.1806536 0 -1 7.54979e-08 36 36 36 255
-0.051977158 8.913687e-08 1.1806536 0 -1 7.54979e-08 35 35 35 255
-0.031977057 8.913687e-08 1.1806536 0 -1 7.54979e-08 33 33 33 255
-0.0119770765 8.913687e-08 1.1806536 0 -1 7.54979e-08 32 32 32 255
0.008022904 8.913687e-08 1.1806536 0 -1 7.54979e-08 28 28 28 255
0.028022885 8.913687e-08 1.1806536 0 -1 7.54979e-08 5 5 5 255
0.048022866 8.913687e-08 1.1806536 0 -1 7.54979e-08 0 0 0 255
0.06802285 8.913687e-08 1.1806536 0 -1 7.54979e-08 0 0 0 255
0.08802295 8.913687e-08 1.1806536 0 -1 7.54979e-08 0 0 0 255
0.10802293 8.913687e-08 1.1806536 0 -1 7.54979e-08 0 0 0 255
0.12802291 8.913687e-08 1.1806536 0 -1 7.54979e-08 0 0 0 255
0.14802289 8.913687e-08 1.1806536 0 -1 7.54979e-08 0 0 0 255
0.16802287 8.913687e-08 1.1806536 0 -1 7.54979e-08 0 0 0 255
0.18802285 8.913687e-08 1.1806536 0 -1 7.54979e-08 0 0 0 255
0.20802283 8.913687e-08 1.1806536 0 -1 7.54979e-08 0 0 0 255
0.22802293 8.913687e-08 1.1806536 0 -1 7.54979e-08 0 0 0 255
0.24802291 8.913687e-08 1.1806536 0 -1 7.54979e-08 0 0 0 255
0.2680229 8.913687e-08 1.1806536 0 -1 7.54979e-08 0 0 0 255
0.28802288 8.913687e-08 1.1806536 0 -1 7.54979e-08 0 0 0 255
0.30802286 8.913687e-08 1.1806536 0 -1 7.54979e-08 0 0 0 255
0.32802284 8.913687e-08 1.1806536 0 -1 7.54979e-08 0 0 0 255
0.34802294 8.913687e-08 1.1806536 0 -1 7.54979e-08 6 3 1 255
0.36802292 8.913687e-08 1.1806536 0 -1 7.54979e-08 34 30 26 255
0.3880229 8.913687e-08 1.1806536 0 -1 7.54979e-08 57 57 57 255
0.40802288 8.913687e-08 1.1806536 0 -1 7.54979e-08 35 30 21 255
0.42802286 8.913687e-08 1.1806536 0 -1 7.54979e-08 5 4 4 255
0.44802284 8.913687e-08 1.1806536 0 -1 7.54979e-08 13 21 5 255
0.46802282 8.913687e-08 1.1806536 0 -1 7.54979e-08 60 43 20 255
0.48802292 8.913687e-08 1.1806536 0 -1 7.54979e-08 87 60 30 255
0.5080229 8.913687e-08 1.1806536 0 -1 7.54979e-08 101 67 35 255
0.5280229 8.913687e-08 1.1806536 0 -1 7.54979e-08 97 66 34 255
0.54802287 8.913687e-08 1.1806536 0 -1 7.54979e-08 94 64 32 255
0.56802285 8.913687e-08 1.1806536 0 -1 7.54979e-08 67 49 24 255
0.5880228 8.913687e-08 1.1806536 0 -1 7.54979e-08 42 33 14 255
0.6080229 8.913687e-08 1.1806536 0 -1 7.54979e-08 5 3 1 255
-0.5119771 9.064682e-08 1.2006536 0 -1 7.54979e-08 0 0 0 255
-0.4919771 9.064682e-08 1.2006536 0 -1 7.54979e-08 11 7 4 255
-0.4719771 9.064682e-08 1.2006536 0 -1 7.54979e-08 19 12 7 255
-0.45197707 9.064682e-08 1.2006536 0 -1 7.54979e-08 100 65 35 255
-0.4319771 9.064682e-08 1.2006536 0 -1 7.54979e-08 102 67 35 255
-0.4119771 9.064682e-08 1.2006536 0 -1 7.54979e-08 93 64 32 255
-0.39197707 9.064682e-08 1.2006536 0 -1 7.54979e-08 100 67 34 255
-0.3719771 9.064682e-08 1.2006536 0 -1 7.54979e-08 111 73 38 255
-0.3519771 9.064682e-08 1.2006536 0 -1 7.54979e-08 103 67 35 255
-0.33197713 9.064682e-08 1.2006536 0 -1 7.54979e-08 111 72 38 255
-0.3119771 9.064682e-08 1.2006536 0 -1 7.54979e-08 110 72 37 255
-0.2919771 9.064682e-08 1.2006536 0 -1 7.54979e-08 100 66 34 255
-0.27197713 9.064682e-08 1.2006536 0 -1 7.54979e-08 100 66 34 255
-0.2519771 9.064682e-08 1.2006536 0 -1 7.54979e-08 106 70 36 255
-0.2319771 9.064682e-08 1.2006536 0 -1 7.54979e-08 112 73 38 255
-0.21197712 9.064682e-08 1.2006536 0 -1 7.54979e-08 93 64 32 255
-0.19197708 9.064682e-08 1.2006536 0 -1 7.54979e-08 70 50 23 255
-0.1719771 9.064682e-08 1.2006536 0 -1 7.54979e-08 62 45 20 255
-0.15197712 9.064682e-08 1.2006536 0 -1 7.54979e-08 67 49 23 255
-0.13197708 9.064682e-08 1.2006536 0 -1 7.54979e-08 52 45 33 255
-0.1119771 9.064682e-08 1.2006536 0 -1 7.54979e-08 43 43 43 255
-0.09197712 9.064682e-08 1.2006536 0 -1 7.54979e-08 37 37 37 255
-0.07197714 9.064682e-08 1.2006536 0 -1 7.54979e-08 35 35 35 255
-0.051977158 9.064682e-08 1.2006536 0 -1 7.54979e-08 31 31 31 255
-0.031977057 9.064682e-08 1.2006536 0 -1 7.54979e-08 40 40 40 255
-0.0119770765 9.064682e-08 1.2006536 0 -1 7.54979e-08 108 108 108 255
0.008022904 9.064682e-08 1.2006536 0 -1 7.54979e-08 188 188 188 255
0.028022885 9.064682e-08 1.2006536 0 -1 7.54979e-08 89 89 89 255
0.048022866 9.064682e-08 1.2006536 0 -1 7.54979e-08 3 3 3 255
0.06802285 9.064682e-08 1.2006536 0 -1 7.54979e-08 0 0 0 255
0.08802295 9.064682e-08 1.2006536 0 -1 7.54979e-08 0 0 0 255
0.10802293 9.064682e-08 1.2006536 0 -1 7.54979e-08 0 0 0 255
0.12802291 9.064682e-08 1.2006536 0 -1 7.54979e-08 0 0 0 255
0.14802289 9.064682e-08 1.2006536 0 -1 7.54979e-08 0 0 0 255
0.16802287 9.064682e-08 1.2006536 0 -1 7.54979e-08 0 0 0 255
0.18802285 9.064682e-08 1.2006536 0 -1 7.54979e-08 0 0 0 255
0.20802283 9.064682e-08 1.2006536 0 -1 7.54979e-08 0 0 0 255
0.22802293 9.064682e-08 1.2006536 0 -1 7.54979e-08 0 0 0 255
0.24802291 9.064682e-08 1.2006536 0 -1 7.54979e-08 0 0 0 255
0.2680229 9.064682e-08 1.2006536 0 -1 7.54979e-08 0 0 0 255
0.28802288 9.064682e-08 1.2006536 0 -1 7.54979e-08 0 0 0 255
0.30802286 9.064682e-08 1.2006536 0 -1 7.54979e-08 0 0 0 255
0.32802284 9.064682e-08 1.2006536 0 -1 7.54979e-08 4 4 4 255
0.34802294 9.064682e-08 1.2006536 0 -1 7.54979e-08 26 23 20 255
0.36802292 9.064682e-08 1.2006536 0 -1 7.54979e-08 19 21 8 255
0.3880229 9.064682e-08 1.2006536 0 -1 7.54979e-08 14 24 11 255
0.40802288 9.064682e-08 1.2006536 0 -1 7.54979e-08 11 20 5 255
0.42802286 9.064682e-08 1.2006536 0 -1 7.54979e-08 33 26 9 255
0.44802284 9.064682e-08 1.2006536 0 -1 7.54979e-08 59 45 21 255
0.46802282 9.064682e-08 1.2006536 0 -1 7.54979e-08 87 60 30 255
0.48802292 9.064682e-08 1.2006536 0 -1 7.54979e-08 85 61 29 255
0.5080229 9.064682e-08 1.2006536 0 -1 7.54979e-08 81 59 28 255
0.5280229 9.064682e-08 1.2006536 0 -1 7.54979e-08 88 62 30 255
0.54802287 9.064682e-08 1.2006536 0 -1 7.54979e-08 90 62 31 255
0.56802285 9.064682e-08 1.2006536 0 -1 7.54979e-08 73 55 25 255
0.5880228 9.064682e-08 1.2006536 0 -1 7.54979e-08 34 28 11 255
0.6080229 9.064682e-08 1.2006536 0 -1 7.54979e-08 0 0 0 255
-0.45197707 9.215678e-08 1.2206535 0 -1 7.54979e-08 14 9 4 255
-0.4319771 9.215678e-08 1.2206535 0 -1 7.54979e-08 23 15 8 255
-0.4119771 9.215678e-08 1.2206535 0 -1 7.54979e-08 104 68 36 255
-0.39197707 9.215678e-08 1.2206535 0 -1 7.54979e-08 121 78 43 255
-0.3719771 9.215678e-08 1.2206535 0 -1 7.54979e-08 123 79 43 255
-0.3519771 9.215678e-08 1.2206535 0 -1 7.54979e-08 114 74 39 255
-0.33197713 9.215678e-08 1.2206535 0 -1 7.54979e-08 113 74 39 255
-0.3119771 9.215678e-08 1.2206535 0 -1 7.54979e-08 113 74 39 255
-0.2919771 9.215678e-08 1.2206535 0 -1 7.54979e-08 112 73 38 255
-0.27197713 9.215678e-08 1.2206535 0 -1 7.54979e-08 114 74 39 255
-0.2519771 9.215678e-08 1.2206535 0 -1 7.54979e-08 116 75 40 255
-0.2319771 9.215678e-08 1.2206535 0 -1 7.54979e-08 113 74 39 255
-0.21197712 9.215678e-08 1.2206535 0 -1 7.54979e-08 102 67 35 255
-0.19197708 9.215678e-08 1.2206535 0 -1 7.54979e-08 63 47 23 255
-0.1719771 9.215678e-08 1.2206535 0 -1 7.54979e-08 52 41 17 255
-0.15197712 9.215678e-08 1.2206535 0 -1 7.54979e-08 63 47 21 255
-0.13197708 9.215678e-08 1.2206535 0 -1 7.54979e-08 46 41 29 255
-0.1119771 9.215678e-08 1.2206535 0 -1 7.54979e-08 43 43 43 255
-0.09197712 9.215678e-08 1.2206535 0 -1 7.54979e-08 42 42 42 255
-0.07197714 9.215678e-08 1.2206535 0 -1 7.54979e-08 35 35 35 255
-0.051977158 9.215678e-08 1.2206535 0 -1 7.54979e-08 34 34 34 255
-0.031977057 9.215678e-08 1.2206535 0 -1 7.54979e-08 37 37 37 255
-0.0119770765 9.215678e-08 1.2206535 0 -1 7.54979e-08 101 101 101 255
0.008022904 9.215678e-08 1.2206535 0 -1 7.54979e-08 183 183 183 255
0.028022885 9.215678e-08 1.2206535 0 -1 7.54979e-08 79 79 79 255
0.048022866 9.215678e-08 1.2206535 0 -1 7.54979e-08 2 2 2 255
0.06802285 9.215678e-08 1.2206535 0 -1 7.54979e-08 0 0 0 255
0.08802295 9.215678e-08 1.2206535 0 -1 7.54979e-08 0 0 0 255
0.10802293 9.215678e-08 1.2206535 0 -1 7.54979e-08 0 0 0 255
0.12802291 9.215678e-08 1.2206535 0 -1 7.54979e-08 0 0 0 255
0.14802289 9.215678e-08 1.2206535 0 -1 7.54979e-08 0 0 0 255
0.16802287 9.215678e-08 1.2206535 0 -1 7.54979e-08 0 0 0 255
0.18802285 9.215678e-08 1.2206535 0 -1 7.54979e-08 0 0 0 255
0.20802283 9.215678e-08 1.2206535 0 -1 7.54979e-08 0 0 0 255
0.22802293 9.215678e-08 1.2206535 0 -1 7.54979e-08 0 0 0 255
0.24802291 9.215678e-08 1.2206535 0 -1 7.54979e-08 0 0 0 255
0.2680229 9.215678e-08 1.2206535 0 -1 7.54979e-08 0 0 0 255
0.28802288 9.215678e-08 1.2206535 0 -1 7.54979e-08 0 0 0 255
0.30802286 9.215678e-08 1.2206535 0 -1 7.54979e-08 2 2 2 255
0.32802284 9.215678e-08 1.2206535 0 -1 7.54979e-08 123 119 117 255
0.34802294 9.215678e-08 1.2206535 0 -1 7.54979e-08 189 174 164 255
0.36802292 9.215678e-08 1.2206535 0 -1 7.54979e-08 96 89 77 255
0.3880229 9.215678e-08 1.2206535 0 -1 7.54979e-08 17 15 6 255
0.40802288 9.215678e-08 1.2206535 0 -1 7.54979e-08 28 24 8 255
0.42802286 9.215678e-08 1.2206535 0 -1 7.54979e-08 58 44 21 255
0.44802284 9.215678e-08 1.2206535 0 -1 7.54979e-08 76 57 26 255
0.46802282 9.215678e-08 1.2206535 0 -1 7.54979e-08 86 61 29 255
0.48802292 9.215678e-08 1.2206535 0 -1 7.54979e-08 99 65 34 255
0.5080229 9.215678e-08 1.2206535 0 -1 7.54979e-08 104 69 36 255
0.5280229 9.215678e-08 1.2206535 0 -1 7.54979e-08 110 72 37 255
0.54802287 9.215678e-08 1.2206535 0 -1 7.54979e-08 91 63 31 255
0.56802285 9.215678e-08 1.2206535 0 -1 7.54979e-08 71 53 24 255
0.5880228 9.215678e-08 1.2206535 0 -1 7.54979e-08 5 4 1 255
-0.4119771 9.3666735e-08 1.2406535 0 -1 7.54979e-08 39 25 13 255
-0.39197707 9.3666735e-08 1.2406535 0 -1 7.54979e-08 112 73 39 255
-0.3719771 9.3666735e-08 1.2406535 0 -1 7.54979e-08 126 80 45 255
-0.3519771 9.3666735e-08 1.2406535 0 -1 7.54979e-08 122 78 43 255
-0.33197713 9.3666735e-08 1.2406535 0 -1 7.54979e-08 120 77 42 255
-0.3119771 9.3666735e-08 1.2406535 0 -1 7.54979e-08 120 77 42 255
-0.2919771 9.3666735e-08 1.2406535 0 -1 7.54979e-08 120 77 42 255
-0.27197713 9.3666735e-08 1.2406535 0 -1 7.54979e-08 123 79 43 255
-0.2519771 9.3666735e-08 1.2406535 0 -1 7.54979e-08 131 85 47 255
-0.2319771 9.3666735e-08 1.2406535 0 -1 7.54979e-08 124 80 44 255
-0.21197712 9.3666735e-08 1.2406535 0 -1 7.54979e-08 96 65 33 255
-0.19197708 9.3666735e-08 1.2406535 0 -1 7.54979e-08 62 46 23 255
-0.1719771 9.3666735e-08 1.2406535 0 -1 7.54979e-08 62 46 22 255
-0.15197712 9.3666735e-08 1.2406535 0 -1 7.54979e-08 62 46 20 255
-0.13197708 9.3666735e-08 1.2406535 0 -1 7.54979e-08 46 39 17 255
-0.1119771 9.3666735e-08 1.2406535 0 -1 7.54979e-08 44 41 35 255
-0.09197712 9.3666735e-08 1.2406535 0 -1 7.54979e-08 43 43 43 255
-0.07197714 9.3666735e-08 1.2406535 0 -1 7.54979e-08 41 41 41 255
-0.051977158 9.3666735e-08 1.2406535 0 -1 7.54979e-08 41 41 41 255
-0.031977057 9.3666735e-08 1.2406535 0 -1 7.54979e-08 42 42 42 255
-0.0119770765 9.3666735e-08 1.2406535 0 -1 7.54979e-08 51 51 51 255
0.008022904 9.3666735e-08 1.2406535 0 -1 7.54979e-08 62 58 48 255
0.028022885 9.3666735e-08 1.2406535 0 -1 7.54979e-08 19 17 14 255
0.048022866 9.3666735e-08 1.2406535 0 -1 7.54979e-08 0 0 0 255
0.06802285 9.3666735e-08 1.2406535 0 -1 7.54979e-08 0 0 0 255
0.08802295 9.3666735e-08 1.2406535 0 -1 7.54979e-08 0 0 0 255
0.10802293 9.3666735e-08 1.2406535 0 -1 7.54979e-08 0 0 0 255
0.12802291 9.3666735e-08 1.2406535 0 -1 7.54979e-08 0 0 0 255
0.14802289 9.3666735e-08 1.2406535 0 -1 7.54979e-08 0 0 0 255
0.16802287 9.3666735e-08 1.2406535 0 -1 7.54979e-08 0 0 0 255
0.18802285 9.3666735e-08 1.2406535 0 -1 7.54979e-08 0 0 0 255
0.20802283 9.3666735e-08 1.2406535 0 -1 7.54979e-08 0 0 0 255
0.22802293 9.3666735e-08 1.2406535 0 -1 7.54979e-08 0 0 0 255
0.24802291 9.3666735e-08 1.2406535 0 -1 7.54979e-08 0 0 0 255
0.2680229 9.3666735e-08 1.2406535 0 -1 7.54979e-08 0 0 0 255
0.28802288 9.3666735e-08 1.2406535 0 -1 7.54979e-08 0 0 0 255
0.30802286 9.3666735e-08 1.2406535 0 -1 7.54979e-08 2 2 2 255
0.32802284 9.3666735e-08 1.2406535 0 -1 7.54979e-08 151 150 150 255
0.34802294 9.3666735e-08 1.2406535 0 -1 7.54979e-08 203 200 198 255
0.36802292 9.3666735e-08 1.2406535 0 -1 7.54979e-08 129 128 126 255
0.3880229 9.3666735e-08 1.2406535 0 -1 7.54979e-08 28 34 24 255
0.40802288 9.3666735e-08 1.2406535 0 -1 7.54979e-08 30 31 26 255
0.42802286 9.3666735e-08 1.2406535 0 -1 7.54979e-08 62 46 23 255
0.44802284 9.3666735e-08 1.2406535 0 -1 7.54979e-08 74 53 24 255
0.46802282 9.3666735e-08 1.2406535 0 -1 7.54979e-08 92 63 32 255
0.48802292 9.3666735e-08 1.2406535 0 -1 7.54979e-08 106 69 36 255
0.5080229 9.3666735e-08 1.2406535 0 -1 7.54979e-08 121 78 43 255
0.5280229 9.3666735e-08 1.2406535 0 -1 7.54979e-08 127 81 45 255
0.54802287 9.3666735e-08 1.2406535 0 -1 7.54979e-08 101 66 35 255
0.56802285 9.3666735e-08 1.2406535 0 -1 7.54979e-08 11 8 3 255
0.5880228 9.3666735e-08 1.2406535 0 -1 7.54979e-08 0 0 0 255
-0.39197707 9.5176695e-08 1.2606535 0 -1 7.54979e-08 50 34 17 255
-0.3719771 9.5176695e-08 1.2606535 0 -1 7.54979e-08 107 71 37 255
-0.3519771 9.5176695e-08 1.2606535 0 -1 7.54979e-08 125 80 44 255
-0.33197713 9.5176695e-08 1.2606535 0 -1 7.54979e-08 128 81 46 255
-0.3119771 9.5176695e-08 1.2606535 0 -1 7.54979e-08 128 81 46 255
-0.2919771 9.5176695e-08 1.2606535 0 -1 7.54979e-08 129 83 47 255
-0.27197713 9.5176695e-08 1.2606535 0 -1 7.54979e-08 139 89 51 255
-0.2519771 9.5176695e-08 1.2606535 0 -1 7.54979e-08 141 91 52 255
-0.2319771 9.5176695e-08 1.2606535 0 -1 7.54979e-08 126 82 45 255
-0.21197712 9.5176695e-08 1.2606535 0 -1 7.54979e-08 94 64 32 255
-0.19197708 9.5176695e-08 1.2606535 0 -1 7.54979e-08 76 56 26 255
-0.1719771 9.5176695e-08 1.2606535 0 -1 7.54979e-08 82 58 28 255
-0.15197712 9.5176695e-08 1.2606535 0 -1 7.54979e-08 62 46 20 255
-0.13197708 9.5176695e-08 1.2606535 0 -1 7.54979e-08 47 39 15 255
-0.1119771 9.5176695e-08 1.2606535 0 -1 7.54979e-08 44 41 33 255
-0.09197712 9.5176695e-08 1.2606535 0 -1 7.54979e-08 56 45 29 255
-0.07197714 9.5176695e-08 1.2606535 0 -1 7.54979e-08 43 43 42 255
-0.051977158 9.5176695e-08 1.2606535 0 -1 7.54979e-08 44 44 44 255
-0.031977057 9.5176695e-08 1.2606535 0 -1 7.54979e-08 49 49 49 255
-0.0119770765 9.5176695e-08 1.2606535 0 -1 7.54979e-08 54 54 54 255
0.008022904 9.5176695e-08 1.2606535 0 -1 7.54979e-08 42 41 39 255
0.028022885 9.5176695e-08 1.2606535 0 -1 7.54979e-08 7 6 6 255
0.048022866 9.5176695e-08 1.2606535 0 -1 7.54979e-08 0 0 0 255
0.06802285 9.5176695e-08 1.2606535 0 -1 7.54979e-08 0 0 0 255
0.08802295 9.5176695e-08 1.2606535 0 -1 7.54979e-08 0 0 0 255
0.10802293 9.5176695e-08 1.2606535 0 -1 7.54979e-08 0 0 0 255
0.12802291 9.5176695e-08 1.2606535 0 -1 7.54979e-08 0 0 0 255
0.14802289 9.5176695e-08 1.2606535 0 -1 7.54979e-08 0 0 0 255
0.16802287 9.5176695e-08 1.2606535 0 -1 7.54979e-08 0 0 0 255
0.18802285 9.5176695e-08 1.2606535 0 -1 7.54979e-08 0 0 0 255
0.20802283 9.5176695e-08 1.2606535 0 -1 7.54979e-08 0 0 0 255
0.22802293 9.5176695e-08 1.2606535 0 -1 7.54979e-08 0 0 0 255
0.24802291 9.5176695e-08 1.2606535 0 -1 7.54979e-08 0 0 0 255
0.2680229 9.5176695e-08 1.2606535 0 -1 7.54979e-08 0 0 0 255
0.28802288 9.5176695e-08 1.2606535 0 -1 7.54979e-08 0 0 0 255
0.30802286 9.5176695e-08 1.2606535 0 -1 7.54979e-08 0 0 0 255
0.32802284 9.5176695e-08 1.2606535 0 -1 7.54979e-08 30 30 30 255
0.34802294 9.5176695e-08 1.2606535 0 -1 7.54979e-08 67 63 56 255
0.36802292 9.5176695e-08 1.2606535 0 -1 7.54979e-08 71 58 38 255
0.3880229 9.5176695e-08 1.2606535 0 -1 7.54979e-08 49 46 38 255
0.40802288 9.5176695e-08 1.2606535 0 -1 7.54979e-08 55 45 28 255
0.42802286 9.5176695e-08 1.2606535 0 -1 7.54979e-08 62 46 23 255
0.44802284 9.5176695e-08 1.2606535 0 -1 7.54979e-08 88 61 30 255
0.46802282 9.5176695e-08 1.2606535 0 -1 7.54979e-08 103 68 35 255
0.48802292 9.5176695e-08 1.2606535 0 -1 7.54979e-08 115 75 40 255
0.5080229 9.5176695e-08 1.2606535 0 -1 7.54979e-08 140 90 51 255
0.5280229 9.5176695e-08 1.2606535 0 -1 7.54979e-08 152 98 56 255
0.54802287 9.5176695e-08 1.2606535 0 -1 7.54979e-08 25 16 8 255
0.56802285 9.5176695e-08 1.2606535 0 -1 7.54979e-08 0 0 0 255
-0.3719771 9.668665e-08 1.2806535 0 -1 7.54979e-08 61 42 21 255
-0.3519771 9.668665e-08 1.2806535 0 -1 7.54979e-08 103 68 36 255
-0.33197713 9.668665e-08 1.2806535 0 -1 7.54979e-08 121 78 43 255
-0.3119771 9.668665e-08 1.2806535 0 -1 7.54979e-08 123 79 43 255
-0.2919771 9.668665e-08 1.2806535 0 -1 7.54979e-08 130 82 47 255
-0.27197713 9.668665e-08 1.2806535 0 -1 7.54979e-08 129 82 46 255
-0.2519771 9.668665e-08 1.2806535 0 -1 7.54979e-08 122 79 43 255
-0.2319771 9.668665e-08 1.2806535 0 -1 7.54979e-08 116 75 40 255
-0.21197712 9.668665e-08 1.2806535 0 -1 7.54979e-08 93 64 32 255
-0.19197708 9.668665e-08 1.2806535 0 -1 7.54979e-08 97 65 33 255
-0.1719771 9.668665e-08 1.2806535 0 -1 7.54979e-08 95 64 33 255
-0.15197712 9.668665e-08 1.2806535 0 -1 7.54979e-08 66 51 22 255
-0.13197708 9.668665e-08 1.2806535 0 -1 7.54979e-08 47 39 15 255
-0.1119771 9.668665e-08 1.2806535 0 -1 7.54979e-08 52 41 20 255
-0.09197712 9.668665e-08 1.2806535 0 -1 7.54979e-08 53 48 41 255
-0.07197714 9.668665e-08 1.2806535 0 -1 7.54979e-08 36 36 36 255
-0.051977158 9.668665e-08 1.2806535 0 -1 7.54979e-08 14 23 11 255
-0.031977057 9.668665e-08 1.2806535 0 -1 7.54979e-08 18 23 12 255
-0.0119770765 9.668665e-08 1.2806535 0 -1 7.54979e-08 29 22 14 255
0.008022904 9.668665e-08 1.2806535 0 -1 7.54979e-08 20 23 12 255
0.028022885 9.668665e-08 1.2806535 0 -1 7.54979e-08 2 4 1 255
0.048022866 9.668665e-08 1.2806535 0 -1 7.54979e-08 0 0 0 255
0.06802285 9.668665e-08 1.2806535 0 -1 7.54979e-08 0 0 0 255
0.08802295 9.668665e-08 1.2806535 0 -1 7.54979e-08 0 0 0 255
0.10802293 9.668665e-08 1.2806535 0 -1 7.54979e-08 0 0 0 255
0.12802291 9.668665e-08 1.2806535 0 -1 7.54979e-08 0 0 0 255
0.14802289 9.668665e-08 1.2806535 0 -1 7.54979e-08 0 0 0 255
0.16802287 9.668665e-08 1.2806535 0 -1 7.54979e-08 0 0 0 255
0.18802285 9.668665e-08 1.2806535 0 -1 7.54979e-08 0 0 0 255
0.20802283 9.668665e-08 1.2806535 0 -1 7.54979e-08 0 0 0 255
0.22802293 9.668665e-08 1.2806535 0 -1 7.54979e-08 0 0 0 255
0.24802291 9.668665e-08 1.2806535 0 -1 7.54979e-08 0 0 0 255
0.2680229 9.668665e-08 1.2806535 0 -1 7.54979e-08 0 0 0 255
0.28802288 9.668665e-08 1.2806535 0 -1 7.54979e-08 0 0 0 255
0.30802286 9.668665e-08 1.2806535 0 -1 7.54979e-08 0 0 0 255
0.32802284 9.668665e-08 1.2806535 0 -1 7.54979e-08 1 1 1 255
0.34802294 9.668665e-08 1.2806535 0 -1 7.54979e-08 7 6 4 255
0.36802292 9.668665e-08 1.2806535 0 -1 7.54979e-08 13 15 5 255
0.3880229 9.668665e-08 1.2806535 0 -1 7.54979e-08 39 41 35 255
0.40802288 9.668665e-08 1.2806535 0 -1 7.54979e-08 60 47 28 255
0.42802286 9.668665e-08 1.2806535 0 -1 7.54979e-08 12 9 4 255
0.44802284 9.668665e-08 1.2806535 0 -1 7.54979e-08 91 63 31 255
0.46802282 9.668665e-08 1.2806535 0 -1 7.54979e-08 107 70 37 255
0.48802292 9.668665e-08 1.2806535 0 -1 7.54979e-08 124 79 44 255
0.5080229 9.668665e-08 1.2806535 0 -1 7.54979e-08 136 88 50 255
0.5280229 9.668665e-08 1.2806535 0 -1 7.54979e-08 52 34 19 255
0.54802287 9.668665e-08 1.2806535 0 -1 7.54979e-08 1 1 0 255
0.56802285 9.668665e-08 1.2806535 0 -1 7.54979e-08 0 0 0 255
-0.3519771 9.819661e-08 1.3006535 0 -1 7.54979e-08 18 12 6 255
-0.33197713 9.819661e-08 1.3006535 0 -1 7.54979e-08 88 60 30 255
-0.3119771 9.819661e-08 1.3006535 0 -1 7.54979e-08 105 69 36 255
-0.2919771 9.819661e-08 1.3006535 0 -1 7.54979e-08 107 69 37 255
-0.27197713 9.819661e-08 1.3006535 0 -1 7.54979e-08 106 69 37 255
-0.2519771 9.819661e-08 1.3006535 0 -1 7.54979e-08 105 68 36 255
-0.2319771 9.819661e-08 1.3006535 0 -1 7.54979e-08 111 72 38 255
-0.21197712 9.819661e-08 1.3006535 0 -1 7.54979e-08 110 72 37 255
-0.19197708 9.819661e-08 1.3006535 0 -1 7.54979e-08 111 73 38 255
-0.1719771 9.819661e-08 1.3006535 0 -1 7.54979e-08 109 71 37 255
-0.15197712 9.819661e-08 1.3006535 0 -1 7.54979e-08 83 57 28 255
-0.13197708 9.819661e-08 1.3006535 0 -1 7.54979e-08 51 40 17 255
-0.1119771 9.819661e-08 1.3006535 0 -1 7.54979e-08 54 41 18 255
-0.09197712 9.819661e-08 1.3006535 0 -1 7.54979e-08 60 46 27 255
-0.07197714 9.819661e-08 1.3006535 0 -1 7.54979e-08 60 60 60 255
-0.051977158 9.819661e-08 1.3006535 0 -1 7.54979e-08 14 11 3 255
-0.031977057 9.819661e-08 1.3006535 0 -1 7.54979e-08 2 3 0 255
-0.0119770765 9.819661e-08 1.3006535 0 -1 7.54979e-08 11 7 2 255
0.008022904 9.819661e-08 1.3006535 0 -1 7.54979e-08 8 7 2 255
0.028022885 9.819661e-08 1.3006535 0 -1 7.54979e-08 0 0 0 255
0.048022866 9.819661e-08 1.3006535 0 -1 7.54979e-08 0 0 0 255
0.06802285 9.819661e-08 1.3006535 0 -1 7.54979e-08 0 0 0 255
0.08802295 9.819661e-08 1.3006535 0 -1 7.54979e-08 0 0 0 255
0.10802293 9.819661e-08 1.3006535 0 -1 7.54979e-08 0 0 0 255
0.12802291 9.819661e-08 1.3006535 0 -1 7.54979e-08 0 0 0 255
0.14802289 9.819661e-08 1.3006535 0 -1 7.54979e-08 0 0 0 255
0.16802287 9.819661e-08 1.3006535 0 -1 7.54979e-08 0 0 0 255
0.18802285 9.819661e-08 1.3006535 0 -1 7.54979e-08 0 0 0 255
0.20802283 9.819661e-08 1.3006535 0 -1 7.54979e-08 0 0 0 255
0.22802293 9.819661e-08 1.3006535 0 -1 7.54979e-08 0 0 0 255
0.24802291 9.819661e-08 1.3006535 0 -1 7.54979e-08 0 0 0 255
0.2680229 9.819661e-08 1.3006535 0 -1 7.54979e-08 0 0 0 255
0.28802288 9.819661e-08 1.3006535 0 -1 7.54979e-08 0 0 0 255
0.30802286 9.819661e-08 1.3006535 0 -1 7.54979e-08 0 0 0 255
0.32802284 9.819661e-08 1.3006535 0 -1 7.54979e-08 0 0 0 255
0.34802294 9.819661e-08 1.3006535 0 -1 7.54979e-08 0 0 0 255
0.36802292 9.819661e-08 1.3006535 0 -1 7.54979e-08 16 14 5 255
0.3880229 9.819661e-08 1.3006535 0 -1 7.54979e-08 44 43 37 255
0.40802288 9.819661e-08 1.3006535 0 -1 7.54979e-08 60 47 28 255
0.42802286 9.819661e-08 1.3006535 0 -1 7.54979e-08 1 0 0 255
0.44802284 9.819661e-08 1.3006535 0 -1 7.54979e-08 17 11 5 255
0.46802282 9.819661e-08 1.3006535 0 -1 7.54979e-08 20 13 7 255
0.48802292 9.819661e-08 1.3006535 0 -1 7.54979e-08 23 15 8 255
0.5080229 9.819661e-08 1.3006535 0 -1 7.54979e-08 25 16 9 255
0.5280229 9.819661e-08 1.3006535 0 -1 7.54979e-08 5 3 2 255
0.54802287 9.819661e-08 1.3006535 0 -1 7.54979e-08 0 0 0 255
-0.33197713 9.970656e-08 1.3206534 0 -1 7.54979e-08 16 11 5 255
-0.3119771 9.970656e-08 1.3206534 0 -1 7.54979e-08 20 13 6 255
-0.2919771 9.970656e-08 1.3206534 0 -1 7.54979e-08 20 13 6 255
-0.27197713 9.970656e-08 1.3206534 0 -1 7.54979e-08 20 13 6 255
-0.2519771 9.970656e-08 1.3206534 0 -1 7.54979e-08 64 42 22 255
-0.2319771 9.970656e-08 1.3206534 0 -1 7.54979e-08 114 74 40 255
-0.21197712 9.970656e-08 1.3206534 0 -1 7.54979e-08 131 85 47 255
-0.19197708 9.970656e-08 1.3206534 0 -1 7.54979e-08 126 80 45 255
-0.1719771 9.970656e-08 1.3206534 0 -1 7.54979e-08 118 76 41 255
-0.15197712 9.970656e-08 1.3206534 0 -1 7.54979e-08 94 63 32 255
-0.13197708 9.970656e-08 1.3206534 0 -1 7.54979e-08 54 42 19 255
-0.1119771 9.970656e-08 1.3206534 0 -1 7.54979e-08 54 41 18 255
-0.09197712 9.970656e-08 1.3206534 0 -1 7.54979e-08 62 46 22 255
-0.07197714 9.970656e-08 1.3206534 0 -1 7.54979e-08 85 63 38 255
-0.051977158 9.970656e-08 1.3206534 0 -1 7.54979e-08 63 47 21 255
-0.031977057 9.970656e-08 1.3206534 0 -1 7.54979e-08 32 23 10 255
-0.0119770765 9.970656e-08 1.3206534 0 -1 7.54979e-08 1 1 0 255
0.008022904 9.970656e-08 1.3206534 0 -1 7.54979e-08 1 0 0 255
0.028022885 9.970656e-08 1.3206534 0 -1 7.54979e-08 0 0 0 255
0.048022866 9.970656e-08 1.3206534 0 -1 7.54979e-08 0 0 0 255
0.06802285 9.970656e-08 1.3206534 0 -1 7.54979e-08 0 0 0 255
0.08802295 9.970656e-08 1.3206534 0 -1 7.54979e-08 0 0 0 255
0.10802293 9.970656e-08 1.3206534 0 -1 7.54979e-08 0 0 0 255
0.12802291 9.970656e-08 1.3206534 0 -1 7.54979e-08 0 0 0 255
0.14802289 9.970656e-08 1.3206534 0 -1 7.54979e-08 0 0 0 255
0.16802287 9.970656e-08 1.3206534 0 -1 7.54979e-08 0 0 0 255
0.18802285 9.970656e-08 1.3206534 0 -1 7.54979e-08 0 0 0 255
0.20802283 9.970656e-08 1.3206534 0 -1 7.54979e-08 0 0 0 255
0.22802293 9.970656e-08 1.3206534 0 -1 7.54979e-08 0 0 0 255
0.24802291 9.970656e-08 1.3206534 0 -1 7.54979e-08 0 0 0 255
0.2680229 9.970656e-08 1.3206534 0 -1 7.54979e-08 0 0 0 255
0.28802288 9.970656e-08 1.3206534 0 -1 7.54979e-08 0 0 0 255
0.30802286 9.970656e-08 1.3206534 0 -1 7.54979e-08 0 0 0 255
0.32802284 9.970656e-08 1.3206534 0 -1 7.54979e-08 5 4 1 255
0.34802294 9.970656e-08 1.3206534 0 -1 7.54979e-08 34 30 19 255
0.36802292 9.970656e-08 1.3206534 0 -1 7.54979e-08 44 43 41 255
0.3880229 9.970656e-08 1.3206534 0 -1 7.54979e-08 43 39 27 255
0.40802288 9.970656e-08 1.3206534 0 -1 7.54979e-08 48 39 17 255
0.42802286 9.970656e-08 1.3206534 0 -1 7.54979e-08 0 0 0 255
0.46802282 9.970656e-08 1.3206534 0 -1 7.54979e-08 0 0 0 255
0.48802292 9.970656e-08 1.3206534 0 -1 7.54979e-08 0 0 0 255
0.5080229 9.970656e-08 1.3206534 0 -1 7.54979e-08 0 0 0 255
0.5280229 9.970656e-08 1.3206534 0 -1 7.54979e-08 0 0 0 255
-0.27197713 1.0121652e-07 1.3406534 0 -1 7.54979e-08 0 0 0 255
-0.2519771 1.0121652e-07 1.3406534 0 -1 7.54979e-08 11 7 3 255
-0.2319771 1.0121652e-07 1.3406534 0 -1 7.54979e-08 80 52 27 255
-0.21197712 1.0121652e-07 1.3406534 0 -1 7.54979e-08 122 79 43 255
-0.19197708 1.0121652e-07 1.3406534 0 -1 7.54979e-08 135 88 50 255
-0.1719771 1.0121652e-07 1.3406534 0 -1 7.54979e-08 125 80 44 255
-0.15197712 1.0121652e-07 1.3406534 0 -1 7.54979e-08 98 66 33 255
-0.13197708 1.0121652e-07 1.3406534 0 -1 7.54979e-08 57 44 19 255
-0.1119771 1.0121652e-07 1.3406534 0 -1 7.54979e-08 54 41 18 255
-0.09197712 1.0121652e-07 1.3406534 0 -1 7.54979e-08 62 46 22 255
-0.07197714 1.0121652e-07 1.3406534 0 -1 7.54979e-08 89 62 31 255
-0.051977158 1.0121652e-07 1.3406534 0 -1 7.54979e-08 107 74 43 255
-0.031977057 1.0121652e-07 1.3406534 0 -1 7.54979e-08 72 65 54 255
-0.0119770765 1.0121652e-07 1.3406534 0 -1 7.54979e-08 47 36 15 255
0.008022904 1.0121652e-07 1.3406534 0 -1 7.54979e-08 11 9 3 255
0.028022885 1.0121652e-07 1.3406534 0 -1 7.54979e-08 0 0 0 255
0.048022866 1.0121652e-07 1.3406534 0 -1 7.54979e-08 0 0 0 255
0.06802285 1.0121652e-07 1.3406534 0 -1 7.54979e-08 0 0 0 255
0.08802295 1.0121652e-07 1.3406534 0 -1 7.54979e-08 0 0 0 255
0.10802293 1.0121652e-07 1.3406534 0 -1 7.54979e-08 0 0 0 255
0.12802291 1.0121652e-07 1.3406534 0 -1 7.54979e-08 0 0 0 255
0.14802289 1.0121652e-07 1.3406534 0 -1 7.54979e-08 0 0 0 255
0.16802287 1.0121652e-07 1.3406534 0 -1 7.54979e-08 0 0 0 255
0.18802285 1.0121652e-07 1.3406534 0 -1 7.54979e-08 0 0 0 255
0.20802283 1.0121652e-07 1.3406534 0 -1 7.54979e-08 0 0 0 255
0.22802293 1.0121652e-07 1.3406534 0 -1 7.54979e-08 0 0 0 255
0.24802291 1.0121652e-07 1.3406534 0 -1 7.54979e-08 0 0 0 255
0.2680229 1.0121652e-07 1.3406534 0 -1 7.54979e-08 0 0 0 255
0.28802288 1.0121652e-07 1.3406534 0 -1 7.54979e-08 0 0 0 255
0.30802286 1.0121652e-07 1.3406534 0 -1 7.54979e-08 0 0 0 255
0.32802284 1.0121652e-07 1.3406534 0 -1 7.54979e-08 19 27 16 255
0.34802294 1.0121652e-07 1.3406534 0 -1 7.54979e-08 76 75 72 255
0.36802292 1.0121652e-07 1.3406534 0 -1 7.54979e-08 52 49 41 255
0.3880229 1.0121652e-07 1.3406534 0 -1 7.54979e-08 56 42 20 255
0.40802288 1.0121652e-07 1.3406534 0 -1 7.54979e-08 19 15 6 255
0.42802286 1.0121652e-07 1.3406534 0 -1 7.54979e-08 0 0 0 255
-0.2319771 1.02726474e-07 1.3606534 0 -1 7.54979e-08 15 10 5 255
-0.21197712 1.02726474e-07 1.3606534 0 -1 7.54979e-08 26 16 9 255
-0.19197708 1.02726474e-07 1.3606534 0 -1 7.54979e-08 109 71 38 255
-0.1719771 1.02726474e-07 1.3606534 0 -1 7.54979e-08 104 68 36 255
-0.15197712 1.02726474e-07 1.3606534 0 -1 7.54979e-08 62 44 21 255
-0.13197708 1.02726474e-07 1.3606534 0 -1 7.54979e-08 12 9 4 255
-0.1119771 1.02726474e-07 1.3606534 0 -1 7.54979e-08 36 29 11 255
-0.09197712 1.02726474e-07 1.3606534 0 -1 7.54979e-08 60 45 22 255
-0.07197714 1.02726474e-07 1.3606534 0 -1 7.54979e-08 89 62 31 255
-0.051977158 1.02726474e-07 1.3606534 0 -1 7.54979e-08 114 77 46 255
-0.031977057 1.02726474e-07 1.3606534 0 -1 7.54979e-08 71 70 68 255
-0.0119770765 1.02726474e-07 1.3606534 0 -1 7.54979e-08 68 65 59 255
0.008022904 1.02726474e-07 1.3606534 0 -1 7.54979e-08 41 37 26 255
0.028022885 1.02726474e-07 1.3606534 0 -1 7.54979e-08 6 5 1 255
0.048022866 1.02726474e-07 1.3606534 0 -1 7.54979e-08 0 0 0 255
0.06802285 1.02726474e-07 1.3606534 0 -1 7.54979e-08 3 2 0 255
0.08802295 1.02726474e-07 1.3606534 0 -1 7.54979e-08 30 24 9 255
0.10802293 1.02726474e-07 1.3606534 0 -1 7.54979e-08 26 20 7 255
0.12802291 1.02726474e-07 1.3606534 0 -1 7.54979e-08 21 15 6 255
0.14802289 1.02726474e-07 1.3606534 0 -1 7.54979e-08 5 3 1 255
0.16802287 1.02726474e-07 1.3606534 0 -1 7.54979e-08 0 0 0 255
0.18802285 1.02726474e-07 1.3606534 0 -1 7.54979e-08 7 15 3 255
0.20802283 1.02726474e-07 1.3606534 0 -1 7.54979e-08 25 22 7 255
0.22802293 1.02726474e-07 1.3606534 0 -1 7.54979e-08 3 9 1 255
0.24802291 1.02726474e-07 1.3606534 0 -1 7.54979e-08 0 0 0 255
0.2680229 1.02726474e-07 1.3606534 0 -1 7.54979e-08 10 6 2 255
0.28802288 1.02726474e-07 1.3606534 0 -1 7.54979e-08 15 9 3 255
0.30802286 1.02726474e-07 1.3606534 0 -1 7.54979e-08 0 0 0 255
0.32802284 1.02726474e-07 1.3606534 0 -1 7.54979e-08 21 31 18 255
0.34802294 1.02726474e-07 1.3606534 0 -1 7.54979e-08 76 72 66 255
0.36802292 1.02726474e-07 1.3606534 0 -1 7.54979e-08 62 47 25 255
0.3880229 1.02726474e-07 1.3606534 0 -1 7.54979e-08 56 43 18 255
0.40802288 1.02726474e-07 1.3606534 0 -1 7.54979e-08 9 7 3 255
0.42802286 1.02726474e-07 1.3606534 0 -1 7.54979e-08 0 0 0 255
-0.21197712 1.04236435e-07 1.3806534 0 -1 7.54979e-08 0 0 0 255
-0.19197708 1.04236435e-07 1.3806534 0 -1 7.54979e-08 23 15 7 255
-0.1719771 1.04236435e-07 1.3806534 0 -1 7.54979e-08 22 14 7 255
-0.15197712 1.04236435e-07 1.3806534 0 -1 7.54979e-08 11 8 4 255
-0.13197708 1.04236435e-07 1.3806534 0 -1 7.54979e-08 0 0 0 255
-0.1119771 1.04236435e-07 1.3806534 0 -1 7.54979e-08 7 5 2 255
-0.09197712 1.04236435e-07 1.3806534 0 -1 7.54979e-08 53 40 19 255
-0.07197714 1.04236435e-07 1.3806534 0 -1 7.54979e-08 89 62 31 255
-0.051977158 1.04236435e-07 1.3806534 0 -1 7.54979e-08 114 77 47 255
-0.031977057 1.04236435e-07 1.3806534 0 -1 7.54979e-08 70 70 70 255
-0.0119770765 1.04236435e-07 1.3806534 0 -1 7.54979e-08 60 60 60 255
0.008022904 1.04236435e-07 1.3806534 0 -1 7.54979e-08 58 57 54 255
0.028022885 1.04236435e-07 1.3806534 0 -1 7.54979e-08 24 19 14 255
0.048022866 1.04236435e-07 1.3806534 0 -1 7.54979e-08 6 14 2 255
0.06802285 1.04236435e-07 1.3806534 0 -1 7.54979e-08 47 36 20 255
0.08802295 1.04236435e-07 1.3806534 0 -1 7.54979e-08 72 70 66 255
0.10802293 1.04236435e-07 1.3806534 0 -1 7.54979e-08 77 75 72 255
0.12802291 1.04236435e-07 1.3806534 0 -1 7.54979e-08 76 74 71 255
0.14802289 1.04236435e-07 1.3806534 0 -1 7.54979e-08 38 37 36 255
0.16802287 1.04236435e-07 1.3806534 0 -1 7.54979e-08 16 10 5 255
0.18802285 1.04236435e-07 1.3806534 0 -1 7.54979e-08 88 90 87 255
0.20802283 1.04236435e-07 1.3806534 0 -1 7.54979e-08 154 153 148 255
0.22802293 1.04236435e-07 1.3806534 0 -1 7.54979e-08 88 89 87 255
0.24802291 1.04236435e-07 1.3806534 0 -1 7.54979e-08 51 51 51 255
0.2680229 1.04236435e-07 1.3806534 0 -1 7.54979e-08 73 72 71 255
0.28802288 1.04236435e-07 1.3806534 0 -1 7.54979e-08 70 68 66 255
0.30802286 1.04236435e-07 1.3806534 0 -1 7.54979e-08 30 24 8 255
0.32802284 1.04236435e-07 1.3806534 0 -1 7.54979e-08 36 32 13 255
0.34802294 1.04236435e-07 1.3806534 0 -1 7.54979e-08 67 53 31 255
0.36802292 1.04236435e-07 1.3806534 0 -1 7.54979e-08 81 56 27 255
0.3880229 1.04236435e-07 1.3806534 0 -1 7.54979e-08 31 23 10 255
0.40802288 1.04236435e-07 1.3806534 0 -1 7.54979e-08 1 1 0 255
-0.09197712 1.0574641e-07 1.4006536 0 -1 7.54979e-08 12 9 4 255
-0.07197714 1.0574641e-07 1.4006536 0 -1 7.54979e-08 80 58 27 255
-0.051977158 1.0574641e-07 1.4006536 0 -1 7.54979e-08 101 69 41 255
-0.031977057 1.0574641e-07 1.4006536 0 -1 7.54979e-08 66 66 66 255
-0.0119770765 1.0574641e-07 1.4006536 0 -1 7.54979e-08 57 57 57 255
0.008022904 1.0574641e-07 1.4006536 0 -1 7.54979e-08 49 49 49 255
0.028022885 1.0574641e-07 1.4006536 0 -1 7.54979e-08 39 38 36 255
0.048022866 1.0574641e-07 1.4006536 0 -1 7.54979e-08 34 37 33 255
0.06802285 1.0574641e-07 1.4006536 0 -1 7.54979e-08 48 44 39 255
0.08802295 1.0574641e-07 1.4006536 0 -1 7.54979e-08 60 60 60 255
0.10802293 1.0574641e-07 1.4006536 0 -1 7.54979e-08 65 65 65 255
0.12802291 1.0574641e-07 1.4006536 0 -1 7.54979e-08 63 57 46 255
0.14802289 1.0574641e-07 1.4006536 0 -1 7.54979e-08 42 39 35 255
0.16802287 1.0574641e-07 1.4006536 0 -1 7.54979e-08 29 27 25 255
0.18802285 1.0574641e-07 1.4006536 0 -1 7.54979e-08 65 65 65 255
0.20802283 1.0574641e-07 1.4006536 0 -1 7.54979e-08 84 84 84 255
0.22802293 1.0574641e-07 1.4006536 0 -1 7.54979e-08 63 63 63 255
0.24802291 1.0574641e-07 1.4006536 0 -1 7.54979e-08 48 48 48 255
0.2680229 1.0574641e-07 1.4006536 0 -1 7.54979e-08 46 42 35 255
0.28802288 1.0574641e-07 1.4006536 0 -1 7.54979e-08 56 55 54 255
0.30802286 1.0574641e-07 1.4006536 0 -1 7.54979e-08 57 55 50 255
0.32802284 1.0574641e-07 1.4006536 0 -1 7.54979e-08 65 58 49 255
0.34802294 1.0574641e-07 1.4006536 0 -1 7.54979e-08 85 58 29 255
0.36802292 1.0574641e-07 1.4006536 0 -1 7.54979e-08 47 33 15 255
0.3880229 1.0574641e-07 1.4006536 0 -1 7.54979e-08 5 4 1 255
-0.09197712 1.0725636e-07 1.4206536 0 -1 7.54979e-08 0 0 0 255
-0.07197714 1.0725636e-07 1.4206536 0 -1 7.54979e-08 137 89 81 255
-0.051977158 1.0725636e-07 1.4206536 0 -1 7.54979e-08 81 61 34 255
-0.031977057 1.0725636e-07 1.4206536 0 -1 7.54979e-08 65 65 65 255
-0.0119770765 1.0725636e-07 1.4206536 0 -1 7.54979e-08 57 57 57 255
0.008022904 1.0725636e-07 1.4206536 0 -1 7.54979e-08 46 46 46 255
0.028022885 1.0725636e-07 1.4206536 0 -1 7.54979e-08 43 43 43 255
0.048022866 1.0725636e-07 1.4206536 0 -1 7.54979e-08 43 43 43 255
0.06802285 1.0725636e-07 1.4206536 0 -1 7.54979e-08 43 43 43 255
0.08802295 1.0725636e-07 1.4206536 0 -1 7.54979e-08 45 45 45 255
0.10802293 1.0725636e-07 1.4206536 0 -1 7.54979e-08 46 46 46 255
0.12802291 1.0725636e-07 1.4206536 0 -1 7.54979e-08 42 40 37 255
0.14802289 1.0725636e-07 1.4206536 0 -1 7.54979e-08 36 35 34 255
0.16802287 1.0725636e-07 1.4206536 0 -1 7.54979e-08 39 39 39 255
0.18802285 1.0725636e-07 1.4206536 0 -1 7.54979e-08 45 45 45 255
0.20802283 1.0725636e-07 1.4206536 0 -1 7.54979e-08 45 45 45 255
0.22802293 1.0725636e-07 1.4206536 0 -1 7.54979e-08 44 44 44 255
0.24802291 1.0725636e-07 1.4206536 0 -1 7.54979e-08 43 43 43 255
0.2680229 1.0725636e-07 1.4206536 0 -1 7.54979e-08 34 32 30 255
0.28802288 1.0725636e-07 1.4206536 0 -1 7.54979e-08 48 47 47 255
0.30802286 1.0725636e-07 1.4206536 0 -1 7.54979e-08 62 62 62 255
0.32802284 1.0725636e-07 1.4206536 0 -1 7.54979e-08 59 54 49 255
0.34802294 1.0725636e-07 1.4206536 0 -1 7.54979e-08 98 66 45 255
0.36802292 1.0725636e-07 1.4206536 0 -1 7.54979e-08 69 44 41 255
0.3880229 1.0725636e-07 1.4206536 0 -1 7.54979e-08 0 0 0 255
-0.2519771 1.0876632e-07 1.4406536 0 -1 7.54979e-08 0 0 0 255
-0.2319771 1.0876632e-07 1.4406536 0 -1 7.54979e-08 0 0 0 255
-0.21197712 1.0876632e-07 1.4406536 0 -1 7.54979e-08 0 0 0 255
-0.19197708 1.0876632e-07 1.4406536 0 -1 7.54979e-08 0 0 0 255
-0.1719771 1.0876632e-07 1.4406536 0 -1 7.54979e-08 0 0 0 255
-0.1119771 1.0876632e-07 1.4406536 0 -1 7.54979e-08 0 0 0 255
-0.09197712 1.0876632e-07 1.4406536 0 -1 7.54979e-08 97 61 61 255
-0.07197714 1.0876632e-07 1.4406536 0 -1 7.54979e-08 123 38 38 255
-0.051977158 1.0876632e-07 1.4406536 0 -1 7.54979e-08 106 39 32 255
-0.031977057 1.0876632e-07 1.4406536 0 -1 7.54979e-08 65 65 65 255
-0.0119770765 1.0876632e-07 1.4406536 0 -1 7.54979e-08 57 57 57 255
0.008022904 1.0876632e-07 1.4406536 0 -1 7.54979e-08 46 46 46 255
0.028022885 1.0876632e-07 1.4406536 0 -1 7.54979e-08 43 43 43 255
0.048022866 1.0876632e-07 1.4406536 0 -1 7.54979e-08 43 43 43 255
0.06802285 1.0876632e-07 1.4406536 0 -1 7.54979e-08 43 43 43 255
0.08802295 1.0876632e-07 1.4406536 0 -1 7.54979e-08 43 43 43 255
0.10802293 1.0876632e-07 1.4406536 0 -1 7.54979e-08 43 43 43 255
0.12802291 1.0876632e-07 1.4406536 0 -1 7.54979e-08 38 38 38 255
0.14802289 1.0876632e-07 1.4406536 0 -1 7.54979e-08 35 35 35 255
0.16802287 1.0876632e-07 1.4406536 0 -1 7.54979e-08 42 42 42 255
0.18802285 1.0876632e-07 1.4406536 0 -1 7.54979e-08 43 43 43 255
0.20802283 1.0876632e-07 1.4406536 0 -1 7.54979e-08 43 43 43 255
0.22802293 1.0876632e-07 1.4406536 0 -1 7.54979e-08 43 43 43 255
0.24802291 1.0876632e-07 1.4406536 0 -1 7.54979e-08 43 43 43 255
0.2680229 1.0876632e-07 1.4406536 0 -1 7.54979e-08 36 36 36 255
0.28802288 1.0876632e-07 1.4406536 0 -1 7.54979e-08 48 48 48 255
0.30802286 1.0876632e-07 1.4406536 0 -1 7.54979e-08 62 62 62 255
0.32802284 1.0876632e-07 1.4406536 0 -1 7.54979e-08 59 46 44 255
0.34802294 1.0876632e-07 1.4406536 0 -1 7.54979e-08 105 28 23 255
0.36802292 1.0876632e-07 1.4406536 0 -1 7.54979e-08 118 55 55 255
0.3880229 1.0876632e-07 1.4406536 0 -1 7.54979e-08 40 25 25 255
0.40802288 1.0876632e-07 1.4406536 0 -1 7.54979e-08 0 0 0 255
0.46802282 1.0876632e-07 1.4406536 0 -1 7.54979e-08 0 0 0 255
0.48802292 1.0876632e-07 1.4406536 0 -1 7.54979e-08 0 0 0 255
0.5080229 1.0876632e-07 1.4406536 0 -1 7.54979e-08 73 46 46 255
0.5280229 1.0876632e-07 1.4406536 0 -1 7.54979e-08 25 16 16 255
0.54802287 1.0876632e-07 1.4406536 0 -1 7.54979e-08 0 0 0 255
-0.27197713 1.10276275e-07 1.4606535 0 -1 7.54979e-08 0 0 0 255
-0.2519771 1.10276275e-07 1.4606535 0 -1 7.54979e-08 63 40 40 255
-0.2319771 1.10276275e-07 1.4606535 0 -1 7.54979e-08 117 74 74 255
-0.21197712 1.10276275e-07 1.4606535 0 -1 7.54979e-08 117 74 74 255
-0.19197708 1.10276275e-07 1.4606535 0 -1 7.54979e-08 117 74 74 255
-0.1719771 1.10276275e-07 1.4606535 0 -1 7.54979e-08 117 74 74 255
-0.15197712 1.10276275e-07 1.4606535 0 -1 7.54979e-08 77 49 49 255
-0.13197708 1.10276275e-07 1.4606535 0 -1 7.54979e-08 0 0 0 255
-0.1119771 1.10276275e-07 1.4606535 0 -1 7.54979e-08 0 0 0 255
-0.09197712 1.10276275e-07 1.4606535 0 -1 7.54979e-08 96 29 29 255
-0.07197714 1.10276275e-07 1.4606535 0 -1 7.54979e-08 121 24 24 255
-0.051977158 1.10276275e-07 1.4606535 0 -1 7.54979e-08 147 50 50 255
-0.031977057 1.10276275e-07 1.4606535 0 -1 7.54979e-08 117 65 65 255
-0.0119770765 1.10276275e-07 1.4606535 0 -1 7.54979e-08 57 57 57 255
0.008022904 1.10276275e-07 1.4606535 0 -1 7.54979e-08 46 46 46 255
0.028022885 1.10276275e-07 1.4606535 0 -1 7.54979e-08 43 43 43 255
0.048022866 1.10276275e-07 1.4606535 0 -1 7.54979e-08 43 43 43 255
0.06802285 1.10276275e-07 1.4606535 0 -1 7.54979e-08 43 43 43 255
0.08802295 1.10276275e-07 1.4606535 0 -1 7.54979e-08 44 44 44 255
0.10802293 1.10276275e-07 1.4606535 0 -1 7.54979e-08 46 46 46 255
0.12802291 1.10276275e-07 1.4606535 0 -1 7.54979e-08 38 38 38 255
0.14802289 1.10276275e-07 1.4606535 0 -1 7.54979e-08 35 35 35 255
0.16802287 1.10276275e-07 1.4606535 0 -1 7.54979e-08 42 42 42 255
0.18802285 1.10276275e-07 1.4606535 0 -1 7.54979e-08 43 43 43 255
0.20802283 1.10276275e-07 1.4606535 0 -1 7.54979e-08 43 43 43 255
0.22802293 1.10276275e-07 1.4606535 0 -1 7.54979e-08 43 43 43 255
0.24802291 1.10276275e-07 1.4606535 0 -1 7.54979e-08 43 43 43 255
0.2680229 1.10276275e-07 1.4606535 0 -1 7.54979e-08 41 41 41 255
0.28802288 1.10276275e-07 1.4606535 0 -1 7.54979e-08 49 49 49 255
0.30802286 1.10276275e-07 1.4606535 0 -1 7.54979e-08 64 62 62 255
0.32802284 1.10276275e-07 1.4606535 0 -1 7.54979e-08 127 48 48 255
0.34802294 1.10276275e-07 1.4606535 0 -1 7.54979e-08 114 19 19 255
0.36802292 1.10276275e-07 1.4606535 0 -1 7.54979e-08 110 23 23 255
0.3880229 1.10276275e-07 1.4606535 0 -1 7.54979e-08 39 12 12 255
0.40802288 1.10276275e-07 1.4606535 0 -1 7.54979e-08 0 0 0 255
0.42802286 1.10276275e-07 1.4606535 0 -1 7.54979e-08 0 0 0 255
0.44802284 1.10276275e-07 1.4606535 0 -1 7.54979e-08 16 10 10 255
0.46802282 1.10276275e-07 1.4606535 0 -1 7.54979e-08 117 74 74 255
0.48802292 1.10276275e-07 1.4606535 0 -1 7.54979e-08 117 74 74 255
0.5080229 1.10276275e-07 1.4606535 0 -1 7.54979e-08 116 48 48 255
0.5280229 1.10276275e-07 1.4606535 0 -1 7.54979e-08 117 65 65 255
0.54802287 1.10276275e-07 1.4606535 0 -1 7.54979e-08 6 4 4 255
-0.2919771 1.11786235e-07 1.4806535 0 -1 7.54979e-08 0 0 0 255
-0.27197713 1.11786235e-07 1.4806535 0 -1 7.54979e-08 43 27 27 255
-0.2519771 1.11786235e-07 1.4806535 0 -1 7.54979e-08 125 58 58 255
-0.2319771 1.11786235e-07 1.4806535 0 -1 7.54979e-08 134 47 47 255
-0.21197712 1.11786235e-07 1.4806535 0 -1 7.54979e-08 147 58 58 255
-0.19197708 1.11786235e-07 1.4806535 0 -1 7.54979e-08 149 59 59 255
-0.1719771 1.11786235e-07 1.4806535 0 -1 7.54979e-08 129 43 43 255
-0.15197712 1.11786235e-07 1.4806535 0 -1 7.54979e-08 115 47 47 255
-0.13197708 1.11786235e-07 1.4806535 0 -1 7.54979e-08 115 73 73 255
-0.1119771 1.11786235e-07 1.4806535 0 -1 7.54979e-08 115 73 73 255
-0.09197712 1.11786235e-07 1.4806535 0 -1 7.54979e-08 109 25 25 255
-0.07197714 1.11786235e-07 1.4806535 0 -1 7.54979e-08 114 18 18 255
-0.051977158 1.11786235e-07 1.4806535 0 -1 7.54979e-08 147 47 47 255
-0.031977057 1.11786235e-07 1.4806535 0 -1 7.54979e-08 139 69 69 255
-0.0119770765 1.11786235e-07 1.4806535 0 -1 7.54979e-08 57 57 57 255
0.008022904 1.11786235e-07 1.4806535 0 -1 7.54979e-08 46 46 46 255
0.028022885 1.11786235e-07 1.4806535 0 -1 7.54979e-08 43 43 43 255
0.048022866 1.11786235e-07 1.4806535 0 -1 7.54979e-08 43 43 43 255
0.06802285 1.11786235e-07 1.4806535 0 -1 7.54979e-08 43 43 43 255
0.08802295 1.11786235e-07 1.4806535 0 -1 7.54979e-08 45 45 45 255
0.10802293 1.11786235e-07 1.4806535 0 -1 7.54979e-08 47 47 47 255
0.12802291 1.11786235e-07 1.4806535 0 -1 7.54979e-08 38 38 38 255
0.14802289 1.11786235e-07 1.4806535 0 -1 7.54979e-08 35 35 35 255
0.16802287 1.11786235e-07 1.4806535 0 -1 7.54979e-08 42 42 42 255
0.18802285 1.11786235e-07 1.4806535 0 -1 7.54979e-08 43 43 43 255
0.20802283 1.11786235e-07 1.4806535 0 -1 7.54979e-08 43 43 43 255
0.22802293 1.11786235e-07 1.4806535 0 -1 7.54979e-08 43 43 43 255
0.24802291 1.11786235e-07 1.4806535 0 -1 7.54979e-08 43 43 43 255
0.2680229 1.11786235e-07 1.4806535 0 -1 7.54979e-08 43 43 43 255
0.28802288 1.11786235e-07 1.4806535 0 -1 7.54979e-08 49 49 49 255
0.30802286 1.11786235e-07 1.4806535 0 -1 7.54979e-08 64 62 62 255
0.32802284 1.11786235e-07 1.4806535 0 -1 7.54979e-08 146 45 45 255
0.34802294 1.11786235e-07 1.4806535 0 -1 7.54979e-08 122 24 24 255
0.36802292 1.11786235e-07 1.4806535 0 -1 7.54979e-08 116 20 20 255
0.3880229 1.11786235e-07 1.4806535 0 -1 7.54979e-08 116 55 55 255
0.40802288 1.11786235e-07 1.4806535 0 -1 7.54979e-08 115 73 73 255
0.42802286 1.11786235e-07 1.4806535 0 -1 7.54979e-08 115 73 73 255
0.44802284 1.11786235e-07 1.4806535 0 -1 7.54979e-08 117 69 69 255
0.46802282 1.11786235e-07 1.4806535 0 -1 7.54979e-08 131 45 45 255
0.48802292 1.11786235e-07 1.4806535 0 -1 7.54979e-08 137 48 48 255
0.5080229 1.11786235e-07 1.4806535 0 -1 7.54979e-08 121 29 29 255
0.5280229 1.11786235e-07 1.4806535 0 -1 7.54979e-08 131 41 41 255
0.54802287 1.11786235e-07 1.4806535 0 -1 7.54979e-08 117 71 71 255
0.56802285 1.11786235e-07 1.4806535 0 -1 7.54979e-08 0 0 0 255
0.5880228 1.11786235e-07 1.4806535 0 -1 7.54979e-08 0 0 0 255
-0.3119771 1.1329619e-07 1.5006535 0 -1 7.54979e-08 0 0 0 255
-0.2919771 1.1329619e-07 1.5006535 0 -1 7.54979e-08 25 15 15 255
-0.27197713 1.1329619e-07 1.5006535 0 -1 7.54979e-08 122 63 63 255
-0.2519771 1.1329619e-07 1.5006535 0 -1 7.54979e-08 129 36 36 255
-0.2319771 1.1329619e-07 1.5006535 0 -1 7.54979e-08 125 26 26 255
-0.21197712 1.1329619e-07 1.5006535 0 -1 7.54979e-08 135 33 33 255
-0.19197708 1.1329619e-07 1.5006535 0 -1 7.54979e-08 145 42 42 255
-0.1719771 1.1329619e-07 1.5006535 0 -1 7.54979e-08 135 35 35 255
-0.15197712 1.1329619e-07 1.5006535 0 -1 7.54979e-08 129 33 33 255
-0.13197708 1.1329619e-07 1.5006535 0 -1 7.54979e-08 134 47 47 255
-0.1119771 1.1329619e-07 1.5006535 0 -1 7.54979e-08 122 39 39 255
-0.09197712 1.1329619e-07 1.5006535 0 -1 7.54979e-08 111 19 19 255
-0.07197714 1.1329619e-07 1.5006535 0 -1 7.54979e-08 120 23 23 255
-0.051977158 1.1329619e-07 1.5006535 0 -1 7.54979e-08 137 40 33 255
-0.031977057 1.1329619e-07 1.5006535 0 -1 7.54979e-08 128 76 41 255
-0.0119770765 1.1329619e-07 1.5006535 0 -1 7.54979e-08 57 57 57 255
0.008022904 1.1329619e-07 1.5006535 0 -1 7.54979e-08 46 46 46 255
0.028022885 1.1329619e-07 1.5006535 0 -1 7.54979e-08 43 43 43 255
0.048022866 1.1329619e-07 1.5006535 0 -1 7.54979e-08 43 43 43 255
0.06802285 1.1329619e-07 1.5006535 0 -1 7.54979e-08 43 43 43 255
0.08802295 1.1329619e-07 1.5006535 0 -1 7.54979e-08 45 45 45 255
0.10802293 1.1329619e-07 1.5006535 0 -1 7.54979e-08 47 47 47 255
0.12802291 1.1329619e-07 1.5006535 0 -1 7.54979e-08 38 38 38 255
0.14802289 1.1329619e-07 1.5006535 0 -1 7.54979e-08 35 35 35 255
0.16802287 1.1329619e-07 1.5006535 0 -1 7.54979e-08 42 42 42 255
0.18802285 1.1329619e-07 1.5006535 0 -1 7.54979e-08 43 43 43 255
0.20802283 1.1329619e-07 1.5006535 0 -1 7.54979e-08 43 43 43 255
0.22802293 1.1329619e-07 1.5006535 0 -1 7.54979e-08 43 43 43 255
0.24802291 1.1329619e-07 1.5006535 0 -1 7.54979e-08 43 43 43 255
0.2680229 1.1329619e-07 1.5006535 0 -1 7.54979e-08 43 43 43 255
0.28802288 1.1329619e-07 1.5006535 0 -1 7.54979e-08 49 49 49 255
0.30802286 1.1329619e-07 1.5006535 0 -1 7.54979e-08 64 63 61 255
0.32802284 1.1329619e-07 1.5006535 0 -1 7.54979e-08 147 68 27 255
0.34802294 1.1329619e-07 1.5006535 0 -1 7.54979e-08 136 35 35 255
0.36802292 1.1329619e-07 1.5006535 0 -1 7.54979e-08 126 26 26 255
0.3880229 1.1329619e-07 1.5006535 0 -1 7.54979e-08 125 36 36 255
0.40802288 1.1329619e-07 1.5006535 0 -1 7.54979e-08 127 43 43 255
0.42802286 1.1329619e-07 1.5006535 0 -1 7.54979e-08 141 51 51 255
0.44802284 1.1329619e-07 1.5006535 0 -1 7.54979e-08 140 49 49 255
0.46802282 1.1329619e-07 1.5006535 0 -1 7.54979e-08 138 38 38 255
0.48802292 1.1329619e-07 1.5006535 0 -1 7.54979e-08 141 40 40 255
0.5080229 1.1329619e-07 1.5006535 0 -1 7.54979e-08 129 30 30 255
0.5280229 1.1329619e-07 1.5006535 0 -1 7.54979e-08 125 27 27 255
0.54802287 1.1329619e-07 1.5006535 0 -1 7.54979e-08 135 47 47 255
0.56802285 1.1329619e-07 1.5006535 0 -1 7.54979e-08 114 72 72 255
0.5880228 1.1329619e-07 1.5006535 0 -1 7.54979e-08 84 53 53 255
0.6080229 1.1329619e-07 1.5006535 0 -1 7.54979e-08 0 0 0 255
-0.33197713 1.1480615e-07 1.5206535 0 -1 7.54979e-08 0 0 0 255
-0.3119771 1.1480615e-07 1.5206535 0 -1 7.54979e-08 6 4 4 255
-0.2919771 1.1480615e-07 1.5206535 0 -1 7.54979e-08 117 66 66 255
-0.27197713 1.1480615e-07 1.5206535 0 -1 7.54979e-08 129 38 38 255
-0.2519771 1.1480615e-07 1.5206535 0 -1 7.54979e-08 127 27 27 255
-0.2319771 1.1480615e-07 1.5206535 0 -1 7.54979e-08 131 30 30 255
-0.21197712 1.1480615e-07 1.5206535 0 -1 7.54979e-08 133 31 31 255
-0.19197708 1.1480615e-07 1.5206535 0 -1 7.54979e-08 148 46 46 255
-0.1719771 1.1480615e-07 1.5206535 0 -1 7.54979e-08 161 58 58 255
-0.15197712 1.1480615e-07 1.5206535 0 -1 7.54979e-08 158 56 56 255
-0.13197708 1.1480615e-07 1.5206535 0 -1 7.54979e-08 151 50 50 255
-0.1119771 1.1480615e-07 1.5206535 0 -1 7.54979e-08 138 39 39 255
-0.09197712 1.1480615e-07 1.5206535 0 -1 7.54979e-08 130 32 32 255
-0.07197714 1.1480615e-07 1.5206535 0 -1 7.54979e-08 139 38 38 255
-0.051977158 1.1480615e-07 1.5206535 0 -1 7.54979e-08 144 48 40 255
-0.031977057 1.1480615e-07 1.5206535 0 -1 7.54979e-08 125 83 47 255
-0.0119770765 1.1480615e-07 1.5206535 0 -1 7.54979e-08 46 46 46 255
0.008022904 1.1480615e-07 1.5206535 0 -1 7.54979e-08 46 46 46 255
0.028022885 1.1480615e-07 1.5206535 0 -1 7.54979e-08 43 43 43 255
0.048022866 1.1480615e-07 1.5206535 0 -1 7.54979e-08 43 43 43 255
0.06802285 1.1480615e-07 1.5206535 0 -1 7.54979e-08 43 43 43 255
0.08802295 1.1480615e-07 1.5206535 0 -1 7.54979e-08 51 51 51 255
0.10802293 1.1480615e-07 1.5206535 0 -1 7.54979e-08 52 52 52 255
0.12802291 1.1480615e-07 1.5206535 0 -1 7.54979e-08 38 38 38 255
0.14802289 1.1480615e-07 1.5206535 0 -1 7.54979e-08 35 35 35 255
0.16802287 1.1480615e-07 1.5206535 0 -1 7.54979e-08 42 42 42 255
0.18802285 1.1480615e-07 1.5206535 0 -1 7.54979e-08 43 43 43 255
0.20802283 1.1480615e-07 1.5206535 0 -1 7.54979e-08 43 43 43 255
0.22802293 1.1480615e-07 1.5206535 0 -1 7.54979e-08 43 43 43 255
0.24802291 1.1480615e-07 1.5206535 0 -1 7.54979e-08 43 43 43 255
0.2680229 1.1480615e-07 1.5206535 0 -1 7.54979e-08 43 43 43 255
0.28802288 1.1480615e-07 1.5206535 0 -1 7.54979e-08 49 49 49 255
0.30802286 1.1480615e-07 1.5206535 0 -1 7.54979e-08 46 44 43 255
0.32802284 1.1480615e-07 1.5206535 0 -1 7.54979e-08 162 92 50 255
0.34802294 1.1480615e-07 1.5206535 0 -1 7.54979e-08 146 44 44 255
0.36802292 1.1480615e-07 1.5206535 0 -1 7.54979e-08 138 38 38 255
0.3880229 1.1480615e-07 1.5206535 0 -1 7.54979e-08 136 37 37 255
0.40802288 1.1480615e-07 1.5206535 0 -1 7.54979e-08 150 50 50 255
0.42802286 1.1480615e-07 1.5206535 0 -1 7.54979e-08 161 61 61 255
0.44802284 1.1480615e-07 1.5206535 0 -1 7.54979e-08 158 56 56 255
0.46802282 1.1480615e-07 1.5206535 0 -1 7.54979e-08 158 55 55 255
0.48802292 1.1480615e-07 1.5206535 0 -1 7.54979e-08 143 41 41 255
0.5080229 1.1480615e-07 1.5206535 0 -1 7.54979e-08 123 25 25 255
0.5280229 1.1480615e-07 1.5206535 0 -1 7.54979e-08 114 19 19 255
0.54802287 1.1480615e-07 1.5206535 0 -1 7.54979e-08 114 19 19 255
0.56802285 1.1480615e-07 1.5206535 0 -1 7.54979e-08 117 36 36 255
0.5880228 1.1480615e-07 1.5206535 0 -1 7.54979e-08 115 45 45 255
0.6080229 1.1480615e-07 1.5206535 0 -1 7.54979e-08 65 41 41 255
0.6280229 1.1480615e-07 1.5206535 0 -1 7.54979e-08 0 0 0 255
-0.3519771 1.163161e-07 1.5406535 0 -1 7.54979e-08 0 0 0 255
-0.33197713 1.163161e-07 1.5406535 0 -1 7.54979e-08 0 0 0 255
-0.3119771 1.163161e-07 1.5406535 0 -1 7.54979e-08 112 68 68 255
-0.2919771 1.163161e-07 1.5406535 0 -1 7.54979e-08 131 42 42 255
-0.27197713 1.163161e-07 1.5406535 0 -1 7.54979e-08 124 25 25 255
-0.2519771 1.163161e-07 1.5406535 0 -1 7.54979e-08 131 30 30 255
-0.2319771 1.163161e-07 1.5406535 0 -1 7.54979e-08 129 29 29 255
-0.21197712 1.163161e-07 1.5406535 0 -1 7.54979e-08 132 30 30 255
-0.19197708 1.163161e-07 1.5406535 0 -1 7.54979e-08 146 44 44 255
-0.1719771 1.163161e-07 1.5406535 0 -1 7.54979e-08 157 55 55 255
-0.15197712 1.163161e-07 1.5406535 0 -1 7.54979e-08 166 63 63 255
-0.13197708 1.163161e-07 1.5406535 0 -1 7.54979e-08 156 67 43 255
-0.1119771 1.163161e-07 1.5406535 0 -1 7.54979e-08 150 78 44 255
-0.09197712 1.163161e-07 1.5406535 0 -1 7.54979e-08 159 86 57 255
-0.07197714 1.163161e-07 1.5406535 0 -1 7.54979e-08 148 78 51 255
-0.051977158 1.163161e-07 1.5406535 0 -1 7.54979e-08 156 58 56 255
-0.031977057 1.163161e-07 1.5406535 0 -1 7.54979e-08 155 102 93 255
-0.0119770765 1.163161e-07 1.5406535 0 -1 7.54979e-08 48 48 48 255
0.008022904 1.163161e-07 1.5406535 0 -1 7.54979e-08 55 55 55 255
0.028022885 1.163161e-07 1.5406535 0 -1 7.54979e-08 44 44 44 255
0.048022866 1.163161e-07 1.5406535 0 -1 7.54979e-08 43 43 43 255
0.06802285 1.163161e-07 1.5406535 0 -1 7.54979e-08 43 43 43 255
0.08802295 1.163161e-07 1.5406535 0 -1 7.54979e-08 54 54 54 255
0.10802293 1.163161e-07 1.5406535 0 -1 7.54979e-08 54 54 54 255
0.12802291 1.163161e-07 1.5406535 0 -1 7.54979e-08 38 38 38 255
0.14802289 1.163161e-07 1.5406535 0 -1 7.54979e-08 35 35 35 255
0.16802287 1.163161e-07 1.5406535 0 -1 7.54979e-08 47 47 47 255
0.18802285 1.163161e-07 1.5406535 0 -1 7.54979e-08 43 43 43 255
0.20802283 1.163161e-07 1.5406535 0 -1 7.54979e-08 43 43 43 255
0.22802293 1.163161e-07 1.5406535 0 -1 7.54979e-08 43 43 43 255
0.24802291 1.163161e-07 1.5406535 0 -1 7.54979e-08 46 46 46 255
0.2680229 1.163161e-07 1.5406535 0 -1 7.54979e-08 65 65 65 255
0.28802288 1.163161e-07 1.5406535 0 -1 7.54979e-08 63 63 63 255
0.30802286 1.163161e-07 1.5406535 0 -1 7.54979e-08 36 34 34 255
0.32802284 1.163161e-07 1.5406535 0 -1 7.54979e-08 202 122 111 255
0.34802294 1.163161e-07 1.5406535 0 -1 7.54979e-08 165 74 64 255
0.36802292 1.163161e-07 1.5406535 0 -1 7.54979e-08 163 89 59 255
0.3880229 1.163161e-07 1.5406535 0 -1 7.54979e-08 153 82 54 255
0.40802288 1.163161e-07 1.5406535 0 -1 7.54979e-08 154 80 35 255
0.42802286 1.163161e-07 1.5406535 0 -1 7.54979e-08 162 61 60 255
0.44802284 1.163161e-07 1.5406535 0 -1 7.54979e-08 167 64 64 255
0.46802282 1.163161e-07 1.5406535 0 -1 7.54979e-08 152 50 50 255
0.48802292 1.163161e-07 1.5406535 0 -1 7.54979e-08 140 38 38 255
0.5080229 1.163161e-07 1.5406535 0 -1 7.54979e-08 125 26 26 255
0.5280229 1.163161e-07 1.5406535 0 -1 7.54979e-08 125 25 25 255
0.54802287 1.163161e-07 1.5406535 0 -1 7.54979e-08 126 26 26 255
0.56802285 1.163161e-07 1.5406535 0 -1 7.54979e-08 106 13 13 255
0.5880228 1.163161e-07 1.5406535 0 -1 7.54979e-08 114 22 22 255
0.6080229 1.163161e-07 1.5406535 0 -1 7.54979e-08 125 58 58 255
0.6280229 1.163161e-07 1.5406535 0 -1 7.54979e-08 111 70 70 255
0.6480229 1.163161e-07 1.5406535 0 -1 7.54979e-08 28 18 18 255
-0.3519771 1.1782606e-07 1.5606534 0 -1 7.54979e-08 0 0 0 255
-0.33197713 1.1782606e-07 1.5606534 0 -1 7.54979e-08 98 62 62 255
-0.3119771 1.1782606e-07 1.5606534 0 -1 7.54979e-08 133 47 47 255
-0.2919771 1.1782606e-07 1.5606534 0 -1 7.54979e-08 120 22 22 255
-0.27197713 1.1782606e-07 1.5606534 0 -1 7.54979e-08 115 19 19 255
-0.2519771 1.1782606e-07 1.5606534 0 -1 7.54979e-08 130 30 30 255
-0.2319771 1.1782606e-07 1.5606534 0 -1 7.54979e-08 139 38 38 255
-0.21197712 1.1782606e-07 1.5606534 0 -1 7.54979e-08 141 39 39 255
-0.19197708 1.1782606e-07 1.5606534 0 -1 7.54979e-08 148 45 45 255
-0.1719771 1.1782606e-07 1.5606534 0 -1 7.54979e-08 150 48 48 255
-0.15197712 1.1782606e-07 1.5606534 0 -1 7.54979e-08 154 61 44 255
-0.13197708 1.1782606e-07 1.5606534 0 -1 7.54979e-08 157 92 25 255
-0.1119771 1.1782606e-07 1.5606534 0 -1 7.54979e-08 171 123 38 255
-0.09197712 1.1782606e-07 1.5606534 0 -1 7.54979e-08 182 135 49 255
-0.07197714 1.1782606e-07 1.5606534 0 -1 7.54979e-08 189 152 60 255
-0.051977158 1.1782606e-07 1.5606534 0 -1 7.54979e-08 176 128 59 255
-0.031977057 1.1782606e-07 1.5606534 0 -1 7.54979e-08 78 59 59 255
-0.0119770765 1.1782606e-07 1.5606534 0 -1 7.54979e-08 68 68 68 255
0.008022904 1.1782606e-07 1.5606534 0 -1 7.54979e-08 83 83 83 255
0.028022885 1.1782606e-07 1.5606534 0 -1 7.54979e-08 48 48 48 255
0.048022866 1.1782606e-07 1.5606534 0 -1 7.54979e-08 43 43 43 255
0.06802285 1.1782606e-07 1.5606534 0 -1 7.54979e-08 43 43 43 255
0.08802295 1.1782606e-07 1.5606534 0 -1 7.54979e-08 54 54 54 255
0.10802293 1.1782606e-07 1.5606534 0 -1 7.54979e-08 54 54 54 255
0.12802291 1.1782606e-07 1.5606534 0 -1 7.54979e-08 36 36 36 255
0.14802289 1.1782606e-07 1.5606534 0 -1 7.54979e-08 32 32 32 255
0.16802287 1.1782606e-07 1.5606534 0 -1 7.54979e-08 49 49 49 255
0.18802285 1.1782606e-07 1.5606534 0 -1 7.54979e-08 43 43 43 255
0.20802283 1.1782606e-07 1.5606534 0 -1 7.54979e-08 43 43 43 255
0.22802293 1.1782606e-07 1.5606534 0 -1 7.54979e-08 43 43 43 255
0.24802291 1.1782606e-07 1.5606534 0 -1 7.54979e-08 53 53 53 255
0.2680229 1.1782606e-07 1.5606534 0 -1 7.54979e-08 86 86 86 255
0.28802288 1.1782606e-07 1.5606534 0 -1 7.54979e-08 82 82 82 255
0.30802286 1.1782606e-07 1.5606534 0 -1 7.54979e-08 35 34 34 255
0.32802284 1.1782606e-07 1.5606534 0 -1 7.54979e-08 114 77 71 255
0.34802294 1.1782606e-07 1.5606534 0 -1 7.54979e-08 188 111 74 255
0.36802292 1.1782606e-07 1.5606534 0 -1 7.54979e-08 182 126 60 255
0.3880229 1.1782606e-07 1.5606534 0 -1 7.54979e-08 178 133 48 255
0.40802288 1.1782606e-07 1.5606534 0 -1 7.54979e-08 176 129 36 255
0.42802286 1.1782606e-07 1.5606534 0 -1 7.54979e-08 165 98 36 255
0.44802284 1.1782606e-07 1.5606534 0 -1 7.54979e-08 168 100 39 255
0.46802282 1.1782606e-07 1.5606534 0 -1 7.54979e-08 158 88 30 255
0.48802292 1.1782606e-07 1.5606534 0 -1 7.54979e-08 146 58 32 255
0.5080229 1.1782606e-07 1.5606534 0 -1 7.54979e-08 142 41 41 255
0.5280229 1.1782606e-07 1.5606534 0 -1 7.54979e-08 143 41 41 255
0.54802287 1.1782606e-07 1.5606534 0 -1 7.54979e-08 141 39 39 255
0.56802285 1.1782606e-07 1.5606534 0 -1 7.54979e-08 126 26 26 255
0.5880228 1.1782606e-07 1.5606534 0 -1 7.54979e-08 125 26 26 255
0.6080229 1.1782606e-07 1.5606534 0 -1 7.54979e-08 126 34 34 255
0.6280229 1.1782606e-07 1.5606534 0 -1 7.54979e-08 123 41 41 255
0.6480229 1.1782606e-07 1.5606534 0 -1 7.54979e-08 112 61 61 255
0.6680229 1.1782606e-07 1.5606534 0 -1 7.54979e-08 10 6 6 255
-0.3519771 1.1933602e-07 1.5806534 0 -1 7.54979e-08 0 0 0 255
-0.33197713 1.1933602e-07 1.5806534 0 -1 7.54979e-08 123 46 46 255
-0.3119771 1.1933602e-07 1.5806534 0 -1 7.54979e-08 114 18 18 255
-0.2919771 1.1933602e-07 1.5806534 0 -1 7.54979e-08 118 21 21 255
-0.27197713 1.1933602e-07 1.5806534 0 -1 7.54979e-08 125 26 26 255
-0.2519771 1.1933602e-07 1.5806534 0 -1 7.54979e-08 132 30 30 255
-0.2319771 1.1933602e-07 1.5806534 0 -1 7.54979e-08 144 42 42 255
-0.21197712 1.1933602e-07 1.5806534 0 -1 7.54979e-08 148 45 45 255
-0.19197708 1.1933602e-07 1.5806534 0 -1 7.54979e-08 149 47 47 255
-0.1719771 1.1933602e-07 1.5806534 0 -1 7.54979e-08 151 55 44 255
-0.15197712 1.1933602e-07 1.5806534 0 -1 7.54979e-08 162 98 30 255
-0.13197708 1.1933602e-07 1.5806534 0 -1 7.54979e-08 165 112 25 255
-0.1119771 1.1933602e-07 1.5806534 0 -1 7.54979e-08 182 138 37 255
-0.09197712 1.1933602e-07 1.5806534 0 -1 7.54979e-08 199 166 53 255
-0.07197714 1.1933602e-07 1.5806534 0 -1 7.54979e-08 208 180 62 255
-0.051977158 1.1933602e-07 1.5806534 0 -1 7.54979e-08 184 160 58 255
-0.031977057 1.1933602e-07 1.5806534 0 -1 7.54979e-08 35 35 35 255
-0.0119770765 1.1933602e-07 1.5806534 0 -1 7.54979e-08 67 67 67 255
0.008022904 1.1933602e-07 1.5806534 0 -1 7.54979e-08 97 97 97 255
0.028022885 1.1933602e-07 1.5806534 0 -1 7.54979e-08 54 54 54 255
0.048022866 1.1933602e-07 1.5806534 0 -1 7.54979e-08 38 38 38 255
0.06802285 1.1933602e-07 1.5806534 0 -1 7.54979e-08 43 43 43 255
0.08802295 1.1933602e-07 1.5806534 0 -1 7.54979e-08 54 54 54 255
0.10802293 1.1933602e-07 1.5806534 0 -1 7.54979e-08 56 56 56 255
0.12802291 1.1933602e-07 1.5806534 0 -1 7.54979e-08 34 31 27 255
0.14802289 1.1933602e-07 1.5806534 0 -1 7.54979e-08 28 23 15 255
0.16802287 1.1933602e-07 1.5806534 0 -1 7.54979e-08 55 55 54 255
0.18802285 1.1933602e-07 1.5806534 0 -1 7.54979e-08 43 43 43 255
0.20802283 1.1933602e-07 1.5806534 0 -1 7.54979e-08 43 43 43 255
0.22802293 1.1933602e-07 1.5806534 0 -1 7.54979e-08 45 45 45 255
0.24802291 1.1933602e-07 1.5806534 0 -1 7.54979e-08 78 78 78 255
0.2680229 1.1933602e-07 1.5806534 0 -1 7.54979e-08 126 126 126 255
0.28802288 1.1933602e-07 1.5806534 0 -1 7.54979e-08 79 79 79 255
0.30802286 1.1933602e-07 1.5806534 0 -1 7.54979e-08 35 35 35 255
0.32802284 1.1933602e-07 1.5806534 0 -1 7.54979e-08 63 56 38 255
0.34802294 1.1933602e-07 1.5806534 0 -1 7.54979e-08 204 161 67 255
0.36802292 1.1933602e-07 1.5806534 0 -1 7.54979e-08 201 165 60 255
0.3880229 1.1933602e-07 1.5806534 0 -1 7.54979e-08 193 156 47 255
0.40802288 1.1933602e-07 1.5806534 0 -1 7.54979e-08 188 149 43 255
0.42802286 1.1933602e-07 1.5806534 0 -1 7.54979e-08 182 139 37 255
0.44802284 1.1933602e-07 1.5806534 0 -1 7.54979e-08 180 136 36 255
0.46802282 1.1933602e-07 1.5806534 0 -1 7.54979e-08 163 100 30 255
0.48802292 1.1933602e-07 1.5806534 0 -1 7.54979e-08 149 54 41 255
0.5080229 1.1933602e-07 1.5806534 0 -1 7.54979e-08 149 47 47 255
0.5280229 1.1933602e-07 1.5806534 0 -1 7.54979e-08 149 47 47 255
0.54802287 1.1933602e-07 1.5806534 0 -1 7.54979e-08 138 35 35 255
0.56802285 1.1933602e-07 1.5806534 0 -1 7.54979e-08 132 30 30 255
0.5880228 1.1933602e-07 1.5806534 0 -1 7.54979e-08 115 19 19 255
0.6080229 1.1933602e-07 1.5806534 0 -1 7.54979e-08 107 15 15 255
0.6280229 1.1933602e-07 1.5806534 0 -1 7.54979e-08 103 12 12 255
0.6480229 1.1933602e-07 1.5806534 0 -1 7.54979e-08 116 33 33 255
0.6680229 1.1933602e-07 1.5806534 0 -1 7.54979e-08 11 4 4 255
-0.3519771 1.2084597e-07 1.6006534 0 -1 7.54979e-08 0 0 0 255
-0.33197713 1.2084597e-07 1.6006534 0 -1 7.54979e-08 103 17 17 255
-0.3119771 1.2084597e-07 1.6006534 0 -1 7.54979e-08 110 16 16 255
-0.2919771 1.2084597e-07 1.6006534 0 -1 7.54979e-08 124 27 27 255
-0.27197713 1.2084597e-07 1.6006534 0 -1 7.54979e-08 138 37 37 255
-0.2519771 1.2084597e-07 1.6006534 0 -1 7.54979e-08 137 34 34 255
-0.2319771 1.2084597e-07 1.6006534 0 -1 7.54979e-08 142 40 40 255
-0.21197712 1.2084597e-07 1.6006534 0 -1 7.54979e-08 149 46 46 255
-0.19197708 1.2084597e-07 1.6006534 0 -1 7.54979e-08 154 52 52 255
-0.1719771 1.2084597e-07 1.6006534 0 -1 7.54979e-08 155 89 49 255
-0.15197712 1.2084597e-07 1.6006534 0 -1 7.54979e-08 182 138 37 255
-0.13197708 1.2084597e-07 1.6006534 0 -1 7.54979e-08 182 138 37 255
-0.1119771 1.2084597e-07 1.6006534 0 -1 7.54979e-08 195 159 49 255
-0.09197712 1.2084597e-07 1.6006534 0 -1 7.54979e-08 207 178 61 255
-0.07197714 1.2084597e-07 1.6006534 0 -1 7.54979e-08 221 201 75 255
-0.051977158 1.2084597e-07 1.6006534 0 -1 7.54979e-08 194 177 69 255
-0.031977057 1.2084597e-07 1.6006534 0 -1 7.54979e-08 32 32 32 255
-0.0119770765 1.2084597e-07 1.6006534 0 -1 7.54979e-08 51 51 51 255
0.008022904 1.2084597e-07 1.6006534 0 -1 7.54979e-08 99 99 99 255
0.028022885 1.2084597e-07 1.6006534 0 -1 7.54979e-08 71 71 71 255
0.048022866 1.2084597e-07 1.6006534 0 -1 7.54979e-08 41 41 41 255
0.06802285 1.2084597e-07 1.6006534 0 -1 7.54979e-08 43 43 43 255
0.08802295 1.2084597e-07 1.6006534 0 -1 7.54979e-08 56 56 56 255
0.10802293 1.2084597e-07 1.6006534 0 -1 7.54979e-08 59 59 59 255
0.12802291 1.2084597e-07 1.6006534 0 -1 7.54979e-08 33 29 22 255
0.14802289 1.2084597e-07 1.6006534 0 -1 7.54979e-08 27 19 7 255
0.16802287 1.2084597e-07 1.6006534 0 -1 7.54979e-08 59 58 57 255
0.18802285 1.2084597e-07 1.6006534 0 -1 7.54979e-08 43 43 43 255
0.20802283 1.2084597e-07 1.6006534 0 -1 7.54979e-08 48 48 48 255
0.22802293 1.2084597e-07 1.6006534 0 -1 7.54979e-08 53 53 53 255
0.24802291 1.2084597e-07 1.6006534 0 -1 7.54979e-08 95 95 95 255
0.2680229 1.2084597e-07 1.6006534 0 -1 7.54979e-08 111 111 111 255
0.28802288 1.2084597e-07 1.6006534 0 -1 7.54979e-08 64 64 64 255
0.30802286 1.2084597e-07 1.6006534 0 -1 7.54979e-08 35 35 35 255
0.32802284 1.2084597e-07 1.6006534 0 -1 7.54979e-08 63 58 36 255
0.34802294 1.2084597e-07 1.6006534 0 -1 7.54979e-08 208 180 62 255
0.36802292 1.2084597e-07 1.6006534 0 -1 7.54979e-08 208 180 62 255
0.3880229 1.2084597e-07 1.6006534 0 -1 7.54979e-08 204 173 58 255
0.40802288 1.2084597e-07 1.6006534 0 -1 7.54979e-08 201 170 56 255
0.42802286 1.2084597e-07 1.6006534 0 -1 7.54979e-08 201 170 56 255
0.44802284 1.2084597e-07 1.6006534 0 -1 7.54979e-08 187 147 42 255
0.46802282 1.2084597e-07 1.6006534 0 -1 7.54979e-08 172 120 42 255
0.48802292 1.2084597e-07 1.6006534 0 -1 7.54979e-08 151 66 52 255
0.5080229 1.2084597e-07 1.6006534 0 -1 7.54979e-08 151 48 48 255
0.5280229 1.2084597e-07 1.6006534 0 -1 7.54979e-08 147 44 44 255
0.54802287 1.2084597e-07 1.6006534 0 -1 7.54979e-08 134 32 32 255
0.56802285 1.2084597e-07 1.6006534 0 -1 7.54979e-08 132 30 30 255
0.5880228 1.2084597e-07 1.6006534 0 -1 7.54979e-08 120 22 22 255
0.6080229 1.2084597e-07 1.6006534 0 -1 7.54979e-08 105 13 13 255
0.6280229 1.2084597e-07 1.6006534 0 -1 7.54979e-08 102 11 11 255
0.6480229 1.2084597e-07 1.6006534 0 -1 7.54979e-08 52 5 5 255
0.6680229 1.2084597e-07 1.6006534 0 -1 7.54979e-08 3 0 0 255
-0.3519771 1.2235593e-07 1.6206534 0 -1 7.54979e-08 0 0 0 255
-0.33197713 1.2235593e-07 1.6206534 0 -1 7.54979e-08 105 18 18 255
-0.3119771 1.2235593e-07 1.6206534 0 -1 7.54979e-08 118 21 21 255
-0.2919771 1.2235593e-07 1.6206534 0 -1 7.54979e-08 133 32 32 255
-0.27197713 1.2235593e-07 1.6206534 0 -1 7.54979e-08 140 39 39 255
-0.2519771 1.2235593e-07 1.6206534 0 -1 7.54979e-08 139 37 37 255
-0.2319771 1.2235593e-07 1.6206534 0 -1 7.54979e-08 144 41 41 255
-0.21197712 1.2235593e-07 1.6206534 0 -1 7.54979e-08 148 68 28 255
-0.19197708 1.2235593e-07 1.6206534 0 -1 7.54979e-08 152 75 29 255
-0.1719771 1.2235593e-07 1.6206534 0 -1 7.54979e-08 154 96 29 255
-0.15197712 1.2235593e-07 1.6206534 0 -1 7.54979e-08 175 128 32 255
-0.13197708 1.2235593e-07 1.6206534 0 -1 7.54979e-08 175 128 32 255
-0.1119771 1.2235593e-07 1.6206534 0 -1 7.54979e-08 188 149 44 255
-0.09197712 1.2235593e-07 1.6206534 0 -1 7.54979e-08 206 177 60 255
-0.07197714 1.2235593e-07 1.6206534 0 -1 7.54979e-08 227 211 82 255
-0.051977158 1.2235593e-07 1.6206534 0 -1 7.54979e-08 200 186 75 255
-0.031977057 1.2235593e-07 1.6206534 0 -1 7.54979e-08 31 31 31 255
-0.0119770765 1.2235593e-07 1.6206534 0 -1 7.54979e-08 36 36 36 255
0.008022904 1.2235593e-07 1.6206534 0 -1 7.54979e-08 75 75 75 255
0.028022885 1.2235593e-07 1.6206534 0 -1 7.54979e-08 91 91 91 255
0.048022866 1.2235593e-07 1.6206534 0 -1 7.54979e-08 60 60 60 255
0.06802285 1.2235593e-07 1.6206534 0 -1 7.54979e-08 43 43 43 255
0.08802295 1.2235593e-07 1.6206534 0 -1 7.54979e-08 54 54 54 255
0.10802293 1.2235593e-07 1.6206534 0 -1 7.54979e-08 66 66 66 255
0.12802291 1.2235593e-07 1.6206534 0 -1 7.54979e-08 25 24 21 255
0.14802289 1.2235593e-07 1.6206534 0 -1 7.54979e-08 18 12 4 255
0.16802287 1.2235593e-07 1.6206534 0 -1 7.54979e-08 61 60 59 255
0.18802285 1.2235593e-07 1.6206534 0 -1 7.54979e-08 48 48 48 255
0.20802283 1.2235593e-07 1.6206534 0 -1 7.54979e-08 53 53 53 255
0.22802293 1.2235593e-07 1.6206534 0 -1 7.54979e-08 76 76 76 255
0.24802291 1.2235593e-07 1.6206534 0 -1 7.54979e-08 104 104 104 255
0.2680229 1.2235593e-07 1.6206534 0 -1 7.54979e-08 74 74 74 255
0.28802288 1.2235593e-07 1.6206534 0 -1 7.54979e-08 44 44 44 255
0.30802286 1.2235593e-07 1.6206534 0 -1 7.54979e-08 32 32 32 255
0.32802284 1.2235593e-07 1.6206534 0 -1 7.54979e-08 65 61 39 255
0.34802294 1.2235593e-07 1.6206534 0 -1 7.54979e-08 216 194 71 255
0.36802292 1.2235593e-07 1.6206534 0 -1 7.54979e-08 208 180 62 255
0.3880229 1.2235593e-07 1.6206534 0 -1 7.54979e-08 199 167 54 255
0.40802288 1.2235593e-07 1.6206534 0 -1 7.54979e-08 195 160 49 255
0.42802286 1.2235593e-07 1.6206534 0 -1 7.54979e-08 195 160 49 255
0.44802284 1.2235593e-07 1.6206534 0 -1 7.54979e-08 175 128 32 255
0.46802282 1.2235593e-07 1.6206534 0 -1 7.54979e-08 167 116 31 255
0.48802292 1.2235593e-07 1.6206534 0 -1 7.54979e-08 150 82 29 255
0.5080229 1.2235593e-07 1.6206534 0 -1 7.54979e-08 150 73 27 255
0.5280229 1.2235593e-07 1.6206534 0 -1 7.54979e-08 146 49 39 255
0.54802287 1.2235593e-07 1.6206534 0 -1 7.54979e-08 141 39 39 255
0.56802285 1.2235593e-07 1.6206534 0 -1 7.54979e-08 133 31 31 255
0.5880228 1.2235593e-07 1.6206534 0 -1 7.54979e-08 131 29 29 255
0.6080229 1.2235593e-07 1.6206534 0 -1 7.54979e-08 120 23 23 255
0.6280229 1.2235593e-07 1.6206534 0 -1 7.54979e-08 110 16 16 255
0.6480229 1.2235593e-07 1.6206534 0 -1 7.54979e-08 146 88 88 255
0.6680229 1.2235593e-07 1.6206534 0 -1 7.54979e-08 15 11 11 255
-0.3519771 1.2386589e-07 1.6406534 0 -1 7.54979e-08 0 0 0 255
-0.33197713 1.2386589e-07 1.6406534 0 -1 7.54979e-08 109 21 21 255
-0.3119771 1.2386589e-07 1.6406534 0 -1 7.54979e-08 122 23 23 255
-0.2919771 1.2386589e-07 1.6406534 0 -1 7.54979e-08 134 32 32 255
-0.27197713 1.2386589e-07 1.6406534 0 -1 7.54979e-08 139 36 36 255
-0.2519771 1.2386589e-07 1.6406534 0 -1 7.54979e-08 144 42 42 255
-0.2319771 1.2386589e-07 1.6406534 0 -1 7.54979e-08 151 49 49 255
-0.21197712 1.2386589e-07 1.6406534 0 -1 7.54979e-08 154 64 42 255
-0.19197708 1.2386589e-07 1.6406534 0 -1 7.54979e-08 162 106 23 255
-0.1719771 1.2386589e-07 1.6406534 0 -1 7.54979e-08 175 128 33 255
-0.15197712 1.2386589e-07 1.6406534 0 -1 7.54979e-08 181 138 37 255
-0.13197708 1.2386589e-07 1.6406534 0 -1 7.54979e-08 181 138 37 255
-0.1119771 1.2386589e-07 1.6406534 0 -1 7.54979e-08 186 145 41 255
-0.09197712 1.2386589e-07 1.6406534 0 -1 7.54979e-08 194 158 48 255
-0.07197714 1.2386589e-07 1.6406534 0 -1 7.54979e-08 215 191 69 255
-0.051977158 1.2386589e-07 1.6406534 0 -1 7.54979e-08 219 206 81 255
-0.031977057 1.2386589e-07 1.6406534 0 -1 7.54979e-08 128 128 62 255
-0.0119770765 1.2386589e-07 1.6406534 0 -1 7.54979e-08 32 32 32 255
0.008022904 1.2386589e-07 1.6406534 0 -1 7.54979e-08 53 53 53 255
0.028022885 1.2386589e-07 1.6406534 0 -1 7.54979e-08 76 76 76 255
0.048022866 1.2386589e-07 1.6406534 0 -1 7.54979e-08 88 88 88 255
0.06802285 1.2386589e-07 1.6406534 0 -1 7.54979e-08 57 57 57 255
0.08802295 1.2386589e-07 1.6406534 0 -1 7.54979e-08 57 57 57 255
0.10802293 1.2386589e-07 1.6406534 0 -1 7.54979e-08 69 69 69 255
0.12802291 1.2386589e-07 1.6406534 0 -1 7.54979e-08 21 21 21 255
0.14802289 1.2386589e-07 1.6406534 0 -1 7.54979e-08 8 12 2 255
0.16802287 1.2386589e-07 1.6406534 0 -1 7.54979e-08 70 70 69 255
0.18802285 1.2386589e-07 1.6406534 0 -1 7.54979e-08 61 61 61 255
0.20802283 1.2386589e-07 1.6406534 0 -1 7.54979e-08 67 67 67 255
0.22802293 1.2386589e-07 1.6406534 0 -1 7.54979e-08 88 88 88 255
0.24802291 1.2386589e-07 1.6406534 0 -1 7.54979e-08 77 77 77 255
0.2680229 1.2386589e-07 1.6406534 0 -1 7.54979e-08 47 47 47 255
0.28802288 1.2386589e-07 1.6406534 0 -1 7.54979e-08 33 33 33 255
0.30802286 1.2386589e-07 1.6406534 0 -1 7.54979e-08 19 26 14 255
0.32802284 1.2386589e-07 1.6406534 0 -1 7.54979e-08 167 155 65 255
0.34802294 1.2386589e-07 1.6406534 0 -1 7.54979e-08 213 188 67 255
0.36802292 1.2386589e-07 1.6406534 0 -1 7.54979e-08 202 170 56 255
0.3880229 1.2386589e-07 1.6406534 0 -1 7.54979e-08 191 153 45 255
0.40802288 1.2386589e-07 1.6406534 0 -1 7.54979e-08 188 149 43 255
0.42802286 1.2386589e-07 1.6406534 0 -1 7.54979e-08 188 149 43 255
0.44802284 1.2386589e-07 1.6406534 0 -1 7.54979e-08 181 138 37 255
0.46802282 1.2386589e-07 1.6406534 0 -1 7.54979e-08 175 128 33 255
0.48802292 1.2386589e-07 1.6406534 0 -1 7.54979e-08 161 106 23 255
0.5080229 1.2386589e-07 1.6406534 0 -1 7.54979e-08 157 81 34 255
0.5280229 1.2386589e-07 1.6406534 0 -1 7.54979e-08 153 54 48 255
0.54802287 1.2386589e-07 1.6406534 0 -1 7.54979e-08 148 45 45 255
0.56802285 1.2386589e-07 1.6406534 0 -1 7.54979e-08 140 38 38 255
0.5880228 1.2386589e-07 1.6406534 0 -1 7.54979e-08 131 29 29 255
0.6080229 1.2386589e-07 1.6406534 0 -1 7.54979e-08 121 22 22 255
0.6280229 1.2386589e-07 1.6406534 0 -1 7.54979e-08 108 15 15 255
0.6480229 1.2386589e-07 1.6406534 0 -1 7.54979e-08 145 57 57 255
0.6680229 1.2386589e-07 1.6406534 0 -1 7.54979e-08 15 7 7 255
-0.3519771 1.2537586e-07 1.6606536 0 -1 7.54979e-08 0 0 0 255
-0.33197713 1.2537586e-07 1.6606536 0 -1 7.54979e-08 40 7 7 255
-0.3119771 1.2537586e-07 1.6606536 0 -1 7.54979e-08 122 23 23 255
-0.2919771 1.2537586e-07 1.6606536 0 -1 7.54979e-08 127 27 27 255
-0.27197713 1.2537586e-07 1.6606536 0 -1 7.54979e-08 135 32 32 255
-0.2519771 1.2537586e-07 1.6606536 0 -1 7.54979e-08 142 40 40 255
-0.2319771 1.2537586e-07 1.6606536 0 -1 7.54979e-08 150 48 48 255
-0.21197712 1.2537586e-07 1.6606536 0 -1 7.54979e-08 162 60 60 255
-0.19197708 1.2537586e-07 1.6606536 0 -1 7.54979e-08 156 103 44 255
-0.1719771 1.2537586e-07 1.6606536 0 -1 7.54979e-08 166 113 27 255
-0.15197712 1.2537586e-07 1.6606536 0 -1 7.54979e-08 180 136 36 255
-0.13197708 1.2537586e-07 1.6606536 0 -1 7.54979e-08 188 149 43 255
-0.1119771 1.2537586e-07 1.6606536 0 -1 7.54979e-08 196 162 51 255
-0.09197712 1.2537586e-07 1.6606536 0 -1 7.54979e-08 201 169 55 255
-0.07197714 1.2537586e-07 1.6606536 0 -1 7.54979e-08 208 180 62 255
-0.051977158 1.2537586e-07 1.6606536 0 -1 7.54979e-08 229 214 83 255
-0.031977057 1.2537586e-07 1.6606536 0 -1 7.54979e-08 174 167 72 255
-0.0119770765 1.2537586e-07 1.6606536 0 -1 7.54979e-08 22 22 22 255
0.008022904 1.2537586e-07 1.6606536 0 -1 7.54979e-08 29 29 29 255
0.028022885 1.2537586e-07 1.6606536 0 -1 7.54979e-08 45 45 45 255
0.048022866 1.2537586e-07 1.6606536 0 -1 7.54979e-08 70 70 70 255
0.06802285 1.2537586e-07 1.6606536 0 -1 7.54979e-08 65 65 65 255
0.08802295 1.2537586e-07 1.6606536 0 -1 7.54979e-08 86 86 86 255
0.10802293 1.2537586e-07 1.6606536 0 -1 7.54979e-08 91 91 91 255
0.12802291 1.2537586e-07 1.6606536 0 -1 7.54979e-08 27 27 27 255
0.14802289 1.2537586e-07 1.6606536 0 -1 7.54979e-08 11 10 2 255
0.16802287 1.2537586e-07 1.6606536 0 -1 7.54979e-08 100 100 99 255
0.18802285 1.2537586e-07 1.6606536 0 -1 7.54979e-08 87 87 87 255
0.20802283 1.2537586e-07 1.6606536 0 -1 7.54979e-08 67 67 67 255
0.22802293 1.2537586e-07 1.6606536 0 -1 7.54979e-08 64 64 64 255
0.24802291 1.2537586e-07 1.6606536 0 -1 7.54979e-08 45 45 45 255
0.2680229 1.2537586e-07 1.6606536 0 -1 7.54979e-08 20 20 20 255
0.28802288 1.2537586e-07 1.6606536 0 -1 7.54979e-08 11 11 11 255
0.30802286 1.2537586e-07 1.6606536 0 -1 7.54979e-08 26 30 22 255
0.32802284 1.2537586e-07 1.6606536 0 -1 7.54979e-08 224 206 78 255
0.34802294 1.2537586e-07 1.6606536 0 -1 7.54979e-08 204 174 58 255
0.36802292 1.2537586e-07 1.6606536 0 -1 7.54979e-08 198 165 52 255
0.3880229 1.2537586e-07 1.6606536 0 -1 7.54979e-08 201 169 55 255
0.40802288 1.2537586e-07 1.6606536 0 -1 7.54979e-08 201 169 55 255
0.42802286 1.2537586e-07 1.6606536 0 -1 7.54979e-08 201 169 55 255
0.44802284 1.2537586e-07 1.6606536 0 -1 7.54979e-08 197 163 52 255
0.46802282 1.2537586e-07 1.6606536 0 -1 7.54979e-08 170 120 29 255
0.48802292 1.2537586e-07 1.6606536 0 -1 7.54979e-08 156 100 31 255
0.5080229 1.2537586e-07 1.6606536 0 -1 7.54979e-08 161 77 55 255
0.5280229 1.2537586e-07 1.6606536 0 -1 7.54979e-08 155 52 52 255
0.54802287 1.2537586e-07 1.6606536 0 -1 7.54979e-08 147 44 44 255
0.56802285 1.2537586e-07 1.6606536 0 -1 7.54979e-08 137 35 35 255
0.5880228 1.2537586e-07 1.6606536 0 -1 7.54979e-08 132 30 30 255
0.6080229 1.2537586e-07 1.6606536 0 -1 7.54979e-08 124 25 25 255
0.6280229 1.2537586e-07 1.6606536 0 -1 7.54979e-08 111 16 16 255
0.6480229 1.2537586e-07 1.6606536 0 -1 7.54979e-08 57 7 7 255
0.6680229 1.2537586e-07 1.6606536 0 -1 7.54979e-08 3 0 0 255
-0.33197713 1.2688582e-07 1.6806536 0 -1 7.54979e-08 0 0 0 255
-0.3119771 1.2688582e-07 1.6806536 0 -1 7.54979e-08 51 9 9 255
-0.2919771 1.2688582e-07 1.6806536 0 -1 7.54979e-08 131 30 30 255
-0.27197713 1.2688582e-07 1.6806536 0 -1 7.54979e-08 141 39 39 255
-0.2519771 1.2688582e-07 1.6806536 0 -1 7.54979e-08 145 43 43 255
-0.2319771 1.2688582e-07 1.6806536 0 -1 7.54979e-08 154 51 51 255
-0.21197712 1.2688582e-07 1.6806536 0 -1 7.54979e-08 169 69 69 255
-0.19197708 1.2688582e-07 1.6806536 0 -1 7.54979e-08 149 94 54 255
-0.1719771 1.2688582e-07 1.6806536 0 -1 7.54979e-08 162 108 23 255
-0.15197712 1.2688582e-07 1.6806536 0 -1 7.54979e-08 171 121 29 255
-0.13197708 1.2688582e-07 1.6806536 0 -1 7.54979e-08 176 129 33 255
-0.1119771 1.2688582e-07 1.6806536 0 -1 7.54979e-08 189 150 44 255
-0.09197712 1.2688582e-07 1.6806536 0 -1 7.54979e-08 196 161 50 255
-0.07197714 1.2688582e-07 1.6806536 0 -1 7.54979e-08 196 161 50 255
-0.051977158 1.2688582e-07 1.6806536 0 -1 7.54979e-08 215 192 70 255
-0.031977057 1.2688582e-07 1.6806536 0 -1 7.54979e-08 193 172 64 255
-0.0119770765 1.2688582e-07 1.6806536 0 -1 7.54979e-08 84 75 36 255
0.008022904 1.2688582e-07 1.6806536 0 -1 7.54979e-08 14 14 14 255
0.028022885 1.2688582e-07 1.6806536 0 -1 7.54979e-08 12 12 12 255
0.048022866 1.2688582e-07 1.6806536 0 -1 7.54979e-08 38 38 38 255
0.06802285 1.2688582e-07 1.6806536 0 -1 7.54979e-08 47 47 47 255
0.08802295 1.2688582e-07 1.6806536 0 -1 7.54979e-08 65 65 65 255
0.10802293 1.2688582e-07 1.6806536 0 -1 7.54979e-08 64 64 64 255
0.12802291 1.2688582e-07 1.6806536 0 -1 7.54979e-08 20 20 20 255
0.14802289 1.2688582e-07 1.6806536 0 -1 7.54979e-08 14 8 2 255
0.16802287 1.2688582e-07 1.6806536 0 -1 7.54979e-08 64 63 63 255
0.18802285 1.2688582e-07 1.6806536 0 -1 7.54979e-08 64 64 64 255
0.20802283 1.2688582e-07 1.6806536 0 -1 7.54979e-08 50 50 50 255
0.22802293 1.2688582e-07 1.6806536 0 -1 7.54979e-08 34 37 33 255
0.24802291 1.2688582e-07 1.6806536 0 -1 7.54979e-08 16 19 14 255
0.2680229 1.2688582e-07 1.6806536 0 -1 7.54979e-08 3 3 3 255
0.28802288 1.2688582e-07 1.6806536 0 -1 7.54979e-08 16 16 16 255
0.30802286 1.2688582e-07 1.6806536 0 -1 7.54979e-08 142 125 51 255
0.32802284 1.2688582e-07 1.6806536 0 -1 7.54979e-08 214 190 68 255
0.34802294 1.2688582e-07 1.6806536 0 -1 7.54979e-08 201 170 56 255
0.36802292 1.2688582e-07 1.6806536 0 -1 7.54979e-08 192 155 46 255
0.3880229 1.2688582e-07 1.6806536 0 -1 7.54979e-08 196 161 50 255
0.40802288 1.2688582e-07 1.6806536 0 -1 7.54979e-08 196 161 50 255
0.42802286 1.2688582e-07 1.6806536 0 -1 7.54979e-08 196 161 50 255
0.44802284 1.2688582e-07 1.6806536 0 -1 7.54979e-08 192 155 47 255
0.46802282 1.2688582e-07 1.6806536 0 -1 7.54979e-08 166 114 25 255
0.48802292 1.2688582e-07 1.6806536 0 -1 7.54979e-08 155 100 37 255
0.5080229 1.2688582e-07 1.6806536 0 -1 7.54979e-08 163 80 65 255
0.5280229 1.2688582e-07 1.6806536 0 -1 7.54979e-08 159 58 58 255
0.54802287 1.2688582e-07 1.6806536 0 -1 7.54979e-08 148 46 46 255
0.56802285 1.2688582e-07 1.6806536 0 -1 7.54979e-08 143 40 40 255
0.5880228 1.2688582e-07 1.6806536 0 -1 7.54979e-08 137 35 35 255
0.6080229 1.2688582e-07 1.6806536 0 -1 7.54979e-08 121 23 23 255
0.6280229 1.2688582e-07 1.6806536 0 -1 7.54979e-08 72 11 11 255
0.6480229 1.2688582e-07 1.6806536 0 -1 7.54979e-08 10 1 1 255
0.6680229 1.2688582e-07 1.6806536 0 -1 7.54979e-08 0 0 0 255
-0.3119771 1.2839577e-07 1.7006536 0 -1 7.54979e-08 3 0 0 255
-0.2919771 1.2839577e-07 1.7006536 0 -1 7.54979e-08 73 19 19 255
-0.27197713 1.2839577e-07 1.7006536 0 -1 7.54979e-08 144 42 42 255
-0.2519771 1.2839577e-07 1.7006536 0 -1 7.54979e-08 137 36 36 255
-0.2319771 1.2839577e-07 1.7006536 0 -1 7.54979e-08 138 38 38 255
-0.21197712 1.2839577e-07 1.7006536 0 -1 7.54979e-08 147 46 46 255
-0.19197708 1.2839577e-07 1.7006536 0 -1 7.54979e-08 149 65 50 255
-0.1719771 1.2839577e-07 1.7006536 0 -1 7.54979e-08 169 87 52 255
-0.15197712 1.2839577e-07 1.7006536 0 -1 7.54979e-08 166 95 52 255
-0.13197708 1.2839577e-07 1.7006536 0 -1 7.54979e-08 163 110 35 255
-0.1119771 1.2839577e-07 1.7006536 0 -1 7.54979e-08 182 138 37 255
-0.09197712 1.2839577e-07 1.7006536 0 -1 7.54979e-08 186 133 56 255
-0.07197714 1.2839577e-07 1.7006536 0 -1 7.54979e-08 186 111 69 255
-0.051977158 1.2839577e-07 1.7006536 0 -1 7.54979e-08 194 145 65 255
-0.031977057 1.2839577e-07 1.7006536 0 -1 7.54979e-08 200 167 54 255
-0.0119770765 1.2839577e-07 1.7006536 0 -1 7.54979e-08 176 153 57 255
0.008022904 1.2839577e-07 1.7006536 0 -1 7.54979e-08 64 58 30 255
0.028022885 1.2839577e-07 1.7006536 0 -1 7.54979e-08 4 4 4 255
0.048022866 1.2839577e-07 1.7006536 0 -1 7.54979e-08 22 18 13 255
0.06802285 1.2839577e-07 1.7006536 0 -1 7.54979e-08 25 21 16 255
0.08802295 1.2839577e-07 1.7006536 0 -1 7.54979e-08 20 25 18 255
0.10802293 1.2839577e-07 1.7006536 0 -1 7.54979e-08 15 15 15 255
0.12802291 1.2839577e-07 1.7006536 0 -1 7.54979e-08 5 5 5 255
0.14802289 1.2839577e-07 1.7006536 0 -1 7.54979e-08 5 3 1 255
0.16802287 1.2839577e-07 1.7006536 0 -1 7.54979e-08 23 19 14 255
0.18802285 1.2839577e-07 1.7006536 0 -1 7.54979e-08 21 28 19 255
0.20802283 1.2839577e-07 1.7006536 0 -1 7.54979e-08 28 23 18 255
0.22802293 1.2839577e-07 1.7006536 0 -1 7.54979e-08 16 15 10 255
0.24802291 1.2839577e-07 1.7006536 0 -1 7.54979e-08 1 3 0 255
0.2680229 1.2839577e-07 1.7006536 0 -1 7.54979e-08 13 13 13 255
0.28802288 1.2839577e-07 1.7006536 0 -1 7.54979e-08 122 108 46 255
0.30802286 1.2839577e-07 1.7006536 0 -1 7.54979e-08 208 180 62 255
0.32802284 1.2839577e-07 1.7006536 0 -1 7.54979e-08 206 177 60 255
0.34802294 1.2839577e-07 1.7006536 0 -1 7.54979e-08 193 157 48 255
0.36802292 1.2839577e-07 1.7006536 0 -1 7.54979e-08 182 139 38 255
0.3880229 1.2839577e-07 1.7006536 0 -1 7.54979e-08 176 130 33 255
0.40802288 1.2839577e-07 1.7006536 0 -1 7.54979e-08 176 130 33 255
0.42802286 1.2839577e-07 1.7006536 0 -1 7.54979e-08 165 116 49 255
0.44802284 1.2839577e-07 1.7006536 0 -1 7.54979e-08 177 101 60 255
0.46802282 1.2839577e-07 1.7006536 0 -1 7.54979e-08 165 83 47 255
0.48802292 1.2839577e-07 1.7006536 0 -1 7.54979e-08 149 66 39 255
0.5080229 1.2839577e-07 1.7006536 0 -1 7.54979e-08 142 49 43 255
0.5280229 1.2839577e-07 1.7006536 0 -1 7.54979e-08 140 40 40 255
0.54802287 1.2839577e-07 1.7006536 0 -1 7.54979e-08 126 28 28 255
0.56802285 1.2839577e-07 1.7006536 0 -1 7.54979e-08 126 28 28 255
0.5880228 1.2839577e-07 1.7006536 0 -1 7.54979e-08 111 27 27 255
0.6080229 1.2839577e-07 1.7006536 0 -1 7.54979e-08 45 7 7 255
0.6280229 1.2839577e-07 1.7006536 0 -1 7.54979e-08 17 2 2 255
0.6480229 1.2839577e-07 1.7006536 0 -1 7.54979e-08 0 0 0 255
-0.2919771 1.2990573e-07 1.7206535 0 -1 7.54979e-08 32 9 9 255
-0.27197713 1.2990573e-07 1.7206535 0 -1 7.54979e-08 139 37 37 255
-0.2519771 1.2990573e-07 1.7206535 0 -1 7.54979e-08 128 28 28 255
-0.2319771 1.2990573e-07 1.7206535 0 -1 7.54979e-08 135 34 34 255
-0.21197712 1.2990573e-07 1.7206535 0 -1 7.54979e-08 140 38 38 255
-0.19197708 1.2990573e-07 1.7206535 0 -1 7.54979e-08 149 47 47 255
-0.1719771 1.2990573e-07 1.7206535 0 -1 7.54979e-08 168 65 65 255
-0.15197712 1.2990573e-07 1.7206535 0 -1 7.54979e-08 158 71 52 255
-0.13197708 1.2990573e-07 1.7206535 0 -1 7.54979e-08 153 94 25 255
-0.1119771 1.2990573e-07 1.7206535 0 -1 7.54979e-08 162 110 40 255
-0.09197712 1.2990573e-07 1.7206535 0 -1 7.54979e-08 173 92 65 255
-0.07197714 1.2990573e-07 1.7206535 0 -1 7.54979e-08 163 63 62 255
-0.051977158 1.2990573e-07 1.7206535 0 -1 7.54979e-08 178 97 71 255
-0.031977057 1.2990573e-07 1.7206535 0 -1 7.54979e-08 189 139 57 255
-0.0119770765 1.2990573e-07 1.7206535 0 -1 7.54979e-08 202 170 56 255
0.008022904 1.2990573e-07 1.7206535 0 -1 7.54979e-08 171 155 62 255
0.028022885 1.2990573e-07 1.7206535 0 -1 7.54979e-08 148 146 61 255
0.048022866 1.2990573e-07 1.7206535 0 -1 7.54979e-08 16 13 5 255
0.06802285 1.2990573e-07 1.7206535 0 -1 7.54979e-08 8 5 1 255
0.08802295 1.2990573e-07 1.7206535 0 -1 7.54979e-08 13 12 3 255
0.10802293 1.2990573e-07 1.7206535 0 -1 7.54979e-08 11 6 2 255
0.12802291 1.2990573e-07 1.7206535 0 -1 7.54979e-08 7 9 2 255
0.14802289 1.2990573e-07 1.7206535 0 -1 7.54979e-08 9 8 2 255
0.16802287 1.2990573e-07 1.7206535 0 -1 7.54979e-08 18 11 3 255
0.18802285 1.2990573e-07 1.7206535 0 -1 7.54979e-08 3 7 1 255
0.20802283 1.2990573e-07 1.7206535 0 -1 7.54979e-08 7 4 1 255
0.22802293 1.2990573e-07 1.7206535 0 -1 7.54979e-08 11 9 7 255
0.24802291 1.2990573e-07 1.7206535 0 -1 7.54979e-08 82 77 35 255
0.2680229 1.2990573e-07 1.7206535 0 -1 7.54979e-08 145 136 58 255
0.28802288 1.2990573e-07 1.7206535 0 -1 7.54979e-08 200 175 62 255
0.30802286 1.2990573e-07 1.7206535 0 -1 7.54979e-08 196 161 51 255
0.32802284 1.2990573e-07 1.7206535 0 -1 7.54979e-08 174 124 58 255
0.34802294 1.2990573e-07 1.7206535 0 -1 7.54979e-08 180 106 63 255
0.36802292 1.2990573e-07 1.7206535 0 -1 7.54979e-08 180 102 63 255
0.3880229 1.2990573e-07 1.7206535 0 -1 7.54979e-08 163 101 49 255
0.40802288 1.2990573e-07 1.7206535 0 -1 7.54979e-08 157 99 24 255
0.42802286 1.2990573e-07 1.7206535 0 -1 7.54979e-08 149 89 31 255
0.44802284 1.2990573e-07 1.7206535 0 -1 7.54979e-08 164 63 63 255
0.46802282 1.2990573e-07 1.7206535 0 -1 7.54979e-08 163 60 60 255
0.48802292 1.2990573e-07 1.7206535 0 -1 7.54979e-08 145 43 43 255
0.5080229 1.2990573e-07 1.7206535 0 -1 7.54979e-08 138 37 37 255
0.5280229 1.2990573e-07 1.7206535 0 -1 7.54979e-08 139 38 38 255
0.54802287 1.2990573e-07 1.7206535 0 -1 7.54979e-08 131 32 32 255
0.56802285 1.2990573e-07 1.7206535 0 -1 7.54979e-08 120 23 23 255
0.5880228 1.2990573e-07 1.7206535 0 -1 7.54979e-08 92 20 20 255
0.6080229 1.2990573e-07 1.7206535 0 -1 7.54979e-08 0 0 0 255
0.6280229 1.2990573e-07 1.7206535 0 -1 7.54979e-08 0 0 0 255
0.6480229 1.2990573e-07 1.7206535 0 -1 7.54979e-08 0 0 0 255
-0.2919771 1.3141569e-07 1.7406535 0 -1 7.54979e-08 28 6 6 255
-0.27197713 1.3141569e-07 1.7406535 0 -1 7.54979e-08 127 28 28 255
-0.2519771 1.3141569e-07 1.7406535 0 -1 7.54979e-08 131 31 31 255
-0.2319771 1.3141569e-07 1.7406535 0 -1 7.54979e-08 143 41 41 255
-0.21197712 1.3141569e-07 1.7406535 0 -1 7.54979e-08 145 43 43 255
-0.19197708 1.3141569e-07 1.7406535 0 -1 7.54979e-08 154 51 51 255
-0.1719771 1.3141569e-07 1.7406535 0 -1 7.54979e-08 161 58 58 255
-0.15197712 1.3141569e-07 1.7406535 0 -1 7.54979e-08 156 59 49 255
-0.13197708 1.3141569e-07 1.7406535 0 -1 7.54979e-08 154 67 38 255
-0.1119771 1.3141569e-07 1.7406535 0 -1 7.54979e-08 150 66 46 255
-0.09197712 1.3141569e-07 1.7406535 0 -1 7.54979e-08 142 45 42 255
-0.07197714 1.3141569e-07 1.7406535 0 -1 7.54979e-08 135 35 35 255
-0.051977158 1.3141569e-07 1.7406535 0 -1 7.54979e-08 166 68 65 255
-0.031977057 1.3141569e-07 1.7406535 0 -1 7.54979e-08 187 109 74 255
-0.0119770765 1.3141569e-07 1.7406535 0 -1 7.54979e-08 200 155 62 255
0.008022904 1.3141569e-07 1.7406535 0 -1 7.54979e-08 220 200 74 255
0.028022885 1.3141569e-07 1.7406535 0 -1 7.54979e-08 234 223 88 255
0.048022866 1.3141569e-07 1.7406535 0 -1 7.54979e-08 140 131 51 255
0.06802285 1.3141569e-07 1.7406535 0 -1 7.54979e-08 122 114 44 255
0.08802295 1.3141569e-07 1.7406535 0 -1 7.54979e-08 12 16 3 255
0.10802293 1.3141569e-07 1.7406535 0 -1 7.54979e-08 10 11 2 255
0.12802291 1.3141569e-07 1.7406535 0 -1 7.54979e-08 5 6 1 255
0.14802289 1.3141569e-07 1.7406535 0 -1 7.54979e-08 6 5 1 255
0.16802287 1.3141569e-07 1.7406535 0 -1 7.54979e-08 7 4 1 255
0.18802285 1.3141569e-07 1.7406535 0 -1 7.54979e-08 0 0 0 255
0.20802283 1.3141569e-07 1.7406535 0 -1 7.54979e-08 42 36 14 255
0.22802293 1.3141569e-07 1.7406535 0 -1 7.54979e-08 139 130 53 255
0.24802291 1.3141569e-07 1.7406535 0 -1 7.54979e-08 184 168 66 255
0.2680229 1.3141569e-07 1.7406535 0 -1 7.54979e-08 216 193 70 255
0.28802288 1.3141569e-07 1.7406535 0 -1 7.54979e-08 199 166 53 255
0.30802286 1.3141569e-07 1.7406535 0 -1 7.54979e-08 188 148 43 255
0.32802284 1.3141569e-07 1.7406535 0 -1 7.54979e-08 171 102 66 255
0.34802294 1.3141569e-07 1.7406535 0 -1 7.54979e-08 171 72 72 255
0.36802292 1.3141569e-07 1.7406535 0 -1 7.54979e-08 153 53 53 255
0.3880229 1.3141569e-07 1.7406535 0 -1 7.54979e-08 151 63 52 255
0.40802288 1.3141569e-07 1.7406535 0 -1 7.54979e-08 159 74 47 255
0.42802286 1.3141569e-07 1.7406535 0 -1 7.54979e-08 161 74 45 255
0.44802284 1.3141569e-07 1.7406535 0 -1 7.54979e-08 164 62 62 255
0.46802282 1.3141569e-07 1.7406535 0 -1 7.54979e-08 164 62 62 255
0.48802292 1.3141569e-07 1.7406535 0 -1 7.54979e-08 150 47 47 255
0.5080229 1.3141569e-07 1.7406535 0 -1 7.54979e-08 136 35 35 255
0.5280229 1.3141569e-07 1.7406535 0 -1 7.54979e-08 132 32 32 255
0.54802287 1.3141569e-07 1.7406535 0 -1 7.54979e-08 138 35 35 255
0.56802285 1.3141569e-07 1.7406535 0 -1 7.54979e-08 129 29 29 255
0.5880228 1.3141569e-07 1.7406535 0 -1 7.54979e-08 92 20 20 255
0.6080229 1.3141569e-07 1.7406535 0 -1 7.54979e-08 0 0 0 255
-0.2919771 1.3292565e-07 1.7606535 0 -1 7.54979e-08 11 2 2 255
-0.27197713 1.3292565e-07 1.7606535 0 -1 7.54979e-08 78 14 14 255
-0.2519771 1.3292565e-07 1.7606535 0 -1 7.54979e-08 127 27 27 255
-0.2319771 1.3292565e-07 1.7606535 0 -1 7.54979e-08 136 34 34 255
-0.21197712 1.3292565e-07 1.7606535 0 -1 7.54979e-08 146 44 44 255
-0.19197708 1.3292565e-07 1.7606535 0 -1 7.54979e-08 152 50 50 255
-0.1719771 1.3292565e-07 1.7606535 0 -1 7.54979e-08 150 48 48 255
-0.15197712 1.3292565e-07 1.7606535 0 -1 7.54979e-08 150 48 48 255
-0.13197708 1.3292565e-07 1.7606535 0 -1 7.54979e-08 143 42 42 255
-0.1119771 1.3292565e-07 1.7606535 0 -1 7.54979e-08 134 34 34 255
-0.09197712 1.3292565e-07 1.7606535 0 -1 7.54979e-08 65 13 13 255
-0.07197714 1.3292565e-07 1.7606535 0 -1 7.54979e-08 52 11 11 255
-0.051977158 1.3292565e-07 1.7606535 0 -1 7.54979e-08 81 30 30 255
-0.031977057 1.3292565e-07 1.7606535 0 -1 7.54979e-08 181 85 79 255
-0.0119770765 1.3292565e-07 1.7606535 0 -1 7.54979e-08 199 128 81 255
0.008022904 1.3292565e-07 1.7606535 0 -1 7.54979e-08 211 176 71 255
0.028022885 1.3292565e-07 1.7606535 0 -1 7.54979e-08 216 194 71 255
0.048022866 1.3292565e-07 1.7606535 0 -1 7.54979e-08 216 194 71 255
0.06802285 1.3292565e-07 1.7606535 0 -1 7.54979e-08 219 206 80 255
0.08802295 1.3292565e-07 1.7606535 0 -1 7.54979e-08 146 151 61 255
0.10802293 1.3292565e-07 1.7606535 0 -1 7.54979e-08 145 148 64 255
0.12802291 1.3292565e-07 1.7606535 0 -1 7.54979e-08 60 60 26 255
0.14802289 1.3292565e-07 1.7606535 0 -1 7.54979e-08 0 0 0 255
0.16802287 1.3292565e-07 1.7606535 0 -1 7.54979e-08 129 129 57 255
0.18802285 1.3292565e-07 1.7606535 0 -1 7.54979e-08 143 142 58 255
0.20802283 1.3292565e-07 1.7606535 0 -1 7.54979e-08 159 145 55 255
0.22802293 1.3292565e-07 1.7606535 0 -1 7.54979e-08 216 194 71 255
0.24802291 1.3292565e-07 1.7606535 0 -1 7.54979e-08 212 186 66 255
0.2680229 1.3292565e-07 1.7606535 0 -1 7.54979e-08 200 168 54 255
0.28802288 1.3292565e-07 1.7606535 0 -1 7.54979e-08 189 151 44 255
0.30802286 1.3292565e-07 1.7606535 0 -1 7.54979e-08 188 148 43 255
0.32802284 1.3292565e-07 1.7606535 0 -1 7.54979e-08 164 97 62 255
0.34802294 1.3292565e-07 1.7606535 0 -1 7.54979e-08 155 54 54 255
0.36802292 1.3292565e-07 1.7606535 0 -1 7.54979e-08 91 20 20 255
0.3880229 1.3292565e-07 1.7606535 0 -1 7.54979e-08 60 18 18 255
0.40802288 1.3292565e-07 1.7606535 0 -1 7.54979e-08 70 27 27 255
0.42802286 1.3292565e-07 1.7606535 0 -1 7.54979e-08 147 45 45 255
0.44802284 1.3292565e-07 1.7606535 0 -1 7.54979e-08 157 55 55 255
0.46802282 1.3292565e-07 1.7606535 0 -1 7.54979e-08 156 53 53 255
0.48802292 1.3292565e-07 1.7606535 0 -1 7.54979e-08 150 48 48 255
0.5080229 1.3292565e-07 1.7606535 0 -1 7.54979e-08 135 34 34 255
0.5280229 1.3292565e-07 1.7606535 0 -1 7.54979e-08 123 24 24 255
0.54802287 1.3292565e-07 1.7606535 0 -1 7.54979e-08 126 26 26 255
0.56802285 1.3292565e-07 1.7606535 0 -1 7.54979e-08 121 27 27 255
0.5880228 1.3292565e-07 1.7606535 0 -1 7.54979e-08 38 8 8 255
0.6080229 1.3292565e-07 1.7606535 0 -1 7.54979e-08 0 0 0 255
-0.2919771 1.344356e-07 1.7806535 0 -1 7.54979e-08 0 0 0 255
-0.27197713 1.344356e-07 1.7806535 0 -1 7.54979e-08 19 3 3 255
-0.2519771 1.344356e-07 1.7806535 0 -1 7.54979e-08 91 18 18 255
-0.2319771 1.344356e-07 1.7806535 0 -1 7.54979e-08 130 29 29 255
-0.21197712 1.344356e-07 1.7806535 0 -1 7.54979e-08 145 42 42 255
-0.19197708 1.344356e-07 1.7806535 0 -1 7.54979e-08 146 44 44 255
-0.1719771 1.344356e-07 1.7806535 0 -1 7.54979e-08 131 31 31 255
-0.15197712 1.344356e-07 1.7806535 0 -1 7.54979e-08 108 27 27 255
-0.13197708 1.344356e-07 1.7806535 0 -1 7.54979e-08 57 14 14 255
-0.1119771 1.344356e-07 1.7806535 0 -1 7.54979e-08 52 9 9 255
-0.09197712 1.344356e-07 1.7806535 0 -1 7.54979e-08 9 1 1 255
-0.07197714 1.344356e-07 1.7806535 0 -1 7.54979e-08 0 0 0 255
-0.051977158 1.344356e-07 1.7806535 0 -1 7.54979e-08 23 9 9 255
-0.031977057 1.344356e-07 1.7806535 0 -1 7.54979e-08 175 80 71 255
-0.0119770765 1.344356e-07 1.7806535 0 -1 7.54979e-08 196 132 77 255
0.008022904 1.344356e-07 1.7806535 0 -1 7.54979e-08 207 171 65 255
0.028022885 1.344356e-07 1.7806535 0 -1 7.54979e-08 208 180 62 255
0.048022866 1.344356e-07 1.7806535 0 -1 7.54979e-08 208 180 62 255
0.06802285 1.344356e-07 1.7806535 0 -1 7.54979e-08 240 234 94 255
0.08802295 1.344356e-07 1.7806535 0 -1 7.54979e-08 247 247 107 255
0.10802293 1.344356e-07 1.7806535 0 -1 7.54979e-08 247 247 110 255
0.12802291 1.344356e-07 1.7806535 0 -1 7.54979e-08 103 103 46 255
0.14802289 1.344356e-07 1.7806535 0 -1 7.54979e-08 0 0 0 255
0.16802287 1.344356e-07 1.7806535 0 -1 7.54979e-08 223 223 99 255
0.18802285 1.344356e-07 1.7806535 0 -1 7.54979e-08 245 244 100 255
0.20802283 1.344356e-07 1.7806535 0 -1 7.54979e-08 215 191 69 255
0.22802293 1.344356e-07 1.7806535 0 -1 7.54979e-08 208 180 62 255
0.24802291 1.344356e-07 1.7806535 0 -1 7.54979e-08 206 163 67 255
0.2680229 1.344356e-07 1.7806535 0 -1 7.54979e-08 196 130 75 255
0.28802288 1.344356e-07 1.7806535 0 -1 7.54979e-08 179 105 59 255
0.30802286 1.344356e-07 1.7806535 0 -1 7.54979e-08 166 90 45 255
0.32802284 1.344356e-07 1.7806535 0 -1 7.54979e-08 152 66 52 255
0.34802294 1.344356e-07 1.7806535 0 -1 7.54979e-08 131 32 32 255
0.36802292 1.344356e-07 1.7806535 0 -1 7.54979e-08 54 7 7 255
0.3880229 1.344356e-07 1.7806535 0 -1 7.54979e-08 0 0 0 255
0.40802288 1.344356e-07 1.7806535 0 -1 7.54979e-08 0 0 0 255
0.42802286 1.344356e-07 1.7806535 0 -1 7.54979e-08 56 13 13 255
0.44802284 1.344356e-07 1.7806535 0 -1 7.54979e-08 64 20 20 255
0.46802282 1.344356e-07 1.7806535 0 -1 7.54979e-08 83 22 22 255
0.48802292 1.344356e-07 1.7806535 0 -1 7.54979e-08 131 32 32 255
0.5080229 1.344356e-07 1.7806535 0 -1 7.54979e-08 134 32 32 255
0.5280229 1.344356e-07 1.7806535 0 -1 7.54979e-08 126 26 26 255
0.54802287 1.344356e-07 1.7806535 0 -1 7.54979e-08 124 25 25 255
0.56802285 1.344356e-07 1.7806535 0 -1 7.54979e-08 48 10 10 255
0.5880228 1.344356e-07 1.7806535 0 -1 7.54979e-08 0 0 0 255
-0.27197713 1.3594556e-07 1.8006535 0 -1 7.54979e-08 0 0 0 255
-0.2519771 1.3594556e-07 1.8006535 0 -1 7.54979e-08 29 6 6 255
-0.2319771 1.3594556e-07 1.8006535 0 -1 7.54979e-08 110 25 25 255
-0.21197712 1.3594556e-07 1.8006535 0 -1 7.54979e-08 73 20 20 255
-0.19197708 1.3594556e-07 1.8006535 0 -1 7.54979e-08 63 18 18 255
-0.1719771 1.3594556e-07 1.8006535 0 -1 7.54979e-08 53 10 10 255
-0.15197712 1.3594556e-07 1.8006535 0 -1 7.54979e-08 35 6 6 255
-0.13197708 1.3594556e-07 1.8006535 0 -1 7.54979e-08 0 0 0 255
-0.051977158 1.3594556e-07 1.8006535 0 -1 7.54979e-08 23 9 9 255
-0.031977057 1.3594556e-07 1.8006535 0 -1 7.54979e-08 175 82 68 255
-0.0119770765 1.3594556e-07 1.8006535 0 -1 7.54979e-08 199 148 68 255
0.008022904 1.3594556e-07 1.8006535 0 -1 7.54979e-08 201 169 55 255
0.028022885 1.3594556e-07 1.8006535 0 -1 7.54979e-08 206 177 60 255
0.048022866 1.3594556e-07 1.8006535 0 -1 7.54979e-08 218 197 73 255
0.06802285 1.3594556e-07 1.8006535 0 -1 7.54979e-08 245 244 104 255
0.08802295 1.3594556e-07 1.8006535 0 -1 7.54979e-08 225 210 83 255
0.10802293 1.3594556e-07 1.8006535 0 -1 7.54979e-08 176 167 68 255
0.12802291 1.3594556e-07 1.8006535 0 -1 7.54979e-08 45 45 20 255
0.14802289 1.3594556e-07 1.8006535 0 -1 7.54979e-08 0 0 0 255
0.16802287 1.3594556e-07 1.8006535 0 -1 7.54979e-08 203 189 75 255
0.18802285 1.3594556e-07 1.8006535 0 -1 7.54979e-08 246 244 100 255
0.20802283 1.3594556e-07 1.8006535 0 -1 7.54979e-08 217 194 71 255
0.22802293 1.3594556e-07 1.8006535 0 -1 7.54979e-08 205 168 65 255
0.24802291 1.3594556e-07 1.8006535 0 -1 7.54979e-08 198 126 79 255
0.2680229 1.3594556e-07 1.8006535 0 -1 7.54979e-08 185 90 83 255
0.28802288 1.3594556e-07 1.8006535 0 -1 7.54979e-08 161 59 59 255
0.30802286 1.3594556e-07 1.8006535 0 -1 7.54979e-08 65 20 20 255
0.32802284 1.3594556e-07 1.8006535 0 -1 7.54979e-08 80 25 25 255
0.34802294 1.3594556e-07 1.8006535 0 -1 7.54979e-08 132 32 32 255
0.36802292 1.3594556e-07 1.8006535 0 -1 7.54979e-08 65 16 16 255
0.3880229 1.3594556e-07 1.8006535 0 -1 7.54979e-08 0 0 0 255
0.42802286 1.3594556e-07 1.8006535 0 -1 7.54979e-08 0 0 0 255
0.44802284 1.3594556e-07 1.8006535 0 -1 7.54979e-08 0 0 0 255
0.46802282 1.3594556e-07 1.8006535 0 -1 7.54979e-08 14 2 2 255
0.48802292 1.3594556e-07 1.8006535 0 -1 7.54979e-08 51 9 9 255
0.5080229 1.3594556e-07 1.8006535 0 -1 7.54979e-08 57 12 12 255
0.5280229 1.3594556e-07 1.8006535 0 -1 7.54979e-08 111 24 24 255
0.54802287 1.3594556e-07 1.8006535 0 -1 7.54979e-08 59 12 12 255
0.56802285 1.3594556e-07 1.8006535 0 -1 7.54979e-08 0 0 0 255
0.5880228 1.3594556e-07 1.8006535 0 -1 7.54979e-08 0 0 0 255
-0.2519771 1.3745552e-07 1.8206534 0 -1 7.54979e-08 0 0 0 255
-0.2319771 1.3745552e-07 1.8206534 0 -1 7.54979e-08 42 9 9 255
-0.21197712 1.3745552e-07 1.8206534 0 -1 7.54979e-08 8 1 1 255
-0.19197708 1.3745552e-07 1.8206534 0 -1 7.54979e-08 0 0 0 255
-0.051977158 1.3745552e-07 1.8206534 0 -1 7.54979e-08 21 7 7 255
-0.031977057 1.3745552e-07 1.8206534 0 -1 7.54979e-08 165 67 61 255
-0.0119770765 1.3745552e-07 1.8206534 0 -1 7.54979e-08 187 108 72 255
0.008022904 1.3745552e-07 1.8206534 0 -1 7.54979e-08 174 102 52 255
0.028022885 1.3745552e-07 1.8206534 0 -1 7.54979e-08 180 129 58 255
0.048022866 1.3745552e-07 1.8206534 0 -1 7.54979e-08 215 191 71 255
0.06802285 1.3745552e-07 1.8206534 0 -1 7.54979e-08 234 223 91 255
0.08802295 1.3745552e-07 1.8206534 0 -1 7.54979e-08 199 167 56 255
0.10802293 1.3745552e-07 1.8206534 0 -1 7.54979e-08 101 74 21 255
0.12802291 1.3745552e-07 1.8206534 0 -1 7.54979e-08 0 0 0 255
0.14802289 1.3745552e-07 1.8206534 0 -1 7.54979e-08 0 0 0 255
0.16802287 1.3745552e-07 1.8206534 0 -1 7.54979e-08 187 162 56 255
0.18802285 1.3745552e-07 1.8206534 0 -1 7.54979e-08 235 226 90 255
0.20802283 1.3745552e-07 1.8206534 0 -1 7.54979e-08 211 183 70 255
0.22802293 1.3745552e-07 1.8206534 0 -1 7.54979e-08 184 121 65 255
0.24802291 1.3745552e-07 1.8206534 0 -1 7.54979e-08 178 82 73 255
0.2680229 1.3745552e-07 1.8206534 0 -1 7.54979e-08 107 44 44 255
0.28802288 1.3745552e-07 1.8206534 0 -1 7.54979e-08 68 22 22 255
0.30802286 1.3745552e-07 1.8206534 0 -1 7.54979e-08 0 0 0 255
0.32802284 1.3745552e-07 1.8206534 0 -1 7.54979e-08 10 2 2 255
0.34802294 1.3745552e-07 1.8206534 0 -1 7.54979e-08 63 17 17 255
0.36802292 1.3745552e-07 1.8206534 0 -1 7.54979e-08 35 12 12 255
0.3880229 1.3745552e-07 1.8206534 0 -1 7.54979e-08 0 0 0 255
0.46802282 1.3745552e-07 1.8206534 0 -1 7.54979e-08 0 0 0 255
0.48802292 1.3745552e-07 1.8206534 0 -1 7.54979e-08 0 0 0 255
0.5080229 1.3745552e-07 1.8206534 0 -1 7.54979e-08 0 0 0 255
0.5280229 1.3745552e-07 1.8206534 0 -1 7.54979e-08 44 9 9 255
0.54802287 1.3745552e-07 1.8206534 0 -1 7.54979e-08 3 0 0 255
0.56802285 1.3745552e-07 1.8206534 0 -1 7.54979e-08 0 0 0 255
-0.051977158 1.3896548e-07 1.8406534 0 -1 7.54979e-08 19 5 5 255
-0.031977057 1.3896548e-07 1.8406534 0 -1 7.54979e-08 145 44 44 255
-0.0119770765 1.3896548e-07 1.8406534 0 -1 7.54979e-08 123 47 47 255
0.008022904 1.3896548e-07 1.8406534 0 -1 7.54979e-08 72 24 24 255
0.028022885 1.3896548e-07 1.8406534 0 -1 7.54979e-08 137 62 47 255
0.048022866 1.3896548e-07 1.8406534 0 -1 7.54979e-08 183 136 62 255
0.06802285 1.3896548e-07 1.8406534 0 -1 7.54979e-08 215 192 69 255
0.08802295 1.3896548e-07 1.8406534 0 -1 7.54979e-08 185 143 42 255
0.10802293 1.3896548e-07 1.8406534 0 -1 7.54979e-08 86 49 8 255
0.12802291 1.3896548e-07 1.8406534 0 -1 7.54979e-08 0 0 0 255
0.14802289 1.3896548e-07 1.8406534 0 -1 7.54979e-08 0 0 0 255
0.16802287 1.3896548e-07 1.8406534 0 -1 7.54979e-08 178 147 46 255
0.18802285 1.3896548e-07 1.8406534 0 -1 7.54979e-08 215 192 71 255
0.20802283 1.3896548e-07 1.8406534 0 -1 7.54979e-08 179 125 60 255
0.22802293 1.3896548e-07 1.8406534 0 -1 7.54979e-08 156 65 53 255
0.24802291 1.3896548e-07 1.8406534 0 -1 7.54979e-08 113 40 40 255
0.2680229 1.3896548e-07 1.8406534 0 -1 7.54979e-08 23 9 9 255
0.28802288 1.3896548e-07 1.8406534 0 -1 7.54979e-08 0 0 0 255
0.30802286 1.3896548e-07 1.8406534 0 -1 7.54979e-08 0 0 0 255
0.32802284 1.3896548e-07 1.8406534 0 -1 7.54979e-08 0 0 0 255
-0.051977158 1.4047542e-07 1.8606534 0 -1 7.54979e-08 8 2 2 255
-0.031977057 1.4047542e-07 1.8606534 0 -1 7.54979e-08 64 16 16 255
-0.0119770765 1.4047542e-07 1.8606534 0 -1 7.54979e-08 36 10 10 255
0.008022904 1.4047542e-07 1.8606534 0 -1 7.54979e-08 0 0 0 255
0.028022885 1.4047542e-07 1.8606534 0 -1 7.54979e-08 54 17 17 255
0.048022866 1.4047542e-07 1.8606534 0 -1 7.54979e-08 77 48 28 255
0.06802285 1.4047542e-07 1.8606534 0 -1 7.54979e-08 177 134 56 255
0.08802295 1.4047542e-07 1.8606534 0 -1 7.54979e-08 170 120 29 255
0.10802293 1.4047542e-07 1.8606534 0 -1 7.54979e-08 86 49 8 255
0.12802291 1.4047542e-07 1.8606534 0 -1 7.54979e-08 0 0 0 255
0.14802289 1.4047542e-07 1.8606534 0 -1 7.54979e-08 0 0 0 255
0.16802287 1.4047542e-07 1.8606534 0 -1 7.54979e-08 160 119 31 255
0.18802285 1.4047542e-07 1.8606534 0 -1 7.54979e-08 176 131 58 255
0.20802283 1.4047542e-07 1.8606534 0 -1 7.54979e-08 140 66 50 255
0.22802293 1.4047542e-07 1.8606534 0 -1 7.54979e-08 69 20 20 255
0.24802291 1.4047542e-07 1.8606534 0 -1 7.54979e-08 32 9 9 255
0.2680229 1.4047542e-07 1.8606534 0 -1 7.54979e-08 0 0 0 255
0.28802288 1.4047542e-07 1.8606534 0 -1 7.54979e-08 0 0 0 255
0.048022866 1.4198538e-07 1.8806534 0 -1 7.54979e-08 0 0 0 255
0.06802285 1.4198538e-07 1.8806534 0 -1 7.54979e-08 80 50 25 255
0.08802295 1.4198538e-07 1.8806534 0 -1 7.54979e-08 153 94 18 255
0.10802293 1.4198538e-07 1.8806534 0 -1 7.54979e-08 80 42 5 255
0.12802291 1.4198538e-07 1.8806534 0 -1 7.54979e-08 0 0 0 255
0.14802289 1.4198538e-07 1.8806534 0 -1 7.54979e-08 0 0 0 255
0.16802287 1.4198538e-07 1.8806534 0 -1 7.54979e-08 143 91 19 255
0.18802285 1.4198538e-07 1.8806534 0 -1 7.54979e-08 144 90 53 255
0.20802283 1.4198538e-07 1.8806534 0 -1 7.54979e-08 58 20 20 255
0.22802293 1.4198538e-07 1.8806534 0 -1 7.54979e-08 0 0 0 255
0.24802291 1.4198538e-07 1.8806534 0 -1 7.54979e-08 0 0 0 255
0.06802285 1.4349534e-07 1.9006534 0 -1 7.54979e-08 7 4 0 255
0.08802295 1.4349534e-07 1.9006534 0 -1 7.54979e-08 87 47 6 255
0.10802293 1.4349534e-07 1.9006534 0 -1 7.54979e-08 75 36 2 255
0.12802291 1.4349534e-07 1.9006534 0 -1 7.54979e-08 0 0 0 255
0.14802289 1.4349534e-07 1.9006534 0 -1 7.54979e-08 0 0 0 255
0.16802287 1.4349534e-07 1.9006534 0 -1 7.54979e-08 134 77 13 255
0.18802285 1.4349534e-07 1.9006534 0 -1 7.54979e-08 68 43 25 255
0.20802283 1.4349534e-07 1.9006534 0 -1 7.54979e-08 0 0 0 255
0.08802295 1.4500532e-07 1.9206536 0 -1 7.54979e-08 96 58 51 255
0.10802293 1.4500532e-07 1.9206536 0 -1 7.54979e-08 117 68 51 255
0.12802291 1.4500532e-07 1.9206536 0 -1 7.54979e-08 79 50 50 255
0.14802289 1.4500532e-07 1.9206536 0 -1 7.54979e-08 79 50 50 255
0.16802287 1.4500532e-07 1.9206536 0 -1 7.54979e-08 147 89 57 255
0.18802285 1.4500532e-07 1.9206536 0 -1 7.54979e-08 79 50 50 255
3 1 87 0
3 2 88 1
3 3 89 2
3 4 90 3
3 5 91 4
3 6 92 5
3 7 93 6
3 8 94 7
3 9 95 8
3 10 96 9
3 11 97 10
3 12 98 11
3 13 99 12
3 14 100 13
3 15 101 14
3 16 102 15
3 17 103 16
3 18 104 17
3 19 105 18
3 20 106 19
3 21 107 20
3 22 108 21
3 23 109 22
3 24 110 23
3 25 111 24
3 26 112 25
3 27 113 26
3 28 114 27
3 29 115 28
3 30 116 29
3 31 117 30
3 32 118 31
3 33 119 32
3 34 120 33
3 35 121 34
3 36 122 35
3 37 123 36
3 38 124 37
3 39 125 38
3 40 126 39
3 41 127 40
3 42 128 41
3 43 129 42
3 44 130 43
3 45 131 44
3 46 132 45
3 47 133 46
3 48 134 47
3 49 135 48
3 50 136 49
3 51 137 50
3 52 138 51
3 53 139 52
3 54 140 53
3 55 141 54
3 56 142 55
3 57 143 56
3 58 144 57
3 59 145 58
3 60 146 59
3 61 147 60
3 62 148 61
3 63 149 62
3 64 150 63
3 65 151 64
3 66 152 65
3 67 153 66
3 68 154 67
3 69 155 68
3 70 156 69
3 71 157 70
3 72 158 71
3 73 159 72
3 74 160 73
3 75 161 74
3 76 162 75
3 77 163 76
3 78 164 77
3 79 165 78
3 80 166 79
3 81 167 80
3 82 168 81
3 83 169 82
3 84 170 83
3 85 171 84
3 86 172 85
3 89 174 88
3 90 175 89
3 91 176 90
3 92 177 91
3 93 178 92
3 94 179 93
3 95 180 94
3 96 181 95
3 97 182 96
3 98 183 97
3 99 184 98
3 100 185 99
3 101 186 100
3 102 187 101
3 103 188 102
3 104 189 103
3 105 190 104
3 106 191 105
3 107 192 106
3 108 193 107
3 109 194 108
3 110 195 109
3 111 196 110
3 112 197 111
3 113 198 112
3 114 199 113
3 115 200 114
3 116 201 115
3 117 202 116
3 118 203 117
3 119 204 118
3 120 205 119
3 121 206 120
3 122 207 121
3 123 208 122
3 124 209 123
3 125 210 124
3 126 211 125
3 127 212 126
3 128 213 127
3 129 214 128
3 130 215 129
3 131 216 130
3 132 217 131
3 133 218 132
3 134 219 133
3 135 220 134
3 136 221 135
3 137 222 136
3 138 223 137
3 139 224 138
3 140 225 139
3 141 226 140
3 142 227 141
3 143 228 142
3 144 229 143
3 145 230 144
3 146 231 145
3 147 232 146
3 148 233 147
3 149 234 148
3 150 235 149
3 151 236 150
3 152 237 151
3 153 238 152
3 154 239 153
3 155 240 154
3 156 241 155
3 157 242 156
3 158 243 157
3 159 244 158
3 160 245 159
3 161 246 160
3 162 247 161
3 163 248 162
3 164 249 163
3 165 250 164
3 166 251 165
3 167 252 166
3 168 253 167
3 169 254 168
3 170 255 169
3 171 256 170
3 172 257 171
3 173 258 172
3 176 260 175
3 177 261 176
3 178 262 177
3 179 263 178
3 180 264 179
3 181 265 180
3 182 266 181
3 183 267 182
3 184 268 183
3 185 269 184
3 186 270 185
3 187 271 186
3 188 272 187
3 189 273 188
3 190 274 189
3 191 275 190
3 192 276 191
3 193 277 192
3 194 278 193
3 195 279 194
3 196 280 195
3 197 281 196
3 198 282 197
3 199 283 198
3 200 284 199
3 201 285 200
3 202 286 201
3 203 287 202
3 204 288 203
3 205 289 204
3 206 290 205
3 207 291 206
3 208 292 207
3 209 293 208
3 210 294 209
3 211 295 210
3 212 296 211
3 213 297 212
3 214 298 213
3 215 299 214
3 216 300 215
3 217 301 216
3 218 302 217
3 219 303 218
3 220 304 219
3 221 305 220
3 222 306 221
3 223 307 222
3 224 308 223
3 225 309 224
3 226 310 225
3 227 311 226
3 228 312 227
3 229 313 228
3 230 314 229
3 231 315 230
3 232 316 231
3 233 317 232
3 234 318 233
3 235 319 234
3 236 320 235
3 237 321 236
3 238 322 237
3 239 323 238
3 240 324 239
3 241 325 240
3 242 326 241
3 243 327 242
3 244 328 243
3 245 329 244
3 246 330 245
3 247 331 246
3 248 332 247
3 249 333 248
3 250 334 249
3 251 335 250
3 252 336 251
3 253 337 252
3 254 338 253
3 255 339 254
3 256 340 255
3 257 341 256
3 258 342 257
3 259 343 258
3 262 345 261
3 263 346 262
3 264 347 263
3 265 348 264
3 266 349 265
3 267 350 266
3 268 351 267
3 269 352 268
3 270 353 269
3 271 354 270
3 272 355 271
3 273 356 272
3 274 357 273
3 275 358 274
3 276 359 275
3 277 360 276
3 278 361 277
3 279 362 278
3 280 363 279
3 281 364 280
3 282 365 281
3 283 366 282
3 284 367 283
3 285 368 284
3 286 369 285
3 287 370 286
3 288 371 287
3 289 372 288
3 290 373 289
3 291 374 290
3 292 375 291
3 293 376 292
3 294 377 293
3 295 378 294
3 296 379 295
3 297 380 296
3 298 381 297
3 299 382 298
3 300 383 299
3 301 384 300
3 302 385 301
3 303 386 302
3 304 387 303
3 305 388 304
3 306 389 305
3 307 390 306
3 308 391 307
3 309 392 308
3 310 393 309
3 311 394 310
3 312 395 311
3 313 396 312
3 314 397 313
3 315 398 314
3 316 399 315
3 317 400 316
3 318 401 317
3 319 402 318
3 320 403 319
3 321 404 320
3 322 405 321
3 323 406 322
3 324 407 323
3 325 408 324
3 326 409 325
3 327 410 326
3 328 411 327
3 329 412 328
3 330 413 329
3 331 414 330
3 332 415 331
3 333 416 332
3 334 417 333
3 335 418 334
3 336 419 335
3 337 420 336
3 338 421 337
3 339 422 338
3 340 423 339
3 341 424 340
3 342 425 341
3 343 426 342
3 344 427 343
3 347 429 346
3 348 430 347
3 349 431 348
3 350 432 349
3 351 433 350
3 352 434 351
3 353 435 352
3 354 436 353
3 355 437 354
3 356 438 355
3 357 439 356
3 358 440 357
3 359 441 358
3 360 442 359
3 361 443 360
3 362 444 361
3 363 445 362
3 364 446 363
3 365 447 364
3 366 448 365
3 367 449 366
3 368 450 367
3 369 451 368
3 370 452 369
3 371 453 370
3 372 454 371
3 373 455 372
3 374 456 373
3 375 457 374
3 376 458 375
3 377 459 376
3 378 460 377
3 379 461 378
3 380 462 379
3 381 463 380
3 382 464 381
3 383 465 382
3 384 466 383
3 385 467 384
3 386 468 385
3 387 469 386
3 388 470 387
3 389 471 388
3 390 472 389
3 391 473 390
3 392 474 391
3 393 475 392
3 394 476 393
3 395 477 394
3 396 478 395
3 397 479 396
3 398 480 397
3 399 481 398
3 400 482 399
3 401 483 400
3 402 484 401
3 403 485 402
3 404 486 403
3 405 487 404
3 406 488 405
3 407 489 406
3 408 490 407
3 409 491 408
3 410 492 409
3 411 493 410
3 412 494 411
3 413 495 412
3 414 496 413
3 415 497 414
3 416 498 415
3 417 499 416
3 418 500 417
3 419 501 418
3 420 502 419
3 421 503 420
3 422 504 421
3 423 505 422
3 424 506 423
3 425 507 424
3 426 508 425
3 427 509 426
3 428 510 427
3 431 512 430
3 432 513 431
3 433 514 432
3 434 515 433
3 435 516 434
3 436 517 435
3 437 518 436
3 438 519 437
3 439 520 438
3 440 521 439
3 441 522 440
3 442 523 441
3 443 524 442
3 444 525 443
3 445 526 444
3 446 527 445
3 447 528 446
3 448 529 447
3 449 530 448
3 450 531 449
3 451 532 450
3 452 533 451
3 453 534 452
3 454 535 453
3 455 536 454
3 456 537 455
3 457 538 456
3 458 539 457
3 459 540 458
3 460 541 459
3 461 542 460
3 462 543 461
3 463 544 462
3 464 545 463
3 465 546 464
3 466 547 465
3 467 548 466
3 468 549 467
3 469 550 468
3 470 551 469
3 471 552 470
3 472 553 471
3 473 554 472
3 474 555 473
3 475 556 474
3 476 557 475
3 477 558 476
3 478 559 477
3 479 560 478
3 480 561 479
3 481 562 480
3 482 563 481
3 483 564 482
3 484 565 483
3 485 566 484
3 486 567 485
3 487 568 486
3 488 569 487
3 489 570 488
3 490 571 489
3 491 572 490
3 492 573 491
3 493 574 492
3 494 575 493
3 495 576 494
3 496 577 495
3 497 578 496
3 498 579 497
3 499 580 498
3 500 581 499
3 501 582 500
3 502 583 501
3 503 584 502
3 504 585 503
3 505 586 504
3 506 587 505
3 507 588 506
3 508 589 507
3 509 590 508
3 510 591 509
3 511 592 510
3 514 594 513
3 515 595 514
3 516 596 515
3 517 597 516
3 518 598 517
3 519 599 518
3 520 600 519
3 521 601 520
3 522 602 521
3 523 603 522
3 524 604 523
3 525 605 524
3 526 606 525
3 527 607 526
3 528 608 527
3 529 609 528
3 530 610 529
3 531 611 530
3 532 612 531
3 533 613 532
3 534 614 533
3 535 615 534
3 536 616 535
3 537 617 536
3 538 618 537
3 539 619 538
3 540 620 539
3 541 621 540
3 542 622 541
3 543 623 542
3 544 624 543
3 545 625 544
3 546 626 545
3 547 627 546
3 548 628 547
3 549 629 548
3 550 630 549
3 551 631 550
3 552 632 551
3 553 633 552
3 554 634 553
3 555 635 554
3 556 636 555
3 557 637 556
3 558 638 557
3 559 639 558
3 560 640 559
3 561 641 560
3 562 642 561
3 563 643 562
3 564 644 563
3 565 645 564
3 566 646 565
3 567 647 566
3 568 648 567
3 569 649 568
3 570 650 569
3 571 651 570
3 572 652 571
3 573 653 572
3 574 654 573
3 575 655 574
3 576 656 575
3 577 657 576
3 578 658 577
3 579 659 578
3 580 660 579
3 581 661 580
3 582 662 581
3 583 663 582
3 584 664 583
3 585 665 584
3 586 666 585
3 587 667 586
3 588 668 587
3 589 669 588
3 590 670 589
3 591 671 590
3 592 672 591
3 593 673 592
3 596 675 595
3 597 676 596
3 598 677 597
3 599 678 598
3 600 679 599
3 601 680 600
3 602 681 601
3 603 682 602
3 604 683 603
3 605 684 604
3 606 685 605
3 607 686 606
3 608 687 607
3 609 688 608
3 610 689 609
3 611 690 610
3 612 691 611
3 613 692 612
3 614 693 613
3 615 694 614
3 616 695 615
3 617 696 616
3 618 697 617
3 619 698 618
3 620 699 619
3 621 700 620
3 622 701 621
3 623 702 622
3 624 703 623
3 625 704 624
3 626 705 625
3 627 706 626
3 628 707 627
3 629 708 628
3 630 709 629
3 631 710 630
3 632 711 631
3 633 712 632
3 634 713 633
3 635 714 634
3 636 715 635
3 637 716 636
3 638 717 637
3 639 718 638
3 640 719 639
3 641 720 640
3 642 721 641
3 643 722 642
3 644 723 643
3 645 724 644
3 646 725 645
3 647 726 646
3 648 727 647
3 649 728 648
3 650 729 649
3 651 730 650
3 652 731 651
3 653 732 652
3 654 733 653
3 655 734 654
3 656 735 655
3 657 736 656
3 658 737 657
3 659 738 658
3 660 739 659
3 661 740 660
3 662 741 661
3 663 742 662
3 664 743 663
3 665 744 664
3 666 745 665
3 667 746 666
3 668 747 667
3 669 748 668
3 670 749 669
3 671 750 670
3 672 751 671
3 673 752 672
3 674 753 673
3 677 755 676
3 678 756 677
3 679 757 678
3 680 758 679
3 681 759 680
3 682 760 681
3 683 761 682
3 684 762 683
3 685 763 684
3 686 764 685
3 687 765 686
3 688 766 687
3 689 767 688
3 690 768 689
3 691 769 690
3 692 770 691
3 693 771 692
3 694 772 693
3 695 773 694
3 696 774 695
3 697 775 696
3 698 776 697
3 699 777 698
3 700 778 699
3 701 779 700
3 702 780 701
3 703 781 702
3 704 782 703
3 705 783 704
3 706 784 705
3 707 785 706
3 708 786 707
3 709 787 708
3 710 788 709
3 711 789 710
3 712 790 711
3 713 791 712
3 714 792 713
3 715 793 714
3 716 794 715
3 717 795 716
3 718 796 717
3 719 797 718
3 720 798 719
3 721 799 720
3 722 800 721
3 723 801 722
3 724 802 723
3 725 803 724
3 726 804 725
3 727 805 726
3 728 806 727
3 729 807 728
3 730 808 729
3 731 809 730
3 732 810 731
3 733 811 732
3 734 812 733
3 735 813 734
3 736 814 735
3 737 815 736
3 738 816 737
3 739 817 738
3 740 818 739
3 741 819 740
3 742 820 741
3 743 821 742
3 744 822 743
3 745 823 744
3 746 824 745
3 747 825 746
3 748 826 747
3 749 827 748
3 750 828 749
3 751 829 750
3 752 830 751
3 753 831 752
3 754 832 753
3 757 834 756
3 758 835 757
3 759 836 758
3 760 837 759
3 761 838 760
3 762 839 761
3 763 840 762
3 764 841 763
3 765 842 764
3 766 843 765
3 767 844 766
3 768 845 767
3 769 846 768
3 770 847 769
3 771 848 770
3 772 849 771
3 773 850 772
3 774 851 773
3 775 852 774
3 776 853 775
3 777 854 776
3 778 855 777
3 779 856 778
3 780 857 779
3 781 858 780
3 782 859 781
3 783 860 782
3 784 861 783
3 785 862 784
3 786 863 785
3 787 864 786
3 788 865 787
3 789 866 788
3 790 867 789
3 791 868 790
3 792 869 791
3 793 870 792
3 794 871 793
3 795 872 794
3 796 873 795
3 797 874 796
3 798 875 797
3 799 876 798
3 800 877 799
3 801 878 800
3 802 879 801
3 803 880 802
3 804 881 803
3 805 882 804
3 806 883 805
3 807 884 806
3 808 885 807
3 809 886 808
3 810 887 809
3 811 888 810
3 812 889 811
3 813 890 812
3 814 891 813
3 815 892 814
3 816 893 815
3 817 894 816
3 818 895 817
3 819 896 818
3 820 897 819
3 821 898 820
3 822 899 821
3 823 900 822
3 824 901 823
3 825 902 824
3 826 903 825
3 827 904 826
3 828 905 827
3 829 906 828
3 830 907 829
3 831 908 830
3 832 909 831
3 833 910 832
3 835 912 834
3 836 913 835
3 837 914 836
3 838 915 837
3 839 916 838
3 840 917 839
3 841 918 840
3 842 919 841
3 843 920 842
3 844 921 843
3 845 922 844
3 846 923 845
3 847 924 846
3 848 925 847
3 849 926 848
3 850 927 849
3 851 928 850
3 852 929 851
3 853 930 852
3 854 931 853
3 855 932 854
3 856 933 855
3 857 934 856
3 858 935 857
3 859 936 858
3 860 937 859
3 861 938 860
3 862 939 861
3 863 940 862
3 864 941 863
3 865 942 864
3 866 943 865
3 867 944 866
3 868 945 867
3 869 946 868
3 870 947 869
3 871 948 870
3 872 949 871
3 873 950 872
3 874 951 873
3 875 952 874
3 876 953 875
3 877 954 876
3 878 955 877
3 879 956 878
3 880 957 879
3 881 958 880
3 882 959 881
3 883 960 882
3 884 961 883
3 885 962 884
3 886 963 885
3 887 964 886
3 888 965 887
3 889 966 888
3 890 967 889
3 891 968 890
3 892 969 891
3 893 970 892
3 894 971 893
3 895 972 894
3 896 973 895
3 897 974 896
3 898 975 897
3 899 976 898
3 900 977 899
3 901 978 900
3 902 979 901
3 903 980 902
3 904 981 903
3 905 982 904
3 906 983 905
3 907 984 906
3 908 985 907
3 909 986 908
3 910 987 909
3 911 988 910
3 913 990 912
3 914 991 913
3 915 992 914
3 916 993 915
3 917 994 916
3 918 995 917
3 919 996 918
3 920 997 919
3 921 998 920
3 922 999 921
3 923 1000 922
3 924 1001 923
3 925 1002 924
3 926 1003 925
3 927 1004 926
3 928 1005 927
3 929 1006 928
3 930 1007 929
3 931 1008 930
3 932 1009 931
3 933 1010 932
3 934 1011 933
3 935 1012 934
3 936 1013 935
3 937 1014 936
3 938 1015 937
3 939 1016 938
3 940 1017 939
3 941 1018 940
3 942 1019 941
3 943 1020 942
3 944 1021 943
3 945 1022 944
3 946 1023 945
3 947 1024 946
3 948 1025 947
3 949 1026 948
3 950 1027 949
3 951 1028 950
3 952 1029 951
3 953 1030 952
3 954 1031 953
3 955 1032 954
3 956 1033 955
3 957 1034 956
3 958 1035 957
3 959 1036 958
3 960 1037 959
3 961 1038 960
3 962 1039 961
3 963 1040 962
3 964 1041 963
3 965 1042 964
3 966 1043 965
3 967 1044 966
3 968 1045 967
3 969 1046 968
3 970 1047 969
3 971 1048 970
3 972 1049 971
3 973 1050 972
3 974 1051 973
3 975 1052 974
3 976 1053 975
3 977 1054 976
3 978 1055 977
3 979 1056 978
3 980 1057 979
3 981 1058 980
3 982 1059 981
3 983 1060 982
3 984 1061 983
3 985 1062 984
3 986 1063 985
3 987 1064 986
3 988 1065 987
3 989 1066 988
3 991 1069 990
3 992 1070 991
3 993 1071 992
3 994 1072 993
3 995 1073 994
3 996 1074 995
3 997 1075 996
3 998 1076 997
3 999 1077 998
3 1000 1078 999
3 1001 1079 1000
3 1002 1080 1001
3 1003 1081 1002
3 1004 1082 1003
3 1005 1083 1004
3 1006 1084 1005
3 1007 1085 1006
3 1008 1086 1007
3 1009 1087 1008
3 1010 1088 1009
3 1011 1089 1010
3 1012 1090 1011
3 1013 1091 1012
3 1014 1092 1013
3 1015 1093 1014
3 1016 1094 1015
3 1017 1095 1016
3 1018 1096 1017
3 1019 1097 1018
3 1020 1098 1019
3 1021 1099 1020
3 1022 1100 1021
3 1023 1101 1022
3 1024 1102 1023
3 1025 1103 1024
3 1026 1104 1025
3 1027 1105 1026
3 1028 1106 1027
3 1029 1107 1028
3 1030 1108 1029
3 1031 1109 1030
3 1032 1110 1031
3 1033 1111 1032
3 1034 1112 1033
3 1035 1113 1034
3 1036 1114 1035
3 1037 1115 1036
3 1038 1116 1037
3 1039 1117 1038
3 1040 1118 1039
3 1041 1119 1040
3 1042 1120 1041
3 1043 1121 1042
3 1044 1122 1043
3 1045 1123 1044
3 1046 1124 1045
3 1047 1125 1046
3 1048 1126 1047
3 1049 1127 1048
3 1050 1128 1049
3 1051 1129 1050
3 1052 1130 1051
3 1053 1131 1052
3 1054 1132 1053
3 1055 1133 1054
3 1056 1134 1055
3 1057 1135 1056
3 1058 1136 1057
3 1059 1137 1058
3 1060 1138 1059
3 1061 1139 1060
3 1062 1140 1061
3 1063 1141 1062
3 1064 1142 1063
3 1065 1143 1064
3 1066 1144 1065
3 1067 1145 1066
3 1068 1146 1067
3 1070 1149 1069
3 1071 1150 1070
3 1072 1151 1071
3 1073 1152 1072
3 1074 1153 1073
3 1075 1154 1074
3 1076 1155 1075
3 1077 1156 1076
3 1078 1157 1077
3 1079 1158 1078
3 1080 1159 1079
3 1081 1160 1080
3 1082 1161 1081
3 1083 1162 1082
3 1084 1163 1083
3 1085 1164 1084
3 1086 1165 1085
3 1087 1166 1086
3 1088 1167 1087
3 1089 1168 1088
3 1090 1169 1089
3 1091 1170 1090
3 1092 1171 1091
3 1093 1172 1092
3 1094 1173 1093
3 1095 1174 1094
3 1096 1175 1095
3 1097 1176 1096
3 1098 1177 1097
3 1099 1178 1098
3 1100 1179 1099
3 1101 1180 1100
3 1102 1181 1101
3 1103 1182 1102
3 1104 1183 1103
3 1105 1184 1104
3 1106 1185 1105
3 1107 1186 1106
3 1108 1187 1107
3 1109 1188 1108
3 1110 1189 1109
3 1111 1190 1110
3 1112 1191 1111
3 1113 1192 1112
3 1114 1193 1113
3 1115 1194 1114
3 1116 1195 1115
3 1117 1196 1116
3 1118 1197 1117
3 1119 1198 1118
3 1120 1199 1119
3 1121 1200 1120
3 1122 1201 1121
3 1123 1202 1122
3 1124 1203 1123
3 1125 1204 1124
3 1126 1205 1125
3 1127 1206 1126
3 1128 1207 1127
3 1129 1208 1128
3 1130 1209 1129
3 1131 1210 1130
3 1132 1211 1131
3 1133 1212 1132
3 1134 1213 1133
3 1135 1214 1134
3 1136 1215 1135
3 1137 1216 1136
3 1138 1217 1137
3 1139 1218 1138
3 1140 1219 1139
3 1141 1220 1140
3 1142 1221 1141
3 1143 1222 1142
3 1144 1223 1143
3 1145 1224 1144
3 1146 1225 1145
3 1147 1226 1146
3 1148 1227 1147
3 1150 1230 1149
3 1151 1231 1150
3 1152 1232 1151
3 1153 1233 1152
3 1154 1234 1153
3 1155 1235 1154
3 1156 1236 1155
3 1157 1237 1156
3 1158 1238 1157
3 1159 1239 1158
3 1160 1240 1159
3 1161 1241 1160
3 1162 1242 1161
3 1163 1243 1162
3 1164 1244 1163
3 1165 1245 1164
3 1166 1246 1165
3 1167 1247 1166
3 1168 1248 1167
3 1169 1249 1168
3 1170 1250 1169
3 1171 1251 1170
3 1172 1252 1171
3 1173 1253 1172
3 1174 1254 1173
3 1175 1255 1174
3 1176 1256 1175
3 1177 1257 1176
3 1178 1258 1177
3 1179 1259 1178
3 1180 1260 1179
3 1181 1261 1180
3 1182 1262 1181
3 1183 1263 1182
3 1184 1264 1183
3 1185 1265 1184
3 1186 1266 1185
3 1187 1267 1186
3 1188 1268 1187
3 1189 1269 1188
3 1190 1270 1189
3 1191 1271 1190
3 1192 1272 1191
3 1193 1273 1192
3 1194 1274 1193
3 1195 1275 1194
3 1196 1276 1195
3 1197 1277 1196
3 1198 1278 1197
3 1199 1279 1198
3 1200 1280 1199
3 1201 1281 1200
3 1202 1282 1201
3 1203 1283 1202
3 1204 1284 1203
3 1205 1285 1204
3 1206 1286 1205
3 1207 1287 1206
3 1208 1288 1207
3 1209 1289 1208
3 1210 1290 1209
3 1211 1291 1210
3 1212 1292 1211
3 1213 1293 1212
3 1214 1294 1213
3 1215 1295 1214
3 1216 1296 1215
3 1217 1297 1216
3 1218 1298 1217
3 1219 1299 1218
3 1220 1300 1219
3 1221 1301 1220
3 1222 1302 1221
3 1223 1303 1222
3 1224 1304 1223
3 1225 1305 1224
3 1226 1306 1225
3 1227 1307 1226
3 1228 1308 1227
3 1229 1309 1228
3 1231 1311 1230
3 1232 1312 1231
3 1233 1313 1232
3 1234 1314 1233
3 1235 1315 1234
3 1236 1316 1235
3 1237 1317 1236
3 1238 1318 1237
3 1239 1319 1238
3 1240 1320 1239
3 1241 1321 1240
3 1242 1322 1241
3 1243 1323 1242
3 1244 1324 1243
3 1245 1325 1244
3 1246 1326 1245
3 1247 1327 1246
3 1248 1328 1247
3 1249 1329 1248
3 1250 1330 1249
3 1251 1331 1250
3 1252 1332 1251
3 1253 1333 1252
3 1254 1334 1253
3 1255 1335 1254
3 1256 1336 1255
3 1257 1337 1256
3 1258 1338 1257
3 1259 1339 1258
3 1260 1340 1259
3 1261 1341 1260
3 1262 1342 1261
3 1263 1343 1262
3 1264 1344 1263
3 1265 1345 1264
3 1266 1346 1265
3 1267 1347 1266
3 1268 1348 1267
3 1269 1349 1268
3 1270 1350 1269
3 1271 1351 1270
3 1272 1352 1271
3 1273 1353 1272
3 1274 1354 1273
3 1275 1355 1274
3 1276 1356 1275
3 1277 1357 1276
3 1278 1358 1277
3 1279 1359 1278
3 1280 1360 1279
3 1281 1361 1280
3 1282 1362 1281
3 1283 1363 1282
3 1284 1364 1283
3 1285 1365 1284
3 1286 1366 1285
3 1287 1367 1286
3 1288 1368 1287
3 1289 1369 1288
3 1290 1370 1289
3 1291 1371 1290
3 1292 1372 1291
3 1293 1373 1292
3 1294 1374 1293
3 1295 1375 1294
3 1296 1376 1295
3 1297 1377 1296
3 1298 1378 1297
3 1299 1379 1298
3 1300 1380 1299
3 1301 1381 1300
3 1302 1382 1301
3 1303 1383 1302
3 1304 1384 1303
3 1305 1385 1304
3 1306 1386 1305
3 1307 1387 1306
3 1308 1388 1307
3 1309 1389 1308
3 1310 1390 1309
3 1312 1393 1311
3 1313 1394 1312
3 1314 1395 1313
3 1315 1396 1314
3 1316 1397 1315
3 1317 1398 1316
3 1318 1399 1317
3 1319 1400 1318
3 1320 1401 1319
3 1321 1402 1320
3 1322 1403 1321
3 1323 1404 1322
3 1324 1405 1323
3 1325 1406 1324
3 1326 1407 1325
3 1327 1408 1326
3 1328 1409 1327
3 1329 1410 1328
3 1330 1411 1329
3 1331 1412 1330
3 1332 1413 1331
3 1333 1414 1332
3 1334 1415 1333
3 1335 1416 1334
3 1336 1417 1335
3 1337 1418 1336
3 1338 1419 1337
3 1339 1420 1338
3 1340 1421 1339
3 1341 1422 1340
3 1342 1423 1341
3 1343 1424 1342
3 1344 1425 1343
3 1345 1426 1344
3 1346 1427 1345
3 1347 1428 1346
3 1348 1429 1347
3 1349 1430 1348
3 1350 1431 1349
3 1351 1432 1350
3 1352 1433 1351
3 1353 1434 1352
3 1354 1435 1353
3 1355 1436 1354
3 1356 1437 1355
3 1357 1438 1356
3 1358 1439 1357
3 1359 1440 1358
3 1360 1441 1359
3 1361 1442 1360
3 1362 1443 1361
3 1363 1444 1362
3 1364 1445 1363
3 1365 1446 1364
3 1366 1447 1365
3 1367 1448 1366
3 1368 1449 1367
3 1369 1450 1368
3 1370 1451 1369
3 1371 1452 1370
3 1372 1453 1371
3 1373 1454 1372
3 1374 1455 1373
3 1375 1456 1374
3 1376 1457 1375
3 1377 1458 1376
3 1378 1459 1377
3 1379 1460 1378
3 1380 1461 1379
3 1381 1462 1380
3 1382 1463 1381
3 1383 1464 1382
3 1384 1465 1383
3 1385 1466 1384
3 1386 1467 1385
3 1387 1468 1386
3 1388 1469 1387
3 1389 1470 1388
3 1390 1471 1389
3 1391 1472 1390
3 1392 1473 1391
3 1395 1476 1394
3 1396 1477 1395
3 1397 1478 1396
3 1398 1479 1397
3 1399 1480 1398
3 1400 1481 1399
3 1401 1482 1400
3 1402 1483 1401
3 1403 1484 1402
3 1404 1485 1403
3 1405 1486 1404
3 1406 1487 1405
3 1407 1488 1406
3 1408 1489 1407
3 1409 1490 1408
3 1410 1491 1409
3 1411 1492 1410
3 1412 1493 1411
3 1413 1494 1412
3 1414 1495 1413
3 1415 1496 1414
3 1416 1497 1415
3 1417 1498 1416
3 1418 1499 1417
3 1419 1500 1418
3 1420 1501 1419
3 1421 1502 1420
3 1422 1503 1421
3 1423 1504 1422
3 1424 1505 1423
3 1425 1506 1424
3 1426 1507 1425
3 1427 1508 1426
3 1428 1509 1427
3 1429 1510 1428
3 1430 1511 1429
3 1431 1512 1430
3 1432 1513 1431
3 1433 1514 1432
3 1434 1515 1433
3 1435 1516 1434
3 1436 1517 1435
3 1437 1518 1436
3 1438 1519 1437
3 1439 1520 1438
3 1440 1521 1439
3 1441 1522 1440
3 1442 1523 1441
3 1443 1524 1442
3 1444 1525 1443
3 1445 1526 1444
3 1446 1527 1445
3 1447 1528 1446
3 1448 1529 1447
3 1449 1530 1448
3 1450 1531 1449
3 1451 1532 1450
3 1452 1533 1451
3 1453 1534 1452
3 1454 1535 1453
3 1455 1536 1454
3 1456 1537 1455
3 1457 1538 1456
3 1458 1539 1457
3 1459 1540 1458
3 1460 1541 1459
3 1461 1542 1460
3 1462 1543 1461
3 1463 1544 1462
3 1464 1545 1463
3 1465 1546 1464
3 1466 1547 1465
3 1467 1548 1466
3 1468 1549 1467
3 1469 1550 1468
3 1470 1551 1469
3 1471 1552 1470
3 1472 1553 1471
3 1473 1554 1472
3 1474 1555 1473
3 1475 1556 1474
3 1478 1559 1477
3 1479 1560 1478
3 1480 1561 1479
3 1481 1562 1480
3 1482 1563 1481
3 1483 1564 1482
3 1484 1565 1483
3 1485 1566 1484
3 1486 1567 1485
3 1487 1568 1486
3 1488 1569 1487
3 1489 1570 1488
3 1490 1571 1489
3 1491 1572 1490
3 1492 1573 1491
3 1493 1574 1492
3 1494 1575 1493
3 1495 1576 1494
3 1496 1577 1495
3 1497 1578 1496
3 1498 1579 1497
3 1499 1580 1498
3 1500 1581 1499
3 1501 1582 1500
3 1502 1583 1501
3 1503 1584 1502
3 1504 1585 1503
3 1505 1586 1504
3 1506 1587 1505
3 1507 1588 1506
3 1508 1589 1507
3 1509 1590 1508
3 1510 1591 1509
3 1511 1592 1510
3 1512 1593 1511
3 1513 1594 1512
3 1514 1595 1513
3 1515 1596 1514
3 1516 1597 1515
3 1517 1598 1516
3 1518 1599 1517
3 1519 1600 1518
3 1520 1601 1519
3 1521 1602 1520
3 1522 1603 1521
3 1523 1604 1522
3 1524 1605 1523
3 1525 1606 1524
3 1526 1607 1525
3 1527 1608 1526
3 1528 1609 1527
3 1529 1610 1528
3 1530 1611 1529
3 1531 1612 1530
3 1532 1613 1531
3 1533 1614 1532
3 1534 1615 1533
3 1535 1616 1534
3 1536 1617 1535
3 1537 1618 1536
3 1538 1619 1537
3 1539 1620 1538
3 1540 1621 1539
3 1541 1622 1540
3 1542 1623 1541
3 1543 1624 1542
3 1544 1625 1543
3 1545 1626 1544
3 1546 1627 1545
3 1547 1628 1546
3 1548 1629 1547
3 1549 1630 1548
3 1550 1631 1549
3 1551 1632 1550
3 1552 1633 1551
3 1553 1634 1552
3 1554 1635 1553
3 1555 1636 1554
3 1556 1637 1555
3 1557 1638 1556
3 1558 1639 1557
3 1561 1642 1560
3 1562 1643 1561
3 1563 1644 1562
3 1564 1645 1563
3 1565 1646 1564
3 1566 1647 1565
3 1567 1648 1566
3 1568 1649 1567
3 1569 1650 1568
3 1570 1651 1569
3 1571 1652 1570
3 1572 1653 1571
3 1573 1654 1572
3 1574 1655 1573
3 1575 1656 1574
3 1576 1657 1575
3 1577 1658 1576
3 1578 1659 1577
3 1579 1660 1578
3 1580 1661 1579
3 1581 1662 1580
3 1582 1663 1581
3 1583 1664 1582
3 1584 1665 1583
3 1585 1666 1584
3 1586 1667 1585
3 1587 1668 1586
3 1588 1669 1587
3 1589 1670 1588
3 1590 1671 1589
3 1591 1672 1590
3 1592 1673 1591
3 1593 1674 1592
3 1594 1675 1593
3 1595 1676 1594
3 1596 1677 1595
3 1597 1678 1596
3 1598 1679 1597
3 1599 1680 1598
3 1600 1681 1599
3 1601 1682 1600
3 1602 1683 1601
3 1603 1684 1602
3 1604 1685 1603
3 1605 1686 1604
3 1606 1687 1605
3 1607 1688 1606
3 1608 1689 1607
3 1609 1690 1608
3 1610 1691 1609
3 1611 1692 1610
3 1612 1693 1611
3 1613 1694 1612
3 1614 1695 1613
3 1615 1696 1614
3 1616 1697 1615
3 1617 1698 1616
3 1618 1699 1617
3 1619 1700 1618
3 1620 1701 1619
3 1621 1702 1620
3 1622 1703 1621
3 1623 1704 1622
3 1624 1705 1623
3 1625 1706 1624
3 1626 1707 1625
3 1627 1708 1626
3 1628 1709 1627
3 1629 1710 1628
3 1630 1711 1629
3 1631 1712 1630
3 1632 1713 1631
3 1633 1714 1632
3 1634 1715 1633
3 1635 1716 1634
3 1636 1717 1635
3 1637 1718 1636
3 1638 1719 1637
3 1639 1720 1638
3 1640 1721 1639
3 1641 1722 1640
3 1644 1724 1643
3 1645 1725 1644
3 1646 1726 1645
3 1647 1727 1646
3 1648 1728 1647
3 1649 1729 1648
3 1650 1730 1649
3 1651 1731 1650
3 1652 1732 1651
3 1653 1733 1652
3 1654 1734 1653
3 1655 1735 1654
3 1656 1736 1655
3 1657 1737 1656
3 1658 1738 1657
3 1659 1739 1658
3 1660 1740 1659
3 1661 1741 1660
3 1662 1742 1661
3 1663 1743 1662
3 1664 1744 1663
3 1665 1745 1664
3 1666 1746 1665
3 1667 1747 1666
3 1668 1748 1667
3 1669 1749 1668
3 1670 1750 1669
3 1671 1751 1670
3 1672 1752 1671
3 1673 1753 1672
3 1674 1754 1673
3 1675 1755 1674
3 1676 1756 1675
3 1677 1757 1676
3 1678 1758 1677
3 1679 1759 1678
3 1680 1760 1679
3 1681 1761 1680
3 1682 1762 1681
3 1683 1763 1682
3 1684 1764 1683
3 1685 1765 1684
3 1686 1766 1685
3 1687 1767 1686
3 1688 1768 1687
3 1689 1769 1688
3 1690 1770 1689
3 1691 1771 1690
3 1692 1772 1691
3 1693 1773 1692
3 1694 1774 1693
3 1695 1775 1694
3 1696 1776 1695
3 1697 1777 1696
3 1698 1778 1697
3 1699 1779 1698
3 1700 1780 1699
3 1701 1781 1700
3 1702 1782 1701
3 1703 1783 1702
3 1704 1784 1703
3 1705 1785 1704
3 1706 1786 1705
3 1707 1787 1706
3 1708 1788 1707
3 1709 1789 1708
3 1710 1790 1709
3 1711 1791 1710
3 1712 1792 1711
3 1713 1793 1712
3 1714 1794 1713
3 1715 1795 1714
3 1716 1796 1715
3 1717 1797 1716
3 1718 1798 1717
3 1719 1799 1718
3 1720 1800 1719
3 1721 1801 1720
3 1722 1802 1721
3 1723 1803 1722
3 1725 1806 1724
3 1726 1807 1725
3 1727 1808 1726
3 1728 1809 1727
3 1729 1810 1728
3 1730 1811 1729
3 1731 1812 1730
3 1732 1813 1731
3 1733 1814 1732
3 1734 1815 1733
3 1735 1816 1734
3 1736 1817 1735
3 1737 1818 1736
3 1738 1819 1737
3 1739 1820 1738
3 1740 1821 1739
3 1741 1822 1740
3 1742 1823 1741
3 1743 1824 1742
3 1744 1825 1743
3 1745 1826 1744
3 1746 1827 1745
3 1747 1828 1746
3 1748 1829 1747
3 1749 1830 1748
3 1750 1831 1749
3 1751 1832 1750
3 1752 1833 1751
3 1753 1834 1752
3 1754 1835 1753
3 1755 1836 1754
3 1756 1837 1755
3 1757 1838 1756
3 1758 1839 1757
3 1759 1840 1758
3 1760 1841 1759
3 1761 1842 1760
3 1762 1843 1761
3 1763 1844 1762
3 1764 1845 1763
3 1765 1846 1764
3 1766 1847 1765
3 1767 1848 1766
3 1768 1849 1767
3 1769 1850 1768
3 1770 1851 1769
3 1771 1852 1770
3 1772 1853 1771
3 1773 1854 1772
3 1774 1855 1773
3 1775 1856 1774
3 1776 1857 1775
3 1777 1858 1776
3 1778 1859 1777
3 1779 1860 1778
3 1780 1861 1779
3 1781 1862 1780
3 1782 1863 1781
3 1783 1864 1782
3 1784 1865 1783
3 1785 1866 1784
3 1786 1867 1785
3 1787 1868 1786
3 1788 1869 1787
3 1789 1870 1788
3 1790 1871 1789
3 1791 1872 1790
3 1792 1873 1791
3 1793 1874 1792
3 1794 1875 1793
3 1795 1876 1794
3 1796 1877 1795
3 1797 1878 1796
3 1798 1879 1797
3 1799 1880 1798
3 1800 1881 1799
3 1801 1882 1800
3 1802 1883 1801
3 1803 1884 1802
3 1804 1885 1803
3 1805 1886 1804
3 1807 1888 1806
3 1808 1889 1807
3 1809 1890 1808
3 1810 1891 1809
3 1811 1892 1810
3 1812 1893 1811
3 1813 1894 1812
3 1814 1895 1813
3 1815 1896 1814
3 1816 1897 1815
3 1817 1898 1816
3 1818 1899 1817
3 1819 1900 1818
3 1820 1901 1819
3 1821 1902 1820
3 1822 1903 1821
3 1823 1904 1822
3 1824 1905 1823
3 1825 1906 1824
3 1826 1907 1825
3 1827 1908 1826
3 1828 1909 1827
3 1829 1910 1828
3 1830 1911 1829
3 1831 1912 1830
3 1832 1913 1831
3 1833 1914 1832
3 1834 1915 1833
3 1835 1916 1834
3 1836 1917 1835
3 1837 1918 1836
3 1838 1919 1837
3 1839 1920 1838
3 1840 1921 1839
3 1841 1922 1840
3 1842 1923 1841
3 1843 1924 1842
3 1844 1925 1843
3 1845 1926 1844
3 1846 1927 1845
3 1847 1928 1846
3 1848 1929 1847
3 1849 1930 1848
3 1850 1931 1849
3 1851 1932 1850
3 1852 1933 1851
3 1853 1934 1852
3 1854 1935 1853
3 1855 1936 1854
3 1856 1937 1855
3 1857 1938 1856
3 1858 1939 1857
3 1859 1940 1858
3 1860 1941 1859
3 1861 1942 1860
3 1862 1943 1861
3 1863 1944 1862
3 1864 1945 1863
3 1865 1946 1864
3 1866 1947 1865
3 1867 1948 1866
3 1868 1949 1867
3 1869 1950 1868
3 1870 1951 1869
3 1871 1952 1870
3 1872 1953 1871
3 1873 1954 1872
3 1874 1955 1873
3 1875 1956 1874
3 1876 1957 1875
3 1877 1958 1876
3 1878 1959 1877
3 1879 1960 1878
3 1880 1961 1879
3 1881 1962 1880
3 1882 1963 1881
3 1883 1964 1882
3 1884 1965 1883
3 1885 1966 1884
3 1886 1967 1885
3 1887 1968 1886
3 1889 1971 1888
3 1890 1972 1889
3 1891 1973 1890
3 1892 1974 1891
3 1893 1975 1892
3 1894 1976 1893
3 1895 1977 1894
3 1896 1978 1895
3 1897 1979 1896
3 1898 1980 1897
3 1899 1981 1898
3 1900 1982 1899
3 1901 1983 1900
3 1902 1984 1901
3 1903 1985 1902
3 1904 1986 1903
3 1905 1987 1904
3 1906 1988 1905
3 1907 1989 1906
3 1908 1990 1907
3 1909 1991 1908
3 1910 1992 1909
3 1911 1993 1910
3 1912 1994 1911
3 1913 1995 1912
3 1914 1996 1913
3 1915 1997 1914
3 1916 1998 1915
3 1917 1999 1916
3 1918 2000 1917
3 1919 2001 1918
3 1920 2002 1919
3 1921 2003 1920
3 1922 2004 1921
3 1923 2005 1922
3 1924 2006 1923
3 1925 2007 1924
3 1926 2008 1925
3 1927 2009 1926
3 1928 2010 1927
3 1929 2011 1928
3 1930 2012 1929
3 1931 2013 1930
3 1932 2014 1931
3 1933 2015 1932
3 1934 2016 1933
3 1935 2017 1934
3 1936 2018 1935
3 1937 2019 1936
3 1938 2020 1937
3 1939 2021 1938
3 1940 2022 1939
3 1941 2023 1940
3 1942 2024 1941
3 1943 2025 1942
3 1944 2026 1943
3 1945 2027 1944
3 1946 2028 1945
3 1947 2029 1946
3 1948 2030 1947
3 1949 2031 1948
3 1950 2032 1949
3 1951 2033 1950
3 1952 2034 1951
3 1953 2035 1952
3 1954 2036 1953
3 1955 2037 1954
3 1956 2038 1955
3 1957 2039 1956
3 1958 2040 1957
3 1959 2041 1958
3 1960 2042 1959
3 1961 2043 1960
3 1962 2044 1961
3 1963 2045 1962
3 1964 2046 1963
3 1965 2047 1964
3 1966 2048 1965
3 1967 2049 1966
3 1968 2050 1967
3 1969 2051 1968
3 1970 2052 1969
3 1973 2054 1972
3 1974 2055 1973
3 1975 2056 1974
3 1976 2057 1975
3 1977 2058 1976
3 1978 2059 1977
3 1979 2060 1978
3 1980 2061 1979
3 1981 2062 1980
3 1982 2063 1981
3 1983 2064 1982
3 1984 2065 1983
3 1985 2066 1984
3 1986 2067 1985
3 1987 2068 1986
3 1988 2069 1987
3 1989 2070 1988
3 1990 2071 1989
3 1991 2072 1990
3 1992 2073 1991
3 1993 2074 1992
3 1994 2075 1993
3 1995 2076 1994
3 1996 2077 1995
3 1997 2078 1996
3 1998 2079 1997
3 1999 2080 1998
3 2000 2081 1999
3 2001 2082 2000
3 2002 2083 2001
3 2003 2084 2002
3 2004 2085 2003
3 2005 2086 2004
3 2006 2087 2005
3 2007 2088 2006
3 2008 2089 2007
3 2009 2090 2008
3 2010 2091 2009
3 2011 2092 2010
3 2012 2093 2011
3 2013 2094 2012
3 2014 2095 2013
3 2015 2096 2014
3 2016 2097 2015
3 2017 2098 2016
3 2018 2099 2017
3 2019 2100 2018
3 2020 2101 2019
3 2021 2102 2020
3 2022 2103 2021
3 2023 2104 2022
3 2024 2105 2023
3 2025 2106 2024
3 2026 2107 2025
3 2027 2108 2026
3 2028 2109 2027
3 2029 2110 2028
3 2030 2111 2029
3 2031 2112 2030
3 2032 2113 2031
3 2033 2114 2032
3 2034 2115 2033
3 2035 2116 2034
3 2036 2117 2035
3 2037 2118 2036
3 2038 2119 2037
3 2039 2120 2038
3 2040 2121 2039
3 2041 2122 2040
3 2042 2123 2041
3 2043 2124 2042
3 2044 2125 2043
3 2045 2126 2044
3 2046 2127 2045
3 2047 2128 2046
3 2048 2129 2047
3 2049 2130 2048
3 2050 2131 2049
3 2051 2132 2050
3 2052 2133 2051
3 2053 2134 2052
3 2055 2137 2054
3 2056 2138 2055
3 2057 2139 2056
3 2058 2140 2057
3 2059 2141 2058
3 2060 2142 2059
3 2061 2143 2060
3 2062 2144 2061
3 2063 2145 2062
3 2064 2146 2063
3 2065 2147 2064
3 2066 2148 2065
3 2067 2149 2066
3 2068 2150 2067
3 2069 2151 2068
3 2070 2152 2069
3 2071 2153 2070
3 2072 2154 2071
3 2073 2155 2072
3 2074 2156 2073
3 2075 2157 2074
3 2076 2158 2075
3 2077 2159 2076
3 2078 2160 2077
3 2079 2161 2078
3 2080 2162 2079
3 2081 2163 2080
3 2082 2164 2081
3 2083 2165 2082
3 2084 2166 2083
3 2085 2167 2084
3 2086 2168 2085
3 2087 2169 2086
3 2088 2170 2087
3 2089 2171 2088
3 2090 2172 2089
3 2091 2173 2090
3 2092 2174 2091
3 2093 2175 2092
3 2094 2176 2093
3 2095 2177 2094
3 2096 2178 2095
3 2097 2179 2096
3 2098 2180 2097
3 2099 2181 2098
3 2100 2182 2099
3 2101 2183 2100
3 2102 2184 2101
3 2103 2185 2102
3 2104 2186 2103
3 2105 2187 2104
3 2106 2188 2105
3 2107 2189 2106
3 2108 2190 2107
3 2109 2191 2108
3 2110 2192 2109
3 2111 2193 2110
3 2112 2194 2111
3 2113 2195 2112
3 2114 2196 2113
3 2115 2197 2114
3 2116 2198 2115
3 2117 2199 2116
3 2118 2200 2117
3 2119 2201 2118
3 2120 2202 2119
3 2121 2203 2120
3 2122 2204 2121
3 2123 2205 2122
3 2124 2206 2123
3 2125 2207 2124
3 2126 2208 2125
3 2127 2209 2126
3 2128 2210 2127
3 2129 2211 2128
3 2130 2212 2129
3 2131 2213 2130
3 2132 2214 2131
3 2133 2215 2132
3 2134 2216 2133
3 2135 2217 2134
3 2136 2218 2135
3 2138 2220 2137
3 2139 2221 2138
3 2140 2222 2139
3 2141 2223 2140
3 2142 2224 2141
3 2143 2225 2142
3 2144 2226 2143
3 2145 2227 2144
3 2146 2228 2145
3 2147 2229 2146
3 2148 2230 2147
3 2149 2231 2148
3 2150 2232 2149
3 2151 2233 2150
3 2152 2234 2151
3 2153 2235 2152
3 2154 2236 2153
3 2155 2237 2154
3 2156 2238 2155
3 2157 2239 2156
3 2158 2240 2157
3 2159 2241 2158
3 2160 2242 2159
3 2161 2243 2160
3 2162 2244 2161
3 2163 2245 2162
3 2164 2246 2163
3 2165 2247 2164
3 2166 2248 2165
3 2167 2249 2166
3 2168 2250 2167
3 2169 2251 2168
3 2170 2252 2169
3 2171 2253 2170
3 2172 2254 2171
3 2173 2255 2172
3 2174 2256 2173
3 2175 2257 2174
3 2176 2258 2175
3 2177 2259 2176
3 2178 2260 2177
3 2179 2261 2178
3 2180 2262 2179
3 2181 2263 2180
3 2182 2264 2181
3 2183 2265 2182
3 2184 2266 2183
3 2185 2267 2184
3 2186 2268 2185
3 2187 2269 2186
3 2188 2270 2187
3 2189 2271 2188
3 2190 2272 2189
3 2191 2273 2190
3 2192 2274 2191
3 2193 2275 2192
3 2194 2276 2193
3 2195 2277 2194
3 2196 2278 2195
3 2197 2279 2196
3 2198 2280 2197
3 2199 2281 2198
3 2200 2282 2199
3 2201 2283 2200
3 2202 2284 2201
3 2203 2285 2202
3 2204 2286 2203
3 2205 2287 2204
3 2206 2288 2205
3 2207 2289 2206
3 2208 2290 2207
3 2209 2291 2208
3 2210 2292 2209
3 2211 2293 2210
3 2212 2294 2211
3 2213 2295 2212
3 2214 2296 2213
3 2215 2297 2214
3 2216 2298 2215
3 2217 2299 2216
3 2218 2300 2217
3 2219 2301 2218
3 2221 2303 2220
3 2222 2304 2221
3 2223 2305 2222
3 2224 2306 2223
3 2225 2307 2224
3 2226 2308 2225
3 2227 2309 2226
3 2228 2310 2227
3 2229 2311 2228
3 2230 2312 2229
3 2231 2313 2230
3 2232 2314 2231
3 2233 2315 2232
3 2234 2316 2233
3 2235 2317 2234
3 2236 2318 2235
3 2237 2319 2236
3 2238 2320 2237
3 2239 2321 2238
3 2240 2322 2239
3 2241 2323 2240
3 2242 2324 2241
3 2243 2325 2242
3 2244 2326 2243
3 2245 2327 2244
3 2246 2328 2245
3 2247 2329 2246
3 2248 2330 2247
3 2249 2331 2248
3 2250 2332 2249
3 2251 2333 2250
3 2252 2334 2251
3 2253 2335 2252
3 2254 2336 2253
3 2255 2337 2254
3 2256 2338 2255
3 2257 2339 2256
3 2258 2340 2257
3 2259 2341 2258
3 2260 2342 2259
3 2261 2343 2260
3 2262 2344 2261
3 2263 2345 2262
3 2264 2346 2263
3 2265 2347 2264
3 2266 2348 2265
3 2267 2349 2266
3 2268 2350 2267
3 2269 2351 2268
3 2270 2352 2269
3 2271 2353 2270
3 2272 2354 2271
3 2273 2355 2272
3 2274 2356 2273
3 2275 2357 2274
3 2276 2358 2275
3 2277 2359 2276
3 2278 2360 2277
3 2279 2361 2278
3 2280 2362 2279
3 2281 2363 2280
3 2282 2364 2281
3 2283 2365 2282
3 2284 2366 2283
3 2285 2367 2284
3 2286 2368 2285
3 2287 2369 2286
3 2288 2370 2287
3 2289 2371 2288
3 2290 2372 2289
3 2291 2373 2290
3 2292 2374 2291
3 2293 2375 2292
3 2294 2376 2293
3 2295 2377 2294
3 2296 2378 2295
3 2297 2379 2296
3 2298 2380 2297
3 2299 2381 2298
3 2300 2382 2299
3 2301 2383 2300
3 2302 2384 2301
3 2304 2386 2303
3 2305 2387 2304
3 2306 2388 2305
3 2307 2389 2306
3 2308 2390 2307
3 2309 2391 2308
3 2310 2392 2309
3 2311 2393 2310
3 2312 2394 2311
3 2313 2395 2312
3 2314 2396 2313
3 2315 2397 2314
3 2316 2398 2315
3 2317 2399 2316
3 2318 2400 2317
3 2319 2401 2318
3 2320 2402 2319
3 2321 2403 2320
3 2322 2404 2321
3 2323 2405 2322
3 2324 2406 2323
3 2325 2407 2324
3 2326 2408 2325
3 2327 2409 2326
3 2328 2410 2327
3 2329 2411 2328
3 2330 2412 2329
3 2331 2413 2330
3 2332 2414 2331
3 2333 2415 2332
3 2334 2416 2333
3 2335 2417 2334
3 2336 2418 2335
3 2337 2419 2336
3 2338 2420 2337
3 2339 2421 2338
3 2340 2422 2339
3 2341 2423 2340
3 2342 2424 2341
3 2343 2425 2342
3 2344 2426 2343
3 2345 2427 2344
3 2346 2428 2345
3 2347 2429 2346
3 2348 2430 2347
3 2349 2431 2348
3 2350 2432 2349
3 2351 2433 2350
3 2352 2434 2351
3 2353 2435 2352
3 2354 2436 2353
3 2355 2437 2354
3 2356 2438 2355
3 2357 2439 2356
3 2358 2440 2357
3 2359 2441 2358
3 2360 2442 2359
3 2361 2443 2360
3 2362 2444 2361
3 2363 2445 2362
3 2364 2446 2363
3 2365 2447 2364
3 2366 2448 2365
3 2367 2449 2366
3 2368 2450 2367
3 2369 2451 2368
3 2370 2452 2369
3 2371 2453 2370
3 2372 2454 2371
3 2373 2455 2372
3 2374 2456 2373
3 2375 2457 2374
3 2376 2458 2375
3 2377 2459 2376
3 2378 2460 2377
3 2379 2461 2378
3 2380 2462 2379
3 2381 2463 2380
3 2382 2464 2381
3 2383 2465 2382
3 2384 2466 2383
3 2385 2467 2384
3 2387 2469 2386
3 2388 2470 2387
3 2389 2471 2388
3 2390 2472 2389
3 2391 2473 2390
3 2392 2474 2391
3 2393 2475 2392
3 2394 2476 2393
3 2395 2477 2394
3 2396 2478 2395
3 2397 2479 2396
3 2398 2480 2397
3 2399 2481 2398
3 2400 2482 2399
3 2401 2483 2400
3 2402 2484 2401
3 2403 2485 2402
3 2404 2486 2403
3 2405 2487 2404
3 2406 2488 2405
3 2407 2489 2406
3 2408 2490 2407
3 2409 2491 2408
3 2410 2492 2409
3 2411 2493 2410
3 2412 2494 2411
3 2413 2495 2412
3 2414 2496 2413
3 2415 2497 2414
3 2416 2498 2415
3 2417 2499 2416
3 2418 2500 2417
3 2419 2501 2418
3 2420 2502 2419
3 2421 2503 2420
3 2422 2504 2421
3 2423 2505 2422
3 2424 2506 2423
3 2425 2507 2424
3 2426 2508 2425
3 2427 2509 2426
3 2428 2510 2427
3 2429 2511 2428
3 2430 2512 2429
3 2431 2513 2430
3 2432 2514 2431
3 2433 2515 2432
3 2434 2516 2433
3 2435 2517 2434
3 2436 2518 2435
3 2437 2519 2436
3 2438 2520 2437
3 2439 2521 2438
3 2440 2522 2439
3 2441 2523 2440
3 2442 2524 2441
3 2443 2525 2442
3 2444 2526 2443
3 2445 2527 2444
3 2446 2528 2445
3 2447 2529 2446
3 2448 2530 2447
3 2449 2531 2448
3 2450 2532 2449
3 2451 2533 2450
3 2452 2534 2451
3 2453 2535 2452
3 2454 2536 2453
3 2455 2537 2454
3 2456 2538 2455
3 2457 2539 2456
3 2458 2540 2457
3 2459 2541 2458
3 2460 2542 2459
3 2461 2543 2460
3 2462 2544 2461
3 2463 2545 2462
3 2464 2546 2463
3 2465 2547 2464
3 2466 2548 2465
3 2467 2549 2466
3 2468 2550 2467
3 2470 2552 2469
3 2471 2553 2470
3 2472 2554 2471
3 2473 2555 2472
3 2474 2556 2473
3 2475 2557 2474
3 2476 2558 2475
3 2477 2559 2476
3 2478 2560 2477
3 2479 2561 2478
3 2480 2562 2479
3 2481 2563 2480
3 2482 2564 2481
3 2483 2565 2482
3 2484 2566 2483
3 2485 2567 2484
3 2486 2568 2485
3 2487 2569 2486
3 2488 2570 2487
3 2489 2571 2488
3 2490 2572 2489
3 2491 2573 2490
3 2492 2574 2491
3 2493 2575 2492
3 2494 2576 2493
3 2495 2577 2494
3 2496 2578 2495
3 2497 2579 2496
3 2498 2580 2497
3 2499 2581 2498
3 2500 2582 2499
3 2501 2583 2500
3 2502 2584 2501
3 2503 2585 2502
3 2504 2586 2503
3 2505 2587 2504
3 2506 2588 2505
3 2507 2589 2506
3 2508 2590 2507
3 2509 2591 2508
3 2510 2592 2509
3 2511 2593 2510
3 2512 2594 2511
3 2513 2595 2512
3 2514 2596 2513
3 2515 2597 2514
3 2516 2598 2515
3 2517 2599 2516
3 2518 2600 2517
3 2519 2601 2518
3 2520 2602 2519
3 2521 2603 2520
3 2522 2604 2521
3 2523 2605 2522
3 2524 2606 2523
3 2525 2607 2524
3 2526 2608 2525
3 2527 2609 2526
3 2528 2610 2527
3 2529 2611 2528
3 2530 2612 2529
3 2531 2613 2530
3 2532 2614 2531
3 2533 2615 2532
3 2534 2616 2533
3 2535 2617 2534
3 2536 2618 2535
3 2537 2619 2536
3 2538 2620 2537
3 2539 2621 2538
3 2540 2622 2539
3 2541 2623 2540
3 2542 2624 2541
3 2543 2625 2542
3 2544 2626 2543
3 2545 2627 2544
3 2546 2628 2545
3 2547 2629 2546
3 2548 2630 2547
3 2549 2631 2548
3 2550 2632 2549
3 2551 2633 2550
3 2553 2635 2552
3 2554 2636 2553
3 2555 2637 2554
3 2556 2638 2555
3 2557 2639 2556
3 2558 2640 2557
3 2559 2641 2558
3 2560 2642 2559
3 2561 2643 2560
3 2562 2644 2561
3 2563 2645 2562
3 2564 2646 2563
3 2565 2647 2564
3 2566 2648 2565
3 2567 2649 2566
3 2568 2650 2567
3 2569 2651 2568
3 2570 2652 2569
3 2571 2653 2570
3 2572 2654 2571
3 2573 2655 2572
3 2574 2656 2573
3 2575 2657 2574
3 2576 2658 2575
3 2577 2659 2576
3 2578 2660 2577
3 2579 2661 2578
3 2580 2662 2579
3 2581 2663 2580
3 2582 2664 2581
3 2583 2665 2582
3 2584 2666 2583
3 2585 2667 2584
3 2586 2668 2585
3 2587 2669 2586
3 2588 2670 2587
3 2589 2671 2588
3 2590 2672 2589
3 2591 2673 2590
3 2592 2674 2591
3 2593 2675 2592
3 2594 2676 2593
3 2595 2677 2594
3 2596 2678 2595
3 2597 2679 2596
3 2598 2680 2597
3 2599 2681 2598
3 2600 2682 2599
3 2601 2683 2600
3 2602 2684 2601
3 2603 2685 2602
3 2604 2686 2603
3 2605 2687 2604
3 2606 2688 2605
3 2607 2689 2606
3 2608 2690 2607
3 2609 2691 2608
3 2610 2692 2609
3 2611 2693 2610
3 2612 2694 2611
3 2613 2695 2612
3 2614 2696 2613
3 2615 2697 2614
3 2616 2698 2615
3 2617 2699 2616
3 2618 2700 2617
3 2619 2701 2618
3 2620 2702 2619
3 2621 2703 2620
3 2622 2704 2621
3 2623 2705 2622
3 2624 2706 2623
3 2625 2707 2624
3 2626 2708 2625
3 2627 2709 2626
3 2628 2710 2627
3 2629 2711 2628
3 2630 2712 2629
3 2631 2713 2630
3 2632 2714 2631
3 2633 2715 2632
3 2637 2717 2636
3 2638 2718 2637
3 2639 2719 2638
3 2640 2720 2639
3 2641 2721 2640
3 2642 2722 2641
3 2643 2723 2642
3 2644 2724 2643
3 2645 2725 2644
3 2646 2726 2645
3 2647 2727 2646
3 2648 2728 2647
3 2649 2729 2648
3 2650 2730 2649
3 2651 2731 2650
3 2652 2732 2651
3 2653 2733 2652
3 2654 2734 2653
3 2655 2735 2654
3 2656 2736 2655
3 2657 2737 2656
3 2658 2738 2657
3 2659 2739 2658
3 2660 2740 2659
3 2661 2741 2660
3 2662 2742 2661
3 2663 2743 2662
3 2664 2744 2663
3 2665 2745 2664
3 2666 2746 2665
3 2667 2747 2666
3 2668 2748 2667
3 2669 2749 2668
3 2670 2750 2669
3 2671 2751 2670
3 2672 2752 2671
3 2673 2753 2672
3 2674 2754 2673
3 2675 2755 2674
3 2676 2756 2675
3 2677 2757 2676
3 2678 2758 2677
3 2679 2759 2678
3 2680 2760 2679
3 2681 2761 2680
3 2682 2762 2681
3 2683 2763 2682
3 2684 2764 2683
3 2685 2765 2684
3 2686 2766 2685
3 2687 2767 2686
3 2688 2768 2687
3 2689 2769 2688
3 2690 2770 2689
3 2691 2771 2690
3 2692 2772 2691
3 2693 2773 2692
3 2694 2774 2693
3 2695 2775 2694
3 2696 2776 2695
3 2697 2777 2696
3 2698 2778 2697
3 2699 2779 2698
3 2700 2780 2699
3 2701 2781 2700
3 2702 2782 2701
3 2703 2783 2702
3 2704 2784 2703
3 2705 2785 2704
3 2706 2786 2705
3 2707 2787 2706
3 2708 2788 2707
3 2709 2789 2708
3 2710 2790 2709
3 2711 2791 2710
3 2712 2792 2711
3 2713 2793 2712
3 2714 2794 2713
3 2715 2795 2714
3 2716 2796 2715
3 2718 2798 2717
3 2719 2799 2718
3 2720 2800 2719
3 2721 2801 2720
3 2722 2802 2721
3 2723 2803 2722
3 2724 2804 2723
3 2725 2805 2724
3 2726 2806 2725
3 2727 2807 2726
3 2728 2808 2727
3 2729 2809 2728
3 2730 2810 2729
3 2731 2811 2730
3 2732 2812 2731
3 2733 2813 2732
3 2734 2814 2733
3 2735 2815 2734
3 2736 2816 2735
3 2737 2817 2736
3 2738 2818 2737
3 2739 2819 2738
3 2740 2820 2739
3 2741 2821 2740
3 2742 2822 2741
3 2743 2823 2742
3 2744 2824 2743
3 2745 2825 2744
3 2746 2826 2745
3 2747 2827 2746
3 2748 2828 2747
3 2749 2829 2748
3 2750 2830 2749
3 2751 2831 2750
3 2752 2832 2751
3 2753 2833 2752
3 2754 2834 2753
3 2755 2835 2754
3 2756 2836 2755
3 2757 2837 2756
3 2758 2838 2757
3 2759 2839 2758
3 2760 2840 2759
3 2761 2841 2760
3 2762 2842 2761
3 2763 2843 2762
3 2764 2844 2763
3 2765 2845 2764
3 2766 2846 2765
3 2767 2847 2766
3 2768 2848 2767
3 2769 2849 2768
3 2770 2850 2769
3 2771 2851 2770
3 2772 2852 2771
3 2773 2853 2772
3 2774 2854 2773
3 2775 2855 2774
3 2776 2856 2775
3 2777 2857 2776
3 2778 2858 2777
3 2779 2859 2778
3 2780 2860 2779
3 2781 2861 2780
3 2782 2862 2781
3 2783 2863 2782
3 2784 2864 2783
3 2785 2865 2784
3 2786 2866 2785
3 2787 2867 2786
3 2788 2868 2787
3 2789 2869 2788
3 2790 2870 2789
3 2791 2871 2790
3 2792 2872 2791
3 2793 2873 2792
3 2794 2874 2793
3 2795 2875 2794
3 2796 2876 2795
3 2797 2877 2796
3 2799 2879 2798
3 2800 2880 2799
3 2801 2881 2800
3 2802 2882 2801
3 2803 2883 2802
3 2804 2884 2803
3 2805 2885 2804
3 2806 2886 2805
3 2807 2887 2806
3 2808 2888 2807
3 2809 2889 2808
3 2810 2890 2809
3 2811 2891 2810
3 2812 2892 2811
3 2813 2893 2812
3 2814 2894 2813
3 2815 2895 2814
3 2816 2896 2815
3 2817 2897 2816
3 2818 2898 2817
3 2819 2899 2818
3 2820 2900 2819
3 2821 2901 2820
3 2822 2902 2821
3 2823 2903 2822
3 2824 2904 2823
3 2825 2905 2824
3 2826 2906 2825
3 2827 2907 2826
3 2828 2908 2827
3 2829 2909 2828
3 2830 2910 2829
3 2831 2911 2830
3 2832 2912 2831
3 2833 2913 2832
3 2834 2914 2833
3 2835 2915 2834
3 2836 2916 2835
3 2837 2917 2836
3 2838 2918 2837
3 2839 2919 2838
3 2840 2920 2839
3 2841 2921 2840
3 2842 2922 2841
3 2843 2923 2842
3 2844 2924 2843
3 2845 2925 2844
3 2846 2926 2845
3 2847 2927 2846
3 2848 2928 2847
3 2849 2929 2848
3 2850 2930 2849
3 2851 2931 2850
3 2852 2932 2851
3 2853 2933 2852
3 2854 2934 2853
3 2855 2935 2854
3 2856 2936 2855
3 2857 2937 2856
3 2858 2938 2857
3 2859 2939 2858
3 2860 2940 2859
3 2861 2941 2860
3 2862 2942 2861
3 2863 2943 2862
3 2864 2944 2863
3 2865 2945 2864
3 2866 2946 2865
3 2867 2947 2866
3 2868 2948 2867
3 2869 2949 2868
3 2870 2950 2869
3 2871 2951 2870
3 2872 2952 2871
3 2873 2953 2872
3 2874 2954 2873
3 2875 2955 2874
3 2876 2956 2875
3 2877 2957 2876
3 2878 2958 2877
3 2880 2960 2879
3 2881 2961 2880
3 2882 2962 2881
3 2883 2963 2882
3 2884 2964 2883
3 2885 2965 2884
3 2886 2966 2885
3 2887 2967 2886
3 2888 2968 2887
3 2889 2969 2888
3 2890 2970 2889
3 2891 2971 2890
3 2892 2972 2891
3 2893 2973 2892
3 2894 2974 2893
3 2895 2975 2894
3 2896 2976 2895
3 2897 2977 2896
3 2898 2978 2897
3 2899 2979 2898
3 2900 2980 2899
3 2901 2981 2900
3 2902 2982 2901
3 2903 2983 2902
3 2904 2984 2903
3 2905 2985 2904
3 2906 2986 2905
3 2907 2987 2906
3 2908 2988 2907
3 2909 2989 2908
3 2910 2990 2909
3 2911 2991 2910
3 2912 2992 2911
3 2913 2993 2912
3 2914 2994 2913
3 2915 2995 2914
3 2916 2996 2915
3 2917 2997 2916
3 2918 2998 2917
3 2919 2999 2918
3 2920 3000 2919
3 2921 3001 2920
3 2922 3002 2921
3 2923 3003 2922
3 2924 3004 2923
3 2925 3005 2924
3 2926 3006 2925
3 2927 3007 2926
3 2928 3008 2927
3 2929 3009 2928
3 2930 3010 2929
3 2931 3011 2930
3 2932 3012 2931
3 2933 3013 2932
3 2934 3014 2933
3 2935 3015 2934
3 2936 3016 2935
3 2937 3017 2936
3 2938 3018 2937
3 2939 3019 2938
3 2940 3020 2939
3 2941 3021 2940
3 2942 3022 2941
3 2943 3023 2942
3 2944 3024 2943
3 2945 3025 2944
3 2946 3026 2945
3 2947 3027 2946
3 2948 3028 2947
3 2949 3029 2948
3 2950 3030 2949
3 2951 3031 2950
3 2952 3032 2951
3 2953 3033 2952
3 2954 3034 2953
3 2955 3035 2954
3 2956 3036 2955
3 2957 3037 2956
3 2958 3038 2957
3 2962 3040 2961
3 2963 3041 2962
3 2964 3042 2963
3 2965 3043 2964
3 2966 3044 2965
3 2967 3045 2966
3 2968 3046 2967
3 2969 3047 2968
3 2970 3048 2969
3 2971 3049 2970
3 2972 3050 2971
3 2973 3051 2972
3 2974 3052 2973
3 2975 3053 2974
3 2976 3054 2975
3 2977 3055 2976
3 2978 3056 2977
3 2979 3057 2978
3 2980 3058 2979
3 2981 3059 2980
3 2982 3060 2981
3 2983 3061 2982
3 2984 3062 2983
3 2985 3063 2984
3 2986 3064 2985
3 2987 3065 2986
3 2988 3066 2987
3 2989 3067 2988
3 2990 3068 2989
3 2991 3069 2990
3 2992 3070 2991
3 2993 3071 2992
3 2994 3072 2993
3 2995 3073 2994
3 2996 3074 2995
3 2997 3075 2996
3 2998 3076 2997
3 2999 3077 2998
3 3000 3078 2999
3 3001 3079 3000
3 3002 3080 3001
3 3003 3081 3002
3 3004 3082 3003
3 3005 3083 3004
3 3006 3084 3005
3 3007 3085 3006
3 3008 3086 3007
3 3009 3087 3008
3 3010 3088 3009
3 3011 3089 3010
3 3012 3090 3011
3 3013 3091 3012
3 3014 3092 3013
3 3015 3093 3014
3 3016 3094 3015
3 3017 3095 3016
3 3018 3096 3017
3 3019 3097 3018
3 3020 3098 3019
3 3021 3099 3020
3 3022 3100 3021
3 3023 3101 3022
3 3024 3102 3023
3 3025 3103 3024
3 3026 3104 3025
3 3027 3105 3026
3 3028 3106 3027
3 3029 3107 3028
3 3030 3108 3029
3 3031 3109 3030
3 3032 3110 3031
3 3033 3111 3032
3 3034 3112 3033
3 3035 3113 3034
3 3036 3114 3035
3 3037 3115 3036
3 3038 3116 3037
3 3039 3117 3038
3 3041 3119 3040
3 3042 3120 3041
3 3043 3121 3042
3 3044 3122 3043
3 3045 3123 3044
3 3046 3124 3045
3 3047 3125 3046
3 3048 3126 3047
3 3049 3127 3048
3 3050 3128 3049
3 3051 3129 3050
3 3052 3130 3051
3 3053 3131 3052
3 3054 3132 3053
3 3055 3133 3054
3 3056 3134 3055
3 3057 3135 3056
3 3058 3136 3057
3 3059 3137 3058
3 3060 3138 3059
3 3061 3139 3060
3 3062 3140 3061
3 3063 3141 3062
3 3064 3142 3063
3 3065 3143 3064
3 3066 3144 3065
3 3067 3145 3066
3 3068 3146 3067
3 3069 3147 3068
3 3070 3148 3069
3 3071 3149 3070
3 3072 3150 3071
3 3073 3151 3072
3 3074 3152 3073
3 3075 3153 3074
3 3076 3154 3075
3 3077 3155 3076
3 3078 3156 3077
3 3079 3157 3078
3 3080 3158 3079
3 3081 3159 3080
3 3082 3160 3081
3 3083 3161 3082
3 3084 3162 3083
3 3085 3163 3084
3 3086 3164 3085
3 3087 3165 3086
3 3088 3166 3087
3 3089 3167 3088
3 3090 3168 3089
3 3091 3169 3090
3 3092 3170 3091
3 3093 3171 3092
3 3094 3172 3093
3 3095 3173 3094
3 3096 3174 3095
3 3097 3175 3096
3 3098 3176 3097
3 3099 3177 3098
3 3100 3178 3099
3 3101 3179 3100
3 3102 3180 3101
3 3103 3181 3102
3 3104 3182 3103
3 3105 3183 3104
3 3106 3184 3105
3 3107 3185 3106
3 3108 3186 3107
3 3109 3187 3108
3 3110 3188 3109
3 3111 3189 3110
3 3112 3190 3111
3 3113 3191 3112
3 3114 3192 3113
3 3115 3193 3114
3 3116 3194 3115
3 3117 3195 3116
3 3120 3197 3119
3 3121 3198 3120
3 3122 3199 3121
3 3123 3200 3122
3 3124 3201 3123
3 3125 3202 3124
3 3126 3203 3125
3 3127 3204 3126
3 3128 3205 3127
3 3129 3206 3128
3 3130 3207 3129
3 3131 3208 3130
3 3132 3209 3131
3 3133 3210 3132
3 3134 3211 3133
3 3135 3212 3134
3 3136 3213 3135
3 3137 3214 3136
3 3138 3215 3137
3 3139 3216 3138
3 3140 3217 3139
3 3141 3218 3140
3 3142 3219 3141
3 3143 3220 3142
3 3144 3221 3143
3 3145 3222 3144
3 3146 3223 3145
3 3147 3224 3146
3 3148 3225 3147
3 3149 3226 3148
3 3150 3227 3149
3 3151 3228 3150
3 3152 3229 3151
3 3153 3230 3152
3 3154 3231 3153
3 3155 3232 3154
3 3156 3233 3155
3 3157 3234 3156
3 3158 3235 3157
3 3159 3236 3158
3 3160 3237 3159
3 3161 3238 3160
3 3162 3239 3161
3 3163 3240 3162
3 3164 3241 3163
3 3165 3242 3164
3 3166 3243 3165
3 3167 3244 3166
3 3168 3245 3167
3 3169 3246 3168
3 3170 3247 3169
3 3171 3248 3170
3 3172 3249 3171
3 3173 3250 3172
3 3174 3251 3173
3 3175 3252 3174
3 3176 3253 3175
3 3177 3254 3176
3 3178 3255 3177
3 3179 3256 3178
3 3180 3257 3179
3 3181 3258 3180
3 3182 3259 3181
3 3183 3260 3182
3 3184 3261 3183
3 3185 3262 3184
3 3186 3263 3185
3 3187 3264 3186
3 3188 3265 3187
3 3189 3266 3188
3 3190 3267 3189
3 3191 3268 3190
3 3192 3269 3191
3 3193 3270 3192
3 3194 3271 3193
3 3195 3272 3194
3 3198 3274 3197
3 3199 3275 3198
3 3200 3276 3199
3 3201 3277 3200
3 3202 3278 3201
3 3203 3279 3202
3 3204 3280 3203
3 3205 3281 3204
3 3206 3282 3205
3 3207 3283 3206
3 3208 3284 3207
3 3209 3285 3208
3 3210 3286 3209
3 3211 3287 3210
3 3212 3288 3211
3 3213 3289 3212
3 3214 3290 3213
3 3215 3291 3214
3 3216 3292 3215
3 3217 3293 3216
3 3218 3294 3217
3 3219 3295 3218
3 3220 3296 3219
3 3221 3297 3220
3 3222 3298 3221
3 3223 3299 3222
3 3224 3300 3223
3 3225 3301 3224
3 3226 3302 3225
3 3227 3303 3226
3 3228 3304 3227
3 3229 3305 3228
3 3230 3306 3229
3 3231 3307 3230
3 3232 3308 3231
3 3233 3309 3232
3 3234 3310 3233
3 3235 3311 3234
3 3236 3312 3235
3 3237 3313 3236
3 3238 3314 3237
3 3239 3315 3238
3 3240 3316 3239
3 3241 3317 3240
3 3242 3318 3241
3 3243 3319 3242
3 3244 3320 3243
3 3245 3321 3244
3 3246 3322 3245
3 3247 3323 3246
3 3248 3324 3247
3 3249 3325 3248
3 3250 3326 3249
3 3251 3327 3250
3 3252 3328 3251
3 3253 3329 3252
3 3254 3330 3253
3 3255 3331 3254
3 3256 3332 3255
3 3257 3333 3256
3 3258 3334 3257
3 3259 3335 3258
3 3260 3336 3259
3 3261 3337 3260
3 3262 3338 3261
3 3263 3339 3262
3 3264 3340 3263
3 3265 3341 3264
3 3266 3342 3265
3 3267 3343 3266
3 3268 3344 3267
3 3269 3345 3268
3 3270 3346 3269
3 3271 3347 3270
3 3272 3348 3271
3 3273 3349 3272
3 3275 3351 3274
3 3276 3352 3275
3 3277 3353 3276
3 3278 3354 3277
3 3279 3355 3278
3 3280 3356 3279
3 3281 3357 3280
3 3282 3358 3281
3 3283 3359 3282
3 3284 3360 3283
3 3285 3361 3284
3 3286 3362 3285
3 3287 3363 3286
3 3288 3364 3287
3 3289 3365 3288
3 3290 3366 3289
3 3291 3367 3290
3 3292 3368 3291
3 3293 3369 3292
3 3294 3370 3293
3 3295 3371 3294
3 3296 3372 3295
3 3297 3373 3296
3 3298 3374 3297
3 3299 3375 3298
3 3300 3376 3299
3 3301 3377 3300
3 3302 3378 3301
3 3303 3379 3302
3 3304 3380 3303
3 3305 3381 3304
3 3306 3382 3305
3 3307 3383 3306
3 3308 3384 3307
3 3309 3385 3308
3 3310 3386 3309
3 3311 3387 3310
3 3312 3388 3311
3 3313 3389 3312
3 3314 3390 3313
3 3315 3391 3314
3 3316 3392 3315
3 3317 3393 3316
3 3318 3394 3317
3 3319 3395 3318
3 3320 3396 3319
3 3321 3397 3320
3 3322 3398 3321
3 3323 3399 3322
3 3324 3400 3323
3 3325 3401 3324
3 3326 3402 3325
3 3327 3403 3326
3 3328 3404 3327
3 3329 3405 3328
3 3330 3406 3329
3 3331 3407 3330
3 3332 3408 3331
3 3333 3409 3332
3 3334 3410 3333
3 3335 3411 3334
3 3336 3412 3335
3 3337 3413 3336
3 3338 3414 3337
3 3339 3415 3338
3 3340 3416 3339
3 3341 3417 3340
3 3342 3418 3341
3 3343 3419 3342
3 3344 3420 3343
3 3345 3421 3344
3 3346 3422 3345
3 3347 3423 3346
3 3348 3424 3347
3 3349 3425 3348
3 3352 3427 3351
3 3353 3428 3352
3 3354 3429 3353
3 3355 3430 3354
3 3356 3431 3355
3 3357 3432 3356
3 3358 3433 3357
3 3359 3434 3358
3 3360 3435 3359
3 3361 3436 3360
3 3362 3437 3361
3 3363 3438 3362
3 3364 3439 3363
3 3365 3440 3364
3 3366 3441 3365
3 3367 3442 3366
3 3368 3443 3367
3 3369 3444 3368
3 3370 3445 3369
3 3371 3446 3370
3 3372 3447 3371
3 3373 3448 3372
3 3374 3449 3373
3 3375 3450 3374
3 3376 3451 3375
3 3377 3452 3376
3 3378 3453 3377
3 3379 3454 3378
3 3380 3455 3379
3 3381 3456 3380
3 3382 3457 3381
3 3383 3458 3382
3 3384 3459 3383
3 3385 3460 3384
3 3386 3461 3385
3 3387 3462 3386
3 3388 3463 3387
3 3389 3464 3388
3 3390 3465 3389
3 3391 3466 3390
3 3392 3467 3391
3 3393 3468 3392
3 3394 3469 3393
3 3395 3470 3394
3 3396 3471 3395
3 3397 3472 3396
3 3398 3473 3397
3 3399 3474 3398
3 3400 3475 3399
3 3401 3476 3400
3 3402 3477 3401
3 3403 3478 3402
3 3404 3479 3403
3 3405 3480 3404
3 3406 3481 3405
3 3407 3482 3406
3 3408 3483 3407
3 3409 3484 3408
3 3410 3485 3409
3 3411 3486 3410
3 3412 3487 3411
3 3413 3488 3412
3 3414 3489 3413
3 3415 3490 3414
3 3416 3491 3415
3 3417 3492 3416
3 3418 3493 3417
3 3419 3494 3418
3 3420 3495 3419
3 3421 3496 3420
3 3422 3497 3421
3 3423 3498 3422
3 3424 3499 3423
3 3425 3500 3424
3 3428 3502 3427
3 3429 3503 3428
3 3430 3504 3429
3 3431 3505 3430
3 3432 3506 3431
3 3433 3507 3432
3 3434 3508 3433
3 3435 3509 3434
3 3436 3510 3435
3 3437 3511 3436
3 3438 3512 3437
3 3439 3513 3438
3 3440 3514 3439
3 3441 3515 3440
3 3442 3516 3441
3 3443 3517 3442
3 3444 3518 3443
3 3445 3519 3444
3 3446 3520 3445
3 3447 3521 3446
3 3448 3522 3447
3 3449 3523 3448
3 3450 3524 3449
3 3451 3525 3450
3 3452 3526 3451
3 3453 3527 3452
3 3454 3528 3453
3 3455 3529 3454
3 3456 3530 3455
3 3457 3531 3456
3 3458 3532 3457
3 3459 3533 3458
3 3460 3534 3459
3 3461 3535 3460
3 3462 3536 3461
3 3463 3537 3462
3 3464 3538 3463
3 3465 3539 3464
3 3466 3540 3465
3 3467 3541 3466
3 3468 3542 3467
3 3469 3543 3468
3 3470 3544 3469
3 3471 3545 3470
3 3472 3546 3471
3 3473 3547 3472
3 3474 3548 3473
3 3475 3549 3474
3 3476 3550 3475
3 3477 3551 3476
3 3478 3552 3477
3 3479 3553 3478
3 3480 3554 3479
3 3481 3555 3480
3 3482 3556 3481
3 3483 3557 3482
3 3484 3558 3483
3 3485 3559 3484
3 3486 3560 3485
3 3487 3561 3486
3 3488 3562 3487
3 3489 3563 3488
3 3490 3564 3489
3 3491 3565 3490
3 3492 3566 3491
3 3493 3567 3492
3 3494 3568 3493
3 3495 3569 3494
3 3496 3570 3495
3 3497 3571 3496
3 3498 3572 3497
3 3499 3573 3498
3 3500 3574 3499
3 3504 3576 3503
3 3505 3577 3504
3 3506 3578 3505
3 3507 3579 3506
3 3508 3580 3507
3 3509 3581 3508
3 3510 3582 3509
3 3511 3583 3510
3 3512 3584 3511
3 3513 3585 3512
3 3514 3586 3513
3 3515 3587 3514
3 3516 3588 3515
3 3517 3589 3516
3 3518 3590 3517
3 3519 3591 3518
3 3520 3592 3519
3 3521 3593 3520
3 3522 3594 3521
3 3523 3595 3522
3 3524 3596 3523
3 3525 3597 3524
3 3526 3598 3525
3 3527 3599 3526
3 3528 3600 3527
3 3529 3601 3528
3 3530 3602 3529
3 3531 3603 3530
3 3532 3604 3531
3 3533 3605 3532
3 3534 3606 3533
3 3535 3607 3534
3 3536 3608 3535
3 3537 3609 3536
3 3538 3610 3537
3 3539 3611 3538
3 3540 3612 3539
3 3541 3613 3540
3 3542 3614 3541
3 3543 3615 3542
3 3544 3616 3543
3 3545 3617 3544
3 3546 3618 3545
3 3547 3619 3546
3 3548 3620 3547
3 3549 3621 3548
3 3550 3622 3549
3 3551 3623 3550
3 3552 3624 3551
3 3553 3625 3552
3 3554 3626 3553
3 3555 3627 3554
3 3556 3628 3555
3 3557 3629 3556
3 3558 3630 3557
3 3559 3631 3558
3 3560 3632 3559
3 3561 3633 3560
3 3562 3634 3561
3 3563 3635 3562
3 3564 3636 3563
3 3565 3637 3564
3 3566 3638 3565
3 3567 3639 3566
3 3568 3640 3567
3 3569 3641 3568
3 3570 3642 3569
3 3571 3643 3570
3 3572 3644 3571
3 3573 3645 3572
3 3574 3646 3573
3 3575 3647 3574
3 3577 3649 3576
3 3578 3650 3577
3 3579 3651 3578
3 3580 3652 3579
3 3581 3653 3580
3 3582 3654 3581
3 3583 3655 3582
3 3584 3656 3583
3 3585 3657 3584
3 3586 3658 3585
3 3587 3659 3586
3 3588 3660 3587
3 3589 3661 3588
3 3590 3662 3589
3 3591 3663 3590
3 3592 3664 3591
3 3593 3665 3592
3 3594 3666 3593
3 3595 3667 3594
3 3596 3668 3595
3 3597 3669 3596
3 3598 3670 3597
3 3599 3671 3598
3 3600 3672 3599
3 3601 3673 3600
3 3602 3674 3601
3 3603 3675 3602
3 3604 3676 3603
3 3605 3677 3604
3 3606 3678 3605
3 3607 3679 3606
3 3608 3680 3607
3 3609 3681 3608
3 3610 3682 3609
3 3611 3683 3610
3 3612 3684 3611
3 3613 3685 3612
3 3614 3686 3613
3 3615 3687 3614
3 3616 3688 3615
3 3617 3689 3616
3 3618 3690 3617
3 3619 3691 3618
3 3620 3692 3619
3 3621 3693 3620
3 3622 3694 3621
3 3623 3695 3622
3 3624 3696 3623
3 3625 3697 3624
3 3626 3698 3625
3 3627 3699 3626
3 3628 3700 3627
3 3629 3701 3628
3 3630 3702 3629
3 3631 3703 3630
3 3632 3704 3631
3 3633 3705 3632
3 3634 3706 3633
3 3635 3707 3634
3 3636 3708 3635
3 3637 3709 3636
3 3638 3710 3637
3 3639 3711 3638
3 3640 3712 3639
3 3641 3713 3640
3 3642 3714 3641
3 3643 3715 3642
3 3644 3716 3643
3 3645 3717 3644
3 3646 3718 3645
3 3647 3719 3646
3 3648 3720 3647
3 3650 3722 3649
3 3651 3723 3650
3 3652 3724 3651
3 3653 3725 3652
3 3654 3726 3653
3 3655 3727 3654
3 3656 3728 3655
3 3657 3729 3656
3 3658 3730 3657
3 3659 3731 3658
3 3660 3732 3659
3 3661 3733 3660
3 3662 3734 3661
3 3663 3735 3662
3 3664 3736 3663
3 3665 3737 3664
3 3666 3738 3665
3 3667 3739 3666
3 3668 3740 3667
3 3669 3741 3668
3 3670 3742 3669
3 3671 3743 3670
3 3672 3744 3671
3 3673 3745 3672
3 3674 3746 3673
3 3675 3747 3674
3 3676 3748 3675
3 3677 3749 3676
3 3678 3750 3677
3 3679 3751 3678
3 3680 3752 3679
3 3681 3753 3680
3 3682 3754 3681
3 3683 3755 3682
3 3684 3756 3683
3 3685 3757 3684
3 3686 3758 3685
3 3687 3759 3686
3 3688 3760 3687
3 3689 3761 3688
3 3690 3762 3689
3 3691 3763 3690
3 3692 3764 3691
3 3693 3765 3692
3 3694 3766 3693
3 3695 3767 3694
3 3696 3768 3695
3 3697 3769 3696
3 3698 3770 3697
3 3699 3771 3698
3 3700 3772 3699
3 3701 3773 3700
3 3702 3774 3701
3 3703 3775 3702
3 3704 3776 3703
3 3705 3777 3704
3 3706 3778 3705
3 3707 3779 3706
3 3708 3780 3707
3 3709 3781 3708
3 3710 3782 3709
3 3711 3783 3710
3 3712 3784 3711
3 3713 3785 3712
3 3714 3786 3713
3 3715 3787 3714
3 3716 3788 3715
3 3717 3789 3716
3 3718 3790 3717
3 3719 3791 3718
3 3720 3792 3719
3 3721 3793 3720
3 3723 3795 3722
3 3724 3796 3723
3 3725 3797 3724
3 3726 3798 3725
3 3727 3799 3726
3 3728 3800 3727
3 3729 3801 3728
3 3730 3802 3729
3 3731 3803 3730
3 3732 3804 3731
3 3733 3805 3732
3 3734 3806 3733
3 3735 3807 3734
3 3736 3808 3735
3 3737 3809 3736
3 3738 3810 3737
3 3739 3811 3738
3 3740 3812 3739
3 3741 3813 3740
3 3742 3814 3741
3 3743 3815 3742
3 3744 3816 3743
3 3745 3817 3744
3 3746 3818 3745
3 3747 3819 3746
3 3748 3820 3747
3 3749 3821 3748
3 3750 3822 3749
3 3751 3823 3750
3 3752 3824 3751
3 3753 3825 3752
3 3754 3826 3753
3 3755 3827 3754
3 3756 3828 3755
3 3757 3829 3756
3 3758 3830 3757
3 3759 3831 3758
3 3760 3832 3759
3 3761 3833 3760
3 3762 3834 3761
3 3763 3835 3762
3 3764 3836 3763
3 3765 3837 3764
3 3766 3838 3765
3 3767 3839 3766
3 3768 3840 3767
3 3769 3841 3768
3 3770 3842 3769
3 3771 3843 3770
3 3772 3844 3771
3 3773 3845 3772
3 3774 3846 3773
3 3775 3847 3774
3 3776 3848 3775
3 3777 3849 3776
3 3778 3850 3777
3 3779 3851 3778
3 3780 3852 3779
3 3781 3853 3780
3 3782 3854 3781
3 3783 3855 3782
3 3784 3856 3783
3 3785 3857 3784
3 3786 3858 3785
3 3787 3859 3786
3 3788 3860 3787
3 3789 3861 3788
3 3790 3862 3789
3 3791 3863 3790
3 3792 3864 3791
3 3793 3865 3792
3 3794 3866 3793
3 3796 3868 3795
3 3797 3869 3796
3 3798 3870 3797
3 3799 3871 3798
3 3800 3872 3799
3 3801 3873 3800
3 3802 3874 3801
3 3803 3875 3802
3 3804 3876 3803
3 3805 3877 3804
3 3806 3878 3805
3 3807 3879 3806
3 3808 3880 3807
3 3809 3881 3808
3 3810 3882 3809
3 3811 3883 3810
3 3812 3884 3811
3 3813 3885 3812
3 3814 3886 3813
3 3815 3887 3814
3 3816 3888 3815
3 3817 3889 3816
3 3818 3890 3817
3 3819 3891 3818
3 3820 3892 3819
3 3821 3893 3820
3 3822 3894 3821
3 3823 3895 3822
3 3824 3896 3823
3 3825 3897 3824
3 3826 3898 3825
3 3827 3899 3826
3 3828 3900 3827
3 3829 3901 3828
3 3830 3902 3829
3 3831 3903 3830
3 3832 3904 3831
3 3833 3905 3832
3 3834 3906 3833
3 3835 3907 3834
3 3836 3908 3835
3 3837 3909 3836
3 3838 3910 3837
3 3839 3911 3838
3 3840 3912 3839
3 3841 3913 3840
3 3842 3914 3841
3 3843 3915 3842
3 3844 3916 3843
3 3845 3917 3844
3 3846 3918 3845
3 3847 3919 3846
3 3848 3920 3847
3 3849 3921 3848
3 3850 3922 3849
3 3851 3923 3850
3 3852 3924 3851
3 3853 3925 3852
3 3854 3926 3853
3 3855 3927 3854
3 3856 3928 3855
3 3857 3929 3856
3 3858 3930 3857
3 3859 3931 3858
3 3860 3932 3859
3 3861 3933 3860
3 3862 3934 3861
3 3863 3935 3862
3 3864 3936 3863
3 3865 3937 3864
3 3866 3938 3865
3 3870 3940 3869
3 3871 3941 3870
3 3872 3942 3871
3 3873 3943 3872
3 3874 3944 3873
3 3875 3945 3874
3 3876 3946 3875
3 3877 3947 3876
3 3878 3948 3877
3 3879 3949 3878
3 3880 3950 3879
3 3881 3951 3880
3 3882 3952 3881
3 3883 3953 3882
3 3884 3954 3883
3 3885 3955 3884
3 3886 3956 3885
3 3887 3957 3886
3 3888 3958 3887
3 3889 3959 3888
3 3890 3960 3889
3 3891 3961 3890
3 3892 3962 3891
3 3893 3963 3892
3 3894 3964 3893
3 3895 3965 3894
3 3896 3966 3895
3 3897 3967 3896
3 3898 3968 3897
3 3899 3969 3898
3 3900 3970 3899
3 3901 3971 3900
3 3902 3972 3901
3 3903 3973 3902
3 3904 3974 3903
3 3905 3975 3904
3 3906 3976 3905
3 3907 3977 3906
3 3908 3978 3907
3 3909 3979 3908
3 3910 3980 3909
3 3911 3981 3910
3 3912 3982 3911
3 3913 3983 3912
3 3914 3984 3913
3 3915 3985 3914
3 3916 3986 3915
3 3917 3987 3916
3 3918 3988 3917
3 3919 3989 3918
3 3920 3990 3919
3 3921 3991 3920
3 3922 3992 3921
3 3923 3993 3922
3 3924 3994 3923
3 3925 3995 3924
3 3926 3996 3925
3 3927 3997 3926
3 3928 3998 3927
3 3929 3999 3928
3 3930 4000 3929
3 3931 4001 3930
3 3932 4002 3931
3 3933 4003 3932
3 3934 4004 3933
3 3935 4005 3934
3 3936 4006 3935
3 3937 4007 3936
3 3938 4008 3937
3 3941 4010 3940
3 3942 4011 3941
3 3943 4012 3942
3 3944 4013 3943
3 3945 4014 3944
3 3946 4015 3945
3 3947 4016 3946
3 3948 4017 3947
3 3949 4018 3948
3 3950 4019 3949
3 3951 4020 3950
3 3952 4021 3951
3 3953 4022 3952
3 3954 4023 3953
3 3955 4024 3954
3 3956 4025 3955
3 3957 4026 3956
3 3958 4027 3957
3 3959 4028 3958
3 3960 4029 3959
3 3961 4030 3960
3 3962 4031 3961
3 3963 4032 3962
3 3964 4033 3963
3 3965 4034 3964
3 3966 4035 3965
3 3967 4036 3966
3 3968 4037 3967
3 3969 4038 3968
3 3970 4039 3969
3 3971 4040 3970
3 3972 4041 3971
3 3973 4042 3972
3 3974 4043 3973
3 3975 4044 3974
3 3976 4045 3975
3 3977 4046 3976
3 3978 4047 3977
3 3979 4048 3978
3 3980 4049 3979
3 3981 4050 3980
3 3982 4051 3981
3 3983 4052 3982
3 3984 4053 3983
3 3985 4054 3984
3 3986 4055 3985
3 3987 4056 3986
3 3988 4057 3987
3 3989 4058 3988
3 3990 4059 3989
3 3991 4060 3990
3 3992 4061 3991
3 3993 4062 3992
3 3994 4063 3993
3 3995 4064 3994
3 3996 4065 3995
3 3997 4066 3996
3 3998 4067 3997
3 3999 4068 3998
3 4000 4069 3999
3 4001 4070 4000
3 4002 4071 4001
3 4003 4072 4002
3 4004 4073 4003
3 4005 4074 4004
3 4006 4075 4005
3 4007 4076 4006
3 4008 4077 4007
3 4012 4079 4011
3 4013 4080 4012
3 4014 4081 4013
3 4015 4082 4014
3 4016 4083 4015
3 4017 4084 4016
3 4018 4085 4017
3 4019 4086 4018
3 4020 4087 4019
3 4021 4088 4020
3 4022 4089 4021
3 4023 4090 4022
3 4024 4091 4023
3 4025 4092 4024
3 4026 4093 4025
3 4027 4094 4026
3 4028 4095 4027
3 4029 4096 4028
3 4030 4097 4029
3 4031 4098 4030
3 4032 4099 4031
3 4033 4100 4032
3 4034 4101 4033
3 4035 4102 4034
3 4036 4103 4035
3 4037 4104 4036
3 4038 4105 4037
3 4039 4106 4038
3 4040 4107 4039
3 4041 4108 4040
3 4042 4109 4041
3 4043 4110 4042
3 4044 4111 4043
3 4045 4112 4044
3 4046 4113 4045
3 4047 4114 4046
3 4048 4115 4047
3 4049 4116 4048
3 4050 4117 4049
3 4051 4118 4050
3 4052 4119 4051
3 4053 4120 4052
3 4054 4121 4053
3 4055 4122 4054
3 4056 4123 4055
3 4057 4124 4056
3 4058 4125 4057
3 4059 4126 4058
3 4060 4127 4059
3 4061 4128 4060
3 4062 4129 4061
3 4063 4130 4062
3 4064 4131 4063
3 4065 4132 4064
3 4066 4133 4065
3 4067 4134 4066
3 4068 4135 4067
3 4069 4136 4068
3 4070 4137 4069
3 4071 4138 4070
3 4072 4139 4071
3 4073 4140 4072
3 4074 4141 4073
3 4075 4142 4074
3 4076 4143 4075
3 4077 4144 4076
3 4078 4145 4077
3 4080 4148 4079
3 4081 4149 4080
3 4082 4150 4081
3 4083 4151 4082
3 4084 4152 4083
3 4085 4153 4084
3 4086 4154 4085
3 4087 4155 4086
3 4088 4156 4087
3 4089 4157 4088
3 4090 4158 4089
3 4091 4159 4090
3 4092 4160 4091
3 4093 4161 4092
3 4094 4162 4093
3 4095 4163 4094
3 4096 4164 4095
3 4097 4165 4096
3 4098 4166 4097
3 4099 4167 4098
3 4100 4168 4099
3 4101 4169 4100
3 4102 4170 4101
3 4103 4171 4102
3 4104 4172 4103
3 4105 4173 4104
3 4106 4174 4105
3 4107 4175 4106
3 4108 4176 4107
3 4109 4177 4108
3 4110 4178 4109
3 4111 4179 4110
3 4112 4180 4111
3 4113 4181 4112
3 4114 4182 4113
3 4115 4183 4114
3 4116 4184 4115
3 4117 4185 4116
3 4118 4186 4117
3 4119 4187 4118
3 4120 4188 4119
3 4121 4189 4120
3 4122 4190 4121
3 4123 4191 4122
3 4124 4192 4123
3 4125 4193 4124
3 4126 4194 4125
3 4127 4195 4126
3 4128 4196 4127
3 4129 4197 4128
3 4130 4198 4129
3 4131 4199 4130
3 4132 4200 4131
3 4133 4201 4132
3 4134 4202 4133
3 4135 4203 4134
3 4136 4204 4135
3 4137 4205 4136
3 4138 4206 4137
3 4139 4207 4138
3 4140 4208 4139
3 4141 4209 4140
3 4142 4210 4141
3 4143 4211 4142
3 4144 4212 4143
3 4145 4213 4144
3 4146 4214 4145
3 4147 4215 4146
3 4149 4217 4148
3 4150 4218 4149
3 4151 4219 4150
3 4152 4220 4151
3 4153 4221 4152
3 4154 4222 4153
3 4155 4223 4154
3 4156 4224 4155
3 4157 4225 4156
3 4158 4226 4157
3 4159 4227 4158
3 4160 4228 4159
3 4161 4229 4160
3 4162 4230 4161
3 4163 4231 4162
3 4164 4232 4163
3 4165 4233 4164
3 4166 4234 4165
3 4167 4235 4166
3 4168 4236 4167
3 4169 4237 4168
3 4170 4238 4169
3 4171 4239 4170
3 4172 4240 4171
3 4173 4241 4172
3 4174 4242 4173
3 4175 4243 4174
3 4176 4244 4175
3 4177 4245 4176
3 4178 4246 4177
3 4179 4247 4178
3 4180 4248 4179
3 4181 4249 4180
3 4182 4250 4181
3 4183 4251 4182
3 4184 4252 4183
3 4185 4253 4184
3 4186 4254 4185
3 4187 4255 4186
3 4188 4256 4187
3 4189 4257 4188
3 4190 4258 4189
3 4191 4259 4190
3 4192 4260 4191
3 4193 4261 4192
3 4194 4262 4193
3 4195 4263 4194
3 4196 4264 4195
3 4197 4265 4196
3 4198 4266 4197
3 4199 4267 4198
3 4200 4268 4199
3 4201 4269 4200
3 4202 4270 4201
3 4203 4271 4202
3 4204 4272 4203
3 4205 4273 4204
3 4206 4274 4205
3 4207 4275 4206
3 4208 4276 4207
3 4209 4277 4208
3 4210 4278 4209
3 4211 4279 4210
3 4212 4280 4211
3 4213 4281 4212
3 4214 4282 4213
3 4215 4283 4214
3 4216 4284 4215
3 4218 4286 4217
3 4219 4287 4218
3 4220 4288 4219
3 4221 4289 4220
3 4222 4290 4221
3 4223 4291 4222
3 4224 4292 4223
3 4225 4293 4224
3 4226 4294 4225
3 4227 4295 4226
3 4228 4296 4227
3 4229 4297 4228
3 4230 4298 4229
3 4231 4299 4230
3 4232 4300 4231
3 4233 4301 4232
3 4234 4302 4233
3 4235 4303 4234
3 4236 4304 4235
3 4237 4305 4236
3 4238 4306 4237
3 4239 4307 4238
3 4240 4308 4239
3 4241 4309 4240
3 4242 4310 4241
3 4243 4311 4242
3 4244 4312 4243
3 4245 4313 4244
3 4246 4314 4245
3 4247 4315 4246
3 4248 4316 4247
3 4249 4317 4248
3 4250 4318 4249
3 4251 4319 4250
3 4252 4320 4251
3 4253 4321 4252
3 4254 4322 4253
3 4255 4323 4254
3 4256 4324 4255
3 4257 4325 4256
3 4258 4326 4257
3 4259 4327 4258
3 4260 4328 4259
3 4261 4329 4260
3 4262 4330 4261
3 4263 4331 4262
3 4264 4332 4263
3 4265 4333 4264
3 4266 4334 4265
3 4267 4335 4266
3 4268 4336 4267
3 4269 4337 4268
3 4270 4338 4269
3 4271 4339 4270
3 4272 4340 4271
3 4273 4341 4272
3 4274 4342 4273
3 4275 4343 4274
3 4276 4344 4275
3 4277 4345 4276
3 4278 4346 4277
3 4279 4347 4278
3 4280 4348 4279
3 4281 4349 4280
3 4282 4350 4281
3 4283 4351 4282
3 4284 4352 4283
3 4285 4353 4284
3 4288 4355 4287
3 4289 4356 4288
3 4290 4357 4289
3 4291 4358 4290
3 4292 4359 4291
3 4293 4360 4292
3 4294 4361 4293
3 4295 4362 4294
3 4296 4363 4295
3 4297 4364 4296
3 4298 4365 4297
3 4299 4366 4298
3 4300 4367 4299
3 4301 4368 4300
3 4302 4369 4301
3 4303 4370 4302
3 4304 4371 4303
3 4305 4372 4304
3 4306 4373 4305
3 4307 4374 4306
3 4308 4375 4307
3 4309 4376 4308
3 4310 4377 4309
3 4311 4378 4310
3 4312 4379 4311
3 4313 4380 4312
3 4314 4381 4313
3 4315 4382 4314
3 4316 4383 4315
3 4317 4384 4316
3 4318 4385 4317
3 4319 4386 4318
3 4320 4387 4319
3 4321 4388 4320
3 4322 4389 4321
3 4323 4390 4322
3 4324 4391 4323
3 4325 4392 4324
3 4326 4393 4325
3 4327 4394 4326
3 4328 4395 4327
3 4329 4396 4328
3 4330 4397 4329
3 4331 4398 4330
3 4332 4399 4331
3 4333 4400 4332
3 4334 4401 4333
3 4335 4402 4334
3 4336 4403 4335
3 4337 4404 4336
3 4338 4405 4337
3 4339 4406 4338
3 4340 4407 4339
3 4341 4408 4340
3 4342 4409 4341
3 4343 4410 4342
3 4344 4411 4343
3 4345 4412 4344
3 4346 4413 4345
3 4347 4414 4346
3 4348 4415 4347
3 4349 4416 4348
3 4350 4417 4349
3 4351 4418 4350
3 4352 4419 4351
3 4353 4420 4352
3 4357 4422 4356
3 4358 4423 4357
3 4359 4424 4358
3 4360 4425 4359
3 4361 4426 4360
3 4362 4427 4361
3 4363 4428 4362
3 4364 4429 4363
3 4365 4430 4364
3 4366 4431 4365
3 4367 4432 4366
3 4368 4433 4367
3 4369 4434 4368
3 4370 4435 4369
3 4371 4436 4370
3 4372 4437 4371
3 4373 4438 4372
3 4374 4439 4373
3 4375 4440 4374
3 4376 4441 4375
3 4377 4442 4376
3 4378 4443 4377
3 4379 4444 4378
3 4380 4445 4379
3 4381 4446 4380
3 4382 4447 4381
3 4383 4448 4382
3 4384 4449 4383
3 4385 4450 4384
3 4386 4451 4385
3 4387 4452 4386
3 4388 4453 4387
3 4389 4454 4388
3 4390 4455 4389
3 4391 4456 4390
3 4392 4457 4391
3 4393 4458 4392
3 4394 4459 4393
3 4395 4460 4394
3 4396 4461 4395
3 4397 4462 4396
3 4398 4463 4397
3 4399 4464 4398
3 4400 4465 4399
3 4401 4466 4400
3 4402 4467 4401
3 4403 4468 4402
3 4404 4469 4403
3 4405 4470 4404
3 4406 4471 4405
3 4407 4472 4406
3 4408 4473 4407
3 4409 4474 4408
3 4410 4475 4409
3 4411 4476 4410
3 4412 4477 4411
3 4413 4478 4412
3 4414 4479 4413
3 4415 4480 4414
3 4416 4481 4415
3 4417 4482 4416
3 4418 4483 4417
3 4419 4484 4418
3 4420 4485 4419
3 4424 4487 4423
3 4425 4488 4424
3 4426 4489 4425
3 4427 4490 4426
3 4428 4491 4427
3 4429 4492 4428
3 4430 4493 4429
3 4431 4494 4430
3 4432 4495 4431
3 4433 4496 4432
3 4434 4497 4433
3 4435 4498 4434
3 4436 4499 4435
3 4437 4500 4436
3 4438 4501 4437
3 4439 4502 4438
3 4440 4503 4439
3 4441 4504 4440
3 4442 4505 4441
3 4443 4506 4442
3 4444 4507 4443
3 4445 4508 4444
3 4446 4509 4445
3 4447 4510 4446
3 4448 4511 4447
3 4449 4512 4448
3 4450 4513 4449
3 4451 4514 4450
3 4452 4515 4451
3 4453 4516 4452
3 4454 4517 4453
3 4455 4518 4454
3 4456 4519 4455
3 4457 4520 4456
3 4458 4521 4457
3 4459 4522 4458
3 4460 4523 4459
3 4461 4524 4460
3 4462 4525 4461
3 4463 4526 4462
3 4464 4527 4463
3 4465 4528 4464
3 4466 4529 4465
3 4467 4530 4466
3 4468 4531 4467
3 4469 4532 4468
3 4470 4533 4469
3 4471 4534 4470
3 4472 4535 4471
3 4473 4536 4472
3 4474 4537 4473
3 4475 4538 4474
3 4476 4539 4475
3 4477 4540 4476
3 4478 4541 4477
3 4479 4542 4478
3 4480 4543 4479
3 4481 4544 4480
3 4482 4545 4481
3 4483 4546 4482
3 4484 4547 4483
3 4485 4548 4484
3 4486 4549 4485
3 4489 4551 4488
3 4490 4552 4489
3 4491 4553 4490
3 4492 4554 4491
3 4493 4555 4492
3 4494 4556 4493
3 4495 4557 4494
3 4496 4558 4495
3 4497 4559 4496
3 4498 4560 4497
3 4499 4561 4498
3 4500 4562 4499
3 4501 4563 4500
3 4502 4564 4501
3 4503 4565 4502
3 4504 4566 4503
3 4505 4567 4504
3 4506 4568 4505
3 4507 4569 4506
3 4508 4570 4507
3 4509 4571 4508
3 4510 4572 4509
3 4511 4573 4510
3 4512 4574 4511
3 4513 4575 4512
3 4514 4576 4513
3 4515 4577 4514
3 4516 4578 4515
3 4517 4579 4516
3 4518 4580 4517
3 4519 4581 4518
3 4520 4582 4519
3 4521 4583 4520
3 4522 4584 4521
3 4523 4585 4522
3 4524 4586 4523
3 4525 4587 4524
3 4526 4588 4525
3 4527 4589 4526
3 4528 4590 4527
3 4529 4591 4528
3 4530 4592 4529
3 4531 4593 4530
3 4532 4594 4531
3 4533 4595 4532
3 4534 4596 4533
3 4535 4597 4534
3 4536 4598 4535
3 4537 4599 4536
3 4538 4600 4537
3 4539 4601 4538
3 4540 4602 4539
3 4541 4603 4540
3 4542 4604 4541
3 4543 4605 4542
3 4544 4606 4543
3 4545 4607 4544
3 4546 4608 4545
3 4547 4609 4546
3 4548 4610 4547
3 4549 4611 4548
3 4554 4613 4553
3 4555 4614 4554
3 4556 4615 4555
3 4557 4616 4556
3 4558 4617 4557
3 4559 4618 4558
3 4560 4619 4559
3 4561 4620 4560
3 4562 4621 4561
3 4563 4622 4562
3 4564 4623 4563
3 4565 4624 4564
3 4566 4625 4565
3 4567 4626 4566
3 4568 4627 4567
3 4569 4628 4568
3 4570 4629 4569
3 4571 4630 4570
3 4572 4631 4571
3 4573 4632 4572
3 4574 4633 4573
3 4575 4634 4574
3 4576 4635 4575
3 4577 4636 4576
3 4578 4637 4577
3 4579 4638 4578
3 4580 4639 4579
3 4581 4640 4580
3 4582 4641 4581
3 4583 4642 4582
3 4584 4643 4583
3 4585 4644 4584
3 4586 4645 4585
3 4587 4646 4586
3 4588 4647 4587
3 4589 4648 4588
3 4590 4649 4589
3 4591 4650 4590
3 4592 4651 4591
3 4593 4652 4592
3 4594 4653 4593
3 4595 4654 4594
3 4596 4655 4595
3 4597 4656 4596
3 4598 4657 4597
3 4599 4658 4598
3 4600 4659 4599
3 4601 4660 4600
3 4602 4661 4601
3 4603 4662 4602
3 4604 4663 4603
3 4605 4664 4604
3 4606 4665 4605
3 4607 4666 4606
3 4608 4667 4607
3 4609 4668 4608
3 4610 4669 4609
3 4611 4670 4610
3 4616 4672 4615
3 4617 4673 4616
3 4618 4674 4617
3 4619 4675 4618
3 4620 4676 4619
3 4621 4677 4620
3 4622 4678 4621
3 4623 4679 4622
3 4624 4680 4623
3 4625 4681 4624
3 4626 4682 4625
3 4627 4683 4626
3 4628 4684 4627
3 4629 4685 4628
3 4630 4686 4629
3 4631 4687 4630
3 4632 4688 4631
3 4633 4689 4632
3 4634 4690 4633
3 4635 4691 4634
3 4636 4692 4635
3 4637 4693 4636
3 4638 4694 4637
3 4639 4695 4638
3 4640 4696 4639
3 4641 4697 4640
3 4642 4698 4641
3 4643 4699 4642
3 4644 4700 4643
3 4645 4701 4644
3 4646 4702 4645
3 4647 4703 4646
3 4648 4704 4647
3 4649 4705 4648
3 4650 4706 4649
3 4651 4707 4650
3 4652 4708 4651
3 4653 4709 4652
3 4654 4710 4653
3 4655 4711 4654
3 4656 4712 4655
3 4657 4713 4656
3 4658 4714 4657
3 4659 4715 4658
3 4660 4716 4659
3 4661 4717 4660
3 4662 4718 4661
3 4663 4719 4662
3 4664 4720 4663
3 4665 4721 4664
3 4666 4722 4665
3 4667 4723 4666
3 4668 4724 4667
3 4669 4725 4668
3 4670 4726 4669
3 4671 4727 4670
3 4676 4729 4675
3 4677 4730 4676
3 4678 4731 4677
3 4679 4732 4678
3 4680 4733 4679
3 4681 4734 4680
3 4682 4735 4681
3 4683 4736 4682
3 4684 4737 4683
3 4685 4738 4684
3 4686 4739 4685
3 4687 4740 4686
3 4688 4741 4687
3 4689 4742 4688
3 4690 4743 4689
3 4691 4744 4690
3 4692 4745 4691
3 4693 4746 4692
3 4694 4747 4693
3 4695 4748 4694
3 4696 4749 4695
3 4697 4750 4696
3 4698 4751 4697
3 4699 4752 4698
3 4700 4753 4699
3 4701 4754 4700
3 4702 4755 4701
3 4703 4756 4702
3 4704 4757 4703
3 4705 4758 4704
3 4706 4759 4705
3 4707 4760 4706
3 4708 4761 4707
3 4709 4762 4708
3 4710 4763 4709
3 4711 4764 4710
3 4712 4765 4711
3 4713 4766 4712
3 4714 4767 4713
3 4715 4768 4714
3 4716 4769 4715
3 4717 4770 4716
3 4718 4771 4717
3 4719 4772 4718
3 4720 4773 4719
3 4721 4774 4720
3 4722 4775 4721
3 4723 4776 4722
3 4724 4777 4723
3 4725 4778 4724
3 4726 4779 4725
3 4727 4780 4726
3 4732 4782 4731
3 4733 4783 4732
3 4734 4784 4733
3 4735 4785 4734
3 4736 4786 4735
3 4737 4787 4736
3 4738 4788 4737
3 4739 4789 4738
3 4740 4790 4739
3 4741 4791 4740
3 4742 4792 4741
3 4743 4793 4742
3 4744 4794 4743
3 4745 4795 4744
3 4746 4796 4745
3 4747 4797 4746
3 4748 4798 4747
3 4749 4799 4748
3 4750 4800 4749
3 4751 4801 4750
3 4752 4802 4751
3 4753 4803 4752
3 4754 4804 4753
3 4755 4805 4754
3 4756 4806 4755
3 4757 4807 4756
3 4758 4808 4757
3 4759 4809 4758
3 4760 4810 4759
3 4761 4811 4760
3 4762 4812 4761
3 4763 4813 4762
3 4764 4814 4763
3 4765 4815 4764
3 4766 4816 4765
3 4767 4817 4766
3 4768 4818 4767
3 4769 4819 4768
3 4770 4820 4769
3 4771 4821 4770
3 4772 4822 4771
3 4773 4823 4772
3 4774 4824 4773
3 4775 4825 4774
3 4776 4826 4775
3 4777 4827 4776
3 4778 4828 4777
3 4779 4829 4778
3 4780 4830 4779
3 4781 4831 4780
3 4784 4833 4783
3 4785 4834 4784
3 4786 4835 4785
3 4787 4836 4786
3 4788 4837 4787
3 4789 4838 4788
3 4790 4839 4789
3 4791 4840 4790
3 4792 4841 4791
3 4793 4842 4792
3 4794 4843 4793
3 4795 4844 4794
3 4796 4845 4795
3 4797 4846 4796
3 4798 4847 4797
3 4799 4848 4798
3 4800 4849 4799
3 4801 4850 4800
3 4802 4851 4801
3 4803 4852 4802
3 4804 4853 4803
3 4805 4854 4804
3 4806 4855 4805
3 4807 4856 4806
3 4808 4857 4807
3 4809 4858 4808
3 4810 4859 4809
3 4811 4860 4810
3 4812 4861 4811
3 4813 4862 4812
3 4814 4863 4813
3 4815 4864 4814
3 4816 4865 4815
3 4817 4866 4816
3 4818 4867 4817
3 4819 4868 4818
3 4820 4869 4819
3 4821 4870 4820
3 4822 4871 4821
3 4823 4872 4822
3 4824 4873 4823
3 4825 4874 4824
3 4826 4875 4825
3 4827 4876 4826
3 4828 4877 4827
3 4829 4878 4828
3 4830 4879 4829
3 4831 4880 4830
3 4835 4882 4834
3 4836 4883 4835
3 4837 4884 4836
3 4838 4885 4837
3 4839 4886 4838
3 4840 4887 4839
3 4841 4888 4840
3 4842 4889 4841
3 4843 4890 4842
3 4844 4891 4843
3 4845 4892 4844
3 4846 4893 4845
3 4847 4894 4846
3 4848 4895 4847
3 4849 4896 4848
3 4850 4897 4849
3 4851 4898 4850
3 4852 4899 4851
3 4853 4900 4852
3 4854 4901 4853
3 4855 4902 4854
3 4856 4903 4855
3 4857 4904 4856
3 4858 4905 4857
3 4859 4906 4858
3 4860 4907 4859
3 4861 4908 4860
3 4862 4909 4861
3 4863 4910 4862
3 4864 4911 4863
3 4865 4912 4864
3 4866 4913 4865
3 4867 4914 4866
3 4868 4915 4867
3 4869 4916 4868
3 4870 4917 4869
3 4871 4918 4870
3 4872 4919 4871
3 4873 4920 4872
3 4874 4921 4873
3 4875 4922 4874
3 4876 4923 4875
3 4877 4924 4876
3 4878 4925 4877
3 4879 4926 4878
3 4880 4927 4879
3 4881 4928 4880
3 4884 4930 4883
3 4885 4931 4884
3 4886 4932 4885
3 4887 4933 4886
3 4888 4934 4887
3 4889 4935 4888
3 4890 4936 4889
3 4891 4937 4890
3 4892 4938 4891
3 4893 4939 4892
3 4894 4940 4893
3 4895 4941 4894
3 4896 4942 4895
3 4897 4943 4896
3 4898 4944 4897
3 4899 4945 4898
3 4900 4946 4899
3 4901 4947 4900
3 4902 4948 4901
3 4903 4949 4902
3 4904 4950 4903
3 4905 4951 4904
3 4906 4952 4905
3 4907 4953 4906
3 4908 4954 4907
3 4909 4955 4908
3 4910 4956 4909
3 4911 4957 4910
3 4912 4958 4911
3 4913 4959 4912
3 4914 4960 4913
3 4915 4961 4914
3 4916 4962 4915
3 4917 4963 4916
3 4918 4964 4917
3 4919 4965 4918
3 4920 4966 4919
3 4921 4967 4920
3 4922 4968 4921
3 4923 4969 4922
3 4924 4970 4923
3 4925 4971 4924
3 4926 4972 4925
3 4927 4973 4926
3 4928 4974 4927
3 4932 4976 4931
3 4933 4977 4932
3 4934 4978 4933
3 4935 4979 4934
3 4936 4980 4935
3 4937 4981 4936
3 4938 4982 4937
3 4939 4983 4938
3 4940 4984 4939
3 4941 4985 4940
3 4942 4986 4941
3 4943 4987 4942
3 4944 4988 4943
3 4945 4989 4944
3 4946 4990 4945
3 4947 4991 4946
3 4948 4992 4947
3 4949 4993 4948
3 4950 4994 4949
3 4951 4995 4950
3 4952 4996 4951
3 4953 4997 4952
3 4954 4998 4953
3 4955 4999 4954
3 4956 5000 4955
3 4957 5001 4956
3 4958 5002 4957
3 4959 5003 4958
3 4960 5004 4959
3 4961 5005 4960
3 4962 5006 4961
3 4963 5007 4962
3 4964 5008 4963
3 4965 5009 4964
3 4966 5010 4965
3 4967 5011 4966
3 4968 5012 4967
3 4969 5013 4968
3 4972 5015 4971
3 4973 5016 4972
3 4974 5017 4973
3 4980 5019 4979
3 4981 5020 4980
3 4982 5021 4981
3 4983 5022 4982
3 4984 5023 4983
3 4985 5024 4984
3 4986 5025 4985
3 4987 5026 4986
3 4988 5027 4987
3 4989 5028 4988
3 4990 5029 4989
3 4991 5030 4990
3 4992 5031 4991
3 4993 5032 4992
3 4994 5033 4993
3 4995 5034 4994
3 4996 5035 4995
3 4997 5036 4996
3 4998 5037 4997
3 4999 5038 4998
3 5000 5039 4999
3 5001 5040 5000
3 5002 5041 5001
3 5003 5042 5002
3 5004 5043 5003
3 5005 5044 5004
3 5006 5045 5005
3 5007 5046 5006
3 5008 5047 5007
3 5009 5048 5008
3 5010 5049 5009
3 5011 5050 5010
3 5012 5051 5011
3 5013 5052 5012
3 5014 5053 5013
3 5022 5055 5021
3 5023 5056 5022
3 5024 5057 5023
3 5025 5058 5024
3 5026 5059 5025
3 5027 5060 5026
3 5028 5061 5027
3 5029 5062 5028
3 5030 5063 5029
3 5031 5064 5030
3 5032 5065 5031
3 5033 5066 5032
3 5034 5067 5033
3 5035 5068 5034
3 5036 5069 5035
3 5037 5070 5036
3 5038 5071 5037
3 5039 5072 5038
3 5040 5073 5039
3 5041 5074 5040
3 5042 5075 5041
3 5043 5076 5042
3 5044 5077 5043
3 5045 5078 5044
3 5046 5079 5045
3 5047 5080 5046
3 5048 5081 5047
3 5049 5082 5048
3 5050 5083 5049
3 5051 5084 5050
3 5052 5085 5051
3 5053 5086 5052
3 5054 5087 5053
3 5057 5089 5056
3 5058 5090 5057
3 5059 5091 5058
3 5060 5092 5059
3 5061 5093 5060
3 5062 5094 5061
3 5063 5095 5062
3 5064 5096 5063
3 5065 5097 5064
3 5066 5098 5065
3 5067 5099 5066
3 5068 5100 5067
3 5069 5101 5068
3 5070 5102 5069
3 5071 5103 5070
3 5072 5104 5071
3 5073 5105 5072
3 5074 5106 5073
3 5075 5107 5074
3 5076 5108 5075
3 5077 5109 5076
3 5078 5110 5077
3 5079 5111 5078
3 5080 5112 5079
3 5081 5113 5080
3 5082 5114 5081
3 5083 5115 5082
3 5084 5116 5083
3 5085 5117 5084
3 5086 5118 5085
3 5087 5119 5086
3 5096 5121 5095
3 5097 5122 5096
3 5098 5123 5097
3 5099 5124 5098
3 5100 5125 5099
3 5101 5126 5100
3 5102 5127 5101
3 5103 5128 5102
3 5104 5129 5103
3 5105 5130 5104
3 5106 5131 5105
3 5107 5132 5106
3 5108 5133 5107
3 5109 5134 5108
3 5110 5135 5109
3 5111 5136 5110
3 5112 5137 5111
3 5113 5138 5112
3 5114 5139 5113
3 5115 5140 5114
3 5116 5141 5115
3 5117 5142 5116
3 5118 5143 5117
3 5119 5144 5118
3 5122 5146 5121
3 5123 5147 5122
3 5124 5148 5123
3 5125 5149 5124
3 5126 5150 5125
3 5127 5151 5126
3 5128 5152 5127
3 5129 5153 5128
3 5130 5154 5129
3 5131 5155 5130
3 5132 5156 5131
3 5133 5157 5132
3 5134 5158 5133
3 5135 5159 5134
3 5136 5160 5135
3 5137 5161 5136
3 5138 5162 5137
3 5139 5163 5138
3 5140 5164 5139
3 5141 5165 5140
3 5142 5166 5141
3 5143 5167 5142
3 5144 5168 5143
3 5145 5169 5144
3 5147 5177 5146
3 5148 5178 5147
3 5149 5179 5148
3 5150 5180 5149
3 5151 5181 5150
3 5152 5182 5151
3 5153 5183 5152
3 5154 5184 5153
3 5155 5185 5154
3 5156 5186 5155
3 5157 5187 5156
3 5158 5188 5157
3 5159 5189 5158
3 5160 5190 5159
3 5161 5191 5160
3 5162 5192 5161
3 5163 5193 5162
3 5164 5194 5163
3 5165 5195 5164
3 5166 5196 5165
3 5167 5197 5166
3 5168 5198 5167
3 5169 5199 5168
3 5170 5200 5169
3 5172 5209 5171
3 5173 5210 5172
3 5174 5211 5173
3 5175 5212 5174
3 5177 5216 5176
3 5178 5217 5177
3 5179 5218 5178
3 5180 5219 5179
3 5181 5220 5180
3 5182 5221 5181
3 5183 5222 5182
3 5184 5223 5183
3 5185 5224 5184
3 5186 5225 5185
3 5187 5226 5186
3 5188 5227 5187
3 5189 5228 5188
3 5190 5229 5189
3 5191 5230 5190
3 5192 5231 5191
3 5193 5232 5192
3 5194 5233 5193
3 5195 5234 5194
3 5196 5235 5195
3 5197 5236 5196
3 5198 5237 5197
3 5199 5238 5198
3 5200 5239 5199
3 5201 5240 5200
3 5202 5241 5201
3 5204 5245 5203
3 5205 5246 5204
3 5206 5247 5205
3 5207 5248 5206
3 5209 5251 5208
3 5210 5252 5209
3 5211 5253 5210
3 5212 5254 5211
3 5213 5255 5212
3 5214 5256 5213
3 5215 5257 5214
3 5216 5258 5215
3 5217 5259 5216
3 5218 5260 5217
3 5219 5261 5218
3 5220 5262 5219
3 5221 5263 5220
3 5222 5264 5221
3 5223 5265 5222
3 5224 5266 5223
3 5225 5267 5224
3 5226 5268 5225
3 5227 5269 5226
3 5228 5270 5227
3 5229 5271 5228
3 5230 5272 5229
3 5231 5273 5230
3 5232 5274 5231
3 5233 5275 5232
3 5234 5276 5233
3 5235 5277 5234
3 5236 5278 5235
3 5237 5279 5236
3 5238 5280 5237
3 5239 5281 5238
3 5240 5282 5239
3 5241 5283 5240
3 5242 5284 5241
3 5243 5285 5242
3 5244 5286 5243
3 5245 5287 5244
3 5246 5288 5245
3 5247 5289 5246
3 5248 5290 5247
3 5249 5291 5248
3 5251 5296 5250
3 5252 5297 5251
3 5253 5298 5252
3 5254 5299 5253
3 5255 5300 5254
3 5256 5301 5255
3 5257 5302 5256
3 5258 5303 5257
3 5259 5304 5258
3 5260 5305 5259
3 5261 5306 5260
3 5262 5307 5261
3 5263 5308 5262
3 5264 5309 5263
3 5265 5310 5264
3 5266 5311 5265
3 5267 5312 5266
3 5268 5313 5267
3 5269 5314 5268
3 5270 5315 5269
3 5271 5316 5270
3 5272 5317 5271
3 5273 5318 5272
3 5274 5319 5273
3 5275 5320 5274
3 5276 5321 5275
3 5277 5322 5276
3 5278 5323 5277
3 5279 5324 5278
3 5280 5325 5279
3 5281 5326 5280
3 5282 5327 5281
3 5283 5328 5282
3 5284 5329 5283
3 5285 5330 5284
3 5286 5331 5285
3 5287 5332 5286
3 5288 5333 5287
3 5289 5334 5288
3 5290 5335 5289
3 5291 5336 5290
3 5292 5337 5291
3 5293 5338 5292
3 5294 5339 5293
3 5296 5343 5295
3 5297 5344 5296
3 5298 5345 5297
3 5299 5346 5298
3 5300 5347 5299
3 5301 5348 5300
3 5302 5349 5301
3 5303 5350 5302
3 5304 5351 5303
3 5305 5352 5304
3 5306 5353 5305
3 5307 5354 5306
3 5308 5355 5307
3 5309 5356 5308
3 5310 5357 5309
3 5311 5358 5310
3 5312 5359 5311
3 5313 5360 5312
3 5314 5361 5313
3 5315 5362 5314
3 5316 5363 5315
3 5317 5364 5316
3 5318 5365 5317
3 5319 5366 5318
3 5320 5367 5319
3 5321 5368 5320
3 5322 5369 5321
3 5323 5370 5322
3 5324 5371 5323
3 5325 5372 5324
3 5326 5373 5325
3 5327 5374 5326
3 5328 5375 5327
3 5329 5376 5328
3 5330 5377 5329
3 5331 5378 5330
3 5332 5379 5331
3 5333 5380 5332
3 5334 5381 5333
3 5335 5382 5334
3 5336 5383 5335
3 5337 5384 5336
3 5338 5385 5337
3 5339 5386 5338
3 5340 5387 5339
3 5341 5388 5340
3 5343 5392 5342
3 5344 5393 5343
3 5345 5394 5344
3 5346 5395 5345
3 5347 5396 5346
3 5348 5397 5347
3 5349 5398 5348
3 5350 5399 5349
3 5351 5400 5350
3 5352 5401 5351
3 5353 5402 5352
3 5354 5403 5353
3 5355 5404 5354
3 5356 5405 5355
3 5357 5406 5356
3 5358 5407 5357
3 5359 5408 5358
3 5360 5409 5359
3 5361 5410 5360
3 5362 5411 5361
3 5363 5412 5362
3 5364 5413 5363
3 5365 5414 5364
3 5366 5415 5365
3 5367 5416 5366
3 5368 5417 5367
3 5369 5418 5368
3 5370 5419 5369
3 5371 5420 5370
3 5372 5421 5371
3 5373 5422 5372
3 5374 5423 5373
3 5375 5424 5374
3 5376 5425 5375
3 5377 5426 5376
3 5378 5427 5377
3 5379 5428 5378
3 5380 5429 5379
3 5381 5430 5380
3 5382 5431 5381
3 5383 5432 5382
3 5384 5433 5383
3 5385 5434 5384
3 5386 5435 5385
3 5387 5436 5386
3 5388 5437 5387
3 5389 5438 5388
3 5390 5439 5389
3 5392 5442 5391
3 5393 5443 5392
3 5394 5444 5393
3 5395 5445 5394
3 5396 5446 5395
3 5397 5447 5396
3 5398 5448 5397
3 5399 5449 5398
3 5400 5450 5399
3 5401 5451 5400
3 5402 5452 5401
3 5403 5453 5402
3 5404 5454 5403
3 5405 5455 5404
3 5406 5456 5405
3 5407 5457 5406
3 5408 5458 5407
3 5409 5459 5408
3 5410 5460 5409
3 5411 5461 5410
3 5412 5462 5411
3 5413 5463 5412
3 5414 5464 5413
3 5415 5465 5414
3 5416 5466 5415
3 5417 5467 5416
3 5418 5468 5417
3 5419 5469 5418
3 5420 5470 5419
3 5421 5471 5420
3 5422 5472 5421
3 5423 5473 5422
3 5424 5474 5423
3 5425 5475 5424
3 5426 5476 5425
3 5427 5477 5426
3 5428 5478 5427
3 5429 5479 5428
3 5430 5480 5429
3 5431 5481 5430
3 5432 5482 5431
3 5433 5483 5432
3 5434 5484 5433
3 5435 5485 5434
3 5436 5486 5435
3 5437 5487 5436
3 5438 5488 5437
3 5439 5489 5438
3 5440 5490 5439
3 5441 5491 5440
3 5443 5494 5442
3 5444 5495 5443
3 5445 5496 5444
3 5446 5497 5445
3 5447 5498 5446
3 5448 5499 5447
3 5449 5500 5448
3 5450 5501 5449
3 5451 5502 5450
3 5452 5503 5451
3 5453 5504 5452
3 5454 5505 5453
3 5455 5506 5454
3 5456 5507 5455
3 5457 5508 5456
3 5458 5509 5457
3 5459 5510 5458
3 5460 5511 5459
3 5461 5512 5460
3 5462 5513 5461
3 5463 5514 5462
3 5464 5515 5463
3 5465 5516 5464
3 5466 5517 5465
3 5467 5518 5466
3 5468 5519 5467
3 5469 5520 5468
3 5470 5521 5469
3 5471 5522 5470
3 5472 5523 5471
3 5473 5524 5472
3 5474 5525 5473
3 5475 5526 5474
3 5476 5527 5475
3 5477 5528 5476
3 5478 5529 5477
3 5479 5530 5478
3 5480 5531 5479
3 5481 5532 5480
3 5482 5533 5481
3 5483 5534 5482
3 5484 5535 5483
3 5485 5536 5484
3 5486 5537 5485
3 5487 5538 5486
3 5488 5539 5487
3 5489 5540 5488
3 5490 5541 5489
3 5491 5542 5490
3 5492 5543 5491
3 5493 5544 5492
3 5495 5546 5494
3 5496 5547 5495
3 5497 5548 5496
3 5498 5549 5497
3 5499 5550 5498
3 5500 5551 5499
3 5501 5552 5500
3 5502 5553 5501
3 5503 5554 5502
3 5504 5555 5503
3 5505 5556 5504
3 5506 5557 5505
3 5507 5558 5506
3 5508 5559 5507
3 5509 5560 5508
3 5510 5561 5509
3 5511 5562 5510
3 5512 5563 5511
3 5513 5564 5512
3 5514 5565 5513
3 5515 5566 5514
3 5516 5567 5515
3 5517 5568 5516
3 5518 5569 5517
3 5519 5570 5518
3 5520 5571 5519
3 5521 5572 5520
3 5522 5573 5521
3 5523 5574 5522
3 5524 5575 5523
3 5525 5576 5524
3 5526 5577 5525
3 5527 5578 5526
3 5528 5579 5527
3 5529 5580 5528
3 5530 5581 5529
3 5531 5582 5530
3 5532 5583 5531
3 5533 5584 5532
3 5534 5585 5533
3 5535 5586 5534
3 5536 5587 5535
3 5537 5588 5536
3 5538 5589 5537
3 5539 5590 5538
3 5540 5591 5539
3 5541 5592 5540
3 5542 5593 5541
3 5543 5594 5542
3 5544 5595 5543
3 5545 5596 5544
3 5547 5598 5546
3 5548 5599 5547
3 5549 5600 5548
3 5550 5601 5549
3 5551 5602 5550
3 5552 5603 5551
3 5553 5604 5552
3 5554 5605 5553
3 5555 5606 5554
3 5556 5607 5555
3 5557 5608 5556
3 5558 5609 5557
3 5559 5610 5558
3 5560 5611 5559
3 5561 5612 5560
3 5562 5613 5561
3 5563 5614 5562
3 5564 5615 5563
3 5565 5616 5564
3 5566 5617 5565
3 5567 5618 5566
3 5568 5619 5567
3 5569 5620 5568
3 5570 5621 5569
3 5571 5622 5570
3 5572 5623 5571
3 5573 5624 5572
3 5574 5625 5573
3 5575 5626 5574
3 5576 5627 5575
3 5577 5628 5576
3 5578 5629 5577
3 5579 5630 5578
3 5580 5631 5579
3 5581 5632 5580
3 5582 5633 5581
3 5583 5634 5582
3 5584 5635 5583
3 5585 5636 5584
3 5586 5637 5585
3 5587 5638 5586
3 5588 5639 5587
3 5589 5640 5588
3 5590 5641 5589
3 5591 5642 5590
3 5592 5643 5591
3 5593 5644 5592
3 5594 5645 5593
3 5595 5646 5594
3 5596 5647 5595
3 5597 5648 5596
3 5599 5650 5598
3 5600 5651 5599
3 5601 5652 5600
3 5602 5653 5601
3 5603 5654 5602
3 5604 5655 5603
3 5605 5656 5604
3 5606 5657 5605
3 5607 5658 5606
3 5608 5659 5607
3 5609 5660 5608
3 5610 5661 5609
3 5611 5662 5610
3 5612 5663 5611
3 5613 5664 5612
3 5614 5665 5613
3 5615 5666 5614
3 5616 5667 5615
3 5617 5668 5616
3 5618 5669 5617
3 5619 5670 5618
3 5620 5671 5619
3 5621 5672 5620
3 5622 5673 5621
3 5623 5674 5622
3 5624 5675 5623
3 5625 5676 5624
3 5626 5677 5625
3 5627 5678 5626
3 5628 5679 5627
3 5629 5680 5628
3 5630 5681 5629
3 5631 5682 5630
3 5632 5683 5631
3 5633 5684 5632
3 5634 5685 5633
3 5635 5686 5634
3 5636 5687 5635
3 5637 5688 5636
3 5638 5689 5637
3 5639 5690 5638
3 5640 5691 5639
3 5641 5692 5640
3 5642 5693 5641
3 5643 5694 5642
3 5644 5695 5643
3 5645 5696 5644
3 5646 5697 5645
3 5647 5698 5646
3 5648 5699 5647
3 5649 5700 5648
3 5651 5702 5650
3 5652 5703 5651
3 5653 5704 5652
3 5654 5705 5653
3 5655 5706 5654
3 5656 5707 5655
3 5657 5708 5656
3 5658 5709 5657
3 5659 5710 5658
3 5660 5711 5659
3 5661 5712 5660
3 5662 5713 5661
3 5663 5714 5662
3 5664 5715 5663
3 5665 5716 5664
3 5666 5717 5665
3 5667 5718 5666
3 5668 5719 5667
3 5669 5720 5668
3 5670 5721 5669
3 5671 5722 5670
3 5672 5723 5671
3 5673 5724 5672
3 5674 5725 5673
3 5675 5726 5674
3 5676 5727 5675
3 5677 5728 5676
3 5678 5729 5677
3 5679 5730 5678
3 5680 5731 5679
3 5681 5732 5680
3 5682 5733 5681
3 5683 5734 5682
3 5684 5735 5683
3 5685 5736 5684
3 5686 5737 5685
3 5687 5738 5686
3 5688 5739 5687
3 5689 5740 5688
3 5690 5741 5689
3 5691 5742 5690
3 5692 5743 5691
3 5693 5744 5692
3 5694 5745 5693
3 5695 5746 5694
3 5696 5747 5695
3 5697 5748 5696
3 5698 5749 5697
3 5699 5750 5698
3 5700 5751 5699
3 5701 5752 5700
3 5704 5754 5703
3 5705 5755 5704
3 5706 5756 5705
3 5707 5757 5706
3 5708 5758 5707
3 5709 5759 5708
3 5710 5760 5709
3 5711 5761 5710
3 5712 5762 5711
3 5713 5763 5712
3 5714 5764 5713
3 5715 5765 5714
3 5716 5766 5715
3 5717 5767 5716
3 5718 5768 5717
3 5719 5769 5718
3 5720 5770 5719
3 5721 5771 5720
3 5722 5772 5721
3 5723 5773 5722
3 5724 5774 5723
3 5725 5775 5724
3 5726 5776 5725
3 5727 5777 5726
3 5728 5778 5727
3 5729 5779 5728
3 5730 5780 5729
3 5731 5781 5730
3 5732 5782 5731
3 5733 5783 5732
3 5734 5784 5733
3 5735 5785 5734
3 5736 5786 5735
3 5737 5787 5736
3 5738 5788 5737
3 5739 5789 5738
3 5740 5790 5739
3 5741 5791 5740
3 5742 5792 5741
3 5743 5793 5742
3 5744 5794 5743
3 5745 5795 5744
3 5746 5796 5745
3 5747 5797 5746
3 5748 5798 5747
3 5749 5799 5748
3 5750 5800 5749
3 5751 5801 5750
3 5752 5802 5751
3 5753 5803 5752
3 5756 5805 5755
3 5757 5806 5756
3 5758 5807 5757
3 5759 5808 5758
3 5760 5809 5759
3 5761 5810 5760
3 5762 5811 5761
3 5763 5812 5762
3 5764 5813 5763
3 5765 5814 5764
3 5766 5815 5765
3 5767 5816 5766
3 5768 5817 5767
3 5769 5818 5768
3 5770 5819 5769
3 5771 5820 5770
3 5772 5821 5771
3 5773 5822 5772
3 5774 5823 5773
3 5775 5824 5774
3 5776 5825 5775
3 5777 5826 5776
3 5778 5827 5777
3 5779 5828 5778
3 5780 5829 5779
3 5781 5830 5780
3 5782 5831 5781
3 5783 5832 5782
3 5784 5833 5783
3 5785 5834 5784
3 5786 5835 5785
3 5787 5836 5786
3 5788 5837 5787
3 5789 5838 5788
3 5790 5839 5789
3 5791 5840 5790
3 5792 5841 5791
3 5793 5842 5792
3 5794 5843 5793
3 5795 5844 5794
3 5796 5845 5795
3 5797 5846 5796
3 5798 5847 5797
3 5799 5848 5798
3 5800 5849 5799
3 5801 5850 5800
3 5802 5851 5801
3 5803 5852 5802
3 5807 5854 5806
3 5808 5855 5807
3 5809 5856 5808
3 5810 5857 5809
3 5811 5858 5810
3 5812 5859 5811
3 5813 5860 5812
3 5814 5861 5813
3 5815 5862 5814
3 5816 5863 5815
3 5817 5864 5816
3 5818 5865 5817
3 5819 5866 5818
3 5820 5867 5819
3 5821 5868 5820
3 5822 5869 5821
3 5823 5870 5822
3 5824 5871 5823
3 5825 5872 5824
3 5826 5873 5825
3 5827 5874 5826
3 5828 5875 5827
3 5829 5876 5828
3 5830 5877 5829
3 5831 5878 5830
3 5832 5879 5831
3 5833 5880 5832
3 5834 5881 5833
3 5835 5882 5834
3 5836 5883 5835
3 5837 5884 5836
3 5838 5885 5837
3 5839 5886 5838
3 5840 5887 5839
3 5841 5888 5840
3 5842 5889 5841
3 5843 5890 5842
3 5844 5891 5843
3 5845 5892 5844
3 5846 5893 5845
3 5847 5894 5846
3 5848 5895 5847
3 5849 5896 5848
3 5850 5897 5849
3 5851 5898 5850
3 5852 5899 5851
3 5853 5900 5852
3 5855 5902 5854
3 5856 5903 5855
3 5857 5904 5856
3 5858 5905 5857
3 5859 5906 5858
3 5860 5907 5859
3 5861 5908 5860
3 5862 5909 5861
3 5863 5910 5862
3 5864 5911 5863
3 5865 5912 5864
3 5866 5913 5865
3 5867 5914 5866
3 5868 5915 5867
3 5869 5916 5868
3 5870 5917 5869
3 5871 5918 5870
3 5872 5919 5871
3 5873 5920 5872
3 5874 5921 5873
3 5875 5922 5874
3 5876 5923 5875
3 5877 5924 5876
3 5878 5925 5877
3 5879 5926 5878
3 5880 5927 5879
3 5881 5928 5880
3 5882 5929 5881
3 5883 5930 5882
3 5884 5931 5883
3 5885 5932 5884
3 5886 5933 5885
3 5887 5934 5886
3 5888 5935 5887
3 5889 5936 5888
3 5890 5937 5889
3 5891 5938 5890
3 5892 5939 5891
3 5893 5940 5892
3 5894 5941 5893
3 5895 5942 5894
3 5896 5943 5895
3 5897 5944 5896
3 5898 5945 5897
3 5899 5946 5898
3 5903 5948 5902
3 5904 5949 5903
3 5905 5950 5904
3 5906 5951 5905
3 5907 5952 5906
3 5908 5953 5907
3 5909 5954 5908
3 5910 5955 5909
3 5911 5956 5910
3 5912 5957 5911
3 5913 5958 5912
3 5914 5959 5913
3 5915 5960 5914
3 5916 5961 5915
3 5917 5962 5916
3 5918 5963 5917
3 5919 5964 5918
3 5920 5965 5919
3 5921 5966 5920
3 5922 5967 5921
3 5923 5968 5922
3 5924 5969 5923
3 5925 5970 5924
3 5926 5971 5925
3 5927 5972 5926
3 5928 5973 5927
3 5929 5974 5928
3 5930 5975 5929
3 5931 5976 5930
3 5932 5977 5931
3 5933 5978 5932
3 5934 5979 5933
3 5935 5980 5934
3 5936 5981 5935
3 5937 5982 5936
3 5938 5983 5937
3 5939 5984 5938
3 5940 5985 5939
3 5941 5986 5940
3 5942 5987 5941
3 5943 5988 5942
3 5944 5989 5943
3 5945 5990 5944
3 5946 5991 5945
3 5947 5992 5946
3 5949 5994 5948
3 5950 5995 5949
3 5951 5996 5950
3 5952 5997 5951
3 5953 5998 5952
3 5954 5999 5953
3 5955 6000 5954
3 5956 6001 5955
3 5957 6002 5956
3 5958 6003 5957
3 5960 6005 5959
3 5961 6006 5960
3 5962 6007 5961
3 5963 6008 5962
3 5964 6009 5963
3 5965 6010 5964
3 5966 6011 5965
3 5967 6012 5966
3 5968 6013 5967
3 5969 6014 5968
3 5970 6015 5969
3 5971 6016 5970
3 5972 6017 5971
3 5973 6018 5972
3 5974 6019 5973
3 5975 6020 5974
3 5976 6021 5975
3 5977 6022 5976
3 5978 6023 5977
3 5979 6024 5978
3 5980 6025 5979
3 5981 6026 5980
3 5982 6027 5981
3 5983 6028 5982
3 5984 6029 5983
3 5985 6030 5984
3 5986 6031 5985
3 5987 6032 5986
3 5988 6033 5987
3 5989 6034 5988
3 5990 6035 5989
3 5991 6036 5990
3 5992 6037 5991
3 5996 6039 5995
3 5997 6040 5996
3 5998 6041 5997
3 5999 6042 5998
3 6000 6043 5999
3 6001 6044 6000
3 6002 6045 6001
3 6007 6047 6006
3 6008 6048 6007
3 6009 6049 6008
3 6010 6050 6009
3 6011 6051 6010
3 6012 6052 6011
3 6013 6053 6012
3 6014 6054 6013
3 6015 6055 6014
3 6016 6056 6015
3 6017 6057 6016
3 6018 6058 6017
3 6019 6059 6018
3 6020 6060 6019
3 6021 6061 6020
3 6022 6062 6021
3 6023 6063 6022
3 6024 6064 6023
3 6025 6065 6024
3 6026 6066 6025
3 6027 6067 6026
3 6028 6068 6027
3 6031 6070 6030
3 6032 6071 6031
3 6033 6072 6032
3 6034 6073 6033
3 6035 6074 6034
3 6036 6075 6035
3 6037 6076 6036
3 6038 6077 6037
3 6041 6079 6040
3 6042 6080 6041
3 6043 6081 6042
3 6048 6083 6047
3 6049 6084 6048
3 6050 6085 6049
3 6051 6086 6050
3 6052 6087 6051
3 6053 6088 6052
3 6054 6089 6053
3 6055 6090 6054
3 6056 6091 6055
3 6057 6092 6056
3 6058 6093 6057
3 6059 6094 6058
3 6060 6095 6059
3 6061 6096 6060
3 6062 6097 6061
3 6063 6098 6062
3 6064 6099 6063
3 6065 6100 6064
3 6066 6101 6065
3 6067 6102 6066
3 6068 6103 6067
3 6069 6104 6068
3 6073 6106 6072
3 6074 6107 6073
3 6075 6108 6074
3 6076 6109 6075
3 6077 6110 6076
3 6084 6112 6083
3 6085 6113 6084
3 6086 6114 6085
3 6087 6115 6086
3 6088 6116 6087
3 6089 6117 6088
3 6090 6118 6089
3 6091 6119 6090
3 6092 6120 6091
3 6094 6122 6093
3 6095 6123 6094
3 6096 6124 6095
3 6097 6125 6096
3 6098 6126 6097
3 6099 6127 6098
3 6100 6128 6099
3 6101 6129 6100
3 6102 6130 6101
3 6113 6132 6112
3 6114 6133 6113
3 6115 6134 6114
3 6116 6135 6115
3 6117 6136 6116
3 6118 6137 6117
3 6119 6138 6118
3 6120 6139 6119
3 6121 6140 6120
3 6123 6142 6122
3 6124 6143 6123
3 6125 6144 6124
3 6126 6145 6125
3 6127 6146 6126
3 6128 6147 6127
3 6129 6148 6128
3 6138 6150 6137
3 6139 6151 6138
3 6140 6152 6139
3 6141 6153 6140
3 6143 6155 6142
3 6144 6156 6143
3 6145 6157 6144
3 6146 6158 6145
3 6147 6159 6146
3 6152 6161 6151
3 6153 6162 6152
3 6154 6163 6153
3 6156 6165 6155
3 6157 6166 6156
3 6158 6167 6157
3 6163 6169 6162
3 6164 6170 6163
3 6166 6172 6165
3 6167 6173 6166
3 1 88 87
3 2 89 88
3 3 90 89
3 4 91 90
3 5 92 91
3 6 93 92
3 7 94 93
3 8 95 94
3 9 96 95
3 10 97 96
3 11 98 97
3 12 99 98
3 13 100 99
3 14 101 100
3 15 102 101
3 16 103 102
3 17 104 103
3 18 105 104
3 19 106 105
3 20 107 106
3 21 108 107
3 22 109 108
3 23 110 109
3 24 111 110
3 25 112 111
3 26 113 112
3 27 114 113
3 28 115 114
3 29 116 115
3 30 117 116
3 31 118 117
3 32 119 118
3 33 120 119
3 34 121 120
3 35 122 121
3 36 123 122
3 37 124 123
3 38 125 124
3 39 126 125
3 40 127 126
3 41 128 127
3 42 129 128
3 43 130 129
3 44 131 130
3 45 132 131
3 46 133 132
3 47 134 133
3 48 135 134
3 49 136 135
3 50 137 136
3 51 138 137
3 52 139 138
3 53 140 139
3 54 141 140
3 55 142 141
3 56 143 142
3 57 144 143
3 58 145 144
3 59 146 145
3 60 147 146
3 61 148 147
3 62 149 148
3 63 150 149
3 64 151 150
3 65 152 151
3 66 153 152
3 67 154 153
3 68 155 154
3 69 156 155
3 70 157 156
3 71 158 157
3 72 159 158
3 73 160 159
3 74 161 160
3 75 162 161
3 76 163 162
3 77 164 163
3 78 165 164
3 79 166 165
3 80 167 166
3 81 168 167
3 82 169 168
3 83 170 169
3 84 171 170
3 85 172 171
3 86 173 172
3 89 175 174
3 90 176 175
3 91 177 176
3 92 178 177
3 93 179 178
3 94 180 179
3 95 181 180
3 96 182 181
3 97 183 182
3 98 184 183
3 99 185 184
3 100 186 185
3 101 187 186
3 102 188 187
3 103 189 188
3 104 190 189
3 105 191 190
3 106 192 191
3 107 193 192
3 108 194 193
3 109 195 194
3 110 196 195
3 111 197 196
3 112 198 197
3 113 199 198
3 114 200 199
3 115 201 200
3 116 202 201
3 117 203 202
3 118 204 203
3 119 205 204
3 120 206 205
3 121 207 206
3 122 208 207
3 123 209 208
3 124 210 209
3 125 211 210
3 126 212 211
3 127 213 212
3 128 214 213
3 129 215 214
3 130 216 215
3 131 217 216
3 132 218 217
3 133 219 218
3 134 220 219
3 135 221 220
3 136 222 221
3 137 223 222
3 138 224 223
3 139 225 224
3 140 226 225
3 141 227 226
3 142 228 227
3 143 229 228
3 144 230 229
3 145 231 230
3 146 232 231
3 147 233 232
3 148 234 233
3 149 235 234
3 150 236 235
3 151 237 236
3 152 238 237
3 153 239 238
3 154 240 239
3 155 241 240
3 156 242 241
3 157 243 242
3 158 244 243
3 159 245 244
3 160 246 245
3 161 247 246
3 162 248 247
3 163 249 248
3 164 250 249
3 165 251 250
3 166 252 251
3 167 253 252
3 168 254 253
3 169 255 254
3 170 256 255
3 171 257 256
3 172 258 257
3 173 259 258
3 176 261 260
3 177 262 261
3 178 263 262
3 179 264 263
3 180 265 264
3 181 266 265
3 182 267 266
3 183 268 267
3 184 269 268
3 185 270 269
3 186 271 270
3 187 272 271
3 188 273 272
3 189 274 273
3 190 275 274
3 191 276 275
3 192 277 276
3 193 278 277
3 194 279 278
3 195 280 279
3 196 281 280
3 197 282 281
3 198 283 282
3 199 284 283
3 200 285 284
3 201 286 285
3 202 287 286
3 203 288 287
3 204 289 288
3 205 290 289
3 206 291 290
3 207 292 291
3 208 293 292
3 209 294 293
3 210 295 294
3 211 296 295
3 212 297 296
3 213 298 297
3 214 299 298
3 215 300 299
3 216 301 300
3 217 302 301
3 218 303 302
3 219 304 303
3 220 305 304
3 221 306 305
3 222 307 306
3 223 308 307
3 224 309 308
3 225 310 309
3 226 311 310
3 227 312 311
3 228 313 312
3 229 314 313
3 230 315 314
3 231 316 315
3 232 317 316
3 233 318 317
3 234 319 318
3 235 320 319
3 236 321 320
3 237 322 321
3 238 323 322
3 239 324 323
3 240 325 324
3 241 326 325
3 242 327 326
3 243 328 327
3 244 329 328
3 245 330 329
3 246 331 330
3 247 332 331
3 248 333 332
3 249 334 333
3 250 335 334
3 251 336 335
3 252 337 336
3 253 338 337
3 254 339 338
3 255 340 339
3 256 341 340
3 257 342 341
3 258 343 342
3 259 344 343
3 262 346 345
3 263 347 346
3 264 348 347
3 265 349 348
3 266 350 349
3 267 351 350
3 268 352 351
3 269 353 352
3 270 354 353
3 271 355 354
3 272 356 355
3 273 357 356
3 274 358 357
3 275 359 358
3 276 360 359
3 277 361 360
3 278 362 361
3 279 363 362
3 280 364 363
3 281 365 364
3 282 366 365
3 283 367 366
3 284 368 367
3 285 369 368
3 286 370 369
3 287 371 370
3 288 372 371
3 289 373 372
3 290 374 373
3 291 375 374
3 292 376 375
3 293 377 376
3 294 378 377
3 295 379 378
3 296 380 379
3 297 381 380
3 298 382 381
3 299 383 382
3 300 384 383
3 301 385 384
3 302 386 385
3 303 387 386
3 304 388 387
3 305 389 388
3 306 390 389
3 307 391 390
3 308 392 391
3 309 393 392
3 310 394 393
3 311 395 394
3 312 396 395
3 313 397 396
3 314 398 397
3 315 399 398
3 316 400 399
3 317 401 400
3 318 402 401
3 319 403 402
3 320 404 403
3 321 405 404
3 322 406 405
3 323 407 406
3 324 408 407
3 325 409 408
3 326 410 409
3 327 411 410
3 328 412 411
3 329 413 412
3 330 414 413
3 331 415 414
3 332 416 415
3 333 417 416
3 334 418 417
3 335 419 418
3 336 420 419
3 337 421 420
3 338 422 421
3 339 423 422
3 340 424 423
3 341 425 424
3 342 426 425
3 343 427 426
3 344 428 427
3 347 430 429
3 348 431 430
3 349 432 431
3 350 433 432
3 351 434 433
3 352 435 434
3 353 436 435
3 354 437 436
3 355 438 437
3 356 439 438
3 357 440 439
3 358 441 440
3 359 442 441
3 360 443 442
3 361 444 443
3 362 445 444
3 363 446 445
3 364 447 446
3 365 448 447
3 366 449 448
3 367 450 449
3 368 451 450
3 369 452 451
3 370 453 452
3 371 454 453
3 372 455 454
3 373 456 455
3 374 457 456
3 375 458 457
3 376 459 458
3 377 460 459
3 378 461 460
3 379 462 461
3 380 463 462
3 381 464 463
3 382 465 464
3 383 466 465
3 384 467 466
3 385 468 467
3 386 469 468
3 387 470 469
3 388 471 470
3 389 472 471
3 390 473 472
3 391 474 473
3 392 475 474
3 393 476 475
3 394 477 476
3 395 478 477
3 396 479 478
3 397 480 479
3 398 481 480
3 399 482 481
3 400 483 482
3 401 484 483
3 402 485 484
3 403 486 485
3 404 487 486
3 405 488 487
3 406 489 488
3 407 490 489
3 408 491 490
3 409 492 491
3 410 493 492
3 411 494 493
3 412 495 494
3 413 496 495
3 414 497 496
3 415 498 497
3 416 499 498
3 417 500 499
3 418 501 500
3 419 502 501
3 420 503 502
3 421 504 503
3 422 505 504
3 423 506 505
3 424 507 506
3 425 508 507
3 426 509 508
3 427 510 509
3 428 511 510
3 431 513 512
3 432 514 513
3 433 515 514
3 434 516 515
3 435 517 516
3 436 518 517
3 437 519 518
3 438 520 519
3 439 521 520
3 440 522 521
3 441 523 522
3 442 524 523
3 443 525 524
3 444 526 525
3 445 527 526
3 446 528 527
3 447 529 528
3 448 530 529
3 449 531 530
3 450 532 531
3 451 533 532
3 452 534 533
3 453 535 534
3 454 536 535
3 455 537 536
3 456 538 537
3 457 539 538
3 458 540 539
3 459 541 540
3 460 542 541
3 461 543 542
3 462 544 543
3 463 545 544
3 464 546 545
3 465 547 546
3 466 548 547
3 467 549 548
3 468 550 549
3 469 551 550
3 470 552 551
3 471 553 552
3 472 554 553
3 473 555 554
3 474 556 555
3 475 557 556
3 476 558 557
3 477 559 558
3 478 560 559
3 479 561 560
3 480 562 561
3 481 563 562
3 482 564 563
3 483 565 564
3 484 566 565
3 485 567 566
3 486 568 567
3 487 569 568
3 488 570 569
3 489 571 570
3 490 572 571
3 491 573 572
3 492 574 573
3 493 575 574
3 494 576 575
3 495 577 576
3 496 578 577
3 497 579 578
3 498 580 579
3 499 581 580
3 500 582 581
3 501 583 582
3 502 584 583
3 503 585 584
3 504 586 585
3 505 587 586
3 506 588 587
3 507 589 588
3 508 590 589
3 509 591 590
3 510 592 591
3 511 593 592
3 514 595 594
3 515 596 595
3 516 597 596
3 517 598 597
3 518 599 598
3 519 600 599
3 520 601 600
3 521 602 601
3 522 603 602
3 523 604 603
3 524 605 604
3 525 606 605
3 526 607 606
3 527 608 607
3 528 609 608
3 529 610 609
3 530 611 610
3 531 612 611
3 532 613 612
3 533 614 613
3 534 615 614
3 535 616 615
3 536 617 616
3 537 618 617
3 538 619 618
3 539 620 619
3 540 621 620
3 541 622 621
3 542 623 622
3 543 624 623
3 544 625 624
3 545 626 625
3 546 627 626
3 547 628 627
3 548 629 628
3 549 630 629
3 550 631 630
3 551 632 631
3 552 633 632
3 553 634 633
3 554 635 634
3 555 636 635
3 556 637 636
3 557 638 637
3 558 639 638
3 559 640 639
3 560 641 640
3 561 642 641
3 562 643 642
3 563 644 643
3 564 645 644
3 565 646 645
3 566 647 646
3 567 648 647
3 568 649 648
3 569 650 649
3 570 651 650
3 571 652 651
3 572 653 652
3 573 654 653
3 574 655 654
3 575 656 655
3 576 657 656
3 577 658 657
3 578 659 658
3 579 660 659
3 580 661 660
3 581 662 661
3 582 663 662
3 583 664 663
3 584 665 664
3 585 666 665
3 586 667 666
3 587 668 667
3 588 669 668
3 589 670 669
3 590 671 670
3 591 672 671
3 592 673 672
3 593 674 673
3 596 676 675
3 597 677 676
3 598 678 677
3 599 679 678
3 600 680 679
3 601 681 680
3 602 682 681
3 603 683 682
3 604 684 683
3 605 685 684
3 606 686 685
3 607 687 686
3 608 688 687
3 609 689 688
3 610 690 689
3 611 691 690
3 612 692 691
3 613 693 692
3 614 694 693
3 615 695 694
3 616 696 695
3 617 697 696
3 618 698 697
3 619 699 698
3 620 700 699
3 621 701 700
3 622 702 701
3 623 703 702
3 624 704 703
3 625 705 704
3 626 706 705
3 627 707 706
3 628 708 707
3 629 709 708
3 630 710 709
3 631 711 710
3 632 712 711
3 633 713 712
3 634 714 713
3 635 715 714
3 636 716 715
3 637 717 716
3 638 718 717
3 639 719 718
3 640 720 719
3 641 721 720
3 642 722 721
3 643 723 722
3 644 724 723
3 645 725 724
3 646 726 725
3 647 727 726
3 648 728 727
3 649 729 728
3 650 730 729
3 651 731 730
3 652 732 731
3 653 733 732
3 654 734 733
3 655 735 734
3 656 736 735
3 657 737 736
3 658 738 737
3 659 739 738
3 660 740 739
3 661 741 740
3 662 742 741
3 663 743 742
3 664 744 743
3 665 745 744
3 666 746 745
3 667 747 746
3 668 748 747
3 669 749 748
3 670 750 749
3 671 751 750
3 672 752 751
3 673 753 752
3 674 754 753
3 677 756 755
3 678 757 756
3 679 758 757
3 680 759 758
3 681 760 759
3 682 761 760
3 683 762 761
3 684 763 762
3 685 764 763
3 686 765 764
3 687 766 765
3 688 767 766
3 689 768 767
3 690 769 768
3 691 770 769
3 692 771 770
3 693 772 771
3 694 773 772
3 695 774 773
3 696 775 774
3 697 776 775
3 698 777 776
3 699 778 777
3 700 779 778
3 701 780 779
3 702 781 780
3 703 782 781
3 704 783 782
3 705 784 783
3 706 785 784
3 707 786 785
3 708 787 786
3 709 788 787
3 710 789 788
3 711 790 789
3 712 791 790
3 713 792 791
3 714 793 792
3 715 794 793
3 716 795 794
3 717 796 795
3 718 797 796
3 719 798 797
3 720 799 798
3 721 800 799
3 722 801 800
3 723 802 801
3 724 803 802
3 725 804 803
3 726 805 804
3 727 806 805
3 728 807 806
3 729 808 807
3 730 809 808
3 731 810 809
3 732 811 810
3 733 812 811
3 734 813 812
3 735 814 813
3 736 815 814
3 737 816 815
3 738 817 816
3 739 818 817
3 740 819 818
3 741 820 819
3 742 821 820
3 743 822 821
3 744 823 822
3 745 824 823
3 746 825 824
3 747 826 825
3 748 827 826
3 749 828 827
3 750 829 828
3 751 830 829
3 752 831 830
3 753 832 831
3 754 833 832
3 757 835 834
3 758 836 835
3 759 837 836
3 760 838 837
3 761 839 838
3 762 840 839
3 763 841 840
3 764 842 841
3 765 843 842
3 766 844 843
3 767 845 844
3 768 846 845
3 769 847 846
3 770 848 847
3 771 849 848
3 772 850 849
3 773 851 850
3 774 852 851
3 775 853 852
3 776 854 853
3 777 855 854
3 778 856 855
3 779 857 856
3 780 858 857
3 781 859 858
3 782 860 859
3 783 861 860
3 784 862 861
3 785 863 862
3 786 864 863
3 787 865 864
3 788 866 865
3 789 867 866
3 790 868 867
3 791 869 868
3 792 870 869
3 793 871 870
3 794 872 871
3 795 873 872
3 796 874 873
3 797 875 874
3 798 876 875
3 799 877 876
3 800 878 877
3 801 879 878
3 802 880 879
3 803 881 880
3 804 882 881
3 805 883 882
3 806 884 883
3 807 885 884
3 808 886 885
3 809 887 886
3 810 888 887
3 811 889 888
3 812 890 889
3 813 891 890
3 814 892 891
3 815 893 892
3 816 894 893
3 817 895 894
3 818 896 895
3 819 897 896
3 820 898 897
3 821 899 898
3 822 900 899
3 823 901 900
3 824 902 901
3 825 903 902
3 826 904 903
3 827 905 904
3 828 906 905
3 829 907 906
3 830 908 907
3 831 909 908
3 832 910 909
3 833 911 910
3 835 913 912
3 836 914 913
3 837 915 914
3 838 916 915
3 839 917 916
3 840 918 917
3 841 919 918
3 842 920 919
3 843 921 920
3 844 922 921
3 845 923 922
3 846 924 923
3 847 925 924
3 848 926 925
3 849 927 926
3 850 928 927
3 851 929 928
3 852 930 929
3 853 931 930
3 854 932 931
3 855 933 932
3 856 934 933
3 857 935 934
3 858 936 935
3 859 937 936
3 860 938 937
3 861 939 938
3 862 940 939
3 863 941 940
3 864 942 941
3 865 943 942
3 866 944 943
3 867 945 944
3 868 946 945
3 869 947 946
3 870 948 947
3 871 949 948
3 872 950 949
3 873 951 950
3 874 952 951
3 875 953 952
3 876 954 953
3 877 955 954
3 878 956 955
3 879 957 956
3 880 958 957
3 881 959 958
3 882 960 959
3 883 961 960
3 884 962 961
3 885 963 962
3 886 964 963
3 887 965 964
3 888 966 965
3 889 967 966
3 890 968 967
3 891 969 968
3 892 970 969
3 893 971 970
3 894 972 971
3 895 973 972
3 896 974 973
3 897 975 974
3 898 976 975
3 899 977 976
3 900 978 977
3 901 979 978
3 902 980 979
3 903 981 980
3 904 982 981
3 905 983 982
3 906 984 983
3 907 985 984
3 908 986 985
3 909 987 986
3 910 988 987
3 911 989 988
3 913 991 990
3 914 992 991
3 915 993 992
3 916 994 993
3 917 995 994
3 918 996 995
3 919 997 996
3 920 998 997
3 921 999 998
3 922 1000 999
3 923 1001 1000
3 924 1002 1001
3 925 1003 1002
3 926 1004 1003
3 927 1005 1004
3 928 1006 1005
3 929 1007 1006
3 930 1008 1007
3 931 1009 1008
3 932 1010 1009
3 933 1011 1010
3 934 1012 1011
3 935 1013 1012
3 936 1014 1013
3 937 1015 1014
3 938 1016 1015
3 939 1017 1016
3 940 1018 1017
3 941 1019 1018
3 942 1020 1019
3 943 1021 1020
3 944 1022 1021
3 945 1023 1022
3 946 1024 1023
3 947 1025 1024
3 948 1026 1025
3 949 1027 1026
3 950 1028 1027
3 951 1029 1028
3 952 1030 1029
3 953 1031 1030
3 954 1032 1031
3 955 1033 1032
3 956 1034 1033
3 957 1035 1034
3 958 1036 1035
3 959 1037 1036
3 960 1038 1037
3 961 1039 1038
3 962 1040 1039
3 963 1041 1040
3 964 1042 1041
3 965 1043 1042
3 966 1044 1043
3 967 1045 1044
3 968 1046 1045
3 969 1047 1046
3 970 1048 1047
3 971 1049 1048
3 972 1050 1049
3 973 1051 1050
3 974 1052 1051
3 975 1053 1052
3 976 1054 1053
3 977 1055 1054
3 978 1056 1055
3 979 1057 1056
3 980 1058 1057
3 981 1059 1058
3 982 1060 1059
3 983 1061 1060
3 984 1062 1061
3 985 1063 1062
3 986 1064 1063
3 987 1065 1064
3 988 1066 1065
3 989 1067 1066
3 991 1070 1069
3 992 1071 1070
3 993 1072 1071
3 994 1073 1072
3 995 1074 1073
3 996 1075 1074
3 997 1076 1075
3 998 1077 1076
3 999 1078 1077
3 1000 1079 1078
3 1001 1080 1079
3 1002 1081 1080
3 1003 1082 1081
3 1004 1083 1082
3 1005 1084 1083
3 1006 1085 1084
3 1007 1086 1085
3 1008 1087 1086
3 1009 1088 1087
3 1010 1089 1088
3 1011 1090 1089
3 1012 1091 1090
3 1013 1092 1091
3 1014 1093 1092
3 1015 1094 1093
3 1016 1095 1094
3 1017 1096 1095
3 1018 1097 1096
3 1019 1098 1097
3 1020 1099 1098
3 1021 1100 1099
3 1022 1101 1100
3 1023 1102 1101
3 1024 1103 1102
3 1025 1104 1103
3 1026 1105 1104
3 1027 1106 1105
3 1028 1107 1106
3 1029 1108 1107
3 1030 1109 1108
3 1031 1110 1109
3 1032 1111 1110
3 1033 1112 1111
3 1034 1113 1112
3 1035 1114 1113
3 1036 1115 1114
3 1037 1116 1115
3 1038 1117 1116
3 1039 1118 1117
3 1040 1119 1118
3 1041 1120 1119
3 1042 1121 1120
3 1043 1122 1121
3 1044 1123 1122
3 1045 1124 1123
3 1046 1125 1124
3 1047 1126 1125
3 1048 1127 1126
3 1049 1128 1127
3 1050 1129 1128
3 1051 1130 1129
3 1052 1131 1130
3 1053 1132 1131
3 1054 1133 1132
3 1055 1134 1133
3 1056 1135 1134
3 1057 1136 1135
3 1058 1137 1136
3 1059 1138 1137
3 1060 1139 1138
3 1061 1140 1139
3 1062 1141 1140
3 1063 1142 1141
3 1064 1143 1142
3 1065 1144 1143
3 1066 1145 1144
3 1067 1146 1145
3 1068 1147 1146
3 1070 1150 1149
3 1071 1151 1150
3 1072 1152 1151
3 1073 1153 1152
3 1074 1154 1153
3 1075 1155 1154
3 1076 1156 1155
3 1077 1157 1156
3 1078 1158 1157
3 1079 1159 1158
3 1080 1160 1159
3 1081 1161 1160
3 1082 1162 1161
3 1083 1163 1162
3 1084 1164 1163
3 1085 1165 1164
3 1086 1166 1165
3 1087 1167 1166
3 1088 1168 1167
3 1089 1169 1168
3 1090 1170 1169
3 1091 1171 1170
3 1092 1172 1171
3 1093 1173 1172
3 1094 1174 1173
3 1095 1175 1174
3 1096 1176 1175
3 1097 1177 1176
3 1098 1178 1177
3 1099 1179 1178
3 1100 1180 1179
3 1101 1181 1180
3 1102 1182 1181
3 1103 1183 1182
3 1104 1184 1183
3 1105 1185 1184
3 1106 1186 1185
3 1107 1187 1186
3 1108 1188 1187
3 1109 1189 1188
3 1110 1190 1189
3 1111 1191 1190
3 1112 1192 1191
3 1113 1193 1192
3 1114 1194 1193
3 1115 1195 1194
3 1116 1196 1195
3 1117 1197 1196
3 1118 1198 1197
3 1119 1199 1198
3 1120 1200 1199
3 1121 1201 1200
3 1122 1202 1201
3 1123 1203 1202
3 1124 1204 1203
3 1125 1205 1204
3 1126 1206 1205
3 1127 1207 1206
3 1128 1208 1207
3 1129 1209 1208
3 1130 1210 1209
3 1131 1211 1210
3 1132 1212 1211
3 1133 1213 1212
3 1134 1214 1213
3 1135 1215 1214
3 1136 1216 1215
3 1137 1217 1216
3 1138 1218 1217
3 1139 1219 1218
3 1140 1220 1219
3 1141 1221 1220
3 1142 1222 1221
3 1143 1223 1222
3 1144 1224 1223
3 1145 1225 1224
3 1146 1226 1225
3 1147 1227 1226
3 1148 1228 1227
3 1150 1231 1230
3 1151 1232 1231
3 1152 1233 1232
3 1153 1234 1233
3 1154 1235 1234
3 1155 1236 1235
3 1156 1237 1236
3 1157 1238 1237
3 1158 1239 1238
3 1159 1240 1239
3 1160 1241 1240
3 1161 1242 1241
3 1162 1243 1242
3 1163 1244 1243
3 1164 1245 1244
3 1165 1246 1245
3 1166 1247 1246
3 1167 1248 1247
3 1168 1249 1248
3 1169 1250 1249
3 1170 1251 1250
3 1171 1252 1251
3 1172 1253 1252
3 1173 1254 1253
3 1174 1255 1254
3 1175 1256 1255
3 1176 1257 1256
3 1177 1258 1257
3 1178 1259 1258
3 1179 1260 1259
3 1180 1261 1260
3 1181 1262 1261
3 1182 1263 1262
3 1183 1264 1263
3 1184 1265 1264
3 1185 1266 1265
3 1186 1267 1266
3 1187 1268 1267
3 1188 1269 1268
3 1189 1270 1269
3 1190 1271 1270
3 1191 1272 1271
3 1192 1273 1272
3 1193 1274 1273
3 1194 1275 1274
3 1195 1276 1275
3 1196 1277 1276
3 1197 1278 1277
3 1198 1279 1278
3 1199 1280 1279
3 1200 1281 1280
3 1201 1282 1281
3 1202 1283 1282
3 1203 1284 1283
3 1204 1285 1284
3 1205 1286 1285
3 1206 1287 1286
3 1207 1288 1287
3 1208 1289 1288
3 1209 1290 1289
3 1210 1291 1290
3 1211 1292 1291
3 1212 1293 1292
3 1213 1294 1293
3 1214 1295 1294
3 1215 1296 1295
3 1216 1297 1296
3 1217 1298 1297
3 1218 1299 1298
3 1219 1300 1299
3 1220 1301 1300
3 1221 1302 1301
3 1222 1303 1302
3 1223 1304 1303
3 1224 1305 1304
3 1225 1306 1305
3 1226 1307 1306
3 1227 1308 1307
3 1228 1309 1308
3 1229 1310 1309
3 1231 1312 1311
3 1232 1313 1312
3 1233 1314 1313
3 1234 1315 1314
3 1235 1316 1315
3 1236 1317 1316
3 1237 1318 1317
3 1238 1319 1318
3 1239 1320 1319
3 1240 1321 1320
3 1241 1322 1321
3 1242 1323 1322
3 1243 1324 1323
3 1244 1325 1324
3 1245 1326 1325
3 1246 1327 1326
3 1247 1328 1327
3 1248 1329 1328
3 1249 1330 1329
3 1250 1331 1330
3 1251 1332 1331
3 1252 1333 1332
3 1253 1334 1333
3 1254 1335 1334
3 1255 1336 1335
3 1256 1337 1336
3 1257 1338 1337
3 1258 1339 1338
3 1259 1340 1339
3 1260 1341 1340
3 1261 1342 1341
3 1262 1343 1342
3 1263 1344 1343
3 1264 1345 1344
3 1265 1346 1345
3 1266 1347 1346
3 1267 1348 1347
3 1268 1349 1348
3 1269 1350 1349
3 1270 1351 1350
3 1271 1352 1351
3 1272 1353 1352
3 1273 1354 1353
3 1274 1355 1354
3 1275 1356 1355
3 1276 1357 1356
3 1277 1358 1357
3 1278 1359 1358
3 1279 1360 1359
3 1280 1361 1360
3 1281 1362 1361
3 1282 1363 1362
3 1283 1364 1363
3 1284 1365 1364
3 1285 1366 1365
3 1286 1367 1366
3 1287 1368 1367
3 1288 1369 1368
3 1289 1370 1369
3 1290 1371 1370
3 1291 1372 1371
3 1292 1373 1372
3 1293 1374 1373
3 1294 1375 1374
3 1295 1376 1375
3 1296 1377 1376
3 1297 1378 1377
3 1298 1379 1378
3 1299 1380 1379
3 1300 1381 1380
3 1301 1382 1381
3 1302 1383 1382
3 1303 1384 1383
3 1304 1385 1384
3 1305 1386 1385
3 1306 1387 1386
3 1307 1388 1387
3 1308 1389 1388
3 1309 1390 1389
3 1310 1391 1390
3 1312 1394 1393
3 1313 1395 1394
3 1314 1396 1395
3 1315 1397 1396
3 1316 1398 1397
3 1317 1399 1398
3 1318 1400 1399
3 1319 1401 1400
3 1320 1402 1401
3 1321 1403 1402
3 1322 1404 1403
3 1323 1405 1404
3 1324 1406 1405
3 1325 1407 1406
3 1326 1408 1407
3 1327 1409 1408
3 1328 1410 1409
3 1329 1411 1410
3 1330 1412 1411
3 1331 1413 1412
3 1332 1414 1413
3 1333 1415 1414
3 1334 1416 1415
3 1335 1417 1416
3 1336 1418 1417
3 1337 1419 1418
3 1338 1420 1419
3 1339 1421 1420
3 1340 1422 1421
3 1341 1423 1422
3 1342 1424 1423
3 1343 1425 1424
3 1344 1426 1425
3 1345 1427 1426
3 1346 1428 1427
3 1347 1429 1428
3 1348 1430 1429
3 1349 1431 1430
3 1350 1432 1431
3 1351 1433 1432
3 1352 1434 1433
3 1353 1435 1434
3 1354 1436 1435
3 1355 1437 1436
3 1356 1438 1437
3 1357 1439 1438
3 1358 1440 1439
3 1359 1441 1440
3 1360 1442 1441
3 1361 1443 1442
3 1362 1444 1443
3 1363 1445 1444
3 1364 1446 1445
3 1365 1447 1446
3 1366 1448 1447
3 1367 1449 1448
3 1368 1450 1449
3 1369 1451 1450
3 1370 1452 1451
3 1371 1453 1452
3 1372 1454 1453
3 1373 1455 1454
3 1374 1456 1455
3 1375 1457 1456
3 1376 1458 1457
3 1377 1459 1458
3 1378 1460 1459
3 1379 1461 1460
3 1380 1462 1461
3 1381 1463 1462
3 1382 1464 1463
3 1383 1465 1464
3 1384 1466 1465
3 1385 1467 1466
3 1386 1468 1467
3 1387 1469 1468
3 1388 1470 1469
3 1389 1471 1470
3 1390 1472 1471
3 1391 1473 1472
3 1392 1474 1473
3 1395 1477 1476
3 1396 1478 1477
3 1397 1479 1478
3 1398 1480 1479
3 1399 1481 1480
3 1400 1482 1481
3 1401 1483 1482
3 1402 1484 1483
3 1403 1485 1484
3 1404 1486 1485
3 1405 1487 1486
3 1406 1488 1487
3 1407 1489 1488
3 1408 1490 1489
3 1409 1491 1490
3 1410 1492 1491
3 1411 1493 1492
3 1412 1494 1493
3 1413 1495 1494
3 1414 1496 1495
3 1415 1497 1496
3 1416 1498 1497
3 1417 1499 1498
3 1418 1500 1499
3 1419 1501 1500
3 1420 1502 1501
3 1421 1503 1502
3 1422 1504 1503
3 1423 1505 1504
3 1424 1506 1505
3 1425 1507 1506
3 1426 1508 1507
3 1427 1509 1508
3 1428 1510 1509
3 1429 1511 1510
3 1430 1512 1511
3 1431 1513 1512
3 1432 1514 1513
3 1433 1515 1514
3 1434 1516 1515
3 1435 1517 1516
3 1436 1518 1517
3 1437 1519 1518
3 1438 1520 1519
3 1439 1521 1520
3 1440 1522 1521
3 1441 1523 1522
3 1442 1524 1523
3 1443 1525 1524
3 1444 1526 1525
3 1445 1527 1526
3 1446 1528 1527
3 1447 1529 1528
3 1448 1530 1529
3 1449 1531 1530
3 1450 1532 1531
3 1451 1533 1532
3 1452 1534 1533
3 1453 1535 1534
3 1454 1536 1535
3 1455 1537 1536
3 1456 1538 1537
3 1457 1539 1538
3 1458 1540 1539
3 1459 1541 1540
3 1460 1542 1541
3 1461 1543 1542
3 1462 1544 1543
3 1463 1545 1544
3 1464 1546 1545
3 1465 1547 1546
3 1466 1548 1547
3 1467 1549 1548
3 1468 1550 1549
3 1469 1551 1550
3 1470 1552 1551
3 1471 1553 1552
3 1472 1554 1553
3 1473 1555 1554
3 1474 1556 1555
3 1475 1557 1556
3 1478 1560 1559
3 1479 1561 1560
3 1480 1562 1561
3 1481 1563 1562
3 1482 1564 1563
3 1483 1565 1564
3 1484 1566 1565
3 1485 1567 1566
3 1486 1568 1567
3 1487 1569 1568
3 1488 1570 1569
3 1489 1571 1570
3 1490 1572 1571
3 1491 1573 1572
3 1492 1574 1573
3 1493 1575 1574
3 1494 1576 1575
3 1495 1577 1576
3 1496 1578 1577
3 1497 1579 1578
3 1498 1580 1579
3 1499 1581 1580
3 1500 1582 1581
3 1501 1583 1582
3 1502 1584 1583
3 1503 1585 1584
3 1504 1586 1585
3 1505 1587 1586
3 1506 1588 1587
3 1507 1589 1588
3 1508 1590 1589
3 1509 1591 1590
3 1510 1592 1591
3 1511 1593 1592
3 1512 1594 1593
3 1513 1595 1594
3 1514 1596 1595
3 1515 1597 1596
3 1516 1598 1597
3 1517 1599 1598
3 1518 1600 1599
3 1519 1601 1600
3 1520 1602 1601
3 1521 1603 1602
3 1522 1604 1603
3 1523 1605 1604
3 1524 1606 1605
3 1525 1607 1606
3 1526 1608 1607
3 1527 1609 1608
3 1528 1610 1609
3 1529 1611 1610
3 1530 1612 1611
3 1531 1613 1612
3 1532 1614 1613
3 1533 1615 1614
3 1534 1616 1615
3 1535 1617 1616
3 1536 1618 1617
3 1537 1619 1618
3 1538 1620 1619
3 1539 1621 1620
3 1540 1622 1621
3 1541 1623 1622
3 1542 1624 1623
3 1543 1625 1624
3 1544 1626 1625
3 1545 1627 1626
3 1546 1628 1627
3 1547 1629 1628
3 1548 1630 1629
3 1549 1631 1630
3 1550 1632 1631
3 1551 1633 1632
3 1552 1634 1633
3 1553 1635 1634
3 1554 1636 1635
3 1555 1637 1636
3 1556 1638 1637
3 1557 1639 1638
3 1558 1640 1639
3 1561 1643 1642
3 1562 1644 1643
3 1563 1645 1644
3 1564 1646 1645
3 1565 1647 1646
3 1566 1648 1647
3 1567 1649 1648
3 1568 1650 1649
3 1569 1651 1650
3 1570 1652 1651
3 1571 1653 1652
3 1572 1654 1653
3 1573 1655 1654
3 1574 1656 1655
3 1575 1657 1656
3 1576 1658 1657
3 1577 1659 1658
3 1578 1660 1659
3 1579 1661 1660
3 1580 1662 1661
3 1581 1663 1662
3 1582 1664 1663
3 1583 1665 1664
3 1584 1666 1665
3 1585 1667 1666
3 1586 1668 1667
3 1587 1669 1668
3 1588 1670 1669
3 1589 1671 1670
3 1590 1672 1671
3 1591 1673 1672
3 1592 1674 1673
3 1593 1675 1674
3 1594 1676 1675
3 1595 1677 1676
3 1596 1678 1677
3 1597 1679 1678
3 1598 1680 1679
3 1599 1681 1680
3 1600 1682 1681
3 1601 1683 1682
3 1602 1684 1683
3 1603 1685 1684
3 1604 1686 1685
3 1605 1687 1686
3 1606 1688 1687
3 1607 1689 1688
3 1608 1690 1689
3 1609 1691 1690
3 1610 1692 1691
3 1611 1693 1692
3 1612 1694 1693
3 1613 1695 1694
3 1614 1696 1695
3 1615 1697 1696
3 1616 1698 1697
3 1617 1699 1698
3 1618 1700 1699
3 1619 1701 1700
3 1620 1702 1701
3 1621 1703 1702
3 1622 1704 1703
3 1623 1705 1704
3 1624 1706 1705
3 1625 1707 1706
3 1626 1708 1707
3 1627 1709 1708
3 1628 1710 1709
3 1629 1711 1710
3 1630 1712 1711
3 1631 1713 1712
3 1632 1714 1713
3 1633 1715 1714
3 1634 1716 1715
3 1635 1717 1716
3 1636 1718 1717
3 1637 1719 1718
3 1638 1720 1719
3 1639 1721 1720
3 1640 1722 1721
3 1641 1723 1722
3 1644 1725 1724
3 1645 1726 1725
3 1646 1727 1726
3 1647 1728 1727
3 1648 1729 1728
3 1649 1730 1729
3 1650 1731 1730
3 1651 1732 1731
3 1652 1733 1732
3 1653 1734 1733
3 1654 1735 1734
3 1655 1736 1735
3 1656 1737 1736
3 1657 1738 1737
3 1658 1739 1738
3 1659 1740 1739
3 1660 1741 1740
3 1661 1742 1741
3 1662 1743 1742
3 1663 1744 1743
3 1664 1745 1744
3 1665 1746 1745
3 1666 1747 1746
3 1667 1748 1747
3 1668 1749 1748
3 1669 1750 1749
3 1670 1751 1750
3 1671 1752 1751
3 1672 1753 1752
3 1673 1754 1753
3 1674 1755 1754
3 1675 1756 1755
3 1676 1757 1756
3 1677 1758 1757
3 1678 1759 1758
3 1679 1760 1759
3 1680 1761 1760
3 1681 1762 1761
3 1682 1763 1762
3 1683 1764 1763
3 1684 1765 1764
3 1685 1766 1765
3 1686 1767 1766
3 1687 1768 1767
3 1688 1769 1768
3 1689 1770 1769
3 1690 1771 1770
3 1691 1772 1771
3 1692 1773 1772
3 1693 1774 1773
3 1694 1775 1774
3 1695 1776 1775
3 1696 1777 1776
3 1697 1778 1777
3 1698 1779 1778
3 1699 1780 1779
3 1700 1781 1780
3 1701 1782 1781
3 1702 1783 1782
3 1703 1784 1783
3 1704 1785 1784
3 1705 1786 1785
3 1706 1787 1786
3 1707 1788 1787
3 1708 1789 1788
3 1709 1790 1789
3 1710 1791 1790
3 1711 1792 1791
3 1712 1793 1792
3 1713 1794 1793
3 1714 1795 1794
3 1715 1796 1795
3 1716 1797 1796
3 1717 1798 1797
3 1718 1799 1798
3 1719 1800 1799
3 1720 1801 1800
3 1721 1802 1801
3 1722 1803 1802
3 1723 1804 1803
3 1725 1807 1806
3 1726 1808 1807
3 1727 1809 1808
3 1728 1810 1809
3 1729 1811 1810
3 1730 1812 1811
3 1731 1813 1812
3 1732 1814 1813
3 1733 1815 1814
3 1734 1816 1815
3 1735 1817 1816
3 1736 1818 1817
3 1737 1819 1818
3 1738 1820 1819
3 1739 1821 1820
3 1740 1822 1821
3 1741 1823 1822
3 1742 1824 1823
3 1743 1825 1824
3 1744 1826 1825
3 1745 1827 1826
3 1746 1828 1827
3 1747 1829 1828
3 1748 1830 1829
3 1749 1831 1830
3 1750 1832 1831
3 1751 1833 1832
3 1752 1834 1833
3 1753 1835 1834
3 1754 1836 1835
3 1755 1837 1836
3 1756 1838 1837
3 1757 1839 1838
3 1758 1840 1839
3 1759 1841 1840
3 1760 1842 1841
3 1761 1843 1842
3 1762 1844 1843
3 1763 1845 1844
3 1764 1846 1845
3 1765 1847 1846
3 1766 1848 1847
3 1767 1849 1848
3 1768 1850 1849
3 1769 1851 1850
3 1770 1852 1851
3 1771 1853 1852
3 1772 1854 1853
3 1773 1855 1854
3 1774 1856 1855
3 1775 1857 1856
3 1776 1858 1857
3 1777 1859 1858
3 1778 1860 1859
3 1779 1861 1860
3 1780 1862 1861
3 1781 1863 1862
3 1782 1864 1863
3 1783 1865 1864
3 1784 1866 1865
3 1785 1867 1866
3 1786 1868 1867
3 1787 1869 1868
3 1788 1870 1869
3 1789 1871 1870
3 1790 1872 1871
3 1791 1873 1872
3 1792 1874 1873
3 1793 1875 1874
3 1794 1876 1875
3 1795 1877 1876
3 1796 1878 1877
3 1797 1879 1878
3 1798 1880 1879
3 1799 1881 1880
3 1800 1882 1881
3 1801 1883 1882
3 1802 1884 1883
3 1803 1885 1884
3 1804 1886 1885
3 1805 1887 1886
3 1807 1889 1888
3 1808 1890 1889
3 1809 1891 1890
3 1810 1892 1891
3 1811 1893 1892
3 1812 1894 1893
3 1813 1895 1894
3 1814 1896 1895
3 1815 1897 1896
3 1816 1898 1897
3 1817 1899 1898
3 1818 1900 1899
3 1819 1901 1900
3 1820 1902 1901
3 1821 1903 1902
3 1822 1904 1903
3 1823 1905 1904
3 1824 1906 1905
3 1825 1907 1906
3 1826 1908 1907
3 1827 1909 1908
3 1828 1910 1909
3 1829 1911 1910
3 1830 1912 1911
3 1831 1913 1912
3 1832 1914 1913
3 1833 1915 1914
3 1834 1916 1915
3 1835 1917 1916
3 1836 1918 1917
3 1837 1919 1918
3 1838 1920 1919
3 1839 1921 1920
3 1840 1922 1921
3 1841 1923 1922
3 1842 1924 1923
3 1843 1925 1924
3 1844 1926 1925
3 1845 1927 1926
3 1846 1928 1927
3 1847 1929 1928
3 1848 1930 1929
3 1849 1931 1930
3 1850 1932 1931
3 1851 1933 1932
3 1852 1934 1933
3 1853 1935 1934
3 1854 1936 1935
3 1855 1937 1936
3 1856 1938 1937
3 1857 1939 1938
3 1858 1940 1939
3 1859 1941 1940
3 1860 1942 1941
3 1861 1943 1942
3 1862 1944 1943
3 1863 1945 1944
3 1864 1946 1945
3 1865 1947 1946
3 1866 1948 1947
3 1867 1949 1948
3 1868 1950 1949
3 1869 1951 1950
3 1870 1952 1951
3 1871 1953 1952
3 1872 1954 1953
3 1873 1955 1954
3 1874 1956 1955
3 1875 1957 1956
3 1876 1958 1957
3 1877 1959 1958
3 1878 1960 1959
3 1879 1961 1960
3 1880 1962 1961
3 1881 1963 1962
3 1882 1964 1963
3 1883 1965 1964
3 1884 1966 1965
3 1885 1967 1966
3 1886 1968 1967
3 1887 1969 1968
3 1889 1972 1971
3 1890 1973 1972
3 1891 1974 1973
3 1892 1975 1974
3 1893 1976 1975
3 1894 1977 1976
3 1895 1978 1977
3 1896 1979 1978
3 1897 1980 1979
3 1898 1981 1980
3 1899 1982 1981
3 1900 1983 1982
3 1901 1984 1983
3 1902 1985 1984
3 1903 1986 1985
3 1904 1987 1986
3 1905 1988 1987
3 1906 1989 1988
3 1907 1990 1989
3 1908 1991 1990
3 1909 1992 1991
3 1910 1993 1992
3 1911 1994 1993
3 1912 1995 1994
3 1913 1996 1995
3 1914 1997 1996
3 1915 1998 1997
3 1916 1999 1998
3 1917 2000 1999
3 1918 2001 2000
3 1919 2002 2001
3 1920 2003 2002
3 1921 2004 2003
3 1922 2005 2004
3 1923 2006 2005
3 1924 2007 2006
3 1925 2008 2007
3 1926 2009 2008
3 1927 2010 2009
3 1928 2011 2010
3 1929 2012 2011
3 1930 2013 2012
3 1931 2014 2013
3 1932 2015 2014
3 1933 2016 2015
3 1934 2017 2016
3 1935 2018 2017
3 1936 2019 2018
3 1937 2020 2019
3 1938 2021 2020
3 1939 2022 2021
3 1940 2023 2022
3 1941 2024 2023
3 1942 2025 2024
3 1943 2026 2025
3 1944 2027 2026
3 1945 2028 2027
3 1946 2029 2028
3 1947 2030 2029
3 1948 2031 2030
3 1949 2032 2031
3 1950 2033 2032
3 1951 2034 2033
3 1952 2035 2034
3 1953 2036 2035
3 1954 2037 2036
3 1955 2038 2037
3 1956 2039 2038
3 1957 2040 2039
3 1958 2041 2040
3 1959 2042 2041
3 1960 2043 2042
3 1961 2044 2043
3 1962 2045 2044
3 1963 2046 2045
3 1964 2047 2046
3 1965 2048 2047
3 1966 2049 2048
3 1967 2050 2049
3 1968 2051 2050
3 1969 2052 2051
3 1970 2053 2052
3 1973 2055 2054
3 1974 2056 2055
3 1975 2057 2056
3 1976 2058 2057
3 1977 2059 2058
3 1978 2060 2059
3 1979 2061 2060
3 1980 2062 2061
3 1981 2063 2062
3 1982 2064 2063
3 1983 2065 2064
3 1984 2066 2065
3 1985 2067 2066
3 1986 2068 2067
3 1987 2069 2068
3 1988 2070 2069
3 1989 2071 2070
3 1990 2072 2071
3 1991 2073 2072
3 1992 2074 2073
3 1993 2075 2074
3 1994 2076 2075
3 1995 2077 2076
3 1996 2078 2077
3 1997 2079 2078
3 1998 2080 2079
3 1999 2081 2080
3 2000 2082 2081
3 2001 2083 2082
3 2002 2084 2083
3 2003 2085 2084
3 2004 2086 2085
3 2005 2087 2086
3 2006 2088 2087
3 2007 2089 2088
3 2008 2090 2089
3 2009 2091 2090
3 2010 2092 2091
3 2011 2093 2092
3 2012 2094 2093
3 2013 2095 2094
3 2014 2096 2095
3 2015 2097 2096
3 2016 2098 2097
3 2017 2099 2098
3 2018 2100 2099
3 2019 2101 2100
3 2020 2102 2101
3 2021 2103 2102
3 2022 2104 2103
3 2023 2105 2104
3 2024 2106 2105
3 2025 2107 2106
3 2026 2108 2107
3 2027 2109 2108
3 2028 2110 2109
3 2029 2111 2110
3 2030 2112 2111
3 2031 2113 2112
3 2032 2114 2113
3 2033 2115 2114
3 2034 2116 2115
3 2035 2117 2116
3 2036 2118 2117
3 2037 2119 2118
3 2038 2120 2119
3 2039 2121 2120
3 2040 2122 2121
3 2041 2123 2122
3 2042 2124 2123
3 2043 2125 2124
3 2044 2126 2125
3 2045 2127 2126
3 2046 2128 2127
3 2047 2129 2128
3 2048 2130 2129
3 2049 2131 2130
3 2050 2132 2131
3 2051 2133 2132
3 2052 2134 2133
3 2053 2135 2134
3 2055 2138 2137
3 2056 2139 2138
3 2057 2140 2139
3 2058 2141 2140
3 2059 2142 2141
3 2060 2143 2142
3 2061 2144 2143
3 2062 2145 2144
3 2063 2146 2145
3 2064 2147 2146
3 2065 2148 2147
3 2066 2149 2148
3 2067 2150 2149
3 2068 2151 2150
3 2069 2152 2151
3 2070 2153 2152
3 2071 2154 2153
3 2072 2155 2154
3 2073 2156 2155
3 2074 2157 2156
3 2075 2158 2157
3 2076 2159 2158
3 2077 2160 2159
3 2078 2161 2160
3 2079 2162 2161
3 2080 2163 2162
3 2081 2164 2163
3 2082 2165 2164
3 2083 2166 2165
3 2084 2167 2166
3 2085 2168 2167
3 2086 2169 2168
3 2087 2170 2169
3 2088 2171 2170
3 2089 2172 2171
3 2090 2173 2172
3 2091 2174 2173
3 2092 2175 2174
3 2093 2176 2175
3 2094 2177 2176
3 2095 2178 2177
3 2096 2179 2178
3 2097 2180 2179
3 2098 2181 2180
3 2099 2182 2181
3 2100 2183 2182
3 2101 2184 2183
3 2102 2185 2184
3 2103 2186 2185
3 2104 2187 2186
3 2105 2188 2187
3 2106 2189 2188
3 2107 2190 2189
3 2108 2191 2190
3 2109 2192 2191
3 2110 2193 2192
3 2111 2194 2193
3 2112 2195 2194
3 2113 2196 2195
3 2114 2197 2196
3 2115 2198 2197
3 2116 2199 2198
3 2117 2200 2199
3 2118 2201 2200
3 2119 2202 2201
3 2120 2203 2202
3 2121 2204 2203
3 2122 2205 2204
3 2123 2206 2205
3 2124 2207 2206
3 2125 2208 2207
3 2126 2209 2208
3 2127 2210 2209
3 2128 2211 2210
3 2129 2212 2211
3 2130 2213 2212
3 2131 2214 2213
3 2132 2215 2214
3 2133 2216 2215
3 2134 2217 2216
3 2135 2218 2217
3 2136 2219 2218
3 2138 2221 2220
3 2139 2222 2221
3 2140 2223 2222
3 2141 2224 2223
3 2142 2225 2224
3 2143 2226 2225
3 2144 2227 2226
3 2145 2228 2227
3 2146 2229 2228
3 2147 2230 2229
3 2148 2231 2230
3 2149 2232 2231
3 2150 2233 2232
3 2151 2234 2233
3 2152 2235 2234
3 2153 2236 2235
3 2154 2237 2236
3 2155 2238 2237
3 2156 2239 2238
3 2157 2240 2239
3 2158 2241 2240
3 2159 2242 2241
3 2160 2243 2242
3 2161 2244 2243
3 2162 2245 2244
3 2163 2246 2245
3 2164 2247 2246
3 2165 2248 2247
3 2166 2249 2248
3 2167 2250 2249
3 2168 2251 2250
3 2169 2252 2251
3 2170 2253 2252
3 2171 2254 2253
3 2172 2255 2254
3 2173 2256 2255
3 2174 2257 2256
3 2175 2258 2257
3 2176 2259 2258
3 2177 2260 2259
3 2178 2261 2260
3 2179 2262 2261
3 2180 2263 2262
3 2181 2264 2263
3 2182 2265 2264
3 2183 2266 2265
3 2184 2267 2266
3 2185 2268 2267
3 2186 2269 2268
3 2187 2270 2269
3 2188 2271 2270
3 2189 2272 2271
3 2190 2273 2272
3 2191 2274 2273
3 2192 2275 2274
3 2193 2276 2275
3 2194 2277 2276
3 2195 2278 2277
3 2196 2279 2278
3 2197 2280 2279
3 2198 2281 2280
3 2199 2282 2281
3 2200 2283 2282
3 2201 2284 2283
3 2202 2285 2284
3 2203 2286 2285
3 2204 2287 2286
3 2205 2288 2287
3 2206 2289 2288
3 2207 2290 2289
3 2208 2291 2290
3 2209 2292 2291
3 2210 2293 2292
3 2211 2294 2293
3 2212 2295 2294
3 2213 2296 2295
3 2214 2297 2296
3 2215 2298 2297
3 2216 2299 2298
3 2217 2300 2299
3 2218 2301 2300
3 2219 2302 2301
3 2221 2304 2303
3 2222 2305 2304
3 2223 2306 2305
3 2224 2307 2306
3 2225 2308 2307
3 2226 2309 2308
3 2227 2310 2309
3 2228 2311 2310
3 2229 2312 2311
3 2230 2313 2312
3 2231 2314 2313
3 2232 2315 2314
3 2233 2316 2315
3 2234 2317 2316
3 2235 2318 2317
3 2236 2319 2318
3 2237 2320 2319
3 2238 2321 2320
3 2239 2322 2321
3 2240 2323 2322
3 2241 2324 2323
3 2242 2325 2324
3 2243 2326 2325
3 2244 2327 2326
3 2245 2328 2327
3 2246 2329 2328
3 2247 2330 2329
3 2248 2331 2330
3 2249 2332 2331
3 2250 2333 2332
3 2251 2334 2333
3 2252 2335 2334
3 2253 2336 2335
3 2254 2337 2336
3 2255 2338 2337
3 2256 2339 2338
3 2257 2340 2339
3 2258 2341 2340
3 2259 2342 2341
3 2260 2343 2342
3 2261 2344 2343
3 2262 2345 2344
3 2263 2346 2345
3 2264 2347 2346
3 2265 2348 2347
3 2266 2349 2348
3 2267 2350 2349
3 2268 2351 2350
3 2269 2352 2351
3 2270 2353 2352
3 2271 2354 2353
3 2272 2355 2354
3 2273 2356 2355
3 2274 2357 2356
3 2275 2358 2357
3 2276 2359 2358
3 2277 2360 2359
3 2278 2361 2360
3 2279 2362 2361
3 2280 2363 2362
3 2281 2364 2363
3 2282 2365 2364
3 2283 2366 2365
3 2284 2367 2366
3 2285 2368 2367
3 2286 2369 2368
3 2287 2370 2369
3 2288 2371 2370
3 2289 2372 2371
3 2290 2373 2372
3 2291 2374 2373
3 2292 2375 2374
3 2293 2376 2375
3 2294 2377 2376
3 2295 2378 2377
3 2296 2379 2378
3 2297 2380 2379
3 2298 2381 2380
3 2299 2382 2381
3 2300 2383 2382
3 2301 2384 2383
3 2302 2385 2384
3 2304 2387 2386
3 2305 2388 2387
3 2306 2389 2388
3 2307 2390 2389
3 2308 2391 2390
3 2309 2392 2391
3 2310 2393 2392
3 2311 2394 2393
3 2312 2395 2394
3 2313 2396 2395
3 2314 2397 2396
3 2315 2398 2397
3 2316 2399 2398
3 2317 2400 2399
3 2318 2401 2400
3 2319 2402 2401
3 2320 2403 2402
3 2321 2404 2403
3 2322 2405 2404
3 2323 2406 2405
3 2324 2407 2406
3 2325 2408 2407
3 2326 2409 2408
3 2327 2410 2409
3 2328 2411 2410
3 2329 2412 2411
3 2330 2413 2412
3 2331 2414 2413
3 2332 2415 2414
3 2333 2416 2415
3 2334 2417 2416
3 2335 2418 2417
3 2336 2419 2418
3 2337 2420 2419
3 2338 2421 2420
3 2339 2422 2421
3 2340 2423 2422
3 2341 2424 2423
3 2342 2425 2424
3 2343 2426 2425
3 2344 2427 2426
3 2345 2428 2427
3 2346 2429 2428
3 2347 2430 2429
3 2348 2431 2430
3 2349 2432 2431
3 2350 2433 2432
3 2351 2434 2433
3 2352 2435 2434
3 2353 2436 2435
3 2354 2437 2436
3 2355 2438 2437
3 2356 2439 2438
3 2357 2440 2439
3 2358 2441 2440
3 2359 2442 2441
3 2360 2443 2442
3 2361 2444 2443
3 2362 2445 2444
3 2363 2446 2445
3 2364 2447 2446
3 2365 2448 2447
3 2366 2449 2448
3 2367 2450 2449
3 2368 2451 2450
3 2369 2452 2451
3 2370 2453 2452
3 2371 2454 2453
3 2372 2455 2454
3 2373 2456 2455
3 2374 2457 2456
3 2375 2458 2457
3 2376 2459 2458
3 2377 2460 2459
3 2378 2461 2460
3 2379 2462 2461
3 2380 2463 2462
3 2381 2464 2463
3 2382 2465 2464
3 2383 2466 2465
3 2384 2467 2466
3 2385 2468 2467
3 2387 2470 2469
3 2388 2471 2470
3 2389 2472 2471
3 2390 2473 2472
3 2391 2474 2473
3 2392 2475 2474
3 2393 2476 2475
3 2394 2477 2476
3 2395 2478 2477
3 2396 2479 2478
3 2397 2480 2479
3 2398 2481 2480
3 2399 2482 2481
3 2400 2483 2482
3 2401 2484 2483
3 2402 2485 2484
3 2403 2486 2485
3 2404 2487 2486
3 2405 2488 2487
3 2406 2489 2488
3 2407 2490 2489
3 2408 2491 2490
3 2409 2492 2491
3 2410 2493 2492
3 2411 2494 2493
3 2412 2495 2494
3 2413 2496 2495
3 2414 2497 2496
3 2415 2498 2497
3 2416 2499 2498
3 2417 2500 2499
3 2418 2501 2500
3 2419 2502 2501
3 2420 2503 2502
3 2421 2504 2503
3 2422 2505 2504
3 2423 2506 2505
3 2424 2507 2506
3 2425 2508 2507
3 2426 2509 2508
3 2427 2510 2509
3 2428 2511 2510
3 2429 2512 2511
3 2430 2513 2512
3 2431 2514 2513
3 2432 2515 2514
3 2433 2516 2515
3 2434 2517 2516
3 2435 2518 2517
3 2436 2519 2518
3 2437 2520 2519
3 2438 2521 2520
3 2439 2522 2521
3 2440 2523 2522
3 2441 2524 2523
3 2442 2525 2524
3 2443 2526 2525
3 2444 2527 2526
3 2445 2528 2527
3 2446 2529 2528
3 2447 2530 2529
3 2448 2531 2530
3 2449 2532 2531
3 2450 2533 2532
3 2451 2534 2533
3 2452 2535 2534
3 2453 2536 2535
3 2454 2537 2536
3 2455 2538 2537
3 2456 2539 2538
3 2457 2540 2539
3 2458 2541 2540
3 2459 2542 2541
3 2460 2543 2542
3 2461 2544 2543
3 2462 2545 2544
3 2463 2546 2545
3 2464 2547 2546
3 2465 2548 2547
3 2466 2549 2548
3 2467 2550 2549
3 2468 2551 2550
3 2470 2553 2552
3 2471 2554 2553
3 2472 2555 2554
3 2473 2556 2555
3 2474 2557 2556
3 2475 2558 2557
3 2476 2559 2558
3 2477 2560 2559
3 2478 2561 2560
3 2479 2562 2561
3 2480 2563 2562
3 2481 2564 2563
3 2482 2565 2564
3 2483 2566 2565
3 2484 2567 2566
3 2485 2568 2567
3 2486 2569 2568
3 2487 2570 2569
3 2488 2571 2570
3 2489 2572 2571
3 2490 2573 2572
3 2491 2574 2573
3 2492 2575 2574
3 2493 2576 2575
3 2494 2577 2576
3 2495 2578 2577
3 2496 2579 2578
3 2497 2580 2579
3 2498 2581 2580
3 2499 2582 2581
3 2500 2583 2582
3 2501 2584 2583
3 2502 2585 2584
3 2503 2586 2585
3 2504 2587 2586
3 2505 2588 2587
3 2506 2589 2588
3 2507 2590 2589
3 2508 2591 2590
3 2509 2592 2591
3 2510 2593 2592
3 2511 2594 2593
3 2512 2595 2594
3 2513 2596 2595
3 2514 2597 2596
3 2515 2598 2597
3 2516 2599 2598
3 2517 2600 2599
3 2518 2601 2600
3 2519 2602 2601
3 2520 2603 2602
3 2521 2604 2603
3 2522 2605 2604
3 2523 2606 2605
3 2524 2607 2606
3 2525 2608 2607
3 2526 2609 2608
3 2527 2610 2609
3 2528 2611 2610
3 2529 2612 2611
3 2530 2613 2612
3 2531 2614 2613
3 2532 2615 2614
3 2533 2616 2615
3 2534 2617 2616
3 2535 2618 2617
3 2536 2619 2618
3 2537 2620 2619
3 2538 2621 2620
3 2539 2622 2621
3 2540 2623 2622
3 2541 2624 2623
3 2542 2625 2624
3 2543 2626 2625
3 2544 2627 2626
3 2545 2628 2627
3 2546 2629 2628
3 2547 2630 2629
3 2548 2631 2630
3 2549 2632 2631
3 2550 2633 2632
3 2551 2634 2633
3 2553 2636 2635
3 2554 2637 2636
3 2555 2638 2637
3 2556 2639 2638
3 2557 2640 2639
3 2558 2641 2640
3 2559 2642 2641
3 2560 2643 2642
3 2561 2644 2643
3 2562 2645 2644
3 2563 2646 2645
3 2564 2647 2646
3 2565 2648 2647
3 2566 2649 2648
3 2567 2650 2649
3 2568 2651 2650
3 2569 2652 2651
3 2570 2653 2652
3 2571 2654 2653
3 2572 2655 2654
3 2573 2656 2655
3 2574 2657 2656
3 2575 2658 2657
3 2576 2659 2658
3 2577 2660 2659
3 2578 2661 2660
3 2579 2662 2661
3 2580 2663 2662
3 2581 2664 2663
3 2582 2665 2664
3 2583 2666 2665
3 2584 2667 2666
3 2585 2668 2667
3 2586 2669 2668
3 2587 2670 2669
3 2588 2671 2670
3 2589 2672 2671
3 2590 2673 2672
3 2591 2674 2673
3 2592 2675 2674
3 2593 2676 2675
3 2594 2677 2676
3 2595 2678 2677
3 2596 2679 2678
3 2597 2680 2679
3 2598 2681 2680
3 2599 2682 2681
3 2600 2683 2682
3 2601 2684 2683
3 2602 2685 2684
3 2603 2686 2685
3 2604 2687 2686
3 2605 2688 2687
3 2606 2689 2688
3 2607 2690 2689
3 2608 2691 2690
3 2609 2692 2691
3 2610 2693 2692
3 2611 2694 2693
3 2612 2695 2694
3 2613 2696 2695
3 2614 2697 2696
3 2615 2698 2697
3 2616 2699 2698
3 2617 2700 2699
3 2618 2701 2700
3 2619 2702 2701
3 2620 2703 2702
3 2621 2704 2703
3 2622 2705 2704
3 2623 2706 2705
3 2624 2707 2706
3 2625 2708 2707
3 2626 2709 2708
3 2627 2710 2709
3 2628 2711 2710
3 2629 2712 2711
3 2630 2713 2712
3 2631 2714 2713
3 2632 2715 2714
3 2633 2716 2715
3 2637 2718 2717
3 2638 2719 2718
3 2639 2720 2719
3 2640 2721 2720
3 2641 2722 2721
3 2642 2723 2722
3 2643 2724 2723
3 2644 2725 2724
3 2645 2726 2725
3 2646 2727 2726
3 2647 2728 2727
3 2648 2729 2728
3 2649 2730 2729
3 2650 2731 2730
3 2651 2732 2731
3 2652 2733 2732
3 2653 2734 2733
3 2654 2735 2734
3 2655 2736 2735
3 2656 2737 2736
3 2657 2738 2737
3 2658 2739 2738
3 2659 2740 2739
3 2660 2741 2740
3 2661 2742 2741
3 2662 2743 2742
3 2663 2744 2743
3 2664 2745 2744
3 2665 2746 2745
3 2666 2747 2746
3 2667 2748 2747
3 2668 2749 2748
3 2669 2750 2749
3 2670 2751 2750
3 2671 2752 2751
3 2672 2753 2752
3 2673 2754 2753
3 2674 2755 2754
3 2675 2756 2755
3 2676 2757 2756
3 2677 2758 2757
3 2678 2759 2758
3 2679 2760 2759
3 2680 2761 2760
3 2681 2762 2761
3 2682 2763 2762
3 2683 2764 2763
3 2684 2765 2764
3 2685 2766 2765
3 2686 2767 2766
3 2687 2768 2767
3 2688 2769 2768
3 2689 2770 2769
3 2690 2771 2770
3 2691 2772 2771
3 2692 2773 2772
3 2693 2774 2773
3 2694 2775 2774
3 2695 2776 2775
3 2696 2777 2776
3 2697 2778 2777
3 2698 2779 2778
3 2699 2780 2779
3 2700 2781 2780
3 2701 2782 2781
3 2702 2783 2782
3 2703 2784 2783
3 2704 2785 2784
3 2705 2786 2785
3 2706 2787 2786
3 2707 2788 2787
3 2708 2789 2788
3 2709 2790 2789
3 2710 2791 2790
3 2711 2792 2791
3 2712 2793 2792
3 2713 2794 2793
3 2714 2795 2794
3 2715 2796 2795
3 2716 2797 2796
3 2718 2799 2798
3 2719 2800 2799
3 2720 2801 2800
3 2721 2802 2801
3 2722 2803 2802
3 2723 2804 2803
3 2724 2805 2804
3 2725 2806 2805
3 2726 2807 2806
3 2727 2808 2807
3 2728 2809 2808
3 2729 2810 2809
3 2730 2811 2810
3 2731 2812 2811
3 2732 2813 2812
3 2733 2814 2813
3 2734 2815 2814
3 2735 2816 2815
3 2736 2817 2816
3 2737 2818 2817
3 2738 2819 2818
3 2739 2820 2819
3 2740 2821 2820
3 2741 2822 2821
3 2742 2823 2822
3 2743 2824 2823
3 2744 2825 2824
3 2745 2826 2825
3 2746 2827 2826
3 2747 2828 2827
3 2748 2829 2828
3 2749 2830 2829
3 2750 2831 2830
3 2751 2832 2831
3 2752 2833 2832
3 2753 2834 2833
3 2754 2835 2834
3 2755 2836 2835
3 2756 2837 2836
3 2757 2838 2837
3 2758 2839 2838
3 2759 2840 2839
3 2760 2841 2840
3 2761 2842 2841
3 2762 2843 2842
3 2763 2844 2843
3 2764 2845 2844
3 2765 2846 2845
3 2766 2847 2846
3 2767 2848 2847
3 2768 2849 2848
3 2769 2850 2849
3 2770 2851 2850
3 2771 2852 2851
3 2772 2853 2852
3 2773 2854 2853
3 2774 2855 2854
3 2775 2856 2855
3 2776 2857 2856
3 2777 2858 2857
3 2778 2859 2858
3 2779 2860 2859
3 2780 2861 2860
3 2781 2862 2861
3 2782 2863 2862
3 2783 2864 2863
3 2784 2865 2864
3 2785 2866 2865
3 2786 2867 2866
3 2787 2868 2867
3 2788 2869 2868
3 2789 2870 2869
3 2790 2871 2870
3 2791 2872 2871
3 2792 2873 2872
3 2793 2874 2873
3 2794 2875 2874
3 2795 2876 2875
3 2796 2877 2876
3 2797 2878 2877
3 2799 2880 2879
3 2800 2881 2880
3 2801 2882 2881
3 2802 2883 2882
3 2803 2884 2883
3 2804 2885 2884
3 2805 2886 2885
3 2806 2887 2886
3 2807 2888 2887
3 2808 2889 2888
3 2809 2890 2889
3 2810 2891 2890
3 2811 2892 2891
3 2812 2893 2892
3 2813 2894 2893
3 2814 2895 2894
3 2815 2896 2895
3 2816 2897 2896
3 2817 2898 2897
3 2818 2899 2898
3 2819 2900 2899
3 2820 2901 2900
3 2821 2902 2901
3 2822 2903 2902
3 2823 2904 2903
3 2824 2905 2904
3 2825 2906 2905
3 2826 2907 2906
3 2827 2908 2907
3 2828 2909 2908
3 2829 2910 2909
3 2830 2911 2910
3 2831 2912 2911
3 2832 2913 2912
3 2833 2914 2913
3 2834 2915 2914
3 2835 2916 2915
3 2836 2917 2916
3 2837 2918 2917
3 2838 2919 2918
3 2839 2920 2919
3 2840 2921 2920
3 2841 2922 2921
3 2842 2923 2922
3 2843 2924 2923
3 2844 2925 2924
3 2845 2926 2925
3 2846 2927 2926
3 2847 2928 2927
3 2848 2929 2928
3 2849 2930 2929
3 2850 2931 2930
3 2851 2932 2931
3 2852 2933 2932
3 2853 2934 2933
3 2854 2935 2934
3 2855 2936 2935
3 2856 2937 2936
3 2857 2938 2937
3 2858 2939 2938
3 2859 2940 2939
3 2860 2941 2940
3 2861 2942 2941
3 2862 2943 2942
3 2863 2944 2943
3 2864 2945 2944
3 2865 2946 2945
3 2866 2947 2946
3 2867 2948 2947
3 2868 2949 2948
3 2869 2950 2949
3 2870 2951 2950
3 2871 2952 2951
3 2872 2953 2952
3 2873 2954 2953
3 2874 2955 2954
3 2875 2956 2955
3 2876 2957 2956
3 2877 2958 2957
3 2878 2959 2958
3 2880 2961 2960
3 2881 2962 2961
3 2882 2963 2962
3 2883 2964 2963
3 2884 2965 2964
3 2885 2966 2965
3 2886 2967 2966
3 2887 2968 2967
3 2888 2969 2968
3 2889 2970 2969
3 2890 2971 2970
3 2891 2972 2971
3 2892 2973 2972
3 2893 2974 2973
3 2894 2975 2974
3 2895 2976 2975
3 2896 2977 2976
3 2897 2978 2977
3 2898 2979 2978
3 2899 2980 2979
3 2900 2981 2980
3 2901 2982 2981
3 2902 2983 2982
3 2903 2984 2983
3 2904 2985 2984
3 2905 2986 2985
3 2906 2987 2986
3 2907 2988 2987
3 2908 2989 2988
3 2909 2990 2989
3 2910 2991 2990
3 2911 2992 2991
3 2912 2993 2992
3 2913 2994 2993
3 2914 2995 2994
3 2915 2996 2995
3 2916 2997 2996
3 2917 2998 2997
3 2918 2999 2998
3 2919 3000 2999
3 2920 3001 3000
3 2921 3002 3001
3 2922 3003 3002
3 2923 3004 3003
3 2924 3005 3004
3 2925 3006 3005
3 2926 3007 3006
3 2927 3008 3007
3 2928 3009 3008
3 2929 3010 3009
3 2930 3011 3010
3 2931 3012 3011
3 2932 3013 3012
3 2933 3014 3013
3 2934 3015 3014
3 2935 3016 3015
3 2936 3017 3016
3 2937 3018 3017
3 2938 3019 3018
3 2939 3020 3019
3 2940 3021 3020
3 2941 3022 3021
3 2942 3023 3022
3 2943 3024 3023
3 2944 3025 3024
3 2945 3026 3025
3 2946 3027 3026
3 2947 3028 3027
3 2948 3029 3028
3 2949 3030 3029
3 2950 3031 3030
3 2951 3032 3031
3 2952 3033 3032
3 2953 3034 3033
3 2954 3035 3034
3 2955 3036 3035
3 2956 3037 3036
3 2957 3038 3037
3 2958 3039 3038
3 2962 3041 3040
3 2963 3042 3041
3 2964 3043 3042
3 2965 3044 3043
3 2966 3045 3044
3 2967 3046 3045
3 2968 3047 3046
3 2969 3048 3047
3 2970 3049 3048
3 2971 3050 3049
3 2972 3051 3050
3 2973 3052 3051
3 2974 3053 3052
3 2975 3054 3053
3 2976 3055 3054
3 2977 3056 3055
3 2978 3057 3056
3 2979 3058 3057
3 2980 3059 3058
3 2981 3060 3059
3 2982 3061 3060
3 2983 3062 3061
3 2984 3063 3062
3 2985 3064 3063
3 2986 3065 3064
3 2987 3066 3065
3 2988 3067 3066
3 2989 3068 3067
3 2990 3069 3068
3 2991 3070 3069
3 2992 3071 3070
3 2993 3072 3071
3 2994 3073 3072
3 2995 3074 3073
3 2996 3075 3074
3 2997 3076 3075
3 2998 3077 3076
3 2999 3078 3077
3 3000 3079 3078
3 3001 3080 3079
3 3002 3081 3080
3 3003 3082 3081
3 3004 3083 3082
3 3005 3084 3083
3 3006 3085 3084
3 3007 3086 3085
3 3008 3087 3086
3 3009 3088 3087
3 3010 3089 3088
3 3011 3090 3089
3 3012 3091 3090
3 3013 3092 3091
3 3014 3093 3092
3 3015 3094 3093
3 3016 3095 3094
3 3017 3096 3095
3 3018 3097 3096
3 3019 3098 3097
3 3020 3099 3098
3 3021 3100 3099
3 3022 3101 3100
3 3023 3102 3101
3 3024 3103 3102
3 3025 3104 3103
3 3026 3105 3104
3 3027 3106 3105
3 3028 3107 3106
3 3029 3108 3107
3 3030 3109 3108
3 3031 3110 3109
3 3032 3111 3110
3 3033 3112 3111
3 3034 3113 3112
3 3035 3114 3113
3 3036 3115 3114
3 3037 3116 3115
3 3038 3117 3116
3 3039 3118 3117
3 3041 3120 3119
3 3042 3121 3120
3 3043 3122 3121
3 3044 3123 3122
3 3045 3124 3123
3 3046 3125 3124
3 3047 3126 3125
3 3048 3127 3126
3 3049 3128 3127
3 3050 3129 3128
3 3051 3130 3129
3 3052 3131 3130
3 3053 3132 3131
3 3054 3133 3132
3 3055 3134 3133
3 3056 3135 3134
3 3057 3136 3135
3 3058 3137 3136
3 3059 3138 3137
3 3060 3139 3138
3 3061 3140 3139
3 3062 3141 3140
3 3063 3142 3141
3 3064 3143 3142
3 3065 3144 3143
3 3066 3145 3144
3 3067 3146 3145
3 3068 3147 3146
3 3069 3148 3147
3 3070 3149 3148
3 3071 3150 3149
3 3072 3151 3150
3 3073 3152 3151
3 3074 3153 3152
3 3075 3154 3153
3 3076 3155 3154
3 3077 3156 3155
3 3078 3157 3156
3 3079 3158 3157
3 3080 3159 3158
3 3081 3160 3159
3 3082 3161 3160
3 3083 3162 3161
3 3084 3163 3162
3 3085 3164 3163
3 3086 3165 3164
3 3087 3166 3165
3 3088 3167 3166
3 3089 3168 3167
3 3090 3169 3168
3 3091 3170 3169
3 3092 3171 3170
3 3093 3172 3171
3 3094 3173 3172
3 3095 3174 3173
3 3096 3175 3174
3 3097 3176 3175
3 3098 3177 3176
3 3099 3178 3177
3 3100 3179 3178
3 3101 3180 3179
3 3102 3181 3180
3 3103 3182 3181
3 3104 3183 3182
3 3105 3184 3183
3 3106 3185 3184
3 3107 3186 3185
3 3108 3187 3186
3 3109 3188 3187
3 3110 3189 3188
3 3111 3190 3189
3 3112 3191 3190
3 3113 3192 3191
3 3114 3193 3192
3 3115 3194 3193
3 3116 3195 3194
3 3117 3196 3195
3 3120 3198 3197
3 3121 3199 3198
3 3122 3200 3199
3 3123 3201 3200
3 3124 3202 3201
3 3125 3203 3202
3 3126 3204 3203
3 3127 3205 3204
3 3128 3206 3205
3 3129 3207 3206
3 3130 3208 3207
3 3131 3209 3208
3 3132 3210 3209
3 3133 3211 3210
3 3134 3212 3211
3 3135 3213 3212
3 3136 3214 3213
3 3137 3215 3214
3 3138 3216 3215
3 3139 3217 3216
3 3140 3218 3217
3 3141 3219 3218
3 3142 3220 3219
3 3143 3221 3220
3 3144 3222 3221
3 3145 3223 3222
3 3146 3224 3223
3 3147 3225 3224
3 3148 3226 3225
3 3149 3227 3226
3 3150 3228 3227
3 3151 3229 3228
3 3152 3230 3229
3 3153 3231 3230
3 3154 3232 3231
3 3155 3233 3232
3 3156 3234 3233
3 3157 3235 3234
3 3158 3236 3235
3 3159 3237 3236
3 3160 3238 3237
3 3161 3239 3238
3 3162 3240 3239
3 3163 3241 3240
3 3164 3242 3241
3 3165 3243 3242
3 3166 3244 3243
3 3167 3245 3244
3 3168 3246 3245
3 3169 3247 3246
3 3170 3248 3247
3 3171 3249 3248
3 3172 3250 3249
3 3173 3251 3250
3 3174 3252 3251
3 3175 3253 3252
3 3176 3254 3253
3 3177 3255 3254
3 3178 3256 3255
3 3179 3257 3256
3 3180 3258 3257
3 3181 3259 3258
3 3182 3260 3259
3 3183 3261 3260
3 3184 3262 3261
3 3185 3263 3262
3 3186 3264 3263
3 3187 3265 3264
3 3188 3266 3265
3 3189 3267 3266
3 3190 3268 3267
3 3191 3269 3268
3 3192 3270 3269
3 3193 3271 3270
3 3194 3272 3271
3 3195 3273 3272
3 3198 3275 3274
3 3199 3276 3275
3 3200 3277 3276
3 3201 3278 3277
3 3202 3279 3278
3 3203 3280 3279
3 3204 3281 3280
3 3205 3282 3281
3 3206 3283 3282
3 3207 3284 3283
3 3208 3285 3284
3 3209 3286 3285
3 3210 3287 3286
3 3211 3288 3287
3 3212 3289 3288
3 3213 3290 3289
3 3214 3291 3290
3 3215 3292 3291
3 3216 3293 3292
3 3217 3294 3293
3 3218 3295 3294
3 3219 3296 3295
3 3220 3297 3296
3 3221 3298 3297
3 3222 3299 3298
3 3223 3300 3299
3 3224 3301 3300
3 3225 3302 3301
3 3226 3303 3302
3 3227 3304 3303
3 3228 3305 3304
3 3229 3306 3305
3 3230 3307 3306
3 3231 3308 3307
3 3232 3309 3308
3 3233 3310 3309
3 3234 3311 3310
3 3235 3312 3311
3 3236 3313 3312
3 3237 3314 3313
3 3238 3315 3314
3 3239 3316 3315
3 3240 3317 3316
3 3241 3318 3317
3 3242 3319 3318
3 3243 3320 3319
3 3244 3321 3320
3 3245 3322 3321
3 3246 3323 3322
3 3247 3324 3323
3 3248 3325 3324
3 3249 3326 3325
3 3250 3327 3326
3 3251 3328 3327
3 3252 3329 3328
3 3253 3330 3329
3 3254 3331 3330
3 3255 3332 3331
3 3256 3333 3332
3 3257 3334 3333
3 3258 3335 3334
3 3259 3336 3335
3 3260 3337 3336
3 3261 3338 3337
3 3262 3339 3338
3 3263 3340 3339
3 3264 3341 3340
3 3265 3342 3341
3 3266 3343 3342
3 3267 3344 3343
3 3268 3345 3344
3 3269 3346 3345
3 3270 3347 3346
3 3271 3348 3347
3 3272 3349 3348
3 3273 3350 3349
3 3275 3352 3351
3 3276 3353 3352
3 3277 3354 3353
3 3278 3355 3354
3 3279 3356 3355
3 3280 3357 3356
3 3281 3358 3357
3 3282 3359 3358
3 3283 3360 3359
3 3284 3361 3360
3 3285 3362 3361
3 3286 3363 3362
3 3287 3364 3363
3 3288 3365 3364
3 3289 3366 3365
3 3290 3367 3366
3 3291 3368 3367
3 3292 3369 3368
3 3293 3370 3369
3 3294 3371 3370
3 3295 3372 3371
3 3296 3373 3372
3 3297 3374 3373
3 3298 3375 3374
3 3299 3376 3375
3 3300 3377 3376
3 3301 3378 3377
3 3302 3379 3378
3 3303 3380 3379
3 3304 3381 3380
3 3305 3382 3381
3 3306 3383 3382
3 3307 3384 3383
3 3308 3385 3384
3 3309 3386 3385
3 3310 3387 3386
3 3311 3388 3387
3 3312 3389 3388
3 3313 3390 3389
3 3314 3391 3390
3 3315 3392 3391
3 3316 3393 3392
3 3317 3394 3393
3 3318 3395 3394
3 3319 3396 3395
3 3320 3397 3396
3 3321 3398 3397
3 3322 3399 3398
3 3323 3400 3399
3 3324 3401 3400
3 3325 3402 3401
3 3326 3403 3402
3 3327 3404 3403
3 3328 3405 3404
3 3329 3406 3405
3 3330 3407 3406
3 3331 3408 3407
3 3332 3409 3408
3 3333 3410 3409
3 3334 3411 3410
3 3335 3412 3411
3 3336 3413 3412
3 3337 3414 3413
3 3338 3415 3414
3 3339 3416 3415
3 3340 3417 3416
3 3341 3418 3417
3 3342 3419 3418
3 3343 3420 3419
3 3344 3421 3420
3 3345 3422 3421
3 3346 3423 3422
3 3347 3424 3423
3 3348 3425 3424
3 3349 3426 3425
3 3352 3428 3427
3 3353 3429 3428
3 3354 3430 3429
3 3355 3431 3430
3 3356 3432 3431
3 3357 3433 3432
3 3358 3434 3433
3 3359 3435 3434
3 3360 3436 3435
3 3361 3437 3436
3 3362 3438 3437
3 3363 3439 3438
3 3364 3440 3439
3 3365 3441 3440
3 3366 3442 3441
3 3367 3443 3442
3 3368 3444 3443
3 3369 3445 3444
3 3370 3446 3445
3 3371 3447 3446
3 3372 3448 3447
3 3373 3449 3448
3 3374 3450 3449
3 3375 3451 3450
3 3376 3452 3451
3 3377 3453 3452
3 3378 3454 3453
3 3379 3455 3454
3 3380 3456 3455
3 3381 3457 3456
3 3382 3458 3457
3 3383 3459 3458
3 3384 3460 3459
3 3385 3461 3460
3 3386 3462 3461
3 3387 3463 3462
3 3388 3464 3463
3 3389 3465 3464
3 3390 3466 3465
3 3391 3467 3466
3 3392 3468 3467
3 3393 3469 3468
3 3394 3470 3469
3 3395 3471 3470
3 3396 3472 3471
3 3397 3473 3472
3 3398 3474 3473
3 3399 3475 3474
3 3400 3476 3475
3 3401 3477 3476
3 3402 3478 3477
3 3403 3479 3478
3 3404 3480 3479
3 3405 3481 3480
3 3406 3482 3481
3 3407 3483 3482
3 3408 3484 3483
3 3409 3485 3484
3 3410 3486 3485
3 3411 3487 3486
3 3412 3488 3487
3 3413 3489 3488
3 3414 3490 3489
3 3415 3491 3490
3 3416 3492 3491
3 3417 3493 3492
3 3418 3494 3493
3 3419 3495 3494
3 3420 3496 3495
3 3421 3497 3496
3 3422 3498 3497
3 3423 3499 3498
3 3424 3500 3499
3 3425 3501 3500
3 3428 3503 3502
3 3429 3504 3503
3 3430 3505 3504
3 3431 3506 3505
3 3432 3507 3506
3 3433 3508 3507
3 3434 3509 3508
3 3435 3510 3509
3 3436 3511 3510
3 3437 3512 3511
3 3438 3513 3512
3 3439 3514 3513
3 3440 3515 3514
3 3441 3516 3515
3 3442 3517 3516
3 3443 3518 3517
3 3444 3519 3518
3 3445 3520 3519
3 3446 3521 3520
3 3447 3522 3521
3 3448 3523 3522
3 3449 3524 3523
3 3450 3525 3524
3 3451 3526 3525
3 3452 3527 3526
3 3453 3528 3527
3 3454 3529 3528
3 3455 3530 3529
3 3456 3531 3530
3 3457 3532 3531
3 3458 3533 3532
3 3459 3534 3533
3 3460 3535 3534
3 3461 3536 3535
3 3462 3537 3536
3 3463 3538 3537
3 3464 3539 3538
3 3465 3540 3539
3 3466 3541 3540
3 3467 3542 3541
3 3468 3543 3542
3 3469 3544 3543
3 3470 3545 3544
3 3471 3546 3545
3 3472 3547 3546
3 3473 3548 3547
3 3474 3549 3548
3 3475 3550 3549
3 3476 3551 3550
3 3477 3552 3551
3 3478 3553 3552
3 3479 3554 3553
3 3480 3555 3554
3 3481 3556 3555
3 3482 3557 3556
3 3483 3558 3557
3 3484 3559 3558
3 3485 3560 3559
3 3486 3561 3560
3 3487 3562 3561
3 3488 3563 3562
3 3489 3564 3563
3 3490 3565 3564
3 3491 3566 3565
3 3492 3567 3566
3 3493 3568 3567
3 3494 3569 3568
3 3495 3570 3569
3 3496 3571 3570
3 3497 3572 3571
3 3498 3573 3572
3 3499 3574 3573
3 3500 3575 3574
3 3504 3577 3576
3 3505 3578 3577
3 3506 3579 3578
3 3507 3580 3579
3 3508 3581 3580
3 3509 3582 3581
3 3510 3583 3582
3 3511 3584 3583
3 3512 3585 3584
3 3513 3586 3585
3 3514 3587 3586
3 3515 3588 3587
3 3516 3589 3588
3 3517 3590 3589
3 3518 3591 3590
3 3519 3592 3591
3 3520 3593 3592
3 3521 3594 3593
3 3522 3595 3594
3 3523 3596 3595
3 3524 3597 3596
3 3525 3598 3597
3 3526 3599 3598
3 3527 3600 3599
3 3528 3601 3600
3 3529 3602 3601
3 3530 3603 3602
3 3531 3604 3603
3 3532 3605 3604
3 3533 3606 3605
3 3534 3607 3606
3 3535 3608 3607
3 3536 3609 3608
3 3537 3610 3609
3 3538 3611 3610
3 3539 3612 3611
3 3540 3613 3612
3 3541 3614 3613
3 3542 3615 3614
3 3543 3616 3615
3 3544 3617 3616
3 3545 3618 3617
3 3546 3619 3618
3 3547 3620 3619
3 3548 3621 3620
3 3549 3622 3621
3 3550 3623 3622
3 3551 3624 3623
3 3552 3625 3624
3 3553 3626 3625
3 3554 3627 3626
3 3555 3628 3627
3 3556 3629 3628
3 3557 3630 3629
3 3558 3631 3630
3 3559 3632 3631
3 3560 3633 3632
3 3561 3634 3633
3 3562 3635 3634
3 3563 3636 3635
3 3564 3637 3636
3 3565 3638 3637
3 3566 3639 3638
3 3567 3640 3639
3 3568 3641 3640
3 3569 3642 3641
3 3570 3643 3642
3 3571 3644 3643
3 3572 3645 3644
3 3573 3646 3645
3 3574 3647 3646
3 3575 3648 3647
3 3577 3650 3649
3 3578 3651 3650
3 3579 3652 3651
3 3580 3653 3652
3 3581 3654 3653
3 3582 3655 3654
3 3583 3656 3655
3 3584 3657 3656
3 3585 3658 3657
3 3586 3659 3658
3 3587 3660 3659
3 3588 3661 3660
3 3589 3662 3661
3 3590 3663 3662
3 3591 3664 3663
3 3592 3665 3664
3 3593 3666 3665
3 3594 3667 3666
3 3595 3668 3667
3 3596 3669 3668
3 3597 3670 3669
3 3598 3671 3670
3 3599 3672 3671
3 3600 3673 3672
3 3601 3674 3673
3 3602 3675 3674
3 3603 3676 3675
3 3604 3677 3676
3 3605 3678 3677
3 3606 3679 3678
3 3607 3680 3679
3 3608 3681 3680
3 3609 3682 3681
3 3610 3683 3682
3 3611 3684 3683
3 3612 3685 3684
3 3613 3686 3685
3 3614 3687 3686
3 3615 3688 3687
3 3616 3689 3688
3 3617 3690 3689
3 3618 3691 3690
3 3619 3692 3691
3 3620 3693 3692
3 3621 3694 3693
3 3622 3695 3694
3 3623 3696 3695
3 3624 3697 3696
3 3625 3698 3697
3 3626 3699 3698
3 3627 3700 3699
3 3628 3701 3700
3 3629 3702 3701
3 3630 3703 3702
3 3631 3704 3703
3 3632 3705 3704
3 3633 3706 3705
3 3634 3707 3706
3 3635 3708 3707
3 3636 3709 3708
3 3637 3710 3709
3 3638 3711 3710
3 3639 3712 3711
3 3640 3713 3712
3 3641 3714 3713
3 3642 3715 3714
3 3643 3716 3715
3 3644 3717 3716
3 3645 3718 3717
3 3646 3719 3718
3 3647 3720 3719
3 3648 3721 3720
3 3650 3723 3722
3 3651 3724 3723
3 3652 3725 3724
3 3653 3726 3725
3 3654 3727 3726
3 3655 3728 3727
3 3656 3729 3728
3 3657 3730 3729
3 3658 3731 3730
3 3659 3732 3731
3 3660 3733 3732
3 3661 3734 3733
3 3662 3735 3734
3 3663 3736 3735
3 3664 3737 3736
3 3665 3738 3737
3 3666 3739 3738
3 3667 3740 3739
3 3668 3741 3740
3 3669 3742 3741
3 3670 3743 3742
3 3671 3744 3743
3 3672 3745 3744
3 3673 3746 3745
3 3674 3747 3746
3 3675 3748 3747
3 3676 3749 3748
3 3677 3750 3749
3 3678 3751 3750
3 3679 3752 3751
3 3680 3753 3752
3 3681 3754 3753
3 3682 3755 3754
3 3683 3756 3755
3 3684 3757 3756
3 3685 3758 3757
3 3686 3759 3758
3 3687 3760 3759
3 3688 3761 3760
3 3689 3762 3761
3 3690 3763 3762
3 3691 3764 3763
3 3692 3765 3764
3 3693 3766 3765
3 3694 3767 3766
3 3695 3768 3767
3 3696 3769 3768
3 3697 3770 3769
3 3698 3771 3770
3 3699 3772 3771
3 3700 3773 3772
3 3701 3774 3773
3 3702 3775 3774
3 3703 3776 3775
3 3704 3777 3776
3 3705 3778 3777
3 3706 3779 3778
3 3707 3780 3779
3 3708 3781 3780
3 3709 3782 3781
3 3710 3783 3782
3 3711 3784 3783
3 3712 3785 3784
3 3713 3786 3785
3 3714 3787 3786
3 3715 3788 3787
3 3716 3789 3788
3 3717 3790 3789
3 3718 3791 3790
3 3719 3792 3791
3 3720 3793 3792
3 3721 3794 3793
3 3723 3796 3795
3 3724 3797 3796
3 3725 3798 3797
3 3726 3799 3798
3 3727 3800 3799
3 3728 3801 3800
3 3729 3802 3801
3 3730 3803 3802
3 3731 3804 3803
3 3732 3805 3804
3 3733 3806 3805
3 3734 3807 3806
3 3735 3808 3807
3 3736 3809 3808
3 3737 3810 3809
3 3738 3811 3810
3 3739 3812 3811
3 3740 3813 3812
3 3741 3814 3813
3 3742 3815 3814
3 3743 3816 3815
3 3744 3817 3816
3 3745 3818 3817
3 3746 3819 3818
3 3747 3820 3819
3 3748 3821 3820
3 3749 3822 3821
3 3750 3823 3822
3 3751 3824 3823
3 3752 3825 3824
3 3753 3826 3825
3 3754 3827 3826
3 3755 3828 3827
3 3756 3829 3828
3 3757 3830 3829
3 3758 3831 3830
3 3759 3832 3831
3 3760 3833 3832
3 3761 3834 3833
3 3762 3835 3834
3 3763 3836 3835
3 3764 3837 3836
3 3765 3838 3837
3 3766 3839 3838
3 3767 3840 3839
3 3768 3841 3840
3 3769 3842 3841
3 3770 3843 3842
3 3771 3844 3843
3 3772 3845 3844
3 3773 3846 3845
3 3774 3847 3846
3 3775 3848 3847
3 3776 3849 3848
3 3777 3850 3849
3 3778 3851 3850
3 3779 3852 3851
3 3780 3853 3852
3 3781 3854 3853
3 3782 3855 3854
3 3783 3856 3855
3 3784 3857 3856
3 3785 3858 3857
3 3786 3859 3858
3 3787 3860 3859
3 3788 3861 3860
3 3789 3862 3861
3 3790 3863 3862
3 3791 3864 3863
3 3792 3865 3864
3 3793 3866 3865
3 3794 3867 3866
3 3796 3869 3868
3 3797 3870 3869
3 3798 3871 3870
3 3799 3872 3871
3 3800 3873 3872
3 3801 3874 3873
3 3802 3875 3874
3 3803 3876 3875
3 3804 3877 3876
3 3805 3878 3877
3 3806 3879 3878
3 3807 3880 3879
3 3808 3881 3880
3 3809 3882 3881
3 3810 3883 3882
3 3811 3884 3883
3 3812 3885 3884
3 3813 3886 3885
3 3814 3887 3886
3 3815 3888 3887
3 3816 3889 3888
3 3817 3890 3889
3 3818 3891 3890
3 3819 3892 3891
3 3820 3893 3892
3 3821 3894 3893
3 3822 3895 3894
3 3823 3896 3895
3 3824 3897 3896
3 3825 3898 3897
3 3826 3899 3898
3 3827 3900 3899
3 3828 3901 3900
3 3829 3902 3901
3 3830 3903 3902
3 3831 3904 3903
3 3832 3905 3904
3 3833 3906 3905
3 3834 3907 3906
3 3835 3908 3907
3 3836 3909 3908
3 3837 3910 3909
3 3838 3911 3910
3 3839 3912 3911
3 3840 3913 3912
3 3841 3914 3913
3 3842 3915 3914
3 3843 3916 3915
3 3844 3917 3916
3 3845 3918 3917
3 3846 3919 3918
3 3847 3920 3919
3 3848 3921 3920
3 3849 3922 3921
3 3850 3923 3922
3 3851 3924 3923
3 3852 3925 3924
3 3853 3926 3925
3 3854 3927 3926
3 3855 3928 3927
3 3856 3929 3928
3 3857 3930 3929
3 3858 3931 3930
3 3859 3932 3931
3 3860 3933 3932
3 3861 3934 3933
3 3862 3935 3934
3 3863 3936 3935
3 3864 3937 3936
3 3865 3938 3937
3 3866 3939 3938
3 3870 3941 3940
3 3871 3942 3941
3 3872 3943 3942
3 3873 3944 3943
3 3874 3945 3944
3 3875 3946 3945
3 3876 3947 3946
3 3877 3948 3947
3 3878 3949 3948
3 3879 3950 3949
3 3880 3951 3950
3 3881 3952 3951
3 3882 3953 3952
3 3883 3954 3953
3 3884 3955 3954
3 3885 3956 3955
3 3886 3957 3956
3 3887 3958 3957
3 3888 3959 3958
3 3889 3960 3959
3 3890 3961 3960
3 3891 3962 3961
3 3892 3963 3962
3 3893 3964 3963
3 3894 3965 3964
3 3895 3966 3965
3 3896 3967 3966
3 3897 3968 3967
3 3898 3969 3968
3 3899 3970 3969
3 3900 3971 3970
3 3901 3972 3971
3 3902 3973 3972
3 3903 3974 3973
3 3904 3975 3974
3 3905 3976 3975
3 3906 3977 3976
3 3907 3978 3977
3 3908 3979 3978
3 3909 3980 3979
3 3910 3981 3980
3 3911 3982 3981
3 3912 3983 3982
3 3913 3984 3983
3 3914 3985 3984
3 3915 3986 3985
3 3916 3987 3986
3 3917 3988 3987
3 3918 3989 3988
3 3919 3990 3989
3 3920 3991 3990
3 3921 3992 3991
3 3922 3993 3992
3 3923 3994 3993
3 3924 3995 3994
3 3925 3996 3995
3 3926 3997 3996
3 3927 3998 3997
3 3928 3999 3998
3 3929 4000 3999
3 3930 4001 4000
3 3931 4002 4001
3 3932 4003 4002
3 3933 4004 4003
3 3934 4005 4004
3 3935 4006 4005
3 3936 4007 4006
3 3937 4008 4007
3 3938 4009 4008
3 3941 4011 4010
3 3942 4012 4011
3 3943 4013 4012
3 3944 4014 4013
3 3945 4015 4014
3 3946 4016 4015
3 3947 4017 4016
3 3948 4018 4017
3 3949 4019 4018
3 3950 4020 4019
3 3951 4021 4020
3 3952 4022 4021
3 3953 4023 4022
3 3954 4024 4023
3 3955 4025 4024
3 3956 4026 4025
3 3957 4027 4026
3 3958 4028 4027
3 3959 4029 4028
3 3960 4030 4029
3 3961 4031 4030
3 3962 4032 4031
3 3963 4033 4032
3 3964 4034 4033
3 3965 4035 4034
3 3966 4036 4035
3 3967 4037 4036
3 3968 4038 4037
3 3969 4039 4038
3 3970 4040 4039
3 3971 4041 4040
3 3972 4042 4041
3 3973 4043 4042
3 3974 4044 4043
3 3975 4045 4044
3 3976 4046 4045
3 3977 4047 4046
3 3978 4048 4047
3 3979 4049 4048
3 3980 4050 4049
3 3981 4051 4050
3 3982 4052 4051
3 3983 4053 4052
3 3984 4054 4053
3 3985 4055 4054
3 3986 4056 4055
3 3987 4057 4056
3 3988 4058 4057
3 3989 4059 4058
3 3990 4060 4059
3 3991 4061 4060
3 3992 4062 4061
3 3993 4063 4062
3 3994 4064 4063
3 3995 4065 4064
3 3996 4066 4065
3 3997 4067 4066
3 3998 4068 4067
3 3999 4069 4068
3 4000 4070 4069
3 4001 4071 4070
3 4002 4072 4071
3 4003 4073 4072
3 4004 4074 4073
3 4005 4075 4074
3 4006 4076 4075
3 4007 4077 4076
3 4008 4078 4077
3 4012 4080 4079
3 4013 4081 4080
3 4014 4082 4081
3 4015 4083 4082
3 4016 4084 4083
3 4017 4085 4084
3 4018 4086 4085
3 4019 4087 4086
3 4020 4088 4087
3 4021 4089 4088
3 4022 4090 4089
3 4023 4091 4090
3 4024 4092 4091
3 4025 4093 4092
3 4026 4094 4093
3 4027 4095 4094
3 4028 4096 4095
3 4029 4097 4096
3 4030 4098 4097
3 4031 4099 4098
3 4032 4100 4099
3 4033 4101 4100
3 4034 4102 4101
3 4035 4103 4102
3 4036 4104 4103
3 4037 4105 4104
3 4038 4106 4105
3 4039 4107 4106
3 4040 4108 4107
3 4041 4109 4108
3 4042 4110 4109
3 4043 4111 4110
3 4044 4112 4111
3 4045 4113 4112
3 4046 4114 4113
3 4047 4115 4114
3 4048 4116 4115
3 4049 4117 4116
3 4050 4118 4117
3 4051 4119 4118
3 4052 4120 4119
3 4053 4121 4120
3 4054 4122 4121
3 4055 4123 4122
3 4056 4124 4123
3 4057 4125 4124
3 4058 4126 4125
3 4059 4127 4126
3 4060 4128 4127
3 4061 4129 4128
3 4062 4130 4129
3 4063 4131 4130
3 4064 4132 4131
3 4065 4133 4132
3 4066 4134 4133
3 4067 4135 4134
3 4068 4136 4135
3 4069 4137 4136
3 4070 4138 4137
3 4071 4139 4138
3 4072 4140 4139
3 4073 4141 4140
3 4074 4142 4141
3 4075 4143 4142
3 4076 4144 4143
3 4077 4145 4144
3 4078 4146 4145
3 4080 4149 4148
3 4081 4150 4149
3 4082 4151 4150
3 4083 4152 4151
3 4084 4153 4152
3 4085 4154 4153
3 4086 4155 4154
3 4087 4156 4155
3 4088 4157 4156
3 4089 4158 4157
3 4090 4159 4158
3 4091 4160 4159
3 4092 4161 4160
3 4093 4162 4161
3 4094 4163 4162
3 4095 4164 4163
3 4096 4165 4164
3 4097 4166 4165
3 4098 4167 4166
3 4099 4168 4167
3 4100 4169 4168
3 4101 4170 4169
3 4102 4171 4170
3 4103 4172 4171
3 4104 4173 4172
3 4105 4174 4173
3 4106 4175 4174
3 4107 4176 4175
3 4108 4177 4176
3 4109 4178 4177
3 4110 4179 4178
3 4111 4180 4179
3 4112 4181 4180
3 4113 4182 4181
3 4114 4183 4182
3 4115 4184 4183
3 4116 4185 4184
3 4117 4186 4185
3 4118 4187 4186
3 4119 4188 4187
3 4120 4189 4188
3 4121 4190 4189
3 4122 4191 4190
3 4123 4192 4191
3 4124 4193 4192
3 4125 4194 4193
3 4126 4195 4194
3 4127 4196 4195
3 4128 4197 4196
3 4129 4198 4197
3 4130 4199 4198
3 4131 4200 4199
3 4132 4201 4200
3 4133 4202 4201
3 4134 4203 4202
3 4135 4204 4203
3 4136 4205 4204
3 4137 4206 4205
3 4138 4207 4206
3 4139 4208 4207
3 4140 4209 4208
3 4141 4210 4209
3 4142 4211 4210
3 4143 4212 4211
3 4144 4213 4212
3 4145 4214 4213
3 4146 4215 4214
3 4147 4216 4215
3 4149 4218 4217
3 4150 4219 4218
3 4151 4220 4219
3 4152 4221 4220
3 4153 4222 4221
3 4154 4223 4222
3 4155 4224 4223
3 4156 4225 4224
3 4157 4226 4225
3 4158 4227 4226
3 4159 4228 4227
3 4160 4229 4228
3 4161 4230 4229
3 4162 4231 4230
3 4163 4232 4231
3 4164 4233 4232
3 4165 4234 4233
3 4166 4235 4234
3 4167 4236 4235
3 4168 4237 4236
3 4169 4238 4237
3 4170 4239 4238
3 4171 4240 4239
3 4172 4241 4240
3 4173 4242 4241
3 4174 4243 4242
3 4175 4244 4243
3 4176 4245 4244
3 4177 4246 4245
3 4178 4247 4246
3 4179 4248 4247
3 4180 4249 4248
3 4181 4250 4249
3 4182 4251 4250
3 4183 4252 4251
3 4184 4253 4252
3 4185 4254 4253
3 4186 4255 4254
3 4187 4256 4255
3 4188 4257 4256
3 4189 4258 4257
3 4190 4259 4258
3 4191 4260 4259
3 4192 4261 4260
3 4193 4262 4261
3 4194 4263 4262
3 4195 4264 4263
3 4196 4265 4264
3 4197 4266 4265
3 4198 4267 4266
3 4199 4268 4267
3 4200 4269 4268
3 4201 4270 4269
3 4202 4271 4270
3 4203 4272 4271
3 4204 4273 4272
3 4205 4274 4273
3 4206 4275 4274
3 4207 4276 4275
3 4208 4277 4276
3 4209 4278 4277
3 4210 4279 4278
3 4211 4280 4279
3 4212 4281 4280
3 4213 4282 4281
3 4214 4283 4282
3 4215 4284 4283
3 4216 4285 4284
3 4218 4287 4286
3 4219 4288 4287
3 4220 4289 4288
3 4221 4290 4289
3 4222 4291 4290
3 4223 4292 4291
3 4224 4293 4292
3 4225 4294 4293
3 4226 4295 4294
3 4227 4296 4295
3 4228 4297 4296
3 4229 4298 4297
3 4230 4299 4298
3 4231 4300 4299
3 4232 4301 4300
3 4233 4302 4301
3 4234 4303 4302
3 4235 4304 4303
3 4236 4305 4304
3 4237 4306 4305
3 4238 4307 4306
3 4239 4308 4307
3 4240 4309 4308
3 4241 4310 4309
3 4242 4311 4310
3 4243 4312 4311
3 4244 4313 4312
3 4245 4314 4313
3 4246 4315 4314
3 4247 4316 4315
3 4248 4317 4316
3 4249 4318 4317
3 4250 4319 4318
3 4251 4320 4319
3 4252 4321 4320
3 4253 4322 4321
3 4254 4323 4322
3 4255 4324 4323
3 4256 4325 4324
3 4257 4326 4325
3 4258 4327 4326
3 4259 4328 4327
3 4260 4329 4328
3 4261 4330 4329
3 4262 4331 4330
3 4263 4332 4331
3 4264 4333 4332
3 4265 4334 4333
3 4266 4335 4334
3 4267 4336 4335
3 4268 4337 4336
3 4269 4338 4337
3 4270 4339 4338
3 4271 4340 4339
3 4272 4341 4340
3 4273 4342 4341
3 4274 4343 4342
3 4275 4344 4343
3 4276 4345 4344
3 4277 4346 4345
3 4278 4347 4346
3 4279 4348 4347
3 4280 4349 4348
3 4281 4350 4349
3 4282 4351 4350
3 4283 4352 4351
3 4284 4353 4352
3 4285 4354 4353
3 4288 4356 4355
3 4289 4357 4356
3 4290 4358 4357
3 4291 4359 4358
3 4292 4360 4359
3 4293 4361 4360
3 4294 4362 4361
3 4295 4363 4362
3 4296 4364 4363
3 4297 4365 4364
3 4298 4366 4365
3 4299 4367 4366
3 4300 4368 4367
3 4301 4369 4368
3 4302 4370 4369
3 4303 4371 4370
3 4304 4372 4371
3 4305 4373 4372
3 4306 4374 4373
3 4307 4375 4374
3 4308 4376 4375
3 4309 4377 4376
3 4310 4378 4377
3 4311 4379 4378
3 4312 4380 4379
3 4313 4381 4380
3 4314 4382 4381
3 4315 4383 4382
3 4316 4384 4383
3 4317 4385 4384
3 4318 4386 4385
3 4319 4387 4386
3 4320 4388 4387
3 4321 4389 4388
3 4322 4390 4389
3 4323 4391 4390
3 4324 4392 4391
3 4325 4393 4392
3 4326 4394 4393
3 4327 4395 4394
3 4328 4396 4395
3 4329 4397 4396
3 4330 4398 4397
3 4331 4399 4398
3 4332 4400 4399
3 4333 4401 4400
3 4334 4402 4401
3 4335 4403 4402
3 4336 4404 4403
3 4337 4405 4404
3 4338 4406 4405
3 4339 4407 4406
3 4340 4408 4407
3 4341 4409 4408
3 4342 4410 4409
3 4343 4411 4410
3 4344 4412 4411
3 4345 4413 4412
3 4346 4414 4413
3 4347 4415 4414
3 4348 4416 4415
3 4349 4417 4416
3 4350 4418 4417
3 4351 4419 4418
3 4352 4420 4419
3 4353 4421 4420
3 4357 4423 4422
3 4358 4424 4423
3 4359 4425 4424
3 4360 4426 4425
3 4361 4427 4426
3 4362 4428 4427
3 4363 4429 4428
3 4364 4430 4429
3 4365 4431 4430
3 4366 4432 4431
3 4367 4433 4432
3 4368 4434 4433
3 4369 4435 4434
3 4370 4436 4435
3 4371 4437 4436
3 4372 4438 4437
3 4373 4439 4438
3 4374 4440 4439
3 4375 4441 4440
3 4376 4442 4441
3 4377 4443 4442
3 4378 4444 4443
3 4379 4445 4444
3 4380 4446 4445
3 4381 4447 4446
3 4382 4448 4447
3 4383 4449 4448
3 4384 4450 4449
3 4385 4451 4450
3 4386 4452 4451
3 4387 4453 4452
3 4388 4454 4453
3 4389 4455 4454
3 4390 4456 4455
3 4391 4457 4456
3 4392 4458 4457
3 4393 4459 4458
3 4394 4460 4459
3 4395 4461 4460
3 4396 4462 4461
3 4397 4463 4462
3 4398 4464 4463
3 4399 4465 4464
3 4400 4466 4465
3 4401 4467 4466
3 4402 4468 4467
3 4403 4469 4468
3 4404 4470 4469
3 4405 4471 4470
3 4406 4472 4471
3 4407 4473 4472
3 4408 4474 4473
3 4409 4475 4474
3 4410 4476 4475
3 4411 4477 4476
3 4412 4478 4477
3 4413 4479 4478
3 4414 4480 4479
3 4415 4481 4480
3 4416 4482 4481
3 4417 4483 4482
3 4418 4484 4483
3 4419 4485 4484
3 4420 4486 4485
3 4424 4488 4487
3 4425 4489 4488
3 4426 4490 4489
3 4427 4491 4490
3 4428 4492 4491
3 4429 4493 4492
3 4430 4494 4493
3 4431 4495 4494
3 4432 4496 4495
3 4433 4497 4496
3 4434 4498 4497
3 4435 4499 4498
3 4436 4500 4499
3 4437 4501 4500
3 4438 4502 4501
3 4439 4503 4502
3 4440 4504 4503
3 4441 4505 4504
3 4442 4506 4505
3 4443 4507 4506
3 4444 4508 4507
3 4445 4509 4508
3 4446 4510 4509
3 4447 4511 4510
3 4448 4512 4511
3 4449 4513 4512
3 4450 4514 4513
3 4451 4515 4514
3 4452 4516 4515
3 4453 4517 4516
3 4454 4518 4517
3 4455 4519 4518
3 4456 4520 4519
3 4457 4521 4520
3 4458 4522 4521
3 4459 4523 4522
3 4460 4524 4523
3 4461 4525 4524
3 4462 4526 4525
3 4463 4527 4526
3 4464 4528 4527
3 4465 4529 4528
3 4466 4530 4529
3 4467 4531 4530
3 4468 4532 4531
3 4469 4533 4532
3 4470 4534 4533
3 4471 4535 4534
3 4472 4536 4535
3 4473 4537 4536
3 4474 4538 4537
3 4475 4539 4538
3 4476 4540 4539
3 4477 4541 4540
3 4478 4542 4541
3 4479 4543 4542
3 4480 4544 4543
3 4481 4545 4544
3 4482 4546 4545
3 4483 4547 4546
3 4484 4548 4547
3 4485 4549 4548
3 4486 4550 4549
3 4489 4552 4551
3 4490 4553 4552
3 4491 4554 4553
3 4492 4555 4554
3 4493 4556 4555
3 4494 4557 4556
3 4495 4558 4557
3 4496 4559 4558
3 4497 4560 4559
3 4498 4561 4560
3 4499 4562 4561
3 4500 4563 4562
3 4501 4564 4563
3 4502 4565 4564
3 4503 4566 4565
3 4504 4567 4566
3 4505 4568 4567
3 4506 4569 4568
3 4507 4570 4569
3 4508 4571 4570
3 4509 4572 4571
3 4510 4573 4572
3 4511 4574 4573
3 4512 4575 4574
3 4513 4576 4575
3 4514 4577 4576
3 4515 4578 4577
3 4516 4579 4578
3 4517 4580 4579
3 4518 4581 4580
3 4519 4582 4581
3 4520 4583 4582
3 4521 4584 4583
3 4522 4585 4584
3 4523 4586 4585
3 4524 4587 4586
3 4525 4588 4587
3 4526 4589 4588
3 4527 4590 4589
3 4528 4591 4590
3 4529 4592 4591
3 4530 4593 4592
3 4531 4594 4593
3 4532 4595 4594
3 4533 4596 4595
3 4534 4597 4596
3 4535 4598 4597
3 4536 4599 4598
3 4537 4600 4599
3 4538 4601 4600
3 4539 4602 4601
3 4540 4603 4602
3 4541 4604 4603
3 4542 4605 4604
3 4543 4606 4605
3 4544 4607 4606
3 4545 4608 4607
3 4546 4609 4608
3 4547 4610 4609
3 4548 4611 4610
3 4549 4612 4611
3 4554 4614 4613
3 4555 4615 4614
3 4556 4616 4615
3 4557 4617 4616
3 4558 4618 4617
3 4559 4619 4618
3 4560 4620 4619
3 4561 4621 4620
3 4562 4622 4621
3 4563 4623 4622
3 4564 4624 4623
3 4565 4625 4624
3 4566 4626 4625
3 4567 4627 4626
3 4568 4628 4627
3 4569 4629 4628
3 4570 4630 4629
3 4571 4631 4630
3 4572 4632 4631
3 4573 4633 4632
3 4574 4634 4633
3 4575 4635 4634
3 4576 4636 4635
3 4577 4637 4636
3 4578 4638 4637
3 4579 4639 4638
3 4580 4640 4639
3 4581 4641 4640
3 4582 4642 4641
3 4583 4643 4642
3 4584 4644 4643
3 4585 4645 4644
3 4586 4646 4645
3 4587 4647 4646
3 4588 4648 4647
3 4589 4649 4648
3 4590 4650 4649
3 4591 4651 4650
3 4592 4652 4651
3 4593 4653 4652
3 4594 4654 4653
3 4595 4655 4654
3 4596 4656 4655
3 4597 4657 4656
3 4598 4658 4657
3 4599 4659 4658
3 4600 4660 4659
3 4601 4661 4660
3 4602 4662 4661
3 4603 4663 4662
3 4604 4664 4663
3 4605 4665 4664
3 4606 4666 4665
3 4607 4667 4666
3 4608 4668 4667
3 4609 4669 4668
3 4610 4670 4669
3 4611 4671 4670
3 4616 4673 4672
3 4617 4674 4673
3 4618 4675 4674
3 4619 4676 4675
3 4620 4677 4676
3 4621 4678 4677
3 4622 4679 4678
3 4623 4680 4679
3 4624 4681 4680
3 4625 4682 4681
3 4626 4683 4682
3 4627 4684 4683
3 4628 4685 4684
3 4629 4686 4685
3 4630 4687 4686
3 4631 4688 4687
3 4632 4689 4688
3 4633 4690 4689
3 4634 4691 4690
3 4635 4692 4691
3 4636 4693 4692
3 4637 4694 4693
3 4638 4695 4694
3 4639 4696 4695
3 4640 4697 4696
3 4641 4698 4697
3 4642 4699 4698
3 4643 4700 4699
3 4644 4701 4700
3 4645 4702 4701
3 4646 4703 4702
3 4647 4704 4703
3 4648 4705 4704
3 4649 4706 4705
3 4650 4707 4706
3 4651 4708 4707
3 4652 4709 4708
3 4653 4710 4709
3 4654 4711 4710
3 4655 4712 4711
3 4656 4713 4712
3 4657 4714 4713
3 4658 4715 4714
3 4659 4716 4715
3 4660 4717 4716
3 4661 4718 4717
3 4662 4719 4718
3 4663 4720 4719
3 4664 4721 4720
3 4665 4722 4721
3 4666 4723 4722
3 4667 4724 4723
3 4668 4725 4724
3 4669 4726 4725
3 4670 4727 4726
3 4671 4728 4727
3 4676 4730 4729
3 4677 4731 4730
3 4678 4732 4731
3 4679 4733 4732
3 4680 4734 4733
3 4681 4735 4734
3 4682 4736 4735
3 4683 4737 4736
3 4684 4738 4737
3 4685 4739 4738
3 4686 4740 4739
3 4687 4741 4740
3 4688 4742 4741
3 4689 4743 4742
3 4690 4744 4743
3 4691 4745 4744
3 4692 4746 4745
3 4693 4747 4746
3 4694 4748 4747
3 4695 4749 4748
3 4696 4750 4749
3 4697 4751 4750
3 4698 4752 4751
3 4699 4753 4752
3 4700 4754 4753
3 4701 4755 4754
3 4702 4756 4755
3 4703 4757 4756
3 4704 4758 4757
3 4705 4759 4758
3 4706 4760 4759
3 4707 4761 4760
3 4708 4762 4761
3 4709 4763 4762
3 4710 4764 4763
3 4711 4765 4764
3 4712 4766 4765
3 4713 4767 4766
3 4714 4768 4767
3 4715 4769 4768
3 4716 4770 4769
3 4717 4771 4770
3 4718 4772 4771
3 4719 4773 4772
3 4720 4774 4773
3 4721 4775 4774
3 4722 4776 4775
3 4723 4777 4776
3 4724 4778 4777
3 4725 4779 4778
3 4726 4780 4779
3 4727 4781 4780
3 4732 4783 4782
3 4733 4784 4783
3 4734 4785 4784
3 4735 4786 4785
3 4736 4787 4786
3 4737 4788 4787
3 4738 4789 4788
3 4739 4790 4789
3 4740 4791 4790
3 4741 4792 4791
3 4742 4793 4792
3 4743 4794 4793
3 4744 4795 4794
3 4745 4796 4795
3 4746 4797 4796
3 4747 4798 4797
3 4748 4799 4798
3 4749 4800 4799
3 4750 4801 4800
3 4751 4802 4801
3 4752 4803 4802
3 4753 4804 4803
3 4754 4805 4804
3 4755 4806 4805
3 4756 4807 4806
3 4757 4808 4807
3 4758 4809 4808
3 4759 4810 4809
3 4760 4811 4810
3 4761 4812 4811
3 4762 4813 4812
3 4763 4814 4813
3 4764 4815 4814
3 4765 4816 4815
3 4766 4817 4816
3 4767 4818 4817
3 4768 4819 4818
3 4769 4820 4819
3 4770 4821 4820
3 4771 4822 4821
3 4772 4823 4822
3 4773 4824 4823
3 4774 4825 4824
3 4775 4826 4825
3 4776 4827 4826
3 4777 4828 4827
3 4778 4829 4828
3 4779 4830 4829
3 4780 4831 4830
3 4781 4832 4831
3 4784 4834 4833
3 4785 4835 4834
3 4786 4836 4835
3 4787 4837 4836
3 4788 4838 4837
3 4789 4839 4838
3 4790 4840 4839
3 4791 4841 4840
3 4792 4842 4841
3 4793 4843 4842
3 4794 4844 4843
3 4795 4845 4844
3 4796 4846 4845
3 4797 4847 4846
3 4798 4848 4847
3 4799 4849 4848
3 4800 4850 4849
3 4801 4851 4850
3 4802 4852 4851
3 4803 4853 4852
3 4804 4854 4853
3 4805 4855 4854
3 4806 4856 4855
3 4807 4857 4856
3 4808 4858 4857
3 4809 4859 4858
3 4810 4860 4859
3 4811 4861 4860
3 4812 4862 4861
3 4813 4863 4862
3 4814 4864 4863
3 4815 4865 4864
3 4816 4866 4865
3 4817 4867 4866
3 4818 4868 4867
3 4819 4869 4868
3 4820 4870 4869
3 4821 4871 4870
3 4822 4872 4871
3 4823 4873 4872
3 4824 4874 4873
3 4825 4875 4874
3 4826 4876 4875
3 4827 4877 4876
3 4828 4878 4877
3 4829 4879 4878
3 4830 4880 4879
3 4831 4881 4880
3 4835 4883 4882
3 4836 4884 4883
3 4837 4885 4884
3 4838 4886 4885
3 4839 4887 4886
3 4840 4888 4887
3 4841 4889 4888
3 4842 4890 4889
3 4843 4891 4890
3 4844 4892 4891
3 4845 4893 4892
3 4846 4894 4893
3 4847 4895 4894
3 4848 4896 4895
3 4849 4897 4896
3 4850 4898 4897
3 4851 4899 4898
3 4852 4900 4899
3 4853 4901 4900
3 4854 4902 4901
3 4855 4903 4902
3 4856 4904 4903
3 4857 4905 4904
3 4858 4906 4905
3 4859 4907 4906
3 4860 4908 4907
3 4861 4909 4908
3 4862 4910 4909
3 4863 4911 4910
3 4864 4912 4911
3 4865 4913 4912
3 4866 4914 4913
3 4867 4915 4914
3 4868 4916 4915
3 4869 4917 4916
3 4870 4918 4917
3 4871 4919 4918
3 4872 4920 4919
3 4873 4921 4920
3 4874 4922 4921
3 4875 4923 4922
3 4876 4924 4923
3 4877 4925 4924
3 4878 4926 4925
3 4879 4927 4926
3 4880 4928 4927
3 4881 4929 4928
3 4884 4931 4930
3 4885 4932 4931
3 4886 4933 4932
3 4887 4934 4933
3 4888 4935 4934
3 4889 4936 4935
3 4890 4937 4936
3 4891 4938 4937
3 4892 4939 4938
3 4893 4940 4939
3 4894 4941 4940
3 4895 4942 4941
3 4896 4943 4942
3 4897 4944 4943
3 4898 4945 4944
3 4899 4946 4945
3 4900 4947 4946
3 4901 4948 4947
3 4902 4949 4948
3 4903 4950 4949
3 4904 4951 4950
3 4905 4952 4951
3 4906 4953 4952
3 4907 4954 4953
3 4908 4955 4954
3 4909 4956 4955
3 4910 4957 4956
3 4911 4958 4957
3 4912 4959 4958
3 4913 4960 4959
3 4914 4961 4960
3 4915 4962 4961
3 4916 4963 4962
3 4917 4964 4963
3 4918 4965 4964
3 4919 4966 4965
3 4920 4967 4966
3 4921 4968 4967
3 4922 4969 4968
3 4923 4970 4969
3 4924 4971 4970
3 4925 4972 4971
3 4926 4973 4972
3 4927 4974 4973
3 4928 4975 4974
3 4932 4977 4976
3 4933 4978 4977
3 4934 4979 4978
3 4935 4980 4979
3 4936 4981 4980
3 4937 4982 4981
3 4938 4983 4982
3 4939 4984 4983
3 4940 4985 4984
3 4941 4986 4985
3 4942 4987 4986
3 4943 4988 4987
3 4944 4989 4988
3 4945 4990 4989
3 4946 4991 4990
3 4947 4992 4991
3 4948 4993 4992
3 4949 4994 4993
3 4950 4995 4994
3 4951 4996 4995
3 4952 4997 4996
3 4953 4998 4997
3 4954 4999 4998
3 4955 5000 4999
3 4956 5001 5000
3 4957 5002 5001
3 4958 5003 5002
3 4959 5004 5003
3 4960 5005 5004
3 4961 5006 5005
3 4962 5007 5006
3 4963 5008 5007
3 4964 5009 5008
3 4965 5010 5009
3 4966 5011 5010
3 4967 5012 5011
3 4968 5013 5012
3 4969 5014 5013
3 4972 5016 5015
3 4973 5017 5016
3 4974 5018 5017
3 4980 5020 5019
3 4981 5021 5020
3 4982 5022 5021
3 4983 5023 5022
3 4984 5024 5023
3 4985 5025 5024
3 4986 5026 5025
3 4987 5027 5026
3 4988 5028 5027
3 4989 5029 5028
3 4990 5030 5029
3 4991 5031 5030
3 4992 5032 5031
3 4993 5033 5032
3 4994 5034 5033
3 4995 5035 5034
3 4996 5036 5035
3 4997 5037 5036
3 4998 5038 5037
3 4999 5039 5038
3 5000 5040 5039
3 5001 5041 5040
3 5002 5042 5041
3 5003 5043 5042
3 5004 5044 5043
3 5005 5045 5044
3 5006 5046 5045
3 5007 5047 5046
3 5008 5048 5047
3 5009 5049 5048
3 5010 5050 5049
3 5011 5051 5050
3 5012 5052 5051
3 5013 5053 5052
3 5014 5054 5053
3 5022 5056 5055
3 5023 5057 5056
3 5024 5058 5057
3 5025 5059 5058
3 5026 5060 5059
3 5027 5061 5060
3 5028 5062 5061
3 5029 5063 5062
3 5030 5064 5063
3 5031 5065 5064
3 5032 5066 5065
3 5033 5067 5066
3 5034 5068 5067
3 5035 5069 5068
3 5036 5070 5069
3 5037 5071 5070
3 5038 5072 5071
3 5039 5073 5072
3 5040 5074 5073
3 5041 5075 5074
3 5042 5076 5075
3 5043 5077 5076
3 5044 5078 5077
3 5045 5079 5078
3 5046 5080 5079
3 5047 5081 5080
3 5048 5082 5081
3 5049 5083 5082
3 5050 5084 5083
3 5051 5085 5084
3 5052 5086 5085
3 5053 5087 5086
3 5054 5088 5087
3 5057 5090 5089
3 5058 5091 5090
3 5059 5092 5091
3 5060 5093 5092
3 5061 5094 5093
3 5062 5095 5094
3 5063 5096 5095
3 5064 5097 5096
3 5065 5098 5097
3 5066 5099 5098
3 5067 5100 5099
3 5068 5101 5100
3 5069 5102 5101
3 5070 5103 5102
3 5071 5104 5103
3 5072 5105 5104
3 5073 5106 5105
3 5074 5107 5106
3 5075 5108 5107
3 5076 5109 5108
3 5077 5110 5109
3 5078 5111 5110
3 5079 5112 5111
3 5080 5113 5112
3 5081 5114 5113
3 5082 5115 5114
3 5083 5116 5115
3 5084 5117 5116
3 5085 5118 5117
3 5086 5119 5118
3 5087 5120 5119
3 5096 5122 5121
3 5097 5123 5122
3 5098 5124 5123
3 5099 5125 5124
3 5100 5126 5125
3 5101 5127 5126
3 5102 5128 5127
3 5103 5129 5128
3 5104 5130 5129
3 5105 5131 5130
3 5106 5132 5131
3 5107 5133 5132
3 5108 5134 5133
3 5109 5135 5134
3 5110 5136 5135
3 5111 5137 5136
3 5112 5138 5137
3 5113 5139 5138
3 5114 5140 5139
3 5115 5141 5140
3 5116 5142 5141
3 5117 5143 5142
3 5118 5144 5143
3 5119 5145 5144
3 5122 5147 5146
3 5123 5148 5147
3 5124 5149 5148
3 5125 5150 5149
3 5126 5151 5150
3 5127 5152 5151
3 5128 5153 5152
3 5129 5154 5153
3 5130 5155 5154
3 5131 5156 5155
3 5132 5157 5156
3 5133 5158 5157
3 5134 5159 5158
3 5135 5160 5159
3 5136 5161 5160
3 5137 5162 5161
3 5138 5163 5162
3 5139 5164 5163
3 5140 5165 5164
3 5141 5166 5165
3 5142 5167 5166
3 5143 5168 5167
3 5144 5169 5168
3 5145 5170 5169
3 5147 5178 5177
3 5148 5179 5178
3 5149 5180 5179
3 5150 5181 5180
3 5151 5182 5181
3 5152 5183 5182
3 5153 5184 5183
3 5154 5185 5184
3 5155 5186 5185
3 5156 5187 5186
3 5157 5188 5187
3 5158 5189 5188
3 5159 5190 5189
3 5160 5191 5190
3 5161 5192 5191
3 5162 5193 5192
3 5163 5194 5193
3 5164 5195 5194
3 5165 5196 5195
3 5166 5197 5196
3 5167 5198 5197
3 5168 5199 5198
3 5169 5200 5199
3 5170 5201 5200
3 5172 5210 5209
3 5173 5211 5210
3 5174 5212 5211
3 5175 5213 5212
3 5177 5217 5216
3 5178 5218 5217
3 5179 5219 5218
3 5180 5220 5219
3 5181 5221 5220
3 5182 5222 5221
3 5183 5223 5222
3 5184 5224 5223
3 5185 5225 5224
3 5186 5226 5225
3 5187 5227 5226
3 5188 5228 5227
3 5189 5229 5228
3 5190 5230 5229
3 5191 5231 5230
3 5192 5232 5231
3 5193 5233 5232
3 5194 5234 5233
3 5195 5235 5234
3 5196 5236 5235
3 5197 5237 5236
3 5198 5238 5237
3 5199 5239 5238
3 5200 5240 5239
3 5201 5241 5240
3 5202 5242 5241
3 5204 5246 5245
3 5205 5247 5246
3 5206 5248 5247
3 5207 5249 5248
3 5209 5252 5251
3 5210 5253 5252
3 5211 5254 5253
3 5212 5255 5254
3 5213 5256 5255
3 5214 5257 5256
3 5215 5258 5257
3 5216 5259 5258
3 5217 5260 5259
3 5218 5261 5260
3 5219 5262 5261
3 5220 5263 5262
3 5221 5264 5263
3 5222 5265 5264
3 5223 5266 5265
3 5224 5267 5266
3 5225 5268 5267
3 5226 5269 5268
3 5227 5270 5269
3 5228 5271 5270
3 5229 5272 5271
3 5230 5273 5272
3 5231 5274 5273
3 5232 5275 5274
3 5233 5276 5275
3 5234 5277 5276
3 5235 5278 5277
3 5236 5279 5278
3 5237 5280 5279
3 5238 5281 5280
3 5239 5282 5281
3 5240 5283 5282
3 5241 5284 5283
3 5242 5285 5284
3 5243 5286 5285
3 5244 5287 5286
3 5245 5288 5287
3 5246 5289 5288
3 5247 5290 5289
3 5248 5291 5290
3 5249 5292 5291
3 5251 5297 5296
3 5252 5298 5297
3 5253 5299 5298
3 5254 5300 5299
3 5255 5301 5300
3 5256 5302 5301
3 5257 5303 5302
3 5258 5304 5303
3 5259 5305 5304
3 5260 5306 5305
3 5261 5307 5306
3 5262 5308 5307
3 5263 5309 5308
3 5264 5310 5309
3 5265 5311 5310
3 5266 5312 5311
3 5267 5313 5312
3 5268 5314 5313
3 5269 5315 5314
3 5270 5316 5315
3 5271 5317 5316
3 5272 5318 5317
3 5273 5319 5318
3 5274 5320 5319
3 5275 5321 5320
3 5276 5322 5321
3 5277 5323 5322
3 5278 5324 5323
3 5279 5325 5324
3 5280 5326 5325
3 5281 5327 5326
3 5282 5328 5327
3 5283 5329 5328
3 5284 5330 5329
3 5285 5331 5330
3 5286 5332 5331
3 5287 5333 5332
3 5288 5334 5333
3 5289 5335 5334
3 5290 5336 5335
3 5291 5337 5336
3 5292 5338 5337
3 5293 5339 5338
3 5294 5340 5339
3 5296 5344 5343
3 5297 5345 5344
3 5298 5346 5345
3 5299 5347 5346
3 5300 5348 5347
3 5301 5349 5348
3 5302 5350 5349
3 5303 5351 5350
3 5304 5352 5351
3 5305 5353 5352
3 5306 5354 5353
3 5307 5355 5354
3 5308 5356 5355
3 5309 5357 5356
3 5310 5358 5357
3 5311 5359 5358
3 5312 5360 5359
3 5313 5361 5360
3 5314 5362 5361
3 5315 5363 5362
3 5316 5364 5363
3 5317 5365 5364
3 5318 5366 5365
3 5319 5367 5366
3 5320 5368 5367
3 5321 5369 5368
3 5322 5370 5369
3 5323 5371 5370
3 5324 5372 5371
3 5325 5373 5372
3 5326 5374 5373
3 5327 5375 5374
3 5328 5376 5375
3 5329 5377 5376
3 5330 5378 5377
3 5331 5379 5378
3 5332 5380 5379
3 5333 5381 5380
3 5334 5382 5381
3 5335 5383 5382
3 5336 5384 5383
3 5337 5385 5384
3 5338 5386 5385
3 5339 5387 5386
3 5340 5388 5387
3 5341 5389 5388
3 5343 5393 5392
3 5344 5394 5393
3 5345 5395 5394
3 5346 5396 5395
3 5347 5397 5396
3 5348 5398 5397
3 5349 5399 5398
3 5350 5400 5399
3 5351 5401 5400
3 5352 5402 5401
3 5353 5403 5402
3 5354 5404 5403
3 5355 5405 5404
3 5356 5406 5405
3 5357 5407 5406
3 5358 5408 5407
3 5359 5409 5408
3 5360 5410 5409
3 5361 5411 5410
3 5362 5412 5411
3 5363 5413 5412
3 5364 5414 5413
3 5365 5415 5414
3 5366 5416 5415
3 5367 5417 5416
3 5368 5418 5417
3 5369 5419 5418
3 5370 5420 5419
3 5371 5421 5420
3 5372 5422 5421
3 5373 5423 5422
3 5374 5424 5423
3 5375 5425 5424
3 5376 5426 5425
3 5377 5427 5426
3 5378 5428 5427
3 5379 5429 5428
3 5380 5430 5429
3 5381 5431 5430
3 5382 5432 5431
3 5383 5433 5432
3 5384 5434 5433
3 5385 5435 5434
3 5386 5436 5435
3 5387 5437 5436
3 5388 5438 5437
3 5389 5439 5438
3 5390 5440 5439
3 5392 5443 5442
3 5393 5444 5443
3 5394 5445 5444
3 5395 5446 5445
3 5396 5447 5446
3 5397 5448 5447
3 5398 5449 5448
3 5399 5450 5449
3 5400 5451 5450
3 5401 5452 5451
3 5402 5453 5452
3 5403 5454 5453
3 5404 5455 5454
3 5405 5456 5455
3 5406 5457 5456
3 5407 5458 5457
3 5408 5459 5458
3 5409 5460 5459
3 5410 5461 5460
3 5411 5462 5461
3 5412 5463 5462
3 5413 5464 5463
3 5414 5465 5464
3 5415 5466 5465
3 5416 5467 5466
3 5417 5468 5467
3 5418 5469 5468
3 5419 5470 5469
3 5420 5471 5470
3 5421 5472 5471
3 5422 5473 5472
3 5423 5474 5473
3 5424 5475 5474
3 5425 5476 5475
3 5426 5477 5476
3 5427 5478 5477
3 5428 5479 5478
3 5429 5480 5479
3 5430 5481 5480
3 5431 5482 5481
3 5432 5483 5482
3 5433 5484 5483
3 5434 5485 5484
3 5435 5486 5485
3 5436 5487 5486
3 5437 5488 5487
3 5438 5489 5488
3 5439 5490 5489
3 5440 5491 5490
3 5441 5492 5491
3 5443 5495 5494
3 5444 5496 5495
3 5445 5497 5496
3 5446 5498 5497
3 5447 5499 5498
3 5448 5500 5499
3 5449 5501 5500
3 5450 5502 5501
3 5451 5503 5502
3 5452 5504 5503
3 5453 5505 5504
3 5454 5506 5505
3 5455 5507 5506
3 5456 5508 5507
3 5457 5509 5508
3 5458 5510 5509
3 5459 5511 5510
3 5460 5512 5511
3 5461 5513 5512
3 5462 5514 5513
3 5463 5515 5514
3 5464 5516 5515
3 5465 5517 5516
3 5466 5518 5517
3 5467 5519 5518
3 5468 5520 5519
3 5469 5521 5520
3 5470 5522 5521
3 5471 5523 5522
3 5472 5524 5523
3 5473 5525 5524
3 5474 5526 5525
3 5475 5527 5526
3 5476 5528 5527
3 5477 5529 5528
3 5478 5530 5529
3 5479 5531 5530
3 5480 5532 5531
3 5481 5533 5532
3 5482 5534 5533
3 5483 5535 5534
3 5484 5536 5535
3 5485 5537 5536
3 5486 5538 5537
3 5487 5539 5538
3 5488 5540 5539
3 5489 5541 5540
3 5490 5542 5541
3 5491 5543 5542
3 5492 5544 5543
3 5493 5545 5544
3 5495 5547 5546
3 5496 5548 5547
3 5497 5549 5548
3 5498 5550 5549
3 5499 5551 5550
3 5500 5552 5551
3 5501 5553 5552
3 5502 5554 5553
3 5503 5555 5554
3 5504 5556 5555
3 5505 5557 5556
3 5506 5558 5557
3 5507 5559 5558
3 5508 5560 5559
3 5509 5561 5560
3 5510 5562 5561
3 5511 5563 5562
3 5512 5564 5563
3 5513 5565 5564
3 5514 5566 5565
3 5515 5567 5566
3 5516 5568 5567
3 5517 5569 5568
3 5518 5570 5569
3 5519 5571 5570
3 5520 5572 5571
3 5521 5573 5572
3 5522 5574 5573
3 5523 5575 5574
3 5524 5576 5575
3 5525 5577 5576
3 5526 5578 5577
3 5527 5579 5578
3 5528 5580 5579
3 5529 5581 5580
3 5530 5582 5581
3 5531 5583 5582
3 5532 5584 5583
3 5533 5585 5584
3 5534 5586 5585
3 5535 5587 5586
3 5536 5588 5587
3 5537 5589 5588
3 5538 5590 5589
3 5539 5591 5590
3 5540 5592 5591
3 5541 5593 5592
3 5542 5594 5593
3 5543 5595 5594
3 5544 5596 5595
3 5545 5597 5596
3 5547 5599 5598
3 5548 5600 5599
3 5549 5601 5600
3 5550 5602 5601
3 5551 5603 5602
3 5552 5604 5603
3 5553 5605 5604
3 5554 5606 5605
3 5555 5607 5606
3 5556 5608 5607
3 5557 5609 5608
3 5558 5610 5609
3 5559 5611 5610
3 5560 5612 5611
3 5561 5613 5612
3 5562 5614 5613
3 5563 5615 5614
3 5564 5616 5615
3 5565 5617 5616
3 5566 5618 5617
3 5567 5619 5618
3 5568 5620 5619
3 5569 5621 5620
3 5570 5622 5621
3 5571 5623 5622
3 5572 5624 5623
3 5573 5625 5624
3 5574 5626 5625
3 5575 5627 5626
3 5576 5628 5627
3 5577 5629 5628
3 5578 5630 5629
3 5579 5631 5630
3 5580 5632 5631
3 5581 5633 5632
3 5582 5634 5633
3 5583 5635 5634
3 5584 5636 5635
3 5585 5637 5636
3 5586 5638 5637
3 5587 5639 5638
3 5588 5640 5639
3 5589 5641 5640
3 5590 5642 5641
3 5591 5643 5642
3 5592 5644 5643
3 5593 5645 5644
3 5594 5646 5645
3 5595 5647 5646
3 5596 5648 5647
3 5597 5649 5648
3 5599 5651 5650
3 5600 5652 5651
3 5601 5653 5652
3 5602 5654 5653
3 5603 5655 5654
3 5604 5656 5655
3 5605 5657 5656
3 5606 5658 5657
3 5607 5659 5658
3 5608 5660 5659
3 5609 5661 5660
3 5610 5662 5661
3 5611 5663 5662
3 5612 5664 5663
3 5613 5665 5664
3 5614 5666 5665
3 5615 5667 5666
3 5616 5668 5667
3 5617 5669 5668
3 5618 5670 5669
3 5619 5671 5670
3 5620 5672 5671
3 5621 5673 5672
3 5622 5674 5673
3 5623 5675 5674
3 5624 5676 5675
3 5625 5677 5676
3 5626 5678 5677
3 5627 5679 5678
3 5628 5680 5679
3 5629 5681 5680
3 5630 5682 5681
3 5631 5683 5682
3 5632 5684 5683
3 5633 5685 5684
3 5634 5686 5685
3 5635 5687 5686
3 5636 5688 5687
3 5637 5689 5688
3 5638 5690 5689
3 5639 5691 5690
3 5640 5692 5691
3 5641 5693 5692
3 5642 5694 5693
3 5643 5695 5694
3 5644 5696 5695
3 5645 5697 5696
3 5646 5698 5697
3 5647 5699 5698
3 5648 5700 5699
3 5649 5701 5700
3 5651 5703 5702
3 5652 5704 5703
3 5653 5705 5704
3 5654 5706 5705
3 5655 5707 5706
3 5656 5708 5707
3 5657 5709 5708
3 5658 5710 5709
3 5659 5711 5710
3 5660 5712 5711
3 5661 5713 5712
3 5662 5714 5713
3 5663 5715 5714
3 5664 5716 5715
3 5665 5717 5716
3 5666 5718 5717
3 5667 5719 5718
3 5668 5720 5719
3 5669 5721 5720
3 5670 5722 5721
3 5671 5723 5722
3 5672 5724 5723
3 5673 5725 5724
3 5674 5726 5725
3 5675 5727 5726
3 5676 5728 5727
3 5677 5729 5728
3 5678 5730 5729
3 5679 5731 5730
3 5680 5732 5731
3 5681 5733 5732
3 5682 5734 5733
3 5683 5735 5734
3 5684 5736 5735
3 5685 5737 5736
3 5686 5738 5737
3 5687 5739 5738
3 5688 5740 5739
3 5689 5741 5740
3 5690 5742 5741
3 5691 5743 5742
3 5692 5744 5743
3 5693 5745 5744
3 5694 5746 5745
3 5695 5747 5746
3 5696 5748 5747
3 5697 5749 5748
3 5698 5750 5749
3 5699 5751 5750
3 5700 5752 5751
3 5701 5753 5752
3 5704 5755 5754
3 5705 5756 5755
3 5706 5757 5756
3 5707 5758 5757
3 5708 5759 5758
3 5709 5760 5759
3 5710 5761 5760
3 5711 5762 5761
3 5712 5763 5762
3 5713 5764 5763
3 5714 5765 5764
3 5715 5766 5765
3 5716 5767 5766
3 5717 5768 5767
3 5718 5769 5768
3 5719 5770 5769
3 5720 5771 5770
3 5721 5772 5771
3 5722 5773 5772
3 5723 5774 5773
3 5724 5775 5774
3 5725 5776 5775
3 5726 5777 5776
3 5727 5778 5777
3 5728 5779 5778
3 5729 5780 5779
3 5730 5781 5780
3 5731 5782 5781
3 5732 5783 5782
3 5733 5784 5783
3 5734 5785 5784
3 5735 5786 5785
3 5736 5787 5786
3 5737 5788 5787
3 5738 5789 5788
3 5739 5790 5789
3 5740 5791 5790
3 5741 5792 5791
3 5742 5793 5792
3 5743 5794 5793
3 5744 5795 5794
3 5745 5796 5795
3 5746 5797 5796
3 5747 5798 5797
3 5748 5799 5798
3 5749 5800 5799
3 5750 5801 5800
3 5751 5802 5801
3 5752 5803 5802
3 5753 5804 5803
3 5756 5806 5805
3 5757 5807 5806
3 5758 5808 5807
3 5759 5809 5808
3 5760 5810 5809
3 5761 5811 5810
3 5762 5812 5811
3 5763 5813 5812
3 5764 5814 5813
3 5765 5815 5814
3 5766 5816 5815
3 5767 5817 5816
3 5768 5818 5817
3 5769 5819 5818
3 5770 5820 5819
3 5771 5821 5820
3 5772 5822 5821
3 5773 5823 5822
3 5774 5824 5823
3 5775 5825 5824
3 5776 5826 5825
3 5777 5827 5826
3 5778 5828 5827
3 5779 5829 5828
3 5780 5830 5829
3 5781 5831 5830
3 5782 5832 5831
3 5783 5833 5832
3 5784 5834 5833
3 5785 5835 5834
3 5786 5836 5835
3 5787 5837 5836
3 5788 5838 5837
3 5789 5839 5838
3 5790 5840 5839
3 5791 5841 5840
3 5792 5842 5841
3 5793 5843 5842
3 5794 5844 5843
3 5795 5845 5844
3 5796 5846 5845
3 5797 5847 5846
3 5798 5848 5847
3 5799 5849 5848
3 5800 5850 5849
3 5801 5851 5850
3 5802 5852 5851
3 5803 5853 5852
3 5807 5855 5854
3 5808 5856 5855
3 5809 5857 5856
3 5810 5858 5857
3 5811 5859 5858
3 5812 5860 5859
3 5813 5861 5860
3 5814 5862 5861
3 5815 5863 5862
3 5816 5864 5863
3 5817 5865 5864
3 5818 5866 5865
3 5819 5867 5866
3 5820 5868 5867
3 5821 5869 5868
3 5822 5870 5869
3 5823 5871 5870
3 5824 5872 5871
3 5825 5873 5872
3 5826 5874 5873
3 5827 5875 5874
3 5828 5876 5875
3 5829 5877 5876
3 5830 5878 5877
3 5831 5879 5878
3 5832 5880 5879
3 5833 5881 5880
3 5834 5882 5881
3 5835 5883 5882
3 5836 5884 5883
3 5837 5885 5884
3 5838 5886 5885
3 5839 5887 5886
3 5840 5888 5887
3 5841 5889 5888
3 5842 5890 5889
3 5843 5891 5890
3 5844 5892 5891
3 5845 5893 5892
3 5846 5894 5893
3 5847 5895 5894
3 5848 5896 5895
3 5849 5897 5896
3 5850 5898 5897
3 5851 5899 5898
3 5852 5900 5899
3 5853 5901 5900
3 5855 5903 5902
3 5856 5904 5903
3 5857 5905 5904
3 5858 5906 5905
3 5859 5907 5906
3 5860 5908 5907
3 5861 5909 5908
3 5862 5910 5909
3 5863 5911 5910
3 5864 5912 5911
3 5865 5913 5912
3 5866 5914 5913
3 5867 5915 5914
3 5868 5916 5915
3 5869 5917 5916
3 5870 5918 5917
3 5871 5919 5918
3 5872 5920 5919
3 5873 5921 5920
3 5874 5922 5921
3 5875 5923 5922
3 5876 5924 5923
3 5877 5925 5924
3 5878 5926 5925
3 5879 5927 5926
3 5880 5928 5927
3 5881 5929 5928
3 5882 5930 5929
3 5883 5931 5930
3 5884 5932 5931
3 5885 5933 5932
3 5886 5934 5933
3 5887 5935 5934
3 5888 5936 5935
3 5889 5937 5936
3 5890 5938 5937
3 5891 5939 5938
3 5892 5940 5939
3 5893 5941 5940
3 5894 5942 5941
3 5895 5943 5942
3 5896 5944 5943
3 5897 5945 5944
3 5898 5946 5945
3 5899 5947 5946
3 5903 5949 5948
3 5904 5950 5949
3 5905 5951 5950
3 5906 5952 5951
3 5907 5953 5952
3 5908 5954 5953
3 5909 5955 5954
3 5910 5956 5955
3 5911 5957 5956
3 5912 5958 5957
3 5913 5959 5958
3 5914 5960 5959
3 5915 5961 5960
3 5916 5962 5961
3 5917 5963 5962
3 5918 5964 5963
3 5919 5965 5964
3 5920 5966 5965
3 5921 5967 5966
3 5922 5968 5967
3 5923 5969 5968
3 5924 5970 5969
3 5925 5971 5970
3 5926 5972 5971
3 5927 5973 5972
3 5928 5974 5973
3 5929 5975 5974
3 5930 5976 5975
3 5931 5977 5976
3 5932 5978 5977
3 5933 5979 5978
3 5934 5980 5979
3 5935 5981 5980
3 5936 5982 5981
3 5937 5983 5982
3 5938 5984 5983
3 5939 5985 5984
3 5940 5986 5985
3 5941 5987 5986
3 5942 5988 5987
3 5943 5989 5988
3 5944 5990 5989
3 5945 5991 5990
3 5946 5992 5991
3 5947 5993 5992
3 5949 5995 5994
3 5950 5996 5995
3 5951 5997 5996
3 5952 5998 5997
3 5953 5999 5998
3 5954 6000 5999
3 5955 6001 6000
3 5956 6002 6001
3 5957 6003 6002
3 5958 6004 6003
3 5960 6006 6005
3 5961 6007 6006
3 5962 6008 6007
3 5963 6009 6008
3 5964 6010 6009
3 5965 6011 6010
3 5966 6012 6011
3 5967 6013 6012
3 5968 6014 6013
3 5969 6015 6014
3 5970 6016 6015
3 5971 6017 6016
3 5972 6018 6017
3 5973 6019 6018
3 5974 6020 6019
3 5975 6021 6020
3 5976 6022 6021
3 5977 6023 6022
3 5978 6024 6023
3 5979 6025 6024
3 5980 6026 6025
3 5981 6027 6026
3 5982 6028 6027
3 5983 6029 6028
3 5984 6030 6029
3 5985 6031 6030
3 5986 6032 6031
3 5987 6033 6032
3 5988 6034 6033
3 5989 6035 6034
3 5990 6036 6035
3 5991 6037 6036
3 5992 6038 6037
3 5996 6040 6039
3 5997 6041 6040
3 5998 6042 6041
3 5999 6043 6042
3 6000 6044 6043
3 6001 6045 6044
3 6002 6046 6045
3 6007 6048 6047
3 6008 6049 6048
3 6009 6050 6049
3 6010 6051 6050
3 6011 6052 6051
3 6012 6053 6052
3 6013 6054 6053
3 6014 6055 6054
3 6015 6056 6055
3 6016 6057 6056
3 6017 6058 6057
3 6018 6059 6058
3 6019 6060 6059
3 6020 6061 6060
3 6021 6062 6061
3 6022 6063 6062
3 6023 6064 6063
3 6024 6065 6064
3 6025 6066 6065
3 6026 6067 6066
3 6027 6068 6067
3 6028 6069 6068
3 6031 6071 6070
3 6032 6072 6071
3 6033 6073 6072
3 6034 6074 6073
3 6035 6075 6074
3 6036 6076 6075
3 6037 6077 6076
3 6038 6078 6077
3 6041 6080 6079
3 6042 6081 6080
3 6043 6082 6081
3 6048 6084 6083
3 6049 6085 6084
3 6050 6086 6085
3 6051 6087 6086
3 6052 6088 6087
3 6053 6089 6088
3 6054 6090 6089
3 6055 6091 6090
3 6056 6092 6091
3 6057 6093 6092
3 6058 6094 6093
3 6059 6095 6094
3 6060 6096 6095
3 6061 6097 6096
3 6062 6098 6097
3 6063 6099 6098
3 6064 6100 6099
3 6065 6101 6100
3 6066 6102 6101
3 6067 6103 6102
3 6068 6104 6103
3 6069 6105 6104
3 6073 6107 6106
3 6074 6108 6107
3 6075 6109 6108
3 6076 6110 6109
3 6077 6111 6110
3 6084 6113 6112
3 6085 6114 6113
3 6086 6115 6114
3 6087 6116 6115
3 6088 6117 6116
3 6089 6118 6117
3 6090 6119 6118
3 6091 6120 6119
3 6092 6121 6120
3 6094 6123 6122
3 6095 6124 6123
3 6096 6125 6124
3 6097 6126 6125
3 6098 6127 6126
3 6099 6128 6127
3 6100 6129 6128
3 6101 6130 6129
3 6102 6131 6130
3 6113 6133 6132
3 6114 6134 6133
3 6115 6135 6134
3 6116 6136 6135
3 6117 6137 6136
3 6118 6138 6137
3 6119 6139 6138
3 6120 6140 6139
3 6121 6141 6140
3 6123 6143 6142
3 6124 6144 6143
3 6125 6145 6144
3 6126 6146 6145
3 6127 6147 6146
3 6128 6148 6147
3 6129 6149 6148
3 6138 6151 6150
3 6139 6152 6151
3 6140 6153 6152
3 6141 6154 6153
3 6143 6156 6155
3 6144 6157 6156
3 6145 6158 6157
3 6146 6159 6158
3 6147 6160 6159
3 6152 6162 6161
3 6153 6163 6162
3 6154 6164 6163
3 6156 6166 6165
3 6157 6167 6166
3 6158 6168 6167
3 6163 6170 6169
3 6164 6171 6170
3 6166 6173 6172
3 6167 6174 6173
