ply
format ascii 1.0
comment Created in Blender version 4.2.0 Alpha
element vertex 5992
property float x
property float y
property float z
property float nx
property float ny
property float nz
property uchar red
property uchar green
property uchar blue
property uchar alpha
element face 11452
property list uchar uint vertex_indices
end_header
-1.0609927 9.832106e-11 0.0013023019 0 -1 7.54979e-08 117 79 55 255
-1.0409927 9.832106e-11 0.0013023019 0 -1 7.54979e-08 232 157 109 255
-1.0209928 9.832106e-11 0.0013023019 0 -1 7.54979e-08 224 150 102 255
-1.0009928 9.832106e-11 0.0013023019 0 -1 7.54979e-08 216 141 94 255
-0.98099273 9.832106e-11 0.0013023019 0 -1 7.54979e-08 185 116 70 255
-0.9609927 9.832106e-11 0.0013023019 0 -1 7.54979e-08 214 139 92 255
-0.9409927 9.832106e-11 0.0013023019 0 -1 7.54979e-08 183 116 71 255
-0.92099273 9.832106e-11 0.0013023019 0 -1 7.54979e-08 184 117 70 255
-0.90099275 9.832106e-11 0.0013023019 0 -1 7.54979e-08 185 118 70 255
-0.8809927 9.832106e-11 0.0013023019 0 -1 7.54979e-08 168 107 63 255
-0.8609927 9.832106e-11 0.0013023019 0 -1 7.54979e-08 184 117 70 255
-0.8409927 9.832106e-11 0.0013023019 0 -1 7.54979e-08 125 80 44 255
-0.8209927 9.832106e-11 0.0013023019 0 -1 7.54979e-08 136 86 49 255
-0.8009927 9.832106e-11 0.0013023019 0 -1 7.54979e-08 123 79 43 255
-0.78099275 9.832106e-11 0.0013023019 0 -1 7.54979e-08 147 94 54 255
-0.76099277 9.832106e-11 0.0013023019 0 -1 7.54979e-08 103 67 35 255
-0.7409927 9.832106e-11 0.0013023019 0 -1 7.54979e-08 103 67 35 255
-0.7209927 9.832106e-11 0.0013023019 0 -1 7.54979e-08 102 66 35 255
-0.7009927 9.832106e-11 0.0013023019 0 -1 7.54979e-08 107 70 37 255
-0.6809927 9.832106e-11 0.0013023019 0 -1 7.54979e-08 93 64 32 255
-0.66099274 9.832106e-11 0.0013023019 0 -1 7.54979e-08 105 69 36 255
-0.64099276 9.832106e-11 0.0013023019 0 -1 7.54979e-08 72 52 24 255
-0.6209927 9.832106e-11 0.0013023019 0 -1 7.54979e-08 72 51 24 255
-0.60099274 9.832106e-11 0.0013023019 0 -1 7.54979e-08 59 43 19 255
-0.5809927 9.832106e-11 0.0013023019 0 -1 7.54979e-08 53 41 17 255
-0.5609927 9.832106e-11 0.0013023019 0 -1 7.54979e-08 39 31 11 255
-0.54099274 9.832106e-11 0.0013023019 0 -1 7.54979e-08 48 37 15 255
-0.52099276 9.832106e-11 0.0013023019 0 -1 7.54979e-08 47 39 15 255
-0.5009927 9.832106e-11 0.0013023019 0 -1 7.54979e-08 47 39 15 255
-0.48099273 9.832106e-11 0.0013023019 0 -1 7.54979e-08 47 39 15 255
-0.46099275 9.832106e-11 0.0013023019 0 -1 7.54979e-08 47 39 15 255
-0.4409927 9.832106e-11 0.0013023019 0 -1 7.54979e-08 36 30 10 255
-0.42099273 9.832106e-11 0.0013023019 0 -1 7.54979e-08 48 36 15 255
-0.40099275 9.832106e-11 0.0013023019 0 -1 7.54979e-08 58 43 19 255
-0.3809927 9.832106e-11 0.0013023019 0 -1 7.54979e-08 58 43 19 255
-0.36099273 9.832106e-11 0.0013023019 0 -1 7.54979e-08 48 39 15 255
-0.34099275 9.832106e-11 0.0013023019 0 -1 7.54979e-08 47 39 15 255
-0.3209927 9.832106e-11 0.0013023019 0 -1 7.54979e-08 47 39 15 255
-0.30099273 9.832106e-11 0.0013023019 0 -1 7.54979e-08 52 41 17 255
-0.28099275 9.832106e-11 0.0013023019 0 -1 7.54979e-08 68 49 22 255
-0.26099277 9.832106e-11 0.0013023019 0 -1 7.54979e-08 37 32 19 255
-0.24099272 9.832106e-11 0.0013023019 0 -1 7.54979e-08 38 30 12 255
-0.22099274 9.832106e-11 0.0013023019 0 -1 7.54979e-08 74 47 46 255
-0.20099276 9.832106e-11 0.0013023019 0 -1 7.54979e-08 0 0 0 255
-0.18099272 9.832106e-11 0.0013023019 0 -1 7.54979e-08 0 0 0 255
-0.16099274 9.832106e-11 0.0013023019 0 -1 7.54979e-08 0 0 0 255
-0.14099276 9.832106e-11 0.0013023019 0 -1 7.54979e-08 0 0 0 255
-0.12099272 9.832106e-11 0.0013023019 0 -1 7.54979e-08 0 0 0 255
-0.10099274 9.832106e-11 0.0013023019 0 -1 7.54979e-08 0 0 0 255
-0.08099276 9.832106e-11 0.0013023019 0 -1 7.54979e-08 0 0 0 255
-0.060992718 9.832106e-11 0.0013023019 0 -1 7.54979e-08 0 0 0 255
-0.040992737 9.832106e-11 0.0013023019 0 -1 7.54979e-08 0 0 0 255
-0.020992756 9.832106e-11 0.0013023019 0 -1 7.54979e-08 0 0 0 255
-0.000992775 9.832106e-11 0.0013023019 0 -1 7.54979e-08 0 0 0 255
0.019007206 9.832106e-11 0.0013023019 0 -1 7.54979e-08 0 0 0 255
0.039007306 9.832106e-11 0.0013023019 0 -1 7.54979e-08 0 0 0 255
0.059007287 9.832106e-11 0.0013023019 0 -1 7.54979e-08 0 0 0 255
0.07900727 9.832106e-11 0.0013023019 0 -1 7.54979e-08 0 0 0 255
0.09900725 9.832106e-11 0.0013023019 0 -1 7.54979e-08 0 0 0 255
0.11900723 9.832106e-11 0.0013023019 0 -1 7.54979e-08 0 0 0 255
0.13900721 9.832106e-11 0.0013023019 0 -1 7.54979e-08 0 0 0 255
0.15900731 9.832106e-11 0.0013023019 0 -1 7.54979e-08 0 0 0 255
0.17900729 9.832106e-11 0.0013023019 0 -1 7.54979e-08 0 0 0 255
0.19900727 9.832106e-11 0.0013023019 0 -1 7.54979e-08 0 0 0 255
0.21900725 9.832106e-11 0.0013023019 0 -1 7.54979e-08 0 0 0 255
0.23900723 9.832106e-11 0.0013023019 0 -1 7.54979e-08 0 0 0 255
0.25900722 9.832106e-11 0.0013023019 0 -1 7.54979e-08 0 0 0 255
0.2790072 9.832106e-11 0.0013023019 0 -1 7.54979e-08 0 0 0 255
0.2990073 9.832106e-11 0.0013023019 0 -1 7.54979e-08 0 0 0 255
0.31900728 9.832106e-11 0.0013023019 0 -1 7.54979e-08 0 0 0 255
0.33900726 9.832106e-11 0.0013023019 0 -1 7.54979e-08 0 0 0 255
0.35900724 9.832106e-11 0.0013023019 0 -1 7.54979e-08 0 0 0 255
0.37900722 9.832106e-11 0.0013023019 0 -1 7.54979e-08 0 0 0 255
0.3990072 9.832106e-11 0.0013023019 0 -1 7.54979e-08 0 0 0 255
0.4190073 9.832106e-11 0.0013023019 0 -1 7.54979e-08 0 0 0 255
0.43900728 9.832106e-11 0.0013023019 0 -1 7.54979e-08 0 0 0 255
0.45900726 9.832106e-11 0.0013023019 0 -1 7.54979e-08 0 0 0 255
0.47900724 9.832106e-11 0.0013023019 0 -1 7.54979e-08 0 0 0 255
0.49900723 9.832106e-11 0.0013023019 0 -1 7.54979e-08 0 0 0 255
0.5190072 9.832106e-11 0.0013023019 0 -1 7.54979e-08 0 0 0 255
0.5390072 9.832106e-11 0.0013023019 0 -1 7.54979e-08 0 0 0 255
0.5590073 9.832106e-11 0.0013023019 0 -1 7.54979e-08 0 0 0 255
0.57900727 9.832106e-11 0.0013023019 0 -1 7.54979e-08 0 0 0 255
0.59900725 9.832106e-11 0.0013023019 0 -1 7.54979e-08 19 11 3 255
0.61900723 9.832106e-11 0.0013023019 0 -1 7.54979e-08 13 10 5 255
0.6390072 9.832106e-11 0.0013023019 0 -1 7.54979e-08 68 68 68 255
0.6590072 9.832106e-11 0.0013023019 0 -1 7.54979e-08 70 70 70 255
0.6790073 9.832106e-11 0.0013023019 0 -1 7.54979e-08 74 74 74 255
0.6990073 9.832106e-11 0.0013023019 0 -1 7.54979e-08 74 74 74 255
0.71900725 9.832106e-11 0.0013023019 0 -1 7.54979e-08 74 74 74 255
0.73900723 9.832106e-11 0.0013023019 0 -1 7.54979e-08 74 74 74 255
0.7590072 9.832106e-11 0.0013023019 0 -1 7.54979e-08 74 74 74 255
0.7790072 9.832106e-11 0.0013023019 0 -1 7.54979e-08 74 74 74 255
0.7990073 9.832106e-11 0.0013023019 0 -1 7.54979e-08 74 74 74 255
0.8190073 9.832106e-11 0.0013023019 0 -1 7.54979e-08 74 74 74 255
0.83900726 9.832106e-11 0.0013023019 0 -1 7.54979e-08 74 74 74 255
0.85900724 9.832106e-11 0.0013023019 0 -1 7.54979e-08 88 88 88 255
0.8790072 9.832106e-11 0.0013023019 0 -1 7.54979e-08 93 93 93 255
0.8990072 9.832106e-11 0.0013023019 0 -1 7.54979e-08 88 88 88 255
0.9190072 9.832106e-11 0.0013023019 0 -1 7.54979e-08 62 62 62 255
-1.0609927 1.6082822e-09 0.021302342 0 -1 7.54979e-08 117 79 55 255
-1.0409927 1.6082822e-09 0.021302342 0 -1 7.54979e-08 232 157 110 255
-1.0209928 1.6082822e-09 0.021302342 0 -1 7.54979e-08 232 157 110 255
-1.0009928 1.6082822e-09 0.021302342 0 -1 7.54979e-08 216 141 94 255
-0.98099273 1.6082822e-09 0.021302342 0 -1 7.54979e-08 201 128 81 255
-0.9609927 1.6082822e-09 0.021302342 0 -1 7.54979e-08 204 129 82 255
-0.9409927 1.6082822e-09 0.021302342 0 -1 7.54979e-08 194 125 78 255
-0.92099273 1.6082822e-09 0.021302342 0 -1 7.54979e-08 192 120 73 255
-0.90099275 1.6082822e-09 0.021302342 0 -1 7.54979e-08 195 121 74 255
-0.8809927 1.6082822e-09 0.021302342 0 -1 7.54979e-08 196 121 74 255
-0.8609927 1.6082822e-09 0.021302342 0 -1 7.54979e-08 178 113 68 255
-0.8409927 1.6082822e-09 0.021302342 0 -1 7.54979e-08 162 104 61 255
-0.8209927 1.6082822e-09 0.021302342 0 -1 7.54979e-08 150 96 55 255
-0.8009927 1.6082822e-09 0.021302342 0 -1 7.54979e-08 145 93 53 255
-0.78099275 1.6082822e-09 0.021302342 0 -1 7.54979e-08 147 93 54 255
-0.76099277 1.6082822e-09 0.021302342 0 -1 7.54979e-08 132 85 48 255
-0.7409927 1.6082822e-09 0.021302342 0 -1 7.54979e-08 127 79 47 255
-0.7209927 1.6082822e-09 0.021302342 0 -1 7.54979e-08 121 76 44 255
-0.7009927 1.6082822e-09 0.021302342 0 -1 7.54979e-08 110 72 37 255
-0.6809927 1.6082822e-09 0.021302342 0 -1 7.54979e-08 116 75 40 255
-0.66099274 1.6082822e-09 0.021302342 0 -1 7.54979e-08 81 58 28 255
-0.64099276 1.6082822e-09 0.021302342 0 -1 7.54979e-08 82 60 28 255
-0.6209927 1.6082822e-09 0.021302342 0 -1 7.54979e-08 65 48 24 255
-0.60099274 1.6082822e-09 0.021302342 0 -1 7.54979e-08 81 57 28 255
-0.5809927 1.6082822e-09 0.021302342 0 -1 7.54979e-08 52 39 16 255
-0.5609927 1.6082822e-09 0.021302342 0 -1 7.54979e-08 52 39 16 255
-0.54099274 1.6082822e-09 0.021302342 0 -1 7.54979e-08 42 33 12 255
-0.52099276 1.6082822e-09 0.021302342 0 -1 7.54979e-08 47 39 15 255
-0.5009927 1.6082822e-09 0.021302342 0 -1 7.54979e-08 47 39 15 255
-0.48099273 1.6082822e-09 0.021302342 0 -1 7.54979e-08 47 39 15 255
-0.46099275 1.6082822e-09 0.021302342 0 -1 7.54979e-08 47 39 15 255
-0.4409927 1.6082822e-09 0.021302342 0 -1 7.54979e-08 7 19 3 255
-0.42099273 1.6082822e-09 0.021302342 0 -1 7.54979e-08 28 27 8 255
-0.40099275 1.6082822e-09 0.021302342 0 -1 7.54979e-08 45 35 14 255
-0.3809927 1.6082822e-09 0.021302342 0 -1 7.54979e-08 58 43 19 255
-0.36099273 1.6082822e-09 0.021302342 0 -1 7.54979e-08 58 43 19 255
-0.34099275 1.6082822e-09 0.021302342 0 -1 7.54979e-08 51 40 16 255
-0.3209927 1.6082822e-09 0.021302342 0 -1 7.54979e-08 47 39 15 255
-0.30099273 1.6082822e-09 0.021302342 0 -1 7.54979e-08 48 39 16 255
-0.28099275 1.6082822e-09 0.021302342 0 -1 7.54979e-08 47 39 15 255
-0.26099277 1.6082822e-09 0.021302342 0 -1 7.54979e-08 62 46 20 255
-0.24099272 1.6082822e-09 0.021302342 0 -1 7.54979e-08 39 34 18 255
-0.22099274 1.6082822e-09 0.021302342 0 -1 7.54979e-08 74 50 40 255
-0.20099276 1.6082822e-09 0.021302342 0 -1 7.54979e-08 0 0 0 255
-0.18099272 1.6082822e-09 0.021302342 0 -1 7.54979e-08 0 0 0 255
-0.16099274 1.6082822e-09 0.021302342 0 -1 7.54979e-08 0 0 0 255
-0.14099276 1.6082822e-09 0.021302342 0 -1 7.54979e-08 0 0 0 255
-0.12099272 1.6082822e-09 0.021302342 0 -1 7.54979e-08 0 0 0 255
-0.10099274 1.6082822e-09 0.021302342 0 -1 7.54979e-08 0 0 0 255
-0.08099276 1.6082822e-09 0.021302342 0 -1 7.54979e-08 0 0 0 255
-0.060992718 1.6082822e-09 0.021302342 0 -1 7.54979e-08 0 0 0 255
-0.040992737 1.6082822e-09 0.021302342 0 -1 7.54979e-08 0 0 0 255
-0.020992756 1.6082822e-09 0.021302342 0 -1 7.54979e-08 0 0 0 255
-0.000992775 1.6082822e-09 0.021302342 0 -1 7.54979e-08 0 0 0 255
0.019007206 1.6082822e-09 0.021302342 0 -1 7.54979e-08 0 0 0 255
0.039007306 1.6082822e-09 0.021302342 0 -1 7.54979e-08 0 0 0 255
0.059007287 1.6082822e-09 0.021302342 0 -1 7.54979e-08 0 0 0 255
0.07900727 1.6082822e-09 0.021302342 0 -1 7.54979e-08 108 68 68 255
0.09900725 1.6082822e-09 0.021302342 0 -1 7.54979e-08 0 0 0 255
0.11900723 1.6082822e-09 0.021302342 0 -1 7.54979e-08 0 0 0 255
0.13900721 1.6082822e-09 0.021302342 0 -1 7.54979e-08 0 0 0 255
0.15900731 1.6082822e-09 0.021302342 0 -1 7.54979e-08 0 0 0 255
0.17900729 1.6082822e-09 0.021302342 0 -1 7.54979e-08 0 0 0 255
0.19900727 1.6082822e-09 0.021302342 0 -1 7.54979e-08 0 0 0 255
0.21900725 1.6082822e-09 0.021302342 0 -1 7.54979e-08 0 0 0 255
0.23900723 1.6082822e-09 0.021302342 0 -1 7.54979e-08 0 0 0 255
0.25900722 1.6082822e-09 0.021302342 0 -1 7.54979e-08 0 0 0 255
0.2790072 1.6082822e-09 0.021302342 0 -1 7.54979e-08 0 0 0 255
0.2990073 1.6082822e-09 0.021302342 0 -1 7.54979e-08 0 0 0 255
0.31900728 1.6082822e-09 0.021302342 0 -1 7.54979e-08 0 0 0 255
0.33900726 1.6082822e-09 0.021302342 0 -1 7.54979e-08 0 0 0 255
0.35900724 1.6082822e-09 0.021302342 0 -1 7.54979e-08 0 0 0 255
0.37900722 1.6082822e-09 0.021302342 0 -1 7.54979e-08 0 0 0 255
0.3990072 1.6082822e-09 0.021302342 0 -1 7.54979e-08 0 0 0 255
0.4190073 1.6082822e-09 0.021302342 0 -1 7.54979e-08 0 0 0 255
0.43900728 1.6082822e-09 0.021302342 0 -1 7.54979e-08 0 0 0 255
0.45900726 1.6082822e-09 0.021302342 0 -1 7.54979e-08 0 0 0 255
0.47900724 1.6082822e-09 0.021302342 0 -1 7.54979e-08 0 0 0 255
0.49900723 1.6082822e-09 0.021302342 0 -1 7.54979e-08 0 0 0 255
0.5190072 1.6082822e-09 0.021302342 0 -1 7.54979e-08 0 0 0 255
0.5390072 1.6082822e-09 0.021302342 0 -1 7.54979e-08 0 0 0 255
0.5590073 1.6082822e-09 0.021302342 0 -1 7.54979e-08 0 0 0 255
0.57900727 1.6082822e-09 0.021302342 0 -1 7.54979e-08 9 5 1 255
0.59900725 1.6082822e-09 0.021302342 0 -1 7.54979e-08 19 11 3 255
0.61900723 1.6082822e-09 0.021302342 0 -1 7.54979e-08 22 22 22 255
0.6390072 1.6082822e-09 0.021302342 0 -1 7.54979e-08 82 82 82 255
0.6590072 1.6082822e-09 0.021302342 0 -1 7.54979e-08 67 67 67 255
0.6790073 1.6082822e-09 0.021302342 0 -1 7.54979e-08 74 74 74 255
0.6990073 1.6082822e-09 0.021302342 0 -1 7.54979e-08 74 74 74 255
0.71900725 1.6082822e-09 0.021302342 0 -1 7.54979e-08 74 74 74 255
0.73900723 1.6082822e-09 0.021302342 0 -1 7.54979e-08 74 74 74 255
0.7590072 1.6082822e-09 0.021302342 0 -1 7.54979e-08 74 74 74 255
0.7790072 1.6082822e-09 0.021302342 0 -1 7.54979e-08 74 74 74 255
0.7990073 1.6082822e-09 0.021302342 0 -1 7.54979e-08 74 74 74 255
0.8190073 1.6082822e-09 0.021302342 0 -1 7.54979e-08 74 74 74 255
0.83900726 1.6082822e-09 0.021302342 0 -1 7.54979e-08 87 87 87 255
0.85900724 1.6082822e-09 0.021302342 0 -1 7.54979e-08 77 77 77 255
0.8790072 1.6082822e-09 0.021302342 0 -1 7.54979e-08 82 82 82 255
0.8990072 1.6082822e-09 0.021302342 0 -1 7.54979e-08 81 81 81 255
0.9190072 1.6082822e-09 0.021302342 0 -1 7.54979e-08 62 62 62 255
-1.0609927 3.1182388e-09 0.041302323 0 -1 7.54979e-08 119 81 57 255
-1.0409927 3.1182388e-09 0.041302323 0 -1 7.54979e-08 234 159 112 255
-1.0209928 3.1182388e-09 0.041302323 0 -1 7.54979e-08 234 159 112 255
-1.0009928 3.1182388e-09 0.041302323 0 -1 7.54979e-08 226 151 104 255
-0.98099273 3.1182388e-09 0.041302323 0 -1 7.54979e-08 216 141 94 255
-0.9609927 3.1182388e-09 0.041302323 0 -1 7.54979e-08 216 141 94 255
-0.9409927 3.1182388e-09 0.041302323 0 -1 7.54979e-08 204 129 82 255
-0.92099273 3.1182388e-09 0.041302323 0 -1 7.54979e-08 200 125 78 255
-0.90099275 3.1182388e-09 0.041302323 0 -1 7.54979e-08 199 124 77 255
-0.8809927 3.1182388e-09 0.041302323 0 -1 7.54979e-08 200 125 78 255
-0.8609927 3.1182388e-09 0.041302323 0 -1 7.54979e-08 193 121 74 255
-0.8409927 3.1182388e-09 0.041302323 0 -1 7.54979e-08 179 113 68 255
-0.8209927 3.1182388e-09 0.041302323 0 -1 7.54979e-08 164 106 62 255
-0.8009927 3.1182388e-09 0.041302323 0 -1 7.54979e-08 151 96 55 255
-0.78099275 3.1182388e-09 0.041302323 0 -1 7.54979e-08 151 96 55 255
-0.76099277 3.1182388e-09 0.041302323 0 -1 7.54979e-08 140 88 51 255
-0.7409927 3.1182388e-09 0.041302323 0 -1 7.54979e-08 132 82 50 255
-0.7209927 3.1182388e-09 0.041302323 0 -1 7.54979e-08 134 85 50 255
-0.7009927 3.1182388e-09 0.041302323 0 -1 7.54979e-08 135 86 48 255
-0.6809927 3.1182388e-09 0.041302323 0 -1 7.54979e-08 116 75 40 255
-0.66099274 3.1182388e-09 0.041302323 0 -1 7.54979e-08 103 67 35 255
-0.64099276 3.1182388e-09 0.041302323 0 -1 7.54979e-08 93 63 32 255
-0.6209927 3.1182388e-09 0.041302323 0 -1 7.54979e-08 87 61 30 255
-0.60099274 3.1182388e-09 0.041302323 0 -1 7.54979e-08 90 62 31 255
-0.5809927 3.1182388e-09 0.041302323 0 -1 7.54979e-08 72 52 27 255
-0.5609927 3.1182388e-09 0.041302323 0 -1 7.54979e-08 61 45 22 255
-0.54099274 3.1182388e-09 0.041302323 0 -1 7.54979e-08 45 36 14 255
-0.52099276 3.1182388e-09 0.041302323 0 -1 7.54979e-08 47 39 15 255
-0.5009927 3.1182388e-09 0.041302323 0 -1 7.54979e-08 47 39 15 255
-0.48099273 3.1182388e-09 0.041302323 0 -1 7.54979e-08 47 39 15 255
-0.46099275 3.1182388e-09 0.041302323 0 -1 7.54979e-08 44 36 14 255
-0.4409927 3.1182388e-09 0.041302323 0 -1 7.54979e-08 16 22 5 255
-0.42099273 3.1182388e-09 0.041302323 0 -1 7.54979e-08 47 39 15 255
-0.40099275 3.1182388e-09 0.041302323 0 -1 7.54979e-08 55 41 18 255
-0.3809927 3.1182388e-09 0.041302323 0 -1 7.54979e-08 49 37 15 255
-0.36099273 3.1182388e-09 0.041302323 0 -1 7.54979e-08 58 43 19 255
-0.34099275 3.1182388e-09 0.041302323 0 -1 7.54979e-08 54 41 18 255
-0.3209927 3.1182388e-09 0.041302323 0 -1 7.54979e-08 47 39 15 255
-0.30099273 3.1182388e-09 0.041302323 0 -1 7.54979e-08 47 39 15 255
-0.28099275 3.1182388e-09 0.041302323 0 -1 7.54979e-08 55 42 18 255
-0.26099277 3.1182388e-09 0.041302323 0 -1 7.54979e-08 57 44 18 255
-0.24099272 3.1182388e-09 0.041302323 0 -1 7.54979e-08 53 42 17 255
-0.22099274 3.1182388e-09 0.041302323 0 -1 7.54979e-08 32 28 18 255
-0.20099276 3.1182388e-09 0.041302323 0 -1 7.54979e-08 127 82 77 255
-0.18099272 3.1182388e-09 0.041302323 0 -1 7.54979e-08 21 13 13 255
-0.16099274 3.1182388e-09 0.041302323 0 -1 7.54979e-08 0 0 0 255
-0.14099276 3.1182388e-09 0.041302323 0 -1 7.54979e-08 0 0 0 255
-0.12099272 3.1182388e-09 0.041302323 0 -1 7.54979e-08 0 0 0 255
-0.10099274 3.1182388e-09 0.041302323 0 -1 7.54979e-08 0 0 0 255
-0.08099276 3.1182388e-09 0.041302323 0 -1 7.54979e-08 0 0 0 255
-0.060992718 3.1182388e-09 0.041302323 0 -1 7.54979e-08 0 0 0 255
-0.040992737 3.1182388e-09 0.041302323 0 -1 7.54979e-08 0 0 0 255
-0.020992756 3.1182388e-09 0.041302323 0 -1 7.54979e-08 0 0 0 255
-0.000992775 3.1182388e-09 0.041302323 0 -1 7.54979e-08 0 0 0 255
0.019007206 3.1182388e-09 0.041302323 0 -1 7.54979e-08 0 0 0 255
0.039007306 3.1182388e-09 0.041302323 0 -1 7.54979e-08 0 0 0 255
0.059007287 3.1182388e-09 0.041302323 0 -1 7.54979e-08 0 0 0 255
0.07900727 3.1182388e-09 0.041302323 0 -1 7.54979e-08 0 0 0 255
0.09900725 3.1182388e-09 0.041302323 0 -1 7.54979e-08 0 0 0 255
0.11900723 3.1182388e-09 0.041302323 0 -1 7.54979e-08 0 0 0 255
0.13900721 3.1182388e-09 0.041302323 0 -1 7.54979e-08 0 0 0 255
0.15900731 3.1182388e-09 0.041302323 0 -1 7.54979e-08 0 0 0 255
0.17900729 3.1182388e-09 0.041302323 0 -1 7.54979e-08 0 0 0 255
0.19900727 3.1182388e-09 0.041302323 0 -1 7.54979e-08 0 0 0 255
0.21900725 3.1182388e-09 0.041302323 0 -1 7.54979e-08 0 0 0 255
0.23900723 3.1182388e-09 0.041302323 0 -1 7.54979e-08 0 0 0 255
0.25900722 3.1182388e-09 0.041302323 0 -1 7.54979e-08 0 0 0 255
0.2790072 3.1182388e-09 0.041302323 0 -1 7.54979e-08 0 0 0 255
0.2990073 3.1182388e-09 0.041302323 0 -1 7.54979e-08 0 0 0 255
0.31900728 3.1182388e-09 0.041302323 0 -1 7.54979e-08 0 0 0 255
0.33900726 3.1182388e-09 0.041302323 0 -1 7.54979e-08 0 0 0 255
0.35900724 3.1182388e-09 0.041302323 0 -1 7.54979e-08 0 0 0 255
0.37900722 3.1182388e-09 0.041302323 0 -1 7.54979e-08 0 0 0 255
0.3990072 3.1182388e-09 0.041302323 0 -1 7.54979e-08 0 0 0 255
0.4190073 3.1182388e-09 0.041302323 0 -1 7.54979e-08 0 0 0 255
0.43900728 3.1182388e-09 0.041302323 0 -1 7.54979e-08 0 0 0 255
0.45900726 3.1182388e-09 0.041302323 0 -1 7.54979e-08 0 0 0 255
0.47900724 3.1182388e-09 0.041302323 0 -1 7.54979e-08 0 0 0 255
0.49900723 3.1182388e-09 0.041302323 0 -1 7.54979e-08 0 0 0 255
0.5190072 3.1182388e-09 0.041302323 0 -1 7.54979e-08 0 0 0 255
0.5390072 3.1182388e-09 0.041302323 0 -1 7.54979e-08 0 0 0 255
0.5590073 3.1182388e-09 0.041302323 0 -1 7.54979e-08 0 0 0 255
0.57900727 3.1182388e-09 0.041302323 0 -1 7.54979e-08 12 7 2 255
0.59900725 3.1182388e-09 0.041302323 0 -1 7.54979e-08 0 0 0 255
0.61900723 3.1182388e-09 0.041302323 0 -1 7.54979e-08 50 47 43 255
0.6390072 3.1182388e-09 0.041302323 0 -1 7.54979e-08 74 74 74 255
0.6590072 3.1182388e-09 0.041302323 0 -1 7.54979e-08 66 66 66 255
0.6790073 3.1182388e-09 0.041302323 0 -1 7.54979e-08 74 74 74 255
0.6990073 3.1182388e-09 0.041302323 0 -1 7.54979e-08 75 75 75 255
0.71900725 3.1182388e-09 0.041302323 0 -1 7.54979e-08 80 80 80 255
0.73900723 3.1182388e-09 0.041302323 0 -1 7.54979e-08 76 76 76 255
0.7590072 3.1182388e-09 0.041302323 0 -1 7.54979e-08 76 76 76 255
0.7790072 3.1182388e-09 0.041302323 0 -1 7.54979e-08 81 81 81 255
0.7990073 3.1182388e-09 0.041302323 0 -1 7.54979e-08 83 83 83 255
0.8190073 3.1182388e-09 0.041302323 0 -1 7.54979e-08 79 79 79 255
0.83900726 3.1182388e-09 0.041302323 0 -1 7.54979e-08 80 80 80 255
0.85900724 3.1182388e-09 0.041302323 0 -1 7.54979e-08 84 84 84 255
0.8790072 3.1182388e-09 0.041302323 0 -1 7.54979e-08 94 94 94 255
0.8990072 3.1182388e-09 0.041302323 0 -1 7.54979e-08 75 75 75 255
0.9190072 3.1182388e-09 0.041302323 0 -1 7.54979e-08 0 0 0 255
-1.0609927 4.628195e-09 0.061302304 0 -1 7.54979e-08 125 90 70 255
-1.0409927 4.628195e-09 0.061302304 0 -1 7.54979e-08 246 178 138 255
-1.0209928 4.628195e-09 0.061302304 0 -1 7.54979e-08 239 165 117 255
-1.0009928 4.628195e-09 0.061302304 0 -1 7.54979e-08 238 164 116 255
-0.98099273 4.628195e-09 0.061302304 0 -1 7.54979e-08 231 156 109 255
-0.9609927 4.628195e-09 0.061302304 0 -1 7.54979e-08 229 155 107 255
-0.9409927 4.628195e-09 0.061302304 0 -1 7.54979e-08 214 139 92 255
-0.92099273 4.628195e-09 0.061302304 0 -1 7.54979e-08 200 125 78 255
-0.90099275 4.628195e-09 0.061302304 0 -1 7.54979e-08 207 132 85 255
-0.8809927 4.628195e-09 0.061302304 0 -1 7.54979e-08 200 125 78 255
-0.8609927 4.628195e-09 0.061302304 0 -1 7.54979e-08 203 129 81 255
-0.8409927 4.628195e-09 0.061302304 0 -1 7.54979e-08 200 125 77 255
-0.8209927 4.628195e-09 0.061302304 0 -1 7.54979e-08 183 115 70 255
-0.8009927 4.628195e-09 0.061302304 0 -1 7.54979e-08 164 105 62 255
-0.78099275 4.628195e-09 0.061302304 0 -1 7.54979e-08 160 103 60 255
-0.76099277 4.628195e-09 0.061302304 0 -1 7.54979e-08 154 99 57 255
-0.7409927 4.628195e-09 0.061302304 0 -1 7.54979e-08 142 89 52 255
-0.7209927 4.628195e-09 0.061302304 0 -1 7.54979e-08 138 89 51 255
-0.7009927 4.628195e-09 0.061302304 0 -1 7.54979e-08 130 83 47 255
-0.6809927 4.628195e-09 0.061302304 0 -1 7.54979e-08 121 78 43 255
-0.66099274 4.628195e-09 0.061302304 0 -1 7.54979e-08 113 74 38 255
-0.64099276 4.628195e-09 0.061302304 0 -1 7.54979e-08 112 73 38 255
-0.6209927 4.628195e-09 0.061302304 0 -1 7.54979e-08 101 66 34 255
-0.60099274 4.628195e-09 0.061302304 0 -1 7.54979e-08 100 66 34 255
-0.5809927 4.628195e-09 0.061302304 0 -1 7.54979e-08 95 64 33 255
-0.5609927 4.628195e-09 0.061302304 0 -1 7.54979e-08 75 56 26 255
-0.54099274 4.628195e-09 0.061302304 0 -1 7.54979e-08 68 51 24 255
-0.52099276 4.628195e-09 0.061302304 0 -1 7.54979e-08 57 42 18 255
-0.5009927 4.628195e-09 0.061302304 0 -1 7.54979e-08 57 42 18 255
-0.48099273 4.628195e-09 0.061302304 0 -1 7.54979e-08 47 39 15 255
-0.46099275 4.628195e-09 0.061302304 0 -1 7.54979e-08 52 40 17 255
-0.4409927 4.628195e-09 0.061302304 0 -1 7.54979e-08 45 38 14 255
-0.42099273 4.628195e-09 0.061302304 0 -1 7.54979e-08 47 39 15 255
-0.40099275 4.628195e-09 0.061302304 0 -1 7.54979e-08 13 22 5 255
-0.3809927 4.628195e-09 0.061302304 0 -1 7.54979e-08 40 32 12 255
-0.36099273 4.628195e-09 0.061302304 0 -1 7.54979e-08 58 43 19 255
-0.34099275 4.628195e-09 0.061302304 0 -1 7.54979e-08 58 43 19 255
-0.3209927 4.628195e-09 0.061302304 0 -1 7.54979e-08 57 42 18 255
-0.30099273 4.628195e-09 0.061302304 0 -1 7.54979e-08 47 39 15 255
-0.28099275 4.628195e-09 0.061302304 0 -1 7.54979e-08 47 39 15 255
-0.26099277 4.628195e-09 0.061302304 0 -1 7.54979e-08 52 41 17 255
-0.24099272 4.628195e-09 0.061302304 0 -1 7.54979e-08 50 40 16 255
-0.22099274 4.628195e-09 0.061302304 0 -1 7.54979e-08 55 43 19 255
-0.20099276 4.628195e-09 0.061302304 0 -1 7.54979e-08 39 31 11 255
-0.18099272 4.628195e-09 0.061302304 0 -1 7.54979e-08 28 20 12 255
-0.16099274 4.628195e-09 0.061302304 0 -1 7.54979e-08 0 0 0 255
-0.14099276 4.628195e-09 0.061302304 0 -1 7.54979e-08 0 0 0 255
-0.12099272 4.628195e-09 0.061302304 0 -1 7.54979e-08 0 0 0 255
-0.10099274 4.628195e-09 0.061302304 0 -1 7.54979e-08 0 0 0 255
-0.08099276 4.628195e-09 0.061302304 0 -1 7.54979e-08 0 0 0 255
-0.060992718 4.628195e-09 0.061302304 0 -1 7.54979e-08 0 0 0 255
-0.040992737 4.628195e-09 0.061302304 0 -1 7.54979e-08 0 0 0 255
-0.020992756 4.628195e-09 0.061302304 0 -1 7.54979e-08 0 0 0 255
-0.000992775 4.628195e-09 0.061302304 0 -1 7.54979e-08 0 0 0 255
0.019007206 4.628195e-09 0.061302304 0 -1 7.54979e-08 0 0 0 255
0.039007306 4.628195e-09 0.061302304 0 -1 7.54979e-08 0 0 0 255
0.059007287 4.628195e-09 0.061302304 0 -1 7.54979e-08 0 0 0 255
0.07900727 4.628195e-09 0.061302304 0 -1 7.54979e-08 0 0 0 255
0.09900725 4.628195e-09 0.061302304 0 -1 7.54979e-08 0 0 0 255
0.11900723 4.628195e-09 0.061302304 0 -1 7.54979e-08 0 0 0 255
0.13900721 4.628195e-09 0.061302304 0 -1 7.54979e-08 0 0 0 255
0.15900731 4.628195e-09 0.061302304 0 -1 7.54979e-08 0 0 0 255
0.17900729 4.628195e-09 0.061302304 0 -1 7.54979e-08 0 0 0 255
0.19900727 4.628195e-09 0.061302304 0 -1 7.54979e-08 0 0 0 255
0.21900725 4.628195e-09 0.061302304 0 -1 7.54979e-08 0 0 0 255
0.23900723 4.628195e-09 0.061302304 0 -1 7.54979e-08 0 0 0 255
0.25900722 4.628195e-09 0.061302304 0 -1 7.54979e-08 0 0 0 255
0.2790072 4.628195e-09 0.061302304 0 -1 7.54979e-08 0 0 0 255
0.2990073 4.628195e-09 0.061302304 0 -1 7.54979e-08 0 0 0 255
0.31900728 4.628195e-09 0.061302304 0 -1 7.54979e-08 0 0 0 255
0.33900726 4.628195e-09 0.061302304 0 -1 7.54979e-08 0 0 0 255
0.35900724 4.628195e-09 0.061302304 0 -1 7.54979e-08 0 0 0 255
0.37900722 4.628195e-09 0.061302304 0 -1 7.54979e-08 0 0 0 255
0.3990072 4.628195e-09 0.061302304 0 -1 7.54979e-08 0 0 0 255
0.4190073 4.628195e-09 0.061302304 0 -1 7.54979e-08 0 0 0 255
0.43900728 4.628195e-09 0.061302304 0 -1 7.54979e-08 0 0 0 255
0.45900726 4.628195e-09 0.061302304 0 -1 7.54979e-08 0 0 0 255
0.47900724 4.628195e-09 0.061302304 0 -1 7.54979e-08 0 0 0 255
0.49900723 4.628195e-09 0.061302304 0 -1 7.54979e-08 0 0 0 255
0.5190072 4.628195e-09 0.061302304 0 -1 7.54979e-08 0 0 0 255
0.5390072 4.628195e-09 0.061302304 0 -1 7.54979e-08 0 0 0 255
0.5590073 4.628195e-09 0.061302304 0 -1 7.54979e-08 0 0 0 255
0.57900727 4.628195e-09 0.061302304 0 -1 7.54979e-08 19 11 3 255
0.59900725 4.628195e-09 0.061302304 0 -1 7.54979e-08 0 0 0 255
0.61900723 4.628195e-09 0.061302304 0 -1 7.54979e-08 65 65 65 255
0.6390072 4.628195e-09 0.061302304 0 -1 7.54979e-08 67 67 67 255
0.6590072 4.628195e-09 0.061302304 0 -1 7.54979e-08 70 70 70 255
0.6790073 4.628195e-09 0.061302304 0 -1 7.54979e-08 74 74 74 255
0.6990073 4.628195e-09 0.061302304 0 -1 7.54979e-08 75 75 75 255
0.71900725 4.628195e-09 0.061302304 0 -1 7.54979e-08 74 74 74 255
0.73900723 4.628195e-09 0.061302304 0 -1 7.54979e-08 79 79 79 255
0.7590072 4.628195e-09 0.061302304 0 -1 7.54979e-08 82 82 82 255
0.7790072 4.628195e-09 0.061302304 0 -1 7.54979e-08 82 82 82 255
0.7990073 4.628195e-09 0.061302304 0 -1 7.54979e-08 83 83 83 255
0.8190073 4.628195e-09 0.061302304 0 -1 7.54979e-08 79 79 79 255
0.83900726 4.628195e-09 0.061302304 0 -1 7.54979e-08 81 81 81 255
0.85900724 4.628195e-09 0.061302304 0 -1 7.54979e-08 86 86 86 255
0.8790072 4.628195e-09 0.061302304 0 -1 7.54979e-08 100 100 100 255
0.8990072 4.628195e-09 0.061302304 0 -1 7.54979e-08 68 68 68 255
-1.0609927 6.138156e-09 0.081302345 0 -1 7.54979e-08 125 87 63 255
-1.0409927 6.138156e-09 0.081302345 0 -1 7.54979e-08 240 170 127 255
-1.0209928 6.138156e-09 0.081302345 0 -1 7.54979e-08 235 161 113 255
-1.0009928 6.138156e-09 0.081302345 0 -1 7.54979e-08 239 165 117 255
-0.98099273 6.138156e-09 0.081302345 0 -1 7.54979e-08 245 170 123 255
-0.9609927 6.138156e-09 0.081302345 0 -1 7.54979e-08 239 165 117 255
-0.9409927 6.138156e-09 0.081302345 0 -1 7.54979e-08 225 151 103 255
-0.92099273 6.138156e-09 0.081302345 0 -1 7.54979e-08 208 133 86 255
-0.90099275 6.138156e-09 0.081302345 0 -1 7.54979e-08 196 124 78 255
-0.8809927 6.138156e-09 0.081302345 0 -1 7.54979e-08 193 122 74 255
-0.8609927 6.138156e-09 0.081302345 0 -1 7.54979e-08 200 125 78 255
-0.8409927 6.138156e-09 0.081302345 0 -1 7.54979e-08 200 125 78 255
-0.8209927 6.138156e-09 0.081302345 0 -1 7.54979e-08 193 120 73 255
-0.8009927 6.138156e-09 0.081302345 0 -1 7.54979e-08 173 110 66 255
-0.78099275 6.138156e-09 0.081302345 0 -1 7.54979e-08 162 104 61 255
-0.76099277 6.138156e-09 0.081302345 0 -1 7.54979e-08 157 102 58 255
-0.7409927 6.138156e-09 0.081302345 0 -1 7.54979e-08 151 96 55 255
-0.7209927 6.138156e-09 0.081302345 0 -1 7.54979e-08 142 92 52 255
-0.7009927 6.138156e-09 0.081302345 0 -1 7.54979e-08 135 88 49 255
-0.6809927 6.138156e-09 0.081302345 0 -1 7.54979e-08 129 82 47 255
-0.66099274 6.138156e-09 0.081302345 0 -1 7.54979e-08 119 77 42 255
-0.64099276 6.138156e-09 0.081302345 0 -1 7.54979e-08 113 74 39 255
-0.6209927 6.138156e-09 0.081302345 0 -1 7.54979e-08 108 70 37 255
-0.60099274 6.138156e-09 0.081302345 0 -1 7.54979e-08 102 66 35 255
-0.5809927 6.138156e-09 0.081302345 0 -1 7.54979e-08 98 65 34 255
-0.5609927 6.138156e-09 0.081302345 0 -1 7.54979e-08 95 64 33 255
-0.54099274 6.138156e-09 0.081302345 0 -1 7.54979e-08 102 66 35 255
-0.52099276 6.138156e-09 0.081302345 0 -1 7.54979e-08 78 58 27 255
-0.5009927 6.138156e-09 0.081302345 0 -1 7.54979e-08 67 49 25 255
-0.48099273 6.138156e-09 0.081302345 0 -1 7.54979e-08 60 45 21 255
-0.46099275 6.138156e-09 0.081302345 0 -1 7.54979e-08 45 37 14 255
-0.4409927 6.138156e-09 0.081302345 0 -1 7.54979e-08 57 44 19 255
-0.42099273 6.138156e-09 0.081302345 0 -1 7.54979e-08 47 39 15 255
-0.40099275 6.138156e-09 0.081302345 0 -1 7.54979e-08 46 39 15 255
-0.3809927 6.138156e-09 0.081302345 0 -1 7.54979e-08 23 25 7 255
-0.36099273 6.138156e-09 0.081302345 0 -1 7.54979e-08 39 31 11 255
-0.34099275 6.138156e-09 0.081302345 0 -1 7.54979e-08 54 40 17 255
-0.3209927 6.138156e-09 0.081302345 0 -1 7.54979e-08 58 43 19 255
-0.30099273 6.138156e-09 0.081302345 0 -1 7.54979e-08 52 41 17 255
-0.28099275 6.138156e-09 0.081302345 0 -1 7.54979e-08 47 39 15 255
-0.26099277 6.138156e-09 0.081302345 0 -1 7.54979e-08 47 39 15 255
-0.24099272 6.138156e-09 0.081302345 0 -1 7.54979e-08 47 39 15 255
-0.22099274 6.138156e-09 0.081302345 0 -1 7.54979e-08 62 46 20 255
-0.20099276 6.138156e-09 0.081302345 0 -1 7.54979e-08 47 39 15 255
-0.18099272 6.138156e-09 0.081302345 0 -1 7.54979e-08 69 49 39 255
-0.16099274 6.138156e-09 0.081302345 0 -1 7.54979e-08 72 45 45 255
-0.14099276 6.138156e-09 0.081302345 0 -1 7.54979e-08 0 0 0 255
-0.12099272 6.138156e-09 0.081302345 0 -1 7.54979e-08 0 0 0 255
-0.10099274 6.138156e-09 0.081302345 0 -1 7.54979e-08 0 0 0 255
-0.08099276 6.138156e-09 0.081302345 0 -1 7.54979e-08 0 0 0 255
-0.060992718 6.138156e-09 0.081302345 0 -1 7.54979e-08 0 0 0 255
-0.040992737 6.138156e-09 0.081302345 0 -1 7.54979e-08 0 0 0 255
-0.020992756 6.138156e-09 0.081302345 0 -1 7.54979e-08 0 0 0 255
-0.000992775 6.138156e-09 0.081302345 0 -1 7.54979e-08 0 0 0 255
0.019007206 6.138156e-09 0.081302345 0 -1 7.54979e-08 0 0 0 255
0.039007306 6.138156e-09 0.081302345 0 -1 7.54979e-08 0 0 0 255
0.059007287 6.138156e-09 0.081302345 0 -1 7.54979e-08 36 22 22 255
0.07900727 6.138156e-09 0.081302345 0 -1 7.54979e-08 0 0 0 255
0.09900725 6.138156e-09 0.081302345 0 -1 7.54979e-08 0 0 0 255
0.11900723 6.138156e-09 0.081302345 0 -1 7.54979e-08 0 0 0 255
0.13900721 6.138156e-09 0.081302345 0 -1 7.54979e-08 0 0 0 255
0.15900731 6.138156e-09 0.081302345 0 -1 7.54979e-08 0 0 0 255
0.17900729 6.138156e-09 0.081302345 0 -1 7.54979e-08 0 0 0 255
0.19900727 6.138156e-09 0.081302345 0 -1 7.54979e-08 0 0 0 255
0.21900725 6.138156e-09 0.081302345 0 -1 7.54979e-08 0 0 0 255
0.23900723 6.138156e-09 0.081302345 0 -1 7.54979e-08 0 0 0 255
0.25900722 6.138156e-09 0.081302345 0 -1 7.54979e-08 0 0 0 255
0.2790072 6.138156e-09 0.081302345 0 -1 7.54979e-08 0 0 0 255
0.2990073 6.138156e-09 0.081302345 0 -1 7.54979e-08 0 0 0 255
0.31900728 6.138156e-09 0.081302345 0 -1 7.54979e-08 0 0 0 255
0.33900726 6.138156e-09 0.081302345 0 -1 7.54979e-08 0 0 0 255
0.35900724 6.138156e-09 0.081302345 0 -1 7.54979e-08 0 0 0 255
0.37900722 6.138156e-09 0.081302345 0 -1 7.54979e-08 0 0 0 255
0.3990072 6.138156e-09 0.081302345 0 -1 7.54979e-08 0 0 0 255
0.4190073 6.138156e-09 0.081302345 0 -1 7.54979e-08 0 0 0 255
0.43900728 6.138156e-09 0.081302345 0 -1 7.54979e-08 0 0 0 255
0.45900726 6.138156e-09 0.081302345 0 -1 7.54979e-08 0 0 0 255
0.47900724 6.138156e-09 0.081302345 0 -1 7.54979e-08 0 0 0 255
0.49900723 6.138156e-09 0.081302345 0 -1 7.54979e-08 0 0 0 255
0.5190072 6.138156e-09 0.081302345 0 -1 7.54979e-08 0 0 0 255
0.5390072 6.138156e-09 0.081302345 0 -1 7.54979e-08 0 0 0 255
0.5590073 6.138156e-09 0.081302345 0 -1 7.54979e-08 0 0 0 255
0.57900727 6.138156e-09 0.081302345 0 -1 7.54979e-08 5 15 2 255
0.59900725 6.138156e-09 0.081302345 0 -1 7.54979e-08 35 31 20 255
0.61900723 6.138156e-09 0.081302345 0 -1 7.54979e-08 61 61 61 255
0.6390072 6.138156e-09 0.081302345 0 -1 7.54979e-08 70 70 70 255
0.6590072 6.138156e-09 0.081302345 0 -1 7.54979e-08 70 70 70 255
0.6790073 6.138156e-09 0.081302345 0 -1 7.54979e-08 74 74 74 255
0.6990073 6.138156e-09 0.081302345 0 -1 7.54979e-08 78 78 78 255
0.71900725 6.138156e-09 0.081302345 0 -1 7.54979e-08 74 74 74 255
0.73900723 6.138156e-09 0.081302345 0 -1 7.54979e-08 78 78 78 255
0.7590072 6.138156e-09 0.081302345 0 -1 7.54979e-08 78 78 78 255
0.7790072 6.138156e-09 0.081302345 0 -1 7.54979e-08 87 87 87 255
0.7990073 6.138156e-09 0.081302345 0 -1 7.54979e-08 78 78 78 255
0.8190073 6.138156e-09 0.081302345 0 -1 7.54979e-08 80 80 80 255
0.83900726 6.138156e-09 0.081302345 0 -1 7.54979e-08 74 74 74 255
0.85900724 6.138156e-09 0.081302345 0 -1 7.54979e-08 88 88 88 255
0.8790072 6.138156e-09 0.081302345 0 -1 7.54979e-08 94 94 94 255
0.8990072 6.138156e-09 0.081302345 0 -1 7.54979e-08 34 34 34 255
-1.0609927 7.648113e-09 0.101302326 0 -1 7.54979e-08 125 91 71 255
-1.0409927 7.648113e-09 0.101302326 0 -1 7.54979e-08 247 180 141 255
-1.0209928 7.648113e-09 0.101302326 0 -1 7.54979e-08 240 165 118 255
-1.0009928 7.648113e-09 0.101302326 0 -1 7.54979e-08 247 172 125 255
-0.98099273 7.648113e-09 0.101302326 0 -1 7.54979e-08 247 173 125 255
-0.9609927 7.648113e-09 0.101302326 0 -1 7.54979e-08 232 157 110 255
-0.9409927 7.648113e-09 0.101302326 0 -1 7.54979e-08 232 157 110 255
-0.92099273 7.648113e-09 0.101302326 0 -1 7.54979e-08 216 142 94 255
-0.90099275 7.648113e-09 0.101302326 0 -1 7.54979e-08 212 137 90 255
-0.8809927 7.648113e-09 0.101302326 0 -1 7.54979e-08 196 122 74 255
-0.8609927 7.648113e-09 0.101302326 0 -1 7.54979e-08 200 125 78 255
-0.8409927 7.648113e-09 0.101302326 0 -1 7.54979e-08 200 126 78 255
-0.8209927 7.648113e-09 0.101302326 0 -1 7.54979e-08 198 124 76 255
-0.8009927 7.648113e-09 0.101302326 0 -1 7.54979e-08 200 125 78 255
-0.78099275 7.648113e-09 0.101302326 0 -1 7.54979e-08 198 123 76 255
-0.76099277 7.648113e-09 0.101302326 0 -1 7.54979e-08 173 110 66 255
-0.7409927 7.648113e-09 0.101302326 0 -1 7.54979e-08 161 104 60 255
-0.7209927 7.648113e-09 0.101302326 0 -1 7.54979e-08 149 94 55 255
-0.7009927 7.648113e-09 0.101302326 0 -1 7.54979e-08 143 92 52 255
-0.6809927 7.648113e-09 0.101302326 0 -1 7.54979e-08 138 90 51 255
-0.66099274 7.648113e-09 0.101302326 0 -1 7.54979e-08 133 86 49 255
-0.64099276 7.648113e-09 0.101302326 0 -1 7.54979e-08 129 82 46 255
-0.6209927 7.648113e-09 0.101302326 0 -1 7.54979e-08 108 71 37 255
-0.60099274 7.648113e-09 0.101302326 0 -1 7.54979e-08 102 67 35 255
-0.5809927 7.648113e-09 0.101302326 0 -1 7.54979e-08 102 67 35 255
-0.5609927 7.648113e-09 0.101302326 0 -1 7.54979e-08 102 66 35 255
-0.54099274 7.648113e-09 0.101302326 0 -1 7.54979e-08 96 64 33 255
-0.52099276 7.648113e-09 0.101302326 0 -1 7.54979e-08 90 62 31 255
-0.5009927 7.648113e-09 0.101302326 0 -1 7.54979e-08 71 53 25 255
-0.48099273 7.648113e-09 0.101302326 0 -1 7.54979e-08 58 43 19 255
-0.46099275 7.648113e-09 0.101302326 0 -1 7.54979e-08 47 39 15 255
-0.4409927 7.648113e-09 0.101302326 0 -1 7.54979e-08 47 39 15 255
-0.42099273 7.648113e-09 0.101302326 0 -1 7.54979e-08 46 38 15 255
-0.40099275 7.648113e-09 0.101302326 0 -1 7.54979e-08 47 39 15 255
-0.3809927 7.648113e-09 0.101302326 0 -1 7.54979e-08 28 29 9 255
-0.36099273 7.648113e-09 0.101302326 0 -1 7.54979e-08 37 30 11 255
-0.34099275 7.648113e-09 0.101302326 0 -1 7.54979e-08 48 37 15 255
-0.3209927 7.648113e-09 0.101302326 0 -1 7.54979e-08 58 42 19 255
-0.30099273 7.648113e-09 0.101302326 0 -1 7.54979e-08 58 43 19 255
-0.28099275 7.648113e-09 0.101302326 0 -1 7.54979e-08 47 39 15 255
-0.26099277 7.648113e-09 0.101302326 0 -1 7.54979e-08 47 39 15 255
-0.24099272 7.648113e-09 0.101302326 0 -1 7.54979e-08 47 39 15 255
-0.22099274 7.648113e-09 0.101302326 0 -1 7.54979e-08 47 39 15 255
-0.20099276 7.648113e-09 0.101302326 0 -1 7.54979e-08 70 50 23 255
-0.18099272 7.648113e-09 0.101302326 0 -1 7.54979e-08 43 35 13 255
-0.16099274 7.648113e-09 0.101302326 0 -1 7.54979e-08 39 31 11 255
-0.14099276 7.648113e-09 0.101302326 0 -1 7.54979e-08 77 49 49 255
-0.12099272 7.648113e-09 0.101302326 0 -1 7.54979e-08 0 0 0 255
-0.10099274 7.648113e-09 0.101302326 0 -1 7.54979e-08 0 0 0 255
-0.08099276 7.648113e-09 0.101302326 0 -1 7.54979e-08 0 0 0 255
-0.060992718 7.648113e-09 0.101302326 0 -1 7.54979e-08 0 0 0 255
-0.040992737 7.648113e-09 0.101302326 0 -1 7.54979e-08 0 0 0 255
-0.020992756 7.648113e-09 0.101302326 0 -1 7.54979e-08 0 0 0 255
-0.000992775 7.648113e-09 0.101302326 0 -1 7.54979e-08 0 0 0 255
0.019007206 7.648113e-09 0.101302326 0 -1 7.54979e-08 0 0 0 255
0.039007306 7.648113e-09 0.101302326 0 -1 7.54979e-08 0 0 0 255
0.059007287 7.648113e-09 0.101302326 0 -1 7.54979e-08 0 0 0 255
0.07900727 7.648113e-09 0.101302326 0 -1 7.54979e-08 0 0 0 255
0.09900725 7.648113e-09 0.101302326 0 -1 7.54979e-08 0 0 0 255
0.11900723 7.648113e-09 0.101302326 0 -1 7.54979e-08 0 0 0 255
0.13900721 7.648113e-09 0.101302326 0 -1 7.54979e-08 0 0 0 255
0.15900731 7.648113e-09 0.101302326 0 -1 7.54979e-08 0 0 0 255
0.17900729 7.648113e-09 0.101302326 0 -1 7.54979e-08 0 0 0 255
0.19900727 7.648113e-09 0.101302326 0 -1 7.54979e-08 0 0 0 255
0.21900725 7.648113e-09 0.101302326 0 -1 7.54979e-08 0 0 0 255
0.23900723 7.648113e-09 0.101302326 0 -1 7.54979e-08 0 0 0 255
0.25900722 7.648113e-09 0.101302326 0 -1 7.54979e-08 0 0 0 255
0.2790072 7.648113e-09 0.101302326 0 -1 7.54979e-08 0 0 0 255
0.2990073 7.648113e-09 0.101302326 0 -1 7.54979e-08 0 0 0 255
0.31900728 7.648113e-09 0.101302326 0 -1 7.54979e-08 0 0 0 255
0.33900726 7.648113e-09 0.101302326 0 -1 7.54979e-08 0 0 0 255
0.35900724 7.648113e-09 0.101302326 0 -1 7.54979e-08 0 0 0 255
0.37900722 7.648113e-09 0.101302326 0 -1 7.54979e-08 0 0 0 255
0.3990072 7.648113e-09 0.101302326 0 -1 7.54979e-08 0 0 0 255
0.4190073 7.648113e-09 0.101302326 0 -1 7.54979e-08 0 0 0 255
0.43900728 7.648113e-09 0.101302326 0 -1 7.54979e-08 0 0 0 255
0.45900726 7.648113e-09 0.101302326 0 -1 7.54979e-08 0 0 0 255
0.47900724 7.648113e-09 0.101302326 0 -1 7.54979e-08 0 0 0 255
0.49900723 7.648113e-09 0.101302326 0 -1 7.54979e-08 0 0 0 255
0.5190072 7.648113e-09 0.101302326 0 -1 7.54979e-08 0 0 0 255
0.5390072 7.648113e-09 0.101302326 0 -1 7.54979e-08 0 0 0 255
0.5590073 7.648113e-09 0.101302326 0 -1 7.54979e-08 0 0 0 255
0.57900727 7.648113e-09 0.101302326 0 -1 7.54979e-08 7 19 3 255
0.59900725 7.648113e-09 0.101302326 0 -1 7.54979e-08 35 35 35 255
0.61900723 7.648113e-09 0.101302326 0 -1 7.54979e-08 70 70 70 255
0.6390072 7.648113e-09 0.101302326 0 -1 7.54979e-08 66 66 66 255
0.6590072 7.648113e-09 0.101302326 0 -1 7.54979e-08 74 74 74 255
0.6790073 7.648113e-09 0.101302326 0 -1 7.54979e-08 74 74 74 255
0.6990073 7.648113e-09 0.101302326 0 -1 7.54979e-08 74 74 74 255
0.71900725 7.648113e-09 0.101302326 0 -1 7.54979e-08 82 82 82 255
0.73900723 7.648113e-09 0.101302326 0 -1 7.54979e-08 74 74 74 255
0.7590072 7.648113e-09 0.101302326 0 -1 7.54979e-08 82 82 82 255
0.7790072 7.648113e-09 0.101302326 0 -1 7.54979e-08 78 78 78 255
0.7990073 7.648113e-09 0.101302326 0 -1 7.54979e-08 75 75 75 255
0.8190073 7.648113e-09 0.101302326 0 -1 7.54979e-08 88 88 88 255
0.83900726 7.648113e-09 0.101302326 0 -1 7.54979e-08 86 86 86 255
0.85900724 7.648113e-09 0.101302326 0 -1 7.54979e-08 94 94 94 255
0.8790072 7.648113e-09 0.101302326 0 -1 7.54979e-08 101 101 101 255
0.8990072 7.648113e-09 0.101302326 0 -1 7.54979e-08 29 29 29 255
-1.0609927 9.15807e-09 0.12130231 0 -1 7.54979e-08 125 91 71 255
-1.0409927 9.15807e-09 0.12130231 0 -1 7.54979e-08 237 166 121 255
-1.0209928 9.15807e-09 0.12130231 0 -1 7.54979e-08 247 178 136 255
-1.0009928 9.15807e-09 0.12130231 0 -1 7.54979e-08 247 173 125 255
-0.98099273 9.15807e-09 0.12130231 0 -1 7.54979e-08 247 173 125 255
-0.9609927 9.15807e-09 0.12130231 0 -1 7.54979e-08 241 167 119 255
-0.9409927 9.15807e-09 0.12130231 0 -1 7.54979e-08 239 164 117 255
-0.92099273 9.15807e-09 0.12130231 0 -1 7.54979e-08 232 157 110 255
-0.90099275 9.15807e-09 0.12130231 0 -1 7.54979e-08 227 152 105 255
-0.8809927 9.15807e-09 0.12130231 0 -1 7.54979e-08 220 145 98 255
-0.8609927 9.15807e-09 0.12130231 0 -1 7.54979e-08 207 132 85 255
-0.8409927 9.15807e-09 0.12130231 0 -1 7.54979e-08 208 133 86 255
-0.8209927 9.15807e-09 0.12130231 0 -1 7.54979e-08 206 132 84 255
-0.8009927 9.15807e-09 0.12130231 0 -1 7.54979e-08 199 124 77 255
-0.78099275 9.15807e-09 0.12130231 0 -1 7.54979e-08 196 123 75 255
-0.76099277 9.15807e-09 0.12130231 0 -1 7.54979e-08 194 122 75 255
-0.7409927 9.15807e-09 0.12130231 0 -1 7.54979e-08 172 110 65 255
-0.7209927 9.15807e-09 0.12130231 0 -1 7.54979e-08 157 102 58 255
-0.7009927 9.15807e-09 0.12130231 0 -1 7.54979e-08 147 93 54 255
-0.6809927 9.15807e-09 0.12130231 0 -1 7.54979e-08 149 94 54 255
-0.66099274 9.15807e-09 0.12130231 0 -1 7.54979e-08 141 91 52 255
-0.64099276 9.15807e-09 0.12130231 0 -1 7.54979e-08 134 87 49 255
-0.6209927 9.15807e-09 0.12130231 0 -1 7.54979e-08 130 84 47 255
-0.60099274 9.15807e-09 0.12130231 0 -1 7.54979e-08 118 77 41 255
-0.5809927 9.15807e-09 0.12130231 0 -1 7.54979e-08 116 75 40 255
-0.5609927 9.15807e-09 0.12130231 0 -1 7.54979e-08 102 66 35 255
-0.54099274 9.15807e-09 0.12130231 0 -1 7.54979e-08 102 66 35 255
-0.52099276 9.15807e-09 0.12130231 0 -1 7.54979e-08 82 60 28 255
-0.5009927 9.15807e-09 0.12130231 0 -1 7.54979e-08 83 59 31 255
-0.48099273 9.15807e-09 0.12130231 0 -1 7.54979e-08 58 43 19 255
-0.46099275 9.15807e-09 0.12130231 0 -1 7.54979e-08 47 39 15 255
-0.4409927 9.15807e-09 0.12130231 0 -1 7.54979e-08 42 34 13 255
-0.42099273 9.15807e-09 0.12130231 0 -1 7.54979e-08 43 35 13 255
-0.40099275 9.15807e-09 0.12130231 0 -1 7.54979e-08 47 39 15 255
-0.3809927 9.15807e-09 0.12130231 0 -1 7.54979e-08 49 39 16 255
-0.36099273 9.15807e-09 0.12130231 0 -1 7.54979e-08 32 31 11 255
-0.34099275 9.15807e-09 0.12130231 0 -1 7.54979e-08 32 29 10 255
-0.3209927 9.15807e-09 0.12130231 0 -1 7.54979e-08 51 38 16 255
-0.30099273 9.15807e-09 0.12130231 0 -1 7.54979e-08 52 39 16 255
-0.28099275 9.15807e-09 0.12130231 0 -1 7.54979e-08 58 43 19 255
-0.26099277 9.15807e-09 0.12130231 0 -1 7.54979e-08 50 40 16 255
-0.24099272 9.15807e-09 0.12130231 0 -1 7.54979e-08 47 39 15 255
-0.22099274 9.15807e-09 0.12130231 0 -1 7.54979e-08 47 39 15 255
-0.20099276 9.15807e-09 0.12130231 0 -1 7.54979e-08 55 43 18 255
-0.18099272 9.15807e-09 0.12130231 0 -1 7.54979e-08 62 46 20 255
-0.16099274 9.15807e-09 0.12130231 0 -1 7.54979e-08 44 36 14 255
-0.14099276 9.15807e-09 0.12130231 0 -1 7.54979e-08 70 47 37 255
-0.12099272 9.15807e-09 0.12130231 0 -1 7.54979e-08 0 0 0 255
-0.10099274 9.15807e-09 0.12130231 0 -1 7.54979e-08 0 0 0 255
-0.08099276 9.15807e-09 0.12130231 0 -1 7.54979e-08 0 0 0 255
-0.060992718 9.15807e-09 0.12130231 0 -1 7.54979e-08 0 0 0 255
-0.040992737 9.15807e-09 0.12130231 0 -1 7.54979e-08 0 0 0 255
-0.020992756 9.15807e-09 0.12130231 0 -1 7.54979e-08 0 0 0 255
-0.000992775 9.15807e-09 0.12130231 0 -1 7.54979e-08 0 0 0 255
0.019007206 9.15807e-09 0.12130231 0 -1 7.54979e-08 0 0 0 255
0.039007306 9.15807e-09 0.12130231 0 -1 7.54979e-08 0 0 0 255
0.059007287 9.15807e-09 0.12130231 0 -1 7.54979e-08 0 0 0 255
0.07900727 9.15807e-09 0.12130231 0 -1 7.54979e-08 0 0 0 255
0.09900725 9.15807e-09 0.12130231 0 -1 7.54979e-08 0 0 0 255
0.11900723 9.15807e-09 0.12130231 0 -1 7.54979e-08 0 0 0 255
0.13900721 9.15807e-09 0.12130231 0 -1 7.54979e-08 0 0 0 255
0.15900731 9.15807e-09 0.12130231 0 -1 7.54979e-08 0 0 0 255
0.17900729 9.15807e-09 0.12130231 0 -1 7.54979e-08 0 0 0 255
0.19900727 9.15807e-09 0.12130231 0 -1 7.54979e-08 0 0 0 255
0.21900725 9.15807e-09 0.12130231 0 -1 7.54979e-08 0 0 0 255
0.23900723 9.15807e-09 0.12130231 0 -1 7.54979e-08 0 0 0 255
0.25900722 9.15807e-09 0.12130231 0 -1 7.54979e-08 0 0 0 255
0.2790072 9.15807e-09 0.12130231 0 -1 7.54979e-08 0 0 0 255
0.2990073 9.15807e-09 0.12130231 0 -1 7.54979e-08 0 0 0 255
0.31900728 9.15807e-09 0.12130231 0 -1 7.54979e-08 0 0 0 255
0.33900726 9.15807e-09 0.12130231 0 -1 7.54979e-08 0 0 0 255
0.35900724 9.15807e-09 0.12130231 0 -1 7.54979e-08 0 0 0 255
0.37900722 9.15807e-09 0.12130231 0 -1 7.54979e-08 0 0 0 255
0.3990072 9.15807e-09 0.12130231 0 -1 7.54979e-08 0 0 0 255
0.4190073 9.15807e-09 0.12130231 0 -1 7.54979e-08 0 0 0 255
0.43900728 9.15807e-09 0.12130231 0 -1 7.54979e-08 0 0 0 255
0.45900726 9.15807e-09 0.12130231 0 -1 7.54979e-08 0 0 0 255
0.47900724 9.15807e-09 0.12130231 0 -1 7.54979e-08 0 0 0 255
0.49900723 9.15807e-09 0.12130231 0 -1 7.54979e-08 0 0 0 255
0.5190072 9.15807e-09 0.12130231 0 -1 7.54979e-08 0 0 0 255
0.5390072 9.15807e-09 0.12130231 0 -1 7.54979e-08 0 0 0 255
0.5590073 9.15807e-09 0.12130231 0 -1 7.54979e-08 0 0 0 255
0.57900727 9.15807e-09 0.12130231 0 -1 7.54979e-08 9 9 3 255
0.59900725 9.15807e-09 0.12130231 0 -1 7.54979e-08 60 60 60 255
0.61900723 9.15807e-09 0.12130231 0 -1 7.54979e-08 69 69 69 255
0.6390072 9.15807e-09 0.12130231 0 -1 7.54979e-08 71 71 71 255
0.6590072 9.15807e-09 0.12130231 0 -1 7.54979e-08 70 70 70 255
0.6790073 9.15807e-09 0.12130231 0 -1 7.54979e-08 79 79 79 255
0.6990073 9.15807e-09 0.12130231 0 -1 7.54979e-08 74 74 74 255
0.71900725 9.15807e-09 0.12130231 0 -1 7.54979e-08 74 74 74 255
0.73900723 9.15807e-09 0.12130231 0 -1 7.54979e-08 79 79 79 255
0.7590072 9.15807e-09 0.12130231 0 -1 7.54979e-08 79 79 79 255
0.7790072 9.15807e-09 0.12130231 0 -1 7.54979e-08 74 74 74 255
0.7990073 9.15807e-09 0.12130231 0 -1 7.54979e-08 91 91 91 255
0.8190073 9.15807e-09 0.12130231 0 -1 7.54979e-08 82 82 82 255
0.83900726 9.15807e-09 0.12130231 0 -1 7.54979e-08 77 77 77 255
0.85900724 9.15807e-09 0.12130231 0 -1 7.54979e-08 94 94 94 255
0.8790072 9.15807e-09 0.12130231 0 -1 7.54979e-08 77 77 77 255
0.8990072 9.15807e-09 0.12130231 0 -1 7.54979e-08 0 0 0 255
-1.0609927 1.06680265e-08 0.14130229 0 -1 7.54979e-08 121 83 59 255
-1.0409927 1.06680265e-08 0.14130229 0 -1 7.54979e-08 247 179 138 255
-1.0209928 1.06680265e-08 0.14130229 0 -1 7.54979e-08 247 180 141 255
-1.0009928 1.06680265e-08 0.14130229 0 -1 7.54979e-08 247 174 129 255
-0.98099273 1.06680265e-08 0.14130229 0 -1 7.54979e-08 247 173 127 255
-0.9609927 1.06680265e-08 0.14130229 0 -1 7.54979e-08 247 173 125 255
-0.9409927 1.06680265e-08 0.14130229 0 -1 7.54979e-08 247 173 125 255
-0.92099273 1.06680265e-08 0.14130229 0 -1 7.54979e-08 247 173 125 255
-0.90099275 1.06680265e-08 0.14130229 0 -1 7.54979e-08 243 169 121 255
-0.8809927 1.06680265e-08 0.14130229 0 -1 7.54979e-08 246 171 123 255
-0.8609927 1.06680265e-08 0.14130229 0 -1 7.54979e-08 225 150 102 255
-0.8409927 1.06680265e-08 0.14130229 0 -1 7.54979e-08 216 141 94 255
-0.8209927 1.06680265e-08 0.14130229 0 -1 7.54979e-08 212 137 90 255
-0.8009927 1.06680265e-08 0.14130229 0 -1 7.54979e-08 202 127 80 255
-0.78099275 1.06680265e-08 0.14130229 0 -1 7.54979e-08 197 123 76 255
-0.76099277 1.06680265e-08 0.14130229 0 -1 7.54979e-08 200 125 78 255
-0.7409927 1.06680265e-08 0.14130229 0 -1 7.54979e-08 192 120 73 255
-0.7209927 1.06680265e-08 0.14130229 0 -1 7.54979e-08 175 111 67 255
-0.7009927 1.06680265e-08 0.14130229 0 -1 7.54979e-08 155 99 58 255
-0.6809927 1.06680265e-08 0.14130229 0 -1 7.54979e-08 149 94 54 255
-0.66099274 1.06680265e-08 0.14130229 0 -1 7.54979e-08 149 94 54 255
-0.64099276 1.06680265e-08 0.14130229 0 -1 7.54979e-08 146 93 54 255
-0.6209927 1.06680265e-08 0.14130229 0 -1 7.54979e-08 138 90 51 255
-0.60099274 1.06680265e-08 0.14130229 0 -1 7.54979e-08 131 84 47 255
-0.5809927 1.06680265e-08 0.14130229 0 -1 7.54979e-08 114 73 40 255
-0.5609927 1.06680265e-08 0.14130229 0 -1 7.54979e-08 96 64 33 255
-0.54099274 1.06680265e-08 0.14130229 0 -1 7.54979e-08 102 66 35 255
-0.52099276 1.06680265e-08 0.14130229 0 -1 7.54979e-08 87 61 30 255
-0.5009927 1.06680265e-08 0.14130229 0 -1 7.54979e-08 79 58 29 255
-0.48099273 1.06680265e-08 0.14130229 0 -1 7.54979e-08 71 51 25 255
-0.46099275 1.06680265e-08 0.14130229 0 -1 7.54979e-08 51 38 16 255
-0.4409927 1.06680265e-08 0.14130229 0 -1 7.54979e-08 49 40 16 255
-0.42099273 1.06680265e-08 0.14130229 0 -1 7.54979e-08 43 36 13 255
-0.40099275 1.06680265e-08 0.14130229 0 -1 7.54979e-08 47 39 15 255
-0.3809927 1.06680265e-08 0.14130229 0 -1 7.54979e-08 46 38 15 255
-0.36099273 1.06680265e-08 0.14130229 0 -1 7.54979e-08 39 31 11 255
-0.34099275 1.06680265e-08 0.14130229 0 -1 7.54979e-08 38 34 12 255
-0.3209927 1.06680265e-08 0.14130229 0 -1 7.54979e-08 40 32 12 255
-0.30099273 1.06680265e-08 0.14130229 0 -1 7.54979e-08 46 35 14 255
-0.28099275 1.06680265e-08 0.14130229 0 -1 7.54979e-08 58 43 19 255
-0.26099277 1.06680265e-08 0.14130229 0 -1 7.54979e-08 58 43 19 255
-0.24099272 1.06680265e-08 0.14130229 0 -1 7.54979e-08 47 39 15 255
-0.22099274 1.06680265e-08 0.14130229 0 -1 7.54979e-08 47 39 15 255
-0.20099276 1.06680265e-08 0.14130229 0 -1 7.54979e-08 47 39 15 255
-0.18099272 1.06680265e-08 0.14130229 0 -1 7.54979e-08 50 39 16 255
-0.16099274 1.06680265e-08 0.14130229 0 -1 7.54979e-08 52 41 17 255
-0.14099276 1.06680265e-08 0.14130229 0 -1 7.54979e-08 40 32 12 255
-0.12099272 1.06680265e-08 0.14130229 0 -1 7.54979e-08 133 86 81 255
-0.10099274 1.06680265e-08 0.14130229 0 -1 7.54979e-08 17 10 10 255
-0.08099276 1.06680265e-08 0.14130229 0 -1 7.54979e-08 0 0 0 255
-0.060992718 1.06680265e-08 0.14130229 0 -1 7.54979e-08 0 0 0 255
-0.040992737 1.06680265e-08 0.14130229 0 -1 7.54979e-08 0 0 0 255
-0.020992756 1.06680265e-08 0.14130229 0 -1 7.54979e-08 0 0 0 255
-0.000992775 1.06680265e-08 0.14130229 0 -1 7.54979e-08 0 0 0 255
0.019007206 1.06680265e-08 0.14130229 0 -1 7.54979e-08 0 0 0 255
0.039007306 1.06680265e-08 0.14130229 0 -1 7.54979e-08 0 0 0 255
0.059007287 1.06680265e-08 0.14130229 0 -1 7.54979e-08 17 10 10 255
0.07900727 1.06680265e-08 0.14130229 0 -1 7.54979e-08 0 0 0 255
0.09900725 1.06680265e-08 0.14130229 0 -1 7.54979e-08 0 0 0 255
0.11900723 1.06680265e-08 0.14130229 0 -1 7.54979e-08 0 0 0 255
0.13900721 1.06680265e-08 0.14130229 0 -1 7.54979e-08 0 0 0 255
0.15900731 1.06680265e-08 0.14130229 0 -1 7.54979e-08 0 0 0 255
0.17900729 1.06680265e-08 0.14130229 0 -1 7.54979e-08 0 0 0 255
0.19900727 1.06680265e-08 0.14130229 0 -1 7.54979e-08 0 0 0 255
0.21900725 1.06680265e-08 0.14130229 0 -1 7.54979e-08 0 0 0 255
0.23900723 1.06680265e-08 0.14130229 0 -1 7.54979e-08 0 0 0 255
0.25900722 1.06680265e-08 0.14130229 0 -1 7.54979e-08 0 0 0 255
0.2790072 1.06680265e-08 0.14130229 0 -1 7.54979e-08 0 0 0 255
0.2990073 1.06680265e-08 0.14130229 0 -1 7.54979e-08 0 0 0 255
0.31900728 1.06680265e-08 0.14130229 0 -1 7.54979e-08 0 0 0 255
0.33900726 1.06680265e-08 0.14130229 0 -1 7.54979e-08 0 0 0 255
0.35900724 1.06680265e-08 0.14130229 0 -1 7.54979e-08 0 0 0 255
0.37900722 1.06680265e-08 0.14130229 0 -1 7.54979e-08 0 0 0 255
0.3990072 1.06680265e-08 0.14130229 0 -1 7.54979e-08 0 0 0 255
0.4190073 1.06680265e-08 0.14130229 0 -1 7.54979e-08 0 0 0 255
0.43900728 1.06680265e-08 0.14130229 0 -1 7.54979e-08 0 0 0 255
0.45900726 1.06680265e-08 0.14130229 0 -1 7.54979e-08 0 0 0 255
0.47900724 1.06680265e-08 0.14130229 0 -1 7.54979e-08 0 0 0 255
0.49900723 1.06680265e-08 0.14130229 0 -1 7.54979e-08 0 0 0 255
0.5190072 1.06680265e-08 0.14130229 0 -1 7.54979e-08 0 0 0 255
0.5390072 1.06680265e-08 0.14130229 0 -1 7.54979e-08 0 0 0 255
0.5590073 1.06680265e-08 0.14130229 0 -1 7.54979e-08 0 0 0 255
0.57900727 1.06680265e-08 0.14130229 0 -1 7.54979e-08 19 19 19 255
0.59900725 1.06680265e-08 0.14130229 0 -1 7.54979e-08 82 82 82 255
0.61900723 1.06680265e-08 0.14130229 0 -1 7.54979e-08 69 69 69 255
0.6390072 1.06680265e-08 0.14130229 0 -1 7.54979e-08 74 74 74 255
0.6590072 1.06680265e-08 0.14130229 0 -1 7.54979e-08 71 71 71 255
0.6790073 1.06680265e-08 0.14130229 0 -1 7.54979e-08 74 74 74 255
0.6990073 1.06680265e-08 0.14130229 0 -1 7.54979e-08 78 78 78 255
0.71900725 1.06680265e-08 0.14130229 0 -1 7.54979e-08 74 74 74 255
0.73900723 1.06680265e-08 0.14130229 0 -1 7.54979e-08 75 75 75 255
0.7590072 1.06680265e-08 0.14130229 0 -1 7.54979e-08 76 76 76 255
0.7790072 1.06680265e-08 0.14130229 0 -1 7.54979e-08 79 79 79 255
0.7990073 1.06680265e-08 0.14130229 0 -1 7.54979e-08 82 82 82 255
0.8190073 1.06680265e-08 0.14130229 0 -1 7.54979e-08 74 74 74 255
0.83900726 1.06680265e-08 0.14130229 0 -1 7.54979e-08 77 77 77 255
0.85900724 1.06680265e-08 0.14130229 0 -1 7.54979e-08 77 77 77 255
0.8790072 1.06680265e-08 0.14130229 0 -1 7.54979e-08 48 48 48 255
0.8990072 1.06680265e-08 0.14130229 0 -1 7.54979e-08 0 0 0 255
-1.0609927 1.21779875e-08 0.16130233 0 -1 7.54979e-08 118 80 56 255
-1.0409927 1.21779875e-08 0.16130233 0 -1 7.54979e-08 235 160 113 255
-1.0209928 1.21779875e-08 0.16130233 0 -1 7.54979e-08 247 174 128 255
-1.0009928 1.21779875e-08 0.16130233 0 -1 7.54979e-08 241 168 122 255
-0.98099273 1.21779875e-08 0.16130233 0 -1 7.54979e-08 247 176 133 255
-0.9609927 1.21779875e-08 0.16130233 0 -1 7.54979e-08 247 173 125 255
-0.9409927 1.21779875e-08 0.16130233 0 -1 7.54979e-08 247 173 125 255
-0.92099273 1.21779875e-08 0.16130233 0 -1 7.54979e-08 247 173 125 255
-0.90099275 1.21779875e-08 0.16130233 0 -1 7.54979e-08 247 172 125 255
-0.8809927 1.21779875e-08 0.16130233 0 -1 7.54979e-08 246 171 124 255
-0.8609927 1.21779875e-08 0.16130233 0 -1 7.54979e-08 234 159 112 255
-0.8409927 1.21779875e-08 0.16130233 0 -1 7.54979e-08 222 147 100 255
-0.8209927 1.21779875e-08 0.16130233 0 -1 7.54979e-08 215 140 93 255
-0.8009927 1.21779875e-08 0.16130233 0 -1 7.54979e-08 208 133 86 255
-0.78099275 1.21779875e-08 0.16130233 0 -1 7.54979e-08 197 123 76 255
-0.76099277 1.21779875e-08 0.16130233 0 -1 7.54979e-08 200 125 78 255
-0.7409927 1.21779875e-08 0.16130233 0 -1 7.54979e-08 191 120 72 255
-0.7209927 1.21779875e-08 0.16130233 0 -1 7.54979e-08 194 121 73 255
-0.7009927 1.21779875e-08 0.16130233 0 -1 7.54979e-08 173 110 65 255
-0.6809927 1.21779875e-08 0.16130233 0 -1 7.54979e-08 155 100 58 255
-0.66099274 1.21779875e-08 0.16130233 0 -1 7.54979e-08 149 94 54 255
-0.64099276 1.21779875e-08 0.16130233 0 -1 7.54979e-08 147 93 54 255
-0.6209927 1.21779875e-08 0.16130233 0 -1 7.54979e-08 143 92 52 255
-0.60099274 1.21779875e-08 0.16130233 0 -1 7.54979e-08 137 90 50 255
-0.5809927 1.21779875e-08 0.16130233 0 -1 7.54979e-08 128 83 46 255
-0.5609927 1.21779875e-08 0.16130233 0 -1 7.54979e-08 107 71 36 255
-0.54099274 1.21779875e-08 0.16130233 0 -1 7.54979e-08 111 73 38 255
-0.52099276 1.21779875e-08 0.16130233 0 -1 7.54979e-08 107 71 36 255
-0.5009927 1.21779875e-08 0.16130233 0 -1 7.54979e-08 95 64 32 255
-0.48099273 1.21779875e-08 0.16130233 0 -1 7.54979e-08 117 76 41 255
-0.46099275 1.21779875e-08 0.16130233 0 -1 7.54979e-08 68 49 22 255
-0.4409927 1.21779875e-08 0.16130233 0 -1 7.54979e-08 93 62 32 255
-0.42099273 1.21779875e-08 0.16130233 0 -1 7.54979e-08 47 39 15 255
-0.40099275 1.21779875e-08 0.16130233 0 -1 7.54979e-08 47 39 15 255
-0.3809927 1.21779875e-08 0.16130233 0 -1 7.54979e-08 43 35 13 255
-0.36099273 1.21779875e-08 0.16130233 0 -1 7.54979e-08 45 37 14 255
-0.34099275 1.21779875e-08 0.16130233 0 -1 7.54979e-08 20 24 6 255
-0.3209927 1.21779875e-08 0.16130233 0 -1 7.54979e-08 15 23 6 255
-0.30099273 1.21779875e-08 0.16130233 0 -1 7.54979e-08 50 39 16 255
-0.28099275 1.21779875e-08 0.16130233 0 -1 7.54979e-08 42 33 13 255
-0.26099277 1.21779875e-08 0.16130233 0 -1 7.54979e-08 58 43 19 255
-0.24099272 1.21779875e-08 0.16130233 0 -1 7.54979e-08 56 42 18 255
-0.22099274 1.21779875e-08 0.16130233 0 -1 7.54979e-08 47 39 15 255
-0.20099276 1.21779875e-08 0.16130233 0 -1 7.54979e-08 47 39 15 255
-0.18099272 1.21779875e-08 0.16130233 0 -1 7.54979e-08 46 38 15 255
-0.16099274 1.21779875e-08 0.16130233 0 -1 7.54979e-08 61 44 20 255
-0.14099276 1.21779875e-08 0.16130233 0 -1 7.54979e-08 55 43 18 255
-0.12099272 1.21779875e-08 0.16130233 0 -1 7.54979e-08 39 31 11 255
-0.10099274 1.21779875e-08 0.16130233 0 -1 7.54979e-08 31 22 14 255
-0.08099276 1.21779875e-08 0.16130233 0 -1 7.54979e-08 0 0 0 255
-0.060992718 1.21779875e-08 0.16130233 0 -1 7.54979e-08 0 0 0 255
-0.040992737 1.21779875e-08 0.16130233 0 -1 7.54979e-08 0 0 0 255
-0.020992756 1.21779875e-08 0.16130233 0 -1 7.54979e-08 0 0 0 255
-0.000992775 1.21779875e-08 0.16130233 0 -1 7.54979e-08 0 0 0 255
0.019007206 1.21779875e-08 0.16130233 0 -1 7.54979e-08 0 0 0 255
0.039007306 1.21779875e-08 0.16130233 0 -1 7.54979e-08 0 0 0 255
0.059007287 1.21779875e-08 0.16130233 0 -1 7.54979e-08 15 9 9 255
0.07900727 1.21779875e-08 0.16130233 0 -1 7.54979e-08 0 0 0 255
0.09900725 1.21779875e-08 0.16130233 0 -1 7.54979e-08 0 0 0 255
0.11900723 1.21779875e-08 0.16130233 0 -1 7.54979e-08 0 0 0 255
0.13900721 1.21779875e-08 0.16130233 0 -1 7.54979e-08 0 0 0 255
0.15900731 1.21779875e-08 0.16130233 0 -1 7.54979e-08 0 0 0 255
0.17900729 1.21779875e-08 0.16130233 0 -1 7.54979e-08 0 0 0 255
0.19900727 1.21779875e-08 0.16130233 0 -1 7.54979e-08 0 0 0 255
0.21900725 1.21779875e-08 0.16130233 0 -1 7.54979e-08 0 0 0 255
0.23900723 1.21779875e-08 0.16130233 0 -1 7.54979e-08 0 0 0 255
0.25900722 1.21779875e-08 0.16130233 0 -1 7.54979e-08 0 0 0 255
0.2790072 1.21779875e-08 0.16130233 0 -1 7.54979e-08 0 0 0 255
0.2990073 1.21779875e-08 0.16130233 0 -1 7.54979e-08 0 0 0 255
0.31900728 1.21779875e-08 0.16130233 0 -1 7.54979e-08 0 0 0 255
0.33900726 1.21779875e-08 0.16130233 0 -1 7.54979e-08 0 0 0 255
0.35900724 1.21779875e-08 0.16130233 0 -1 7.54979e-08 0 0 0 255
0.37900722 1.21779875e-08 0.16130233 0 -1 7.54979e-08 0 0 0 255
0.3990072 1.21779875e-08 0.16130233 0 -1 7.54979e-08 0 0 0 255
0.4190073 1.21779875e-08 0.16130233 0 -1 7.54979e-08 0 0 0 255
0.43900728 1.21779875e-08 0.16130233 0 -1 7.54979e-08 0 0 0 255
0.45900726 1.21779875e-08 0.16130233 0 -1 7.54979e-08 0 0 0 255
0.47900724 1.21779875e-08 0.16130233 0 -1 7.54979e-08 0 0 0 255
0.49900723 1.21779875e-08 0.16130233 0 -1 7.54979e-08 0 0 0 255
0.5190072 1.21779875e-08 0.16130233 0 -1 7.54979e-08 0 0 0 255
0.5390072 1.21779875e-08 0.16130233 0 -1 7.54979e-08 0 0 0 255
0.5590073 1.21779875e-08 0.16130233 0 -1 7.54979e-08 0 0 0 255
0.57900727 1.21779875e-08 0.16130233 0 -1 7.54979e-08 41 38 30 255
0.59900725 1.21779875e-08 0.16130233 0 -1 7.54979e-08 69 69 69 255
0.61900723 1.21779875e-08 0.16130233 0 -1 7.54979e-08 66 66 66 255
0.6390072 1.21779875e-08 0.16130233 0 -1 7.54979e-08 68 68 68 255
0.6590072 1.21779875e-08 0.16130233 0 -1 7.54979e-08 74 74 74 255
0.6790073 1.21779875e-08 0.16130233 0 -1 7.54979e-08 74 74 74 255
0.6990073 1.21779875e-08 0.16130233 0 -1 7.54979e-08 78 78 78 255
0.71900725 1.21779875e-08 0.16130233 0 -1 7.54979e-08 74 74 74 255
0.73900723 1.21779875e-08 0.16130233 0 -1 7.54979e-08 86 86 86 255
0.7590072 1.21779875e-08 0.16130233 0 -1 7.54979e-08 76 76 76 255
0.7790072 1.21779875e-08 0.16130233 0 -1 7.54979e-08 82 82 82 255
0.7990073 1.21779875e-08 0.16130233 0 -1 7.54979e-08 82 82 82 255
0.8190073 1.21779875e-08 0.16130233 0 -1 7.54979e-08 74 74 74 255
0.83900726 1.21779875e-08 0.16130233 0 -1 7.54979e-08 76 76 76 255
0.85900724 1.21779875e-08 0.16130233 0 -1 7.54979e-08 82 82 82 255
0.8790072 1.21779875e-08 0.16130233 0 -1 7.54979e-08 0 0 0 255
-1.0609927 1.3687944e-08 0.18130231 0 -1 7.54979e-08 103 65 42 255
-1.0409927 1.3687944e-08 0.18130231 0 -1 7.54979e-08 217 143 95 255
-1.0209928 1.3687944e-08 0.18130231 0 -1 7.54979e-08 237 162 115 255
-1.0009928 1.3687944e-08 0.18130231 0 -1 7.54979e-08 239 165 117 255
-0.98099273 1.3687944e-08 0.18130231 0 -1 7.54979e-08 247 179 138 255
-0.9609927 1.3687944e-08 0.18130231 0 -1 7.54979e-08 247 180 141 255
-0.9409927 1.3687944e-08 0.18130231 0 -1 7.54979e-08 247 180 141 255
-0.92099273 1.3687944e-08 0.18130231 0 -1 7.54979e-08 247 180 141 255
-0.90099275 1.3687944e-08 0.18130231 0 -1 7.54979e-08 247 180 141 255
-0.8809927 1.3687944e-08 0.18130231 0 -1 7.54979e-08 247 180 141 255
-0.8609927 1.3687944e-08 0.18130231 0 -1 7.54979e-08 245 173 129 255
-0.8409927 1.3687944e-08 0.18130231 0 -1 7.54979e-08 235 160 113 255
-0.8209927 1.3687944e-08 0.18130231 0 -1 7.54979e-08 227 152 105 255
-0.8009927 1.3687944e-08 0.18130231 0 -1 7.54979e-08 222 147 100 255
-0.78099275 1.3687944e-08 0.18130231 0 -1 7.54979e-08 213 139 91 255
-0.76099277 1.3687944e-08 0.18130231 0 -1 7.54979e-08 201 126 79 255
-0.7409927 1.3687944e-08 0.18130231 0 -1 7.54979e-08 202 127 80 255
-0.7209927 1.3687944e-08 0.18130231 0 -1 7.54979e-08 198 123 76 255
-0.7009927 1.3687944e-08 0.18130231 0 -1 7.54979e-08 180 113 68 255
-0.6809927 1.3687944e-08 0.18130231 0 -1 7.54979e-08 172 110 65 255
-0.66099274 1.3687944e-08 0.18130231 0 -1 7.54979e-08 156 100 58 255
-0.64099276 1.3687944e-08 0.18130231 0 -1 7.54979e-08 152 97 56 255
-0.6209927 1.3687944e-08 0.18130231 0 -1 7.54979e-08 137 90 50 255
-0.60099274 1.3687944e-08 0.18130231 0 -1 7.54979e-08 137 90 50 255
-0.5809927 1.3687944e-08 0.18130231 0 -1 7.54979e-08 139 91 51 255
-0.5609927 1.3687944e-08 0.18130231 0 -1 7.54979e-08 132 85 48 255
-0.54099274 1.3687944e-08 0.18130231 0 -1 7.54979e-08 121 78 42 255
-0.52099276 1.3687944e-08 0.18130231 0 -1 7.54979e-08 109 71 37 255
-0.5009927 1.3687944e-08 0.18130231 0 -1 7.54979e-08 104 68 35 255
-0.48099273 1.3687944e-08 0.18130231 0 -1 7.54979e-08 97 65 33 255
-0.46099275 1.3687944e-08 0.18130231 0 -1 7.54979e-08 66 49 24 255
-0.4409927 1.3687944e-08 0.18130231 0 -1 7.54979e-08 63 46 21 255
-0.42099273 1.3687944e-08 0.18130231 0 -1 7.54979e-08 59 45 20 255
-0.40099275 1.3687944e-08 0.18130231 0 -1 7.54979e-08 43 36 13 255
-0.3809927 1.3687944e-08 0.18130231 0 -1 7.54979e-08 41 33 12 255
-0.36099273 1.3687944e-08 0.18130231 0 -1 7.54979e-08 39 31 11 255
-0.34099275 1.3687944e-08 0.18130231 0 -1 7.54979e-08 47 38 15 255
-0.3209927 1.3687944e-08 0.18130231 0 -1 7.54979e-08 23 27 8 255
-0.30099273 1.3687944e-08 0.18130231 0 -1 7.54979e-08 25 27 8 255
-0.28099275 1.3687944e-08 0.18130231 0 -1 7.54979e-08 54 41 17 255
-0.26099277 1.3687944e-08 0.18130231 0 -1 7.54979e-08 46 36 14 255
-0.24099272 1.3687944e-08 0.18130231 0 -1 7.54979e-08 58 43 19 255
-0.22099274 1.3687944e-08 0.18130231 0 -1 7.54979e-08 55 41 18 255
-0.20099276 1.3687944e-08 0.18130231 0 -1 7.54979e-08 47 39 15 255
-0.18099272 1.3687944e-08 0.18130231 0 -1 7.54979e-08 47 39 15 255
-0.16099274 1.3687944e-08 0.18130231 0 -1 7.54979e-08 47 39 15 255
-0.14099276 1.3687944e-08 0.18130231 0 -1 7.54979e-08 60 44 19 255
-0.12099272 1.3687944e-08 0.18130231 0 -1 7.54979e-08 56 43 18 255
-0.10099274 1.3687944e-08 0.18130231 0 -1 7.54979e-08 77 54 39 255
-0.08099276 1.3687944e-08 0.18130231 0 -1 7.54979e-08 64 40 40 255
-0.060992718 1.3687944e-08 0.18130231 0 -1 7.54979e-08 0 0 0 255
-0.040992737 1.3687944e-08 0.18130231 0 -1 7.54979e-08 0 0 0 255
-0.020992756 1.3687944e-08 0.18130231 0 -1 7.54979e-08 0 0 0 255
-0.000992775 1.3687944e-08 0.18130231 0 -1 7.54979e-08 0 0 0 255
0.019007206 1.3687944e-08 0.18130231 0 -1 7.54979e-08 0 0 0 255
0.039007306 1.3687944e-08 0.18130231 0 -1 7.54979e-08 0 0 0 255
0.059007287 1.3687944e-08 0.18130231 0 -1 7.54979e-08 0 0 0 255
0.07900727 1.3687944e-08 0.18130231 0 -1 7.54979e-08 0 0 0 255
0.09900725 1.3687944e-08 0.18130231 0 -1 7.54979e-08 0 0 0 255
0.11900723 1.3687944e-08 0.18130231 0 -1 7.54979e-08 0 0 0 255
0.13900721 1.3687944e-08 0.18130231 0 -1 7.54979e-08 0 0 0 255
0.15900731 1.3687944e-08 0.18130231 0 -1 7.54979e-08 0 0 0 255
0.17900729 1.3687944e-08 0.18130231 0 -1 7.54979e-08 0 0 0 255
0.19900727 1.3687944e-08 0.18130231 0 -1 7.54979e-08 0 0 0 255
0.21900725 1.3687944e-08 0.18130231 0 -1 7.54979e-08 0 0 0 255
0.23900723 1.3687944e-08 0.18130231 0 -1 7.54979e-08 0 0 0 255
0.25900722 1.3687944e-08 0.18130231 0 -1 7.54979e-08 0 0 0 255
0.2790072 1.3687944e-08 0.18130231 0 -1 7.54979e-08 0 0 0 255
0.2990073 1.3687944e-08 0.18130231 0 -1 7.54979e-08 0 0 0 255
0.31900728 1.3687944e-08 0.18130231 0 -1 7.54979e-08 0 0 0 255
0.33900726 1.3687944e-08 0.18130231 0 -1 7.54979e-08 0 0 0 255
0.35900724 1.3687944e-08 0.18130231 0 -1 7.54979e-08 0 0 0 255
0.37900722 1.3687944e-08 0.18130231 0 -1 7.54979e-08 0 0 0 255
0.3990072 1.3687944e-08 0.18130231 0 -1 7.54979e-08 0 0 0 255
0.4190073 1.3687944e-08 0.18130231 0 -1 7.54979e-08 0 0 0 255
0.43900728 1.3687944e-08 0.18130231 0 -1 7.54979e-08 0 0 0 255
0.45900726 1.3687944e-08 0.18130231 0 -1 7.54979e-08 0 0 0 255
0.47900724 1.3687944e-08 0.18130231 0 -1 7.54979e-08 0 0 0 255
0.49900723 1.3687944e-08 0.18130231 0 -1 7.54979e-08 7 4 1 255
0.5190072 1.3687944e-08 0.18130231 0 -1 7.54979e-08 7 4 1 255
0.5390072 1.3687944e-08 0.18130231 0 -1 7.54979e-08 5 6 1 255
0.5590073 1.3687944e-08 0.18130231 0 -1 7.54979e-08 3 7 1 255
0.57900727 1.3687944e-08 0.18130231 0 -1 7.54979e-08 48 48 48 255
0.59900725 1.3687944e-08 0.18130231 0 -1 7.54979e-08 69 69 69 255
0.61900723 1.3687944e-08 0.18130231 0 -1 7.54979e-08 68 68 68 255
0.6390072 1.3687944e-08 0.18130231 0 -1 7.54979e-08 66 66 66 255
0.6590072 1.3687944e-08 0.18130231 0 -1 7.54979e-08 73 73 73 255
0.6790073 1.3687944e-08 0.18130231 0 -1 7.54979e-08 77 77 77 255
0.6990073 1.3687944e-08 0.18130231 0 -1 7.54979e-08 76 76 76 255
0.71900725 1.3687944e-08 0.18130231 0 -1 7.54979e-08 79 79 79 255
0.73900723 1.3687944e-08 0.18130231 0 -1 7.54979e-08 76 76 76 255
0.7590072 1.3687944e-08 0.18130231 0 -1 7.54979e-08 74 74 74 255
0.7790072 1.3687944e-08 0.18130231 0 -1 7.54979e-08 78 78 78 255
0.7990073 1.3687944e-08 0.18130231 0 -1 7.54979e-08 82 82 82 255
0.8190073 1.3687944e-08 0.18130231 0 -1 7.54979e-08 80 80 80 255
0.83900726 1.3687944e-08 0.18130231 0 -1 7.54979e-08 82 82 82 255
0.85900724 1.3687944e-08 0.18130231 0 -1 7.54979e-08 56 56 56 255
0.8790072 1.3687944e-08 0.18130231 0 -1 7.54979e-08 0 0 0 255
-1.0409927 1.5197905e-08 0.20130235 0 -1 7.54979e-08 200 125 78 255
-1.0209928 1.5197905e-08 0.20130235 0 -1 7.54979e-08 216 141 94 255
-1.0009928 1.5197905e-08 0.20130235 0 -1 7.54979e-08 232 157 110 255
-0.98099273 1.5197905e-08 0.20130235 0 -1 7.54979e-08 243 169 121 255
-0.9609927 1.5197905e-08 0.20130235 0 -1 7.54979e-08 247 180 141 255
-0.9409927 1.5197905e-08 0.20130235 0 -1 7.54979e-08 247 180 141 255
-0.92099273 1.5197905e-08 0.20130235 0 -1 7.54979e-08 247 180 141 255
-0.90099275 1.5197905e-08 0.20130235 0 -1 7.54979e-08 243 173 129 255
-0.8809927 1.5197905e-08 0.20130235 0 -1 7.54979e-08 247 180 141 255
-0.8609927 1.5197905e-08 0.20130235 0 -1 7.54979e-08 247 176 133 255
-0.8409927 1.5197905e-08 0.20130235 0 -1 7.54979e-08 239 165 117 255
-0.8209927 1.5197905e-08 0.20130235 0 -1 7.54979e-08 235 161 113 255
-0.8009927 1.5197905e-08 0.20130235 0 -1 7.54979e-08 232 157 110 255
-0.78099275 1.5197905e-08 0.20130235 0 -1 7.54979e-08 224 149 102 255
-0.76099277 1.5197905e-08 0.20130235 0 -1 7.54979e-08 216 141 94 255
-0.7409927 1.5197905e-08 0.20130235 0 -1 7.54979e-08 216 141 94 255
-0.7209927 1.5197905e-08 0.20130235 0 -1 7.54979e-08 208 133 86 255
-0.7009927 1.5197905e-08 0.20130235 0 -1 7.54979e-08 200 125 78 255
-0.6809927 1.5197905e-08 0.20130235 0 -1 7.54979e-08 196 121 74 255
-0.66099274 1.5197905e-08 0.20130235 0 -1 7.54979e-08 192 121 74 255
-0.64099276 1.5197905e-08 0.20130235 0 -1 7.54979e-08 149 94 54 255
-0.6209927 1.5197905e-08 0.20130235 0 -1 7.54979e-08 153 98 56 255
-0.60099274 1.5197905e-08 0.20130235 0 -1 7.54979e-08 149 94 54 255
-0.5809927 1.5197905e-08 0.20130235 0 -1 7.54979e-08 149 94 54 255
-0.5609927 1.5197905e-08 0.20130235 0 -1 7.54979e-08 149 94 54 255
-0.54099274 1.5197905e-08 0.20130235 0 -1 7.54979e-08 133 86 48 255
-0.52099276 1.5197905e-08 0.20130235 0 -1 7.54979e-08 121 78 42 255
-0.5009927 1.5197905e-08 0.20130235 0 -1 7.54979e-08 108 70 37 255
-0.48099273 1.5197905e-08 0.20130235 0 -1 7.54979e-08 101 66 35 255
-0.46099275 1.5197905e-08 0.20130235 0 -1 7.54979e-08 82 58 31 255
-0.4409927 1.5197905e-08 0.20130235 0 -1 7.54979e-08 78 58 27 255
-0.42099273 1.5197905e-08 0.20130235 0 -1 7.54979e-08 70 52 25 255
-0.40099275 1.5197905e-08 0.20130235 0 -1 7.54979e-08 46 39 15 255
-0.3809927 1.5197905e-08 0.20130235 0 -1 7.54979e-08 39 31 11 255
-0.36099273 1.5197905e-08 0.20130235 0 -1 7.54979e-08 46 39 15 255
-0.34099275 1.5197905e-08 0.20130235 0 -1 7.54979e-08 39 31 11 255
-0.3209927 1.5197905e-08 0.20130235 0 -1 7.54979e-08 58 43 19 255
-0.30099273 1.5197905e-08 0.20130235 0 -1 7.54979e-08 27 29 9 255
-0.28099275 1.5197905e-08 0.20130235 0 -1 7.54979e-08 39 31 11 255
-0.26099277 1.5197905e-08 0.20130235 0 -1 7.54979e-08 43 35 13 255
-0.24099272 1.5197905e-08 0.20130235 0 -1 7.54979e-08 39 31 11 255
-0.22099274 1.5197905e-08 0.20130235 0 -1 7.54979e-08 58 43 19 255
-0.20099276 1.5197905e-08 0.20130235 0 -1 7.54979e-08 58 43 19 255
-0.18099272 1.5197905e-08 0.20130235 0 -1 7.54979e-08 47 39 15 255
-0.16099274 1.5197905e-08 0.20130235 0 -1 7.54979e-08 47 39 15 255
-0.14099276 1.5197905e-08 0.20130235 0 -1 7.54979e-08 52 41 17 255
-0.12099272 1.5197905e-08 0.20130235 0 -1 7.54979e-08 70 50 23 255
-0.10099274 1.5197905e-08 0.20130235 0 -1 7.54979e-08 43 35 13 255
-0.08099276 1.5197905e-08 0.20130235 0 -1 7.54979e-08 40 31 12 255
-0.060992718 1.5197905e-08 0.20130235 0 -1 7.54979e-08 0 0 0 255
-0.040992737 1.5197905e-08 0.20130235 0 -1 7.54979e-08 0 0 0 255
-0.020992756 1.5197905e-08 0.20130235 0 -1 7.54979e-08 0 0 0 255
-0.000992775 1.5197905e-08 0.20130235 0 -1 7.54979e-08 0 0 0 255
0.019007206 1.5197905e-08 0.20130235 0 -1 7.54979e-08 0 0 0 255
0.039007306 1.5197905e-08 0.20130235 0 -1 7.54979e-08 0 0 0 255
0.059007287 1.5197905e-08 0.20130235 0 -1 7.54979e-08 0 0 0 255
0.07900727 1.5197905e-08 0.20130235 0 -1 7.54979e-08 0 0 0 255
0.09900725 1.5197905e-08 0.20130235 0 -1 7.54979e-08 0 0 0 255
0.11900723 1.5197905e-08 0.20130235 0 -1 7.54979e-08 0 0 0 255
0.13900721 1.5197905e-08 0.20130235 0 -1 7.54979e-08 0 0 0 255
0.15900731 1.5197905e-08 0.20130235 0 -1 7.54979e-08 0 0 0 255
0.17900729 1.5197905e-08 0.20130235 0 -1 7.54979e-08 0 0 0 255
0.19900727 1.5197905e-08 0.20130235 0 -1 7.54979e-08 0 0 0 255
0.21900725 1.5197905e-08 0.20130235 0 -1 7.54979e-08 0 0 0 255
0.23900723 1.5197905e-08 0.20130235 0 -1 7.54979e-08 0 0 0 255
0.25900722 1.5197905e-08 0.20130235 0 -1 7.54979e-08 0 0 0 255
0.2790072 1.5197905e-08 0.20130235 0 -1 7.54979e-08 0 0 0 255
0.2990073 1.5197905e-08 0.20130235 0 -1 7.54979e-08 0 0 0 255
0.31900728 1.5197905e-08 0.20130235 0 -1 7.54979e-08 0 0 0 255
0.33900726 1.5197905e-08 0.20130235 0 -1 7.54979e-08 0 0 0 255
0.35900724 1.5197905e-08 0.20130235 0 -1 7.54979e-08 0 0 0 255
0.37900722 1.5197905e-08 0.20130235 0 -1 7.54979e-08 0 0 0 255
0.3990072 1.5197905e-08 0.20130235 0 -1 7.54979e-08 0 0 0 255
0.4190073 1.5197905e-08 0.20130235 0 -1 7.54979e-08 0 0 0 255
0.43900728 1.5197905e-08 0.20130235 0 -1 7.54979e-08 0 0 0 255
0.45900726 1.5197905e-08 0.20130235 0 -1 7.54979e-08 0 0 0 255
0.47900724 1.5197905e-08 0.20130235 0 -1 7.54979e-08 0 0 0 255
0.49900723 1.5197905e-08 0.20130235 0 -1 7.54979e-08 19 11 3 255
0.5190072 1.5197905e-08 0.20130235 0 -1 7.54979e-08 19 11 3 255
0.5390072 1.5197905e-08 0.20130235 0 -1 7.54979e-08 9 5 1 255
0.5590073 1.5197905e-08 0.20130235 0 -1 7.54979e-08 7 19 3 255
0.57900727 1.5197905e-08 0.20130235 0 -1 7.54979e-08 58 58 58 255
0.59900725 1.5197905e-08 0.20130235 0 -1 7.54979e-08 66 66 66 255
0.61900723 1.5197905e-08 0.20130235 0 -1 7.54979e-08 66 66 66 255
0.6390072 1.5197905e-08 0.20130235 0 -1 7.54979e-08 74 74 74 255
0.6590072 1.5197905e-08 0.20130235 0 -1 7.54979e-08 82 82 82 255
0.6790073 1.5197905e-08 0.20130235 0 -1 7.54979e-08 74 74 74 255
0.6990073 1.5197905e-08 0.20130235 0 -1 7.54979e-08 78 78 78 255
0.71900725 1.5197905e-08 0.20130235 0 -1 7.54979e-08 74 74 74 255
0.73900723 1.5197905e-08 0.20130235 0 -1 7.54979e-08 74 74 74 255
0.7590072 1.5197905e-08 0.20130235 0 -1 7.54979e-08 74 74 74 255
0.7790072 1.5197905e-08 0.20130235 0 -1 7.54979e-08 74 74 74 255
0.7990073 1.5197905e-08 0.20130235 0 -1 7.54979e-08 74 74 74 255
0.8190073 1.5197905e-08 0.20130235 0 -1 7.54979e-08 88 88 88 255
0.83900726 1.5197905e-08 0.20130235 0 -1 7.54979e-08 74 74 74 255
0.85900724 1.5197905e-08 0.20130235 0 -1 7.54979e-08 31 31 31 255
-1.0209928 1.6707862e-08 0.22130233 0 -1 7.54979e-08 43 27 18 255
-1.0009928 1.6707862e-08 0.22130233 0 -1 7.54979e-08 214 140 92 255
-0.98099273 1.6707862e-08 0.22130233 0 -1 7.54979e-08 226 152 104 255
-0.9609927 1.6707862e-08 0.22130233 0 -1 7.54979e-08 235 160 113 255
-0.9409927 1.6707862e-08 0.22130233 0 -1 7.54979e-08 243 170 125 255
-0.92099273 1.6707862e-08 0.22130233 0 -1 7.54979e-08 247 180 141 255
-0.90099275 1.6707862e-08 0.22130233 0 -1 7.54979e-08 247 180 141 255
-0.8809927 1.6707862e-08 0.22130233 0 -1 7.54979e-08 247 180 141 255
-0.8609927 1.6707862e-08 0.22130233 0 -1 7.54979e-08 247 180 141 255
-0.8409927 1.6707862e-08 0.22130233 0 -1 7.54979e-08 247 177 134 255
-0.8209927 1.6707862e-08 0.22130233 0 -1 7.54979e-08 246 173 128 255
-0.8009927 1.6707862e-08 0.22130233 0 -1 7.54979e-08 236 161 114 255
-0.78099275 1.6707862e-08 0.22130233 0 -1 7.54979e-08 219 144 97 255
-0.76099277 1.6707862e-08 0.22130233 0 -1 7.54979e-08 216 141 94 255
-0.7409927 1.6707862e-08 0.22130233 0 -1 7.54979e-08 220 146 98 255
-0.7209927 1.6707862e-08 0.22130233 0 -1 7.54979e-08 216 141 94 255
-0.7009927 1.6707862e-08 0.22130233 0 -1 7.54979e-08 204 129 82 255
-0.6809927 1.6707862e-08 0.22130233 0 -1 7.54979e-08 196 121 74 255
-0.66099274 1.6707862e-08 0.22130233 0 -1 7.54979e-08 196 123 76 255
-0.64099276 1.6707862e-08 0.22130233 0 -1 7.54979e-08 203 129 81 255
-0.6209927 1.6707862e-08 0.22130233 0 -1 7.54979e-08 189 118 72 255
-0.60099274 1.6707862e-08 0.22130233 0 -1 7.54979e-08 169 108 65 255
-0.5809927 1.6707862e-08 0.22130233 0 -1 7.54979e-08 159 103 59 255
-0.5609927 1.6707862e-08 0.22130233 0 -1 7.54979e-08 149 94 54 255
-0.54099274 1.6707862e-08 0.22130233 0 -1 7.54979e-08 133 86 48 255
-0.52099276 1.6707862e-08 0.22130233 0 -1 7.54979e-08 126 80 45 255
-0.5009927 1.6707862e-08 0.22130233 0 -1 7.54979e-08 118 76 41 255
-0.48099273 1.6707862e-08 0.22130233 0 -1 7.54979e-08 113 73 39 255
-0.46099275 1.6707862e-08 0.22130233 0 -1 7.54979e-08 103 68 35 255
-0.4409927 1.6707862e-08 0.22130233 0 -1 7.54979e-08 85 61 29 255
-0.42099273 1.6707862e-08 0.22130233 0 -1 7.54979e-08 75 54 27 255
-0.40099275 1.6707862e-08 0.22130233 0 -1 7.54979e-08 58 43 19 255
-0.3809927 1.6707862e-08 0.22130233 0 -1 7.54979e-08 47 36 15 255
-0.36099273 1.6707862e-08 0.22130233 0 -1 7.54979e-08 39 31 11 255
-0.34099275 1.6707862e-08 0.22130233 0 -1 7.54979e-08 43 35 13 255
-0.3209927 1.6707862e-08 0.22130233 0 -1 7.54979e-08 39 31 11 255
-0.30099273 1.6707862e-08 0.22130233 0 -1 7.54979e-08 40 32 12 255
-0.28099275 1.6707862e-08 0.22130233 0 -1 7.54979e-08 24 27 8 255
-0.26099277 1.6707862e-08 0.22130233 0 -1 7.54979e-08 45 36 14 255
-0.24099272 1.6707862e-08 0.22130233 0 -1 7.54979e-08 53 41 17 255
-0.22099274 1.6707862e-08 0.22130233 0 -1 7.54979e-08 45 36 14 255
-0.20099276 1.6707862e-08 0.22130233 0 -1 7.54979e-08 58 43 19 255
-0.18099272 1.6707862e-08 0.22130233 0 -1 7.54979e-08 50 40 16 255
-0.16099274 1.6707862e-08 0.22130233 0 -1 7.54979e-08 47 39 15 255
-0.14099276 1.6707862e-08 0.22130233 0 -1 7.54979e-08 47 39 15 255
-0.12099272 1.6707862e-08 0.22130233 0 -1 7.54979e-08 52 40 17 255
-0.10099274 1.6707862e-08 0.22130233 0 -1 7.54979e-08 62 46 20 255
-0.08099276 1.6707862e-08 0.22130233 0 -1 7.54979e-08 43 35 13 255
-0.060992718 1.6707862e-08 0.22130233 0 -1 7.54979e-08 91 60 54 255
-0.040992737 1.6707862e-08 0.22130233 0 -1 7.54979e-08 0 0 0 255
-0.020992756 1.6707862e-08 0.22130233 0 -1 7.54979e-08 0 0 0 255
-0.000992775 1.6707862e-08 0.22130233 0 -1 7.54979e-08 0 0 0 255
0.019007206 1.6707862e-08 0.22130233 0 -1 7.54979e-08 0 0 0 255
0.039007306 1.6707862e-08 0.22130233 0 -1 7.54979e-08 67 42 42 255
0.059007287 1.6707862e-08 0.22130233 0 -1 7.54979e-08 0 0 0 255
0.07900727 1.6707862e-08 0.22130233 0 -1 7.54979e-08 0 0 0 255
0.09900725 1.6707862e-08 0.22130233 0 -1 7.54979e-08 0 0 0 255
0.11900723 1.6707862e-08 0.22130233 0 -1 7.54979e-08 0 0 0 255
0.13900721 1.6707862e-08 0.22130233 0 -1 7.54979e-08 0 0 0 255
0.15900731 1.6707862e-08 0.22130233 0 -1 7.54979e-08 0 0 0 255
0.17900729 1.6707862e-08 0.22130233 0 -1 7.54979e-08 0 0 0 255
0.19900727 1.6707862e-08 0.22130233 0 -1 7.54979e-08 0 0 0 255
0.21900725 1.6707862e-08 0.22130233 0 -1 7.54979e-08 0 0 0 255
0.23900723 1.6707862e-08 0.22130233 0 -1 7.54979e-08 0 0 0 255
0.25900722 1.6707862e-08 0.22130233 0 -1 7.54979e-08 0 0 0 255
0.2790072 1.6707862e-08 0.22130233 0 -1 7.54979e-08 0 0 0 255
0.2990073 1.6707862e-08 0.22130233 0 -1 7.54979e-08 0 0 0 255
0.31900728 1.6707862e-08 0.22130233 0 -1 7.54979e-08 0 0 0 255
0.33900726 1.6707862e-08 0.22130233 0 -1 7.54979e-08 0 0 0 255
0.35900724 1.6707862e-08 0.22130233 0 -1 7.54979e-08 0 0 0 255
0.37900722 1.6707862e-08 0.22130233 0 -1 7.54979e-08 0 0 0 255
0.3990072 1.6707862e-08 0.22130233 0 -1 7.54979e-08 0 0 0 255
0.4190073 1.6707862e-08 0.22130233 0 -1 7.54979e-08 0 0 0 255
0.43900728 1.6707862e-08 0.22130233 0 -1 7.54979e-08 0 0 0 255
0.45900726 1.6707862e-08 0.22130233 0 -1 7.54979e-08 0 0 0 255
0.47900724 1.6707862e-08 0.22130233 0 -1 7.54979e-08 0 0 0 255
0.49900723 1.6707862e-08 0.22130233 0 -1 7.54979e-08 0 0 0 255
0.5190072 1.6707862e-08 0.22130233 0 -1 7.54979e-08 19 11 3 255
0.5390072 1.6707862e-08 0.22130233 0 -1 7.54979e-08 6 15 3 255
0.5590073 1.6707862e-08 0.22130233 0 -1 7.54979e-08 33 33 33 255
0.57900727 1.6707862e-08 0.22130233 0 -1 7.54979e-08 68 68 68 255
0.59900725 1.6707862e-08 0.22130233 0 -1 7.54979e-08 66 66 66 255
0.61900723 1.6707862e-08 0.22130233 0 -1 7.54979e-08 68 68 68 255
0.6390072 1.6707862e-08 0.22130233 0 -1 7.54979e-08 70 70 70 255
0.6590072 1.6707862e-08 0.22130233 0 -1 7.54979e-08 78 78 78 255
0.6790073 1.6707862e-08 0.22130233 0 -1 7.54979e-08 74 74 74 255
0.6990073 1.6707862e-08 0.22130233 0 -1 7.54979e-08 74 74 74 255
0.71900725 1.6707862e-08 0.22130233 0 -1 7.54979e-08 74 74 74 255
0.73900723 1.6707862e-08 0.22130233 0 -1 7.54979e-08 76 76 76 255
0.7590072 1.6707862e-08 0.22130233 0 -1 7.54979e-08 74 74 74 255
0.7790072 1.6707862e-08 0.22130233 0 -1 7.54979e-08 76 76 76 255
0.7990073 1.6707862e-08 0.22130233 0 -1 7.54979e-08 82 82 82 255
0.8190073 1.6707862e-08 0.22130233 0 -1 7.54979e-08 91 91 91 255
0.83900726 1.6707862e-08 0.22130233 0 -1 7.54979e-08 64 64 64 255
0.85900724 1.6707862e-08 0.22130233 0 -1 7.54979e-08 13 13 13 255
-0.98099273 1.8217818e-08 0.24130231 0 -1 7.54979e-08 194 125 82 255
-0.9609927 1.8217818e-08 0.24130231 0 -1 7.54979e-08 224 149 102 255
-0.9409927 1.8217818e-08 0.24130231 0 -1 7.54979e-08 231 156 109 255
-0.92099273 1.8217818e-08 0.24130231 0 -1 7.54979e-08 243 175 134 255
-0.90099275 1.8217818e-08 0.24130231 0 -1 7.54979e-08 247 180 141 255
-0.8809927 1.8217818e-08 0.24130231 0 -1 7.54979e-08 247 180 141 255
-0.8609927 1.8217818e-08 0.24130231 0 -1 7.54979e-08 247 181 142 255
-0.8409927 1.8217818e-08 0.24130231 0 -1 7.54979e-08 247 180 141 255
-0.8209927 1.8217818e-08 0.24130231 0 -1 7.54979e-08 247 180 141 255
-0.8009927 1.8217818e-08 0.24130231 0 -1 7.54979e-08 247 174 128 255
-0.78099275 1.8217818e-08 0.24130231 0 -1 7.54979e-08 235 161 113 255
-0.76099277 1.8217818e-08 0.24130231 0 -1 7.54979e-08 225 150 103 255
-0.7409927 1.8217818e-08 0.24130231 0 -1 7.54979e-08 232 157 110 255
-0.7209927 1.8217818e-08 0.24130231 0 -1 7.54979e-08 216 141 94 255
-0.7009927 1.8217818e-08 0.24130231 0 -1 7.54979e-08 204 129 82 255
-0.6809927 1.8217818e-08 0.24130231 0 -1 7.54979e-08 200 125 78 255
-0.66099274 1.8217818e-08 0.24130231 0 -1 7.54979e-08 198 123 76 255
-0.64099276 1.8217818e-08 0.24130231 0 -1 7.54979e-08 184 117 70 255
-0.6209927 1.8217818e-08 0.24130231 0 -1 7.54979e-08 198 123 76 255
-0.60099274 1.8217818e-08 0.24130231 0 -1 7.54979e-08 184 117 70 255
-0.5809927 1.8217818e-08 0.24130231 0 -1 7.54979e-08 161 104 61 255
-0.5609927 1.8217818e-08 0.24130231 0 -1 7.54979e-08 149 94 54 255
-0.54099274 1.8217818e-08 0.24130231 0 -1 7.54979e-08 144 92 53 255
-0.52099276 1.8217818e-08 0.24130231 0 -1 7.54979e-08 137 90 50 255
-0.5009927 1.8217818e-08 0.24130231 0 -1 7.54979e-08 131 83 47 255
-0.48099273 1.8217818e-08 0.24130231 0 -1 7.54979e-08 131 83 47 255
-0.46099275 1.8217818e-08 0.24130231 0 -1 7.54979e-08 119 77 41 255
-0.4409927 1.8217818e-08 0.24130231 0 -1 7.54979e-08 104 68 35 255
-0.42099273 1.8217818e-08 0.24130231 0 -1 7.54979e-08 93 64 32 255
-0.40099275 1.8217818e-08 0.24130231 0 -1 7.54979e-08 77 56 31 255
-0.3809927 1.8217818e-08 0.24130231 0 -1 7.54979e-08 65 47 21 255
-0.36099273 1.8217818e-08 0.24130231 0 -1 7.54979e-08 42 33 12 255
-0.34099275 1.8217818e-08 0.24130231 0 -1 7.54979e-08 39 31 11 255
-0.3209927 1.8217818e-08 0.24130231 0 -1 7.54979e-08 49 40 16 255
-0.30099273 1.8217818e-08 0.24130231 0 -1 7.54979e-08 48 36 15 255
-0.28099275 1.8217818e-08 0.24130231 0 -1 7.54979e-08 42 33 12 255
-0.26099277 1.8217818e-08 0.24130231 0 -1 7.54979e-08 23 25 7 255
-0.24099272 1.8217818e-08 0.24130231 0 -1 7.54979e-08 39 31 11 255
-0.22099274 1.8217818e-08 0.24130231 0 -1 7.54979e-08 48 37 15 255
-0.20099276 1.8217818e-08 0.24130231 0 -1 7.54979e-08 45 37 14 255
-0.18099272 1.8217818e-08 0.24130231 0 -1 7.54979e-08 57 42 19 255
-0.16099274 1.8217818e-08 0.24130231 0 -1 7.54979e-08 49 39 16 255
-0.14099276 1.8217818e-08 0.24130231 0 -1 7.54979e-08 47 39 15 255
-0.12099272 1.8217818e-08 0.24130231 0 -1 7.54979e-08 40 32 12 255
-0.10099274 1.8217818e-08 0.24130231 0 -1 7.54979e-08 52 41 17 255
-0.08099276 1.8217818e-08 0.24130231 0 -1 7.54979e-08 68 49 22 255
-0.060992718 1.8217818e-08 0.24130231 0 -1 7.54979e-08 43 35 13 255
-0.040992737 1.8217818e-08 0.24130231 0 -1 7.54979e-08 139 89 86 255
-0.020992756 1.8217818e-08 0.24130231 0 -1 7.54979e-08 0 0 0 255
-0.000992775 1.8217818e-08 0.24130231 0 -1 7.54979e-08 0 0 0 255
0.019007206 1.8217818e-08 0.24130231 0 -1 7.54979e-08 0 0 0 255
0.039007306 1.8217818e-08 0.24130231 0 -1 7.54979e-08 0 0 0 255
0.059007287 1.8217818e-08 0.24130231 0 -1 7.54979e-08 0 0 0 255
0.07900727 1.8217818e-08 0.24130231 0 -1 7.54979e-08 0 0 0 255
0.09900725 1.8217818e-08 0.24130231 0 -1 7.54979e-08 0 0 0 255
0.11900723 1.8217818e-08 0.24130231 0 -1 7.54979e-08 0 0 0 255
0.13900721 1.8217818e-08 0.24130231 0 -1 7.54979e-08 0 0 0 255
0.15900731 1.8217818e-08 0.24130231 0 -1 7.54979e-08 0 0 0 255
0.17900729 1.8217818e-08 0.24130231 0 -1 7.54979e-08 0 0 0 255
0.19900727 1.8217818e-08 0.24130231 0 -1 7.54979e-08 0 0 0 255
0.21900725 1.8217818e-08 0.24130231 0 -1 7.54979e-08 0 0 0 255
0.23900723 1.8217818e-08 0.24130231 0 -1 7.54979e-08 0 0 0 255
0.25900722 1.8217818e-08 0.24130231 0 -1 7.54979e-08 0 0 0 255
0.2790072 1.8217818e-08 0.24130231 0 -1 7.54979e-08 0 0 0 255
0.2990073 1.8217818e-08 0.24130231 0 -1 7.54979e-08 0 0 0 255
0.31900728 1.8217818e-08 0.24130231 0 -1 7.54979e-08 0 0 0 255
0.33900726 1.8217818e-08 0.24130231 0 -1 7.54979e-08 0 0 0 255
0.35900724 1.8217818e-08 0.24130231 0 -1 7.54979e-08 0 0 0 255
0.37900722 1.8217818e-08 0.24130231 0 -1 7.54979e-08 0 0 0 255
0.3990072 1.8217818e-08 0.24130231 0 -1 7.54979e-08 0 0 0 255
0.4190073 1.8217818e-08 0.24130231 0 -1 7.54979e-08 0 0 0 255
0.43900728 1.8217818e-08 0.24130231 0 -1 7.54979e-08 0 0 0 255
0.45900726 1.8217818e-08 0.24130231 0 -1 7.54979e-08 0 0 0 255
0.47900724 1.8217818e-08 0.24130231 0 -1 7.54979e-08 0 0 0 255
0.49900723 1.8217818e-08 0.24130231 0 -1 7.54979e-08 0 0 0 255
0.5190072 1.8217818e-08 0.24130231 0 -1 7.54979e-08 19 11 3 255
0.5390072 1.8217818e-08 0.24130231 0 -1 7.54979e-08 5 9 2 255
0.5590073 1.8217818e-08 0.24130231 0 -1 7.54979e-08 53 53 53 255
0.57900727 1.8217818e-08 0.24130231 0 -1 7.54979e-08 67 67 67 255
0.59900725 1.8217818e-08 0.24130231 0 -1 7.54979e-08 79 79 79 255
0.61900723 1.8217818e-08 0.24130231 0 -1 7.54979e-08 70 70 70 255
0.6390072 1.8217818e-08 0.24130231 0 -1 7.54979e-08 79 79 79 255
0.6590072 1.8217818e-08 0.24130231 0 -1 7.54979e-08 77 77 77 255
0.6790073 1.8217818e-08 0.24130231 0 -1 7.54979e-08 74 74 74 255
0.6990073 1.8217818e-08 0.24130231 0 -1 7.54979e-08 74 74 74 255
0.71900725 1.8217818e-08 0.24130231 0 -1 7.54979e-08 74 74 74 255
0.73900723 1.8217818e-08 0.24130231 0 -1 7.54979e-08 74 74 74 255
0.7590072 1.8217818e-08 0.24130231 0 -1 7.54979e-08 75 75 75 255
0.7790072 1.8217818e-08 0.24130231 0 -1 7.54979e-08 74 74 74 255
0.7990073 1.8217818e-08 0.24130231 0 -1 7.54979e-08 77 77 77 255
0.8190073 1.8217818e-08 0.24130231 0 -1 7.54979e-08 85 85 85 255
0.83900726 1.8217818e-08 0.24130231 0 -1 7.54979e-08 62 62 62 255
0.85900724 1.8217818e-08 0.24130231 0 -1 7.54979e-08 0 0 0 255
-0.9609927 1.9727775e-08 0.2613023 0 -1 7.54979e-08 54 36 24 255
-0.9409927 1.9727775e-08 0.2613023 0 -1 7.54979e-08 222 147 100 255
-0.92099273 1.9727775e-08 0.2613023 0 -1 7.54979e-08 224 149 102 255
-0.90099275 1.9727775e-08 0.2613023 0 -1 7.54979e-08 247 174 129 255
-0.8809927 1.9727775e-08 0.2613023 0 -1 7.54979e-08 247 183 147 255
-0.8609927 1.9727775e-08 0.2613023 0 -1 7.54979e-08 247 181 142 255
-0.8409927 1.9727775e-08 0.2613023 0 -1 7.54979e-08 247 180 141 255
-0.8209927 1.9727775e-08 0.2613023 0 -1 7.54979e-08 247 180 141 255
-0.8009927 1.9727775e-08 0.2613023 0 -1 7.54979e-08 247 180 141 255
-0.78099275 1.9727775e-08 0.2613023 0 -1 7.54979e-08 244 176 134 255
-0.76099277 1.9727775e-08 0.2613023 0 -1 7.54979e-08 243 175 133 255
-0.7409927 1.9727775e-08 0.2613023 0 -1 7.54979e-08 235 160 113 255
-0.7209927 1.9727775e-08 0.2613023 0 -1 7.54979e-08 228 153 106 255
-0.7009927 1.9727775e-08 0.2613023 0 -1 7.54979e-08 210 135 88 255
-0.6809927 1.9727775e-08 0.2613023 0 -1 7.54979e-08 200 125 78 255
-0.66099274 1.9727775e-08 0.2613023 0 -1 7.54979e-08 200 125 78 255
-0.64099276 1.9727775e-08 0.2613023 0 -1 7.54979e-08 184 117 70 255
-0.6209927 1.9727775e-08 0.2613023 0 -1 7.54979e-08 196 121 74 255
-0.60099274 1.9727775e-08 0.2613023 0 -1 7.54979e-08 193 120 73 255
-0.5809927 1.9727775e-08 0.2613023 0 -1 7.54979e-08 180 115 68 255
-0.5609927 1.9727775e-08 0.2613023 0 -1 7.54979e-08 155 100 57 255
-0.54099274 1.9727775e-08 0.2613023 0 -1 7.54979e-08 144 92 53 255
-0.52099276 1.9727775e-08 0.2613023 0 -1 7.54979e-08 146 93 53 255
-0.5009927 1.9727775e-08 0.2613023 0 -1 7.54979e-08 146 93 53 255
-0.48099273 1.9727775e-08 0.2613023 0 -1 7.54979e-08 137 90 50 255
-0.46099275 1.9727775e-08 0.2613023 0 -1 7.54979e-08 122 78 43 255
-0.4409927 1.9727775e-08 0.2613023 0 -1 7.54979e-08 113 74 39 255
-0.42099273 1.9727775e-08 0.2613023 0 -1 7.54979e-08 115 75 40 255
-0.40099275 1.9727775e-08 0.2613023 0 -1 7.54979e-08 99 65 34 255
-0.3809927 1.9727775e-08 0.2613023 0 -1 7.54979e-08 77 54 26 255
-0.36099273 1.9727775e-08 0.2613023 0 -1 7.54979e-08 58 43 19 255
-0.34099275 1.9727775e-08 0.2613023 0 -1 7.54979e-08 48 37 16 255
-0.3209927 1.9727775e-08 0.2613023 0 -1 7.54979e-08 44 35 14 255
-0.30099273 1.9727775e-08 0.2613023 0 -1 7.54979e-08 46 38 15 255
-0.28099275 1.9727775e-08 0.2613023 0 -1 7.54979e-08 43 34 13 255
-0.26099277 1.9727775e-08 0.2613023 0 -1 7.54979e-08 42 34 13 255
-0.24099272 1.9727775e-08 0.2613023 0 -1 7.54979e-08 15 22 5 255
-0.22099274 1.9727775e-08 0.2613023 0 -1 7.54979e-08 41 32 12 255
-0.20099276 1.9727775e-08 0.2613023 0 -1 7.54979e-08 54 40 17 255
-0.18099272 1.9727775e-08 0.2613023 0 -1 7.54979e-08 45 36 14 255
-0.16099274 1.9727775e-08 0.2613023 0 -1 7.54979e-08 58 43 19 255
-0.14099276 1.9727775e-08 0.2613023 0 -1 7.54979e-08 47 39 15 255
-0.12099272 1.9727775e-08 0.2613023 0 -1 7.54979e-08 47 39 15 255
-0.10099274 1.9727775e-08 0.2613023 0 -1 7.54979e-08 48 39 16 255
-0.08099276 1.9727775e-08 0.2613023 0 -1 7.54979e-08 58 43 19 255
-0.060992718 1.9727775e-08 0.2613023 0 -1 7.54979e-08 55 42 18 255
-0.040992737 1.9727775e-08 0.2613023 0 -1 7.54979e-08 39 31 11 255
-0.020992756 1.9727775e-08 0.2613023 0 -1 7.54979e-08 60 38 38 255
-0.000992775 1.9727775e-08 0.2613023 0 -1 7.54979e-08 0 0 0 255
0.019007206 1.9727775e-08 0.2613023 0 -1 7.54979e-08 0 0 0 255
0.039007306 1.9727775e-08 0.2613023 0 -1 7.54979e-08 0 0 0 255
0.059007287 1.9727775e-08 0.2613023 0 -1 7.54979e-08 0 0 0 255
0.07900727 1.9727775e-08 0.2613023 0 -1 7.54979e-08 0 0 0 255
0.09900725 1.9727775e-08 0.2613023 0 -1 7.54979e-08 0 0 0 255
0.11900723 1.9727775e-08 0.2613023 0 -1 7.54979e-08 0 0 0 255
0.13900721 1.9727775e-08 0.2613023 0 -1 7.54979e-08 0 0 0 255
0.15900731 1.9727775e-08 0.2613023 0 -1 7.54979e-08 0 0 0 255
0.17900729 1.9727775e-08 0.2613023 0 -1 7.54979e-08 0 0 0 255
0.19900727 1.9727775e-08 0.2613023 0 -1 7.54979e-08 0 0 0 255
0.21900725 1.9727775e-08 0.2613023 0 -1 7.54979e-08 0 0 0 255
0.23900723 1.9727775e-08 0.2613023 0 -1 7.54979e-08 0 0 0 255
0.25900722 1.9727775e-08 0.2613023 0 -1 7.54979e-08 0 0 0 255
0.2790072 1.9727775e-08 0.2613023 0 -1 7.54979e-08 0 0 0 255
0.2990073 1.9727775e-08 0.2613023 0 -1 7.54979e-08 0 0 0 255
0.31900728 1.9727775e-08 0.2613023 0 -1 7.54979e-08 0 0 0 255
0.33900726 1.9727775e-08 0.2613023 0 -1 7.54979e-08 0 0 0 255
0.35900724 1.9727775e-08 0.2613023 0 -1 7.54979e-08 0 0 0 255
0.37900722 1.9727775e-08 0.2613023 0 -1 7.54979e-08 0 0 0 255
0.3990072 1.9727775e-08 0.2613023 0 -1 7.54979e-08 0 0 0 255
0.4190073 1.9727775e-08 0.2613023 0 -1 7.54979e-08 0 0 0 255
0.43900728 1.9727775e-08 0.2613023 0 -1 7.54979e-08 0 0 0 255
0.45900726 1.9727775e-08 0.2613023 0 -1 7.54979e-08 0 0 0 255
0.47900724 1.9727775e-08 0.2613023 0 -1 7.54979e-08 0 0 0 255
0.49900723 1.9727775e-08 0.2613023 0 -1 7.54979e-08 7 4 1 255
0.5190072 1.9727775e-08 0.2613023 0 -1 7.54979e-08 19 11 3 255
0.5390072 1.9727775e-08 0.2613023 0 -1 7.54979e-08 16 15 14 255
0.5590073 1.9727775e-08 0.2613023 0 -1 7.54979e-08 78 78 78 255
0.57900727 1.9727775e-08 0.2613023 0 -1 7.54979e-08 70 70 70 255
0.59900725 1.9727775e-08 0.2613023 0 -1 7.54979e-08 66 66 66 255
0.61900723 1.9727775e-08 0.2613023 0 -1 7.54979e-08 73 73 73 255
0.6390072 1.9727775e-08 0.2613023 0 -1 7.54979e-08 72 72 72 255
0.6590072 1.9727775e-08 0.2613023 0 -1 7.54979e-08 74 74 74 255
0.6790073 1.9727775e-08 0.2613023 0 -1 7.54979e-08 80 80 80 255
0.6990073 1.9727775e-08 0.2613023 0 -1 7.54979e-08 82 82 82 255
0.71900725 1.9727775e-08 0.2613023 0 -1 7.54979e-08 74 74 74 255
0.73900723 1.9727775e-08 0.2613023 0 -1 7.54979e-08 74 74 74 255
0.7590072 1.9727775e-08 0.2613023 0 -1 7.54979e-08 76 76 76 255
0.7790072 1.9727775e-08 0.2613023 0 -1 7.54979e-08 77 77 77 255
0.7990073 1.9727775e-08 0.2613023 0 -1 7.54979e-08 94 94 94 255
0.8190073 1.9727775e-08 0.2613023 0 -1 7.54979e-08 82 82 82 255
0.83900726 1.9727775e-08 0.2613023 0 -1 7.54979e-08 15 15 15 255
-0.9409927 2.1237732e-08 0.28130227 0 -1 7.54979e-08 72 48 33 255
-0.92099273 2.1237732e-08 0.28130227 0 -1 7.54979e-08 218 143 96 255
-0.90099275 2.1237732e-08 0.28130227 0 -1 7.54979e-08 231 157 109 255
-0.8809927 2.1237732e-08 0.28130227 0 -1 7.54979e-08 242 167 120 255
-0.8609927 2.1237732e-08 0.28130227 0 -1 7.54979e-08 247 180 141 255
-0.8409927 2.1237732e-08 0.28130227 0 -1 7.54979e-08 247 182 144 255
-0.8209927 2.1237732e-08 0.28130227 0 -1 7.54979e-08 245 175 133 255
-0.8009927 2.1237732e-08 0.28130227 0 -1 7.54979e-08 247 180 141 255
-0.78099275 2.1237732e-08 0.28130227 0 -1 7.54979e-08 245 175 133 255
-0.76099277 2.1237732e-08 0.28130227 0 -1 7.54979e-08 247 175 131 255
-0.7409927 2.1237732e-08 0.28130227 0 -1 7.54979e-08 243 169 121 255
-0.7209927 2.1237732e-08 0.28130227 0 -1 7.54979e-08 234 160 112 255
-0.7009927 2.1237732e-08 0.28130227 0 -1 7.54979e-08 226 152 104 255
-0.6809927 2.1237732e-08 0.28130227 0 -1 7.54979e-08 213 139 91 255
-0.66099274 2.1237732e-08 0.28130227 0 -1 7.54979e-08 207 132 85 255
-0.64099276 2.1237732e-08 0.28130227 0 -1 7.54979e-08 200 125 78 255
-0.6209927 2.1237732e-08 0.28130227 0 -1 7.54979e-08 194 121 73 255
-0.60099274 2.1237732e-08 0.28130227 0 -1 7.54979e-08 196 121 74 255
-0.5809927 2.1237732e-08 0.28130227 0 -1 7.54979e-08 192 120 73 255
-0.5609927 2.1237732e-08 0.28130227 0 -1 7.54979e-08 171 110 65 255
-0.54099274 2.1237732e-08 0.28130227 0 -1 7.54979e-08 149 94 54 255
-0.52099276 2.1237732e-08 0.28130227 0 -1 7.54979e-08 149 94 54 255
-0.5009927 2.1237732e-08 0.28130227 0 -1 7.54979e-08 149 94 54 255
-0.48099273 2.1237732e-08 0.28130227 0 -1 7.54979e-08 141 91 52 255
-0.46099275 2.1237732e-08 0.28130227 0 -1 7.54979e-08 123 79 43 255
-0.4409927 2.1237732e-08 0.28130227 0 -1 7.54979e-08 134 87 49 255
-0.42099273 2.1237732e-08 0.28130227 0 -1 7.54979e-08 125 81 45 255
-0.40099275 2.1237732e-08 0.28130227 0 -1 7.54979e-08 124 79 44 255
-0.3809927 2.1237732e-08 0.28130227 0 -1 7.54979e-08 101 67 35 255
-0.36099273 2.1237732e-08 0.28130227 0 -1 7.54979e-08 77 55 26 255
-0.34099275 2.1237732e-08 0.28130227 0 -1 7.54979e-08 74 52 24 255
-0.3209927 2.1237732e-08 0.28130227 0 -1 7.54979e-08 46 35 14 255
-0.30099273 2.1237732e-08 0.28130227 0 -1 7.54979e-08 47 37 14 255
-0.28099275 2.1237732e-08 0.28130227 0 -1 7.54979e-08 51 40 16 255
-0.26099277 2.1237732e-08 0.28130227 0 -1 7.54979e-08 40 32 12 255
-0.24099272 2.1237732e-08 0.28130227 0 -1 7.54979e-08 51 38 16 255
-0.22099274 2.1237732e-08 0.28130227 0 -1 7.54979e-08 23 25 7 255
-0.20099276 2.1237732e-08 0.28130227 0 -1 7.54979e-08 51 38 16 255
-0.18099272 2.1237732e-08 0.28130227 0 -1 7.54979e-08 52 39 16 255
-0.16099274 2.1237732e-08 0.28130227 0 -1 7.54979e-08 51 38 16 255
-0.14099276 2.1237732e-08 0.28130227 0 -1 7.54979e-08 54 41 18 255
-0.12099272 2.1237732e-08 0.28130227 0 -1 7.54979e-08 47 39 15 255
-0.10099274 2.1237732e-08 0.28130227 0 -1 7.54979e-08 44 36 14 255
-0.08099276 2.1237732e-08 0.28130227 0 -1 7.54979e-08 47 39 15 255
-0.060992718 2.1237732e-08 0.28130227 0 -1 7.54979e-08 64 47 21 255
-0.040992737 2.1237732e-08 0.28130227 0 -1 7.54979e-08 55 43 18 255
-0.020992756 2.1237732e-08 0.28130227 0 -1 7.54979e-08 80 55 41 255
-0.000992775 2.1237732e-08 0.28130227 0 -1 7.54979e-08 56 35 35 255
0.019007206 2.1237732e-08 0.28130227 0 -1 7.54979e-08 52 33 33 255
0.039007306 2.1237732e-08 0.28130227 0 -1 7.54979e-08 0 0 0 255
0.059007287 2.1237732e-08 0.28130227 0 -1 7.54979e-08 0 0 0 255
0.07900727 2.1237732e-08 0.28130227 0 -1 7.54979e-08 0 0 0 255
0.09900725 2.1237732e-08 0.28130227 0 -1 7.54979e-08 0 0 0 255
0.11900723 2.1237732e-08 0.28130227 0 -1 7.54979e-08 0 0 0 255
0.13900721 2.1237732e-08 0.28130227 0 -1 7.54979e-08 0 0 0 255
0.15900731 2.1237732e-08 0.28130227 0 -1 7.54979e-08 0 0 0 255
0.17900729 2.1237732e-08 0.28130227 0 -1 7.54979e-08 0 0 0 255
0.19900727 2.1237732e-08 0.28130227 0 -1 7.54979e-08 0 0 0 255
0.21900725 2.1237732e-08 0.28130227 0 -1 7.54979e-08 0 0 0 255
0.23900723 2.1237732e-08 0.28130227 0 -1 7.54979e-08 0 0 0 255
0.25900722 2.1237732e-08 0.28130227 0 -1 7.54979e-08 0 0 0 255
0.2790072 2.1237732e-08 0.28130227 0 -1 7.54979e-08 0 0 0 255
0.2990073 2.1237732e-08 0.28130227 0 -1 7.54979e-08 0 0 0 255
0.31900728 2.1237732e-08 0.28130227 0 -1 7.54979e-08 0 0 0 255
0.33900726 2.1237732e-08 0.28130227 0 -1 7.54979e-08 0 0 0 255
0.35900724 2.1237732e-08 0.28130227 0 -1 7.54979e-08 0 0 0 255
0.37900722 2.1237732e-08 0.28130227 0 -1 7.54979e-08 0 0 0 255
0.3990072 2.1237732e-08 0.28130227 0 -1 7.54979e-08 0 0 0 255
0.4190073 2.1237732e-08 0.28130227 0 -1 7.54979e-08 0 0 0 255
0.43900728 2.1237732e-08 0.28130227 0 -1 7.54979e-08 0 0 0 255
0.45900726 2.1237732e-08 0.28130227 0 -1 7.54979e-08 0 0 0 255
0.47900724 2.1237732e-08 0.28130227 0 -1 7.54979e-08 0 0 0 255
0.49900723 2.1237732e-08 0.28130227 0 -1 7.54979e-08 9 5 1 255
0.5190072 2.1237732e-08 0.28130227 0 -1 7.54979e-08 12 7 2 255
0.5390072 2.1237732e-08 0.28130227 0 -1 7.54979e-08 32 31 29 255
0.5590073 2.1237732e-08 0.28130227 0 -1 7.54979e-08 79 79 79 255
0.57900727 2.1237732e-08 0.28130227 0 -1 7.54979e-08 69 69 69 255
0.59900725 2.1237732e-08 0.28130227 0 -1 7.54979e-08 69 69 69 255
0.61900723 2.1237732e-08 0.28130227 0 -1 7.54979e-08 72 72 72 255
0.6390072 2.1237732e-08 0.28130227 0 -1 7.54979e-08 74 74 74 255
0.6590072 2.1237732e-08 0.28130227 0 -1 7.54979e-08 80 80 80 255
0.6790073 2.1237732e-08 0.28130227 0 -1 7.54979e-08 79 79 79 255
0.6990073 2.1237732e-08 0.28130227 0 -1 7.54979e-08 77 77 77 255
0.71900725 2.1237732e-08 0.28130227 0 -1 7.54979e-08 79 79 79 255
0.73900723 2.1237732e-08 0.28130227 0 -1 7.54979e-08 73 73 73 255
0.7590072 2.1237732e-08 0.28130227 0 -1 7.54979e-08 79 79 79 255
0.7790072 2.1237732e-08 0.28130227 0 -1 7.54979e-08 83 83 83 255
0.7990073 2.1237732e-08 0.28130227 0 -1 7.54979e-08 94 94 94 255
0.8190073 2.1237732e-08 0.28130227 0 -1 7.54979e-08 79 79 79 255
0.83900726 2.1237732e-08 0.28130227 0 -1 7.54979e-08 0 0 0 255
-0.90099275 2.2747692e-08 0.3013023 0 -1 7.54979e-08 119 79 54 255
-0.8809927 2.2747692e-08 0.3013023 0 -1 7.54979e-08 224 149 102 255
-0.8609927 2.2747692e-08 0.3013023 0 -1 7.54979e-08 240 165 118 255
-0.8409927 2.2747692e-08 0.3013023 0 -1 7.54979e-08 247 181 141 255
-0.8209927 2.2747692e-08 0.3013023 0 -1 7.54979e-08 247 180 141 255
-0.8009927 2.2747692e-08 0.3013023 0 -1 7.54979e-08 247 180 141 255
-0.78099275 2.2747692e-08 0.3013023 0 -1 7.54979e-08 247 180 141 255
-0.76099277 2.2747692e-08 0.3013023 0 -1 7.54979e-08 247 180 141 255
-0.7409927 2.2747692e-08 0.3013023 0 -1 7.54979e-08 247 176 132 255
-0.7209927 2.2747692e-08 0.3013023 0 -1 7.54979e-08 247 172 125 255
-0.7009927 2.2747692e-08 0.3013023 0 -1 7.54979e-08 235 160 113 255
-0.6809927 2.2747692e-08 0.3013023 0 -1 7.54979e-08 231 156 109 255
-0.66099274 2.2747692e-08 0.3013023 0 -1 7.54979e-08 223 148 101 255
-0.64099276 2.2747692e-08 0.3013023 0 -1 7.54979e-08 207 133 85 255
-0.6209927 2.2747692e-08 0.3013023 0 -1 7.54979e-08 198 123 76 255
-0.60099274 2.2747692e-08 0.3013023 0 -1 7.54979e-08 196 121 74 255
-0.5809927 2.2747692e-08 0.3013023 0 -1 7.54979e-08 185 118 70 255
-0.5609927 2.2747692e-08 0.3013023 0 -1 7.54979e-08 184 117 70 255
-0.54099274 2.2747692e-08 0.3013023 0 -1 7.54979e-08 164 105 62 255
-0.52099276 2.2747692e-08 0.3013023 0 -1 7.54979e-08 138 90 51 255
-0.5009927 2.2747692e-08 0.3013023 0 -1 7.54979e-08 149 94 54 255
-0.48099273 2.2747692e-08 0.3013023 0 -1 7.54979e-08 149 94 54 255
-0.46099275 2.2747692e-08 0.3013023 0 -1 7.54979e-08 139 88 50 255
-0.4409927 2.2747692e-08 0.3013023 0 -1 7.54979e-08 129 82 47 255
-0.42099273 2.2747692e-08 0.3013023 0 -1 7.54979e-08 129 82 47 255
-0.40099275 2.2747692e-08 0.3013023 0 -1 7.54979e-08 162 104 61 255
-0.3809927 2.2747692e-08 0.3013023 0 -1 7.54979e-08 124 80 44 255
-0.36099273 2.2747692e-08 0.3013023 0 -1 7.54979e-08 101 66 34 255
-0.34099275 2.2747692e-08 0.3013023 0 -1 7.54979e-08 90 62 31 255
-0.3209927 2.2747692e-08 0.3013023 0 -1 7.54979e-08 69 50 23 255
-0.30099273 2.2747692e-08 0.3013023 0 -1 7.54979e-08 58 42 19 255
-0.28099275 2.2747692e-08 0.3013023 0 -1 7.54979e-08 40 32 12 255
-0.26099277 2.2747692e-08 0.3013023 0 -1 7.54979e-08 52 40 17 255
-0.24099272 2.2747692e-08 0.3013023 0 -1 7.54979e-08 39 31 11 255
-0.22099274 2.2747692e-08 0.3013023 0 -1 7.54979e-08 23 25 7 255
-0.20099276 2.2747692e-08 0.3013023 0 -1 7.54979e-08 39 31 11 255
-0.18099272 2.2747692e-08 0.3013023 0 -1 7.54979e-08 49 37 15 255
-0.16099274 2.2747692e-08 0.3013023 0 -1 7.54979e-08 57 42 18 255
-0.14099276 2.2747692e-08 0.3013023 0 -1 7.54979e-08 49 37 15 255
-0.12099272 2.2747692e-08 0.3013023 0 -1 7.54979e-08 58 42 19 255
-0.10099274 2.2747692e-08 0.3013023 0 -1 7.54979e-08 47 39 15 255
-0.08099276 2.2747692e-08 0.3013023 0 -1 7.54979e-08 47 39 15 255
-0.060992718 2.2747692e-08 0.3013023 0 -1 7.54979e-08 59 45 19 255
-0.040992737 2.2747692e-08 0.3013023 0 -1 7.54979e-08 59 43 19 255
-0.020992756 2.2747692e-08 0.3013023 0 -1 7.54979e-08 43 35 13 255
-0.000992775 2.2747692e-08 0.3013023 0 -1 7.54979e-08 46 35 17 255
0.019007206 2.2747692e-08 0.3013023 0 -1 7.54979e-08 75 47 47 255
0.039007306 2.2747692e-08 0.3013023 0 -1 7.54979e-08 0 0 0 255
0.059007287 2.2747692e-08 0.3013023 0 -1 7.54979e-08 0 0 0 255
0.07900727 2.2747692e-08 0.3013023 0 -1 7.54979e-08 0 0 0 255
0.09900725 2.2747692e-08 0.3013023 0 -1 7.54979e-08 0 0 0 255
0.11900723 2.2747692e-08 0.3013023 0 -1 7.54979e-08 0 0 0 255
0.13900721 2.2747692e-08 0.3013023 0 -1 7.54979e-08 0 0 0 255
0.15900731 2.2747692e-08 0.3013023 0 -1 7.54979e-08 0 0 0 255
0.17900729 2.2747692e-08 0.3013023 0 -1 7.54979e-08 0 0 0 255
0.19900727 2.2747692e-08 0.3013023 0 -1 7.54979e-08 0 0 0 255
0.21900725 2.2747692e-08 0.3013023 0 -1 7.54979e-08 0 0 0 255
0.23900723 2.2747692e-08 0.3013023 0 -1 7.54979e-08 0 0 0 255
0.25900722 2.2747692e-08 0.3013023 0 -1 7.54979e-08 0 0 0 255
0.2790072 2.2747692e-08 0.3013023 0 -1 7.54979e-08 0 0 0 255
0.2990073 2.2747692e-08 0.3013023 0 -1 7.54979e-08 0 0 0 255
0.31900728 2.2747692e-08 0.3013023 0 -1 7.54979e-08 0 0 0 255
0.33900726 2.2747692e-08 0.3013023 0 -1 7.54979e-08 0 0 0 255
0.35900724 2.2747692e-08 0.3013023 0 -1 7.54979e-08 0 0 0 255
0.37900722 2.2747692e-08 0.3013023 0 -1 7.54979e-08 0 0 0 255
0.3990072 2.2747692e-08 0.3013023 0 -1 7.54979e-08 0 0 0 255
0.4190073 2.2747692e-08 0.3013023 0 -1 7.54979e-08 0 0 0 255
0.43900728 2.2747692e-08 0.3013023 0 -1 7.54979e-08 0 0 0 255
0.45900726 2.2747692e-08 0.3013023 0 -1 7.54979e-08 0 0 0 255
0.47900724 2.2747692e-08 0.3013023 0 -1 7.54979e-08 0 0 0 255
0.49900723 2.2747692e-08 0.3013023 0 -1 7.54979e-08 18 11 3 255
0.5190072 2.2747692e-08 0.3013023 0 -1 7.54979e-08 0 0 0 255
0.5390072 2.2747692e-08 0.3013023 0 -1 7.54979e-08 58 57 57 255
0.5590073 2.2747692e-08 0.3013023 0 -1 7.54979e-08 74 74 74 255
0.57900727 2.2747692e-08 0.3013023 0 -1 7.54979e-08 70 70 70 255
0.59900725 2.2747692e-08 0.3013023 0 -1 7.54979e-08 74 74 74 255
0.61900723 2.2747692e-08 0.3013023 0 -1 7.54979e-08 74 74 74 255
0.6390072 2.2747692e-08 0.3013023 0 -1 7.54979e-08 74 74 74 255
0.6590072 2.2747692e-08 0.3013023 0 -1 7.54979e-08 74 74 74 255
0.6790073 2.2747692e-08 0.3013023 0 -1 7.54979e-08 74 74 74 255
0.6990073 2.2747692e-08 0.3013023 0 -1 7.54979e-08 78 78 78 255
0.71900725 2.2747692e-08 0.3013023 0 -1 7.54979e-08 92 92 92 255
0.73900723 2.2747692e-08 0.3013023 0 -1 7.54979e-08 78 78 78 255
0.7590072 2.2747692e-08 0.3013023 0 -1 7.54979e-08 81 81 81 255
0.7790072 2.2747692e-08 0.3013023 0 -1 7.54979e-08 88 88 88 255
0.7990073 2.2747692e-08 0.3013023 0 -1 7.54979e-08 101 101 101 255
0.8190073 2.2747692e-08 0.3013023 0 -1 7.54979e-08 39 39 39 255
0.83900726 2.2747692e-08 0.3013023 0 -1 7.54979e-08 0 0 0 255
-0.8809927 2.4257654e-08 0.32130235 0 -1 7.54979e-08 98 62 40 255
-0.8609927 2.4257654e-08 0.32130235 0 -1 7.54979e-08 221 147 99 255
-0.8409927 2.4257654e-08 0.32130235 0 -1 7.54979e-08 239 164 117 255
-0.8209927 2.4257654e-08 0.32130235 0 -1 7.54979e-08 247 179 139 255
-0.8009927 2.4257654e-08 0.32130235 0 -1 7.54979e-08 247 180 141 255
-0.78099275 2.4257654e-08 0.32130235 0 -1 7.54979e-08 247 180 141 255
-0.76099277 2.4257654e-08 0.32130235 0 -1 7.54979e-08 247 180 141 255
-0.7409927 2.4257654e-08 0.32130235 0 -1 7.54979e-08 247 180 141 255
-0.7209927 2.4257654e-08 0.32130235 0 -1 7.54979e-08 247 180 141 255
-0.7009927 2.4257654e-08 0.32130235 0 -1 7.54979e-08 245 173 128 255
-0.6809927 2.4257654e-08 0.32130235 0 -1 7.54979e-08 232 157 110 255
-0.66099274 2.4257654e-08 0.32130235 0 -1 7.54979e-08 230 155 108 255
-0.64099276 2.4257654e-08 0.32130235 0 -1 7.54979e-08 220 145 98 255
-0.6209927 2.4257654e-08 0.32130235 0 -1 7.54979e-08 208 133 86 255
-0.60099274 2.4257654e-08 0.32130235 0 -1 7.54979e-08 193 122 74 255
-0.5809927 2.4257654e-08 0.32130235 0 -1 7.54979e-08 190 119 72 255
-0.5609927 2.4257654e-08 0.32130235 0 -1 7.54979e-08 198 123 76 255
-0.54099274 2.4257654e-08 0.32130235 0 -1 7.54979e-08 186 117 70 255
-0.52099276 2.4257654e-08 0.32130235 0 -1 7.54979e-08 157 100 59 255
-0.5009927 2.4257654e-08 0.32130235 0 -1 7.54979e-08 149 94 54 255
-0.48099273 2.4257654e-08 0.32130235 0 -1 7.54979e-08 143 92 53 255
-0.46099275 2.4257654e-08 0.32130235 0 -1 7.54979e-08 149 94 54 255
-0.4409927 2.4257654e-08 0.32130235 0 -1 7.54979e-08 140 88 51 255
-0.42099273 2.4257654e-08 0.32130235 0 -1 7.54979e-08 137 87 50 255
-0.40099275 2.4257654e-08 0.32130235 0 -1 7.54979e-08 156 99 58 255
-0.3809927 2.4257654e-08 0.32130235 0 -1 7.54979e-08 145 93 53 255
-0.36099273 2.4257654e-08 0.32130235 0 -1 7.54979e-08 125 80 45 255
-0.34099275 2.4257654e-08 0.32130235 0 -1 7.54979e-08 104 68 36 255
-0.3209927 2.4257654e-08 0.32130235 0 -1 7.54979e-08 90 62 31 255
-0.30099273 2.4257654e-08 0.32130235 0 -1 7.54979e-08 73 52 24 255
-0.28099275 2.4257654e-08 0.32130235 0 -1 7.54979e-08 58 43 19 255
-0.26099277 2.4257654e-08 0.32130235 0 -1 7.54979e-08 58 43 19 255
-0.24099272 2.4257654e-08 0.32130235 0 -1 7.54979e-08 58 43 19 255
-0.22099274 2.4257654e-08 0.32130235 0 -1 7.54979e-08 49 37 15 255
-0.20099276 2.4257654e-08 0.32130235 0 -1 7.54979e-08 24 25 7 255
-0.18099272 2.4257654e-08 0.32130235 0 -1 7.54979e-08 30 28 9 255
-0.16099274 2.4257654e-08 0.32130235 0 -1 7.54979e-08 48 36 15 255
-0.14099276 2.4257654e-08 0.32130235 0 -1 7.54979e-08 48 37 15 255
-0.12099272 2.4257654e-08 0.32130235 0 -1 7.54979e-08 58 43 19 255
-0.10099274 2.4257654e-08 0.32130235 0 -1 7.54979e-08 52 41 17 255
-0.08099276 2.4257654e-08 0.32130235 0 -1 7.54979e-08 47 39 15 255
-0.060992718 2.4257654e-08 0.32130235 0 -1 7.54979e-08 44 37 14 255
-0.040992737 2.4257654e-08 0.32130235 0 -1 7.54979e-08 52 41 17 255
-0.020992756 2.4257654e-08 0.32130235 0 -1 7.54979e-08 61 46 20 255
-0.000992775 2.4257654e-08 0.32130235 0 -1 7.54979e-08 43 35 13 255
0.019007206 2.4257654e-08 0.32130235 0 -1 7.54979e-08 19 15 5 255
0.039007306 2.4257654e-08 0.32130235 0 -1 7.54979e-08 0 0 0 255
0.059007287 2.4257654e-08 0.32130235 0 -1 7.54979e-08 0 0 0 255
0.07900727 2.4257654e-08 0.32130235 0 -1 7.54979e-08 0 0 0 255
0.09900725 2.4257654e-08 0.32130235 0 -1 7.54979e-08 0 0 0 255
0.11900723 2.4257654e-08 0.32130235 0 -1 7.54979e-08 0 0 0 255
0.13900721 2.4257654e-08 0.32130235 0 -1 7.54979e-08 0 0 0 255
0.15900731 2.4257654e-08 0.32130235 0 -1 7.54979e-08 0 0 0 255
0.17900729 2.4257654e-08 0.32130235 0 -1 7.54979e-08 0 0 0 255
0.19900727 2.4257654e-08 0.32130235 0 -1 7.54979e-08 0 0 0 255
0.21900725 2.4257654e-08 0.32130235 0 -1 7.54979e-08 0 0 0 255
0.23900723 2.4257654e-08 0.32130235 0 -1 7.54979e-08 0 0 0 255
0.25900722 2.4257654e-08 0.32130235 0 -1 7.54979e-08 0 0 0 255
0.2790072 2.4257654e-08 0.32130235 0 -1 7.54979e-08 0 0 0 255
0.2990073 2.4257654e-08 0.32130235 0 -1 7.54979e-08 0 0 0 255
0.31900728 2.4257654e-08 0.32130235 0 -1 7.54979e-08 0 0 0 255
0.33900726 2.4257654e-08 0.32130235 0 -1 7.54979e-08 0 0 0 255
0.35900724 2.4257654e-08 0.32130235 0 -1 7.54979e-08 0 0 0 255
0.37900722 2.4257654e-08 0.32130235 0 -1 7.54979e-08 0 0 0 255
0.3990072 2.4257654e-08 0.32130235 0 -1 7.54979e-08 0 0 0 255
0.4190073 2.4257654e-08 0.32130235 0 -1 7.54979e-08 0 0 0 255
0.43900728 2.4257654e-08 0.32130235 0 -1 7.54979e-08 0 0 0 255
0.45900726 2.4257654e-08 0.32130235 0 -1 7.54979e-08 0 0 0 255
0.47900724 2.4257654e-08 0.32130235 0 -1 7.54979e-08 0 0 0 255
0.49900723 2.4257654e-08 0.32130235 0 -1 7.54979e-08 13 15 3 255
0.5190072 2.4257654e-08 0.32130235 0 -1 7.54979e-08 20 16 6 255
0.5390072 2.4257654e-08 0.32130235 0 -1 7.54979e-08 62 62 62 255
0.5590073 2.4257654e-08 0.32130235 0 -1 7.54979e-08 66 66 66 255
0.57900727 2.4257654e-08 0.32130235 0 -1 7.54979e-08 74 74 74 255
0.59900725 2.4257654e-08 0.32130235 0 -1 7.54979e-08 70 70 70 255
0.61900723 2.4257654e-08 0.32130235 0 -1 7.54979e-08 76 76 76 255
0.6390072 2.4257654e-08 0.32130235 0 -1 7.54979e-08 74 74 74 255
0.6590072 2.4257654e-08 0.32130235 0 -1 7.54979e-08 78 78 78 255
0.6790073 2.4257654e-08 0.32130235 0 -1 7.54979e-08 82 82 82 255
0.6990073 2.4257654e-08 0.32130235 0 -1 7.54979e-08 78 78 78 255
0.71900725 2.4257654e-08 0.32130235 0 -1 7.54979e-08 78 78 78 255
0.73900723 2.4257654e-08 0.32130235 0 -1 7.54979e-08 80 80 80 255
0.7590072 2.4257654e-08 0.32130235 0 -1 7.54979e-08 74 74 74 255
0.7790072 2.4257654e-08 0.32130235 0 -1 7.54979e-08 93 93 93 255
0.7990073 2.4257654e-08 0.32130235 0 -1 7.54979e-08 93 93 93 255
0.8190073 2.4257654e-08 0.32130235 0 -1 7.54979e-08 34 34 34 255
-0.8609927 2.576761e-08 0.34130234 0 -1 7.54979e-08 91 58 37 255
-0.8409927 2.576761e-08 0.34130234 0 -1 7.54979e-08 197 131 89 255
-0.8209927 2.576761e-08 0.34130234 0 -1 7.54979e-08 238 163 116 255
-0.8009927 2.576761e-08 0.34130234 0 -1 7.54979e-08 247 183 146 255
-0.78099275 2.576761e-08 0.34130234 0 -1 7.54979e-08 247 181 141 255
-0.76099277 2.576761e-08 0.34130234 0 -1 7.54979e-08 247 180 141 255
-0.7409927 2.576761e-08 0.34130234 0 -1 7.54979e-08 247 180 141 255
-0.7209927 2.576761e-08 0.34130234 0 -1 7.54979e-08 247 180 141 255
-0.7009927 2.576761e-08 0.34130234 0 -1 7.54979e-08 247 177 134 255
-0.6809927 2.576761e-08 0.34130234 0 -1 7.54979e-08 240 166 118 255
-0.66099274 2.576761e-08 0.34130234 0 -1 7.54979e-08 232 158 110 255
-0.64099276 2.576761e-08 0.34130234 0 -1 7.54979e-08 232 157 110 255
-0.6209927 2.576761e-08 0.34130234 0 -1 7.54979e-08 225 150 103 255
-0.60099274 2.576761e-08 0.34130234 0 -1 7.54979e-08 217 142 95 255
-0.5809927 2.576761e-08 0.34130234 0 -1 7.54979e-08 205 131 83 255
-0.5609927 2.576761e-08 0.34130234 0 -1 7.54979e-08 198 124 77 255
-0.54099274 2.576761e-08 0.34130234 0 -1 7.54979e-08 186 118 71 255
-0.52099276 2.576761e-08 0.34130234 0 -1 7.54979e-08 174 110 67 255
-0.5009927 2.576761e-08 0.34130234 0 -1 7.54979e-08 161 104 61 255
-0.48099273 2.576761e-08 0.34130234 0 -1 7.54979e-08 149 94 54 255
-0.46099275 2.576761e-08 0.34130234 0 -1 7.54979e-08 161 104 61 255
-0.4409927 2.576761e-08 0.34130234 0 -1 7.54979e-08 151 95 55 255
-0.42099273 2.576761e-08 0.34130234 0 -1 7.54979e-08 149 94 54 255
-0.40099275 2.576761e-08 0.34130234 0 -1 7.54979e-08 156 101 58 255
-0.3809927 2.576761e-08 0.34130234 0 -1 7.54979e-08 156 99 58 255
-0.36099273 2.576761e-08 0.34130234 0 -1 7.54979e-08 163 104 61 255
-0.34099275 2.576761e-08 0.34130234 0 -1 7.54979e-08 165 106 63 255
-0.3209927 2.576761e-08 0.34130234 0 -1 7.54979e-08 133 85 48 255
-0.30099273 2.576761e-08 0.34130234 0 -1 7.54979e-08 79 56 27 255
-0.28099275 2.576761e-08 0.34130234 0 -1 7.54979e-08 62 45 20 255
-0.26099277 2.576761e-08 0.34130234 0 -1 7.54979e-08 58 43 19 255
-0.24099272 2.576761e-08 0.34130234 0 -1 7.54979e-08 58 43 19 255
-0.22099274 2.576761e-08 0.34130234 0 -1 7.54979e-08 58 43 19 255
-0.20099276 2.576761e-08 0.34130234 0 -1 7.54979e-08 58 43 19 255
-0.18099272 2.576761e-08 0.34130234 0 -1 7.54979e-08 37 30 11 255
-0.16099274 2.576761e-08 0.34130234 0 -1 7.54979e-08 39 31 11 255
-0.14099276 2.576761e-08 0.34130234 0 -1 7.54979e-08 47 36 15 255
-0.12099272 2.576761e-08 0.34130234 0 -1 7.54979e-08 41 32 12 255
-0.10099274 2.576761e-08 0.34130234 0 -1 7.54979e-08 57 42 18 255
-0.08099276 2.576761e-08 0.34130234 0 -1 7.54979e-08 48 39 16 255
-0.060992718 2.576761e-08 0.34130234 0 -1 7.54979e-08 47 39 15 255
-0.040992737 2.576761e-08 0.34130234 0 -1 7.54979e-08 46 38 15 255
-0.020992756 2.576761e-08 0.34130234 0 -1 7.54979e-08 64 46 21 255
-0.000992775 2.576761e-08 0.34130234 0 -1 7.54979e-08 64 47 23 255
0.019007206 2.576761e-08 0.34130234 0 -1 7.54979e-08 19 15 5 255
0.039007306 2.576761e-08 0.34130234 0 -1 7.54979e-08 0 0 0 255
0.059007287 2.576761e-08 0.34130234 0 -1 7.54979e-08 0 0 0 255
0.07900727 2.576761e-08 0.34130234 0 -1 7.54979e-08 0 0 0 255
0.09900725 2.576761e-08 0.34130234 0 -1 7.54979e-08 0 0 0 255
0.11900723 2.576761e-08 0.34130234 0 -1 7.54979e-08 0 0 0 255
0.13900721 2.576761e-08 0.34130234 0 -1 7.54979e-08 0 0 0 255
0.15900731 2.576761e-08 0.34130234 0 -1 7.54979e-08 0 0 0 255
0.17900729 2.576761e-08 0.34130234 0 -1 7.54979e-08 0 0 0 255
0.19900727 2.576761e-08 0.34130234 0 -1 7.54979e-08 0 0 0 255
0.21900725 2.576761e-08 0.34130234 0 -1 7.54979e-08 0 0 0 255
0.23900723 2.576761e-08 0.34130234 0 -1 7.54979e-08 0 0 0 255
0.25900722 2.576761e-08 0.34130234 0 -1 7.54979e-08 0 0 0 255
0.2790072 2.576761e-08 0.34130234 0 -1 7.54979e-08 0 0 0 255
0.2990073 2.576761e-08 0.34130234 0 -1 7.54979e-08 0 0 0 255
0.31900728 2.576761e-08 0.34130234 0 -1 7.54979e-08 0 0 0 255
0.33900726 2.576761e-08 0.34130234 0 -1 7.54979e-08 0 0 0 255
0.35900724 2.576761e-08 0.34130234 0 -1 7.54979e-08 0 0 0 255
0.37900722 2.576761e-08 0.34130234 0 -1 7.54979e-08 0 0 0 255
0.3990072 2.576761e-08 0.34130234 0 -1 7.54979e-08 0 0 0 255
0.4190073 2.576761e-08 0.34130234 0 -1 7.54979e-08 0 0 0 255
0.43900728 2.576761e-08 0.34130234 0 -1 7.54979e-08 0 0 0 255
0.45900726 2.576761e-08 0.34130234 0 -1 7.54979e-08 0 0 0 255
0.47900724 2.576761e-08 0.34130234 0 -1 7.54979e-08 0 0 0 255
0.49900723 2.576761e-08 0.34130234 0 -1 7.54979e-08 4 10 2 255
0.5190072 2.576761e-08 0.34130234 0 -1 7.54979e-08 31 31 31 255
0.5390072 2.576761e-08 0.34130234 0 -1 7.54979e-08 65 65 65 255
0.5590073 2.576761e-08 0.34130234 0 -1 7.54979e-08 67 67 67 255
0.57900727 2.576761e-08 0.34130234 0 -1 7.54979e-08 70 70 70 255
0.59900725 2.576761e-08 0.34130234 0 -1 7.54979e-08 74 74 74 255
0.61900723 2.576761e-08 0.34130234 0 -1 7.54979e-08 74 74 74 255
0.6390072 2.576761e-08 0.34130234 0 -1 7.54979e-08 67 67 67 255
0.6590072 2.576761e-08 0.34130234 0 -1 7.54979e-08 74 74 74 255
0.6790073 2.576761e-08 0.34130234 0 -1 7.54979e-08 81 81 81 255
0.6990073 2.576761e-08 0.34130234 0 -1 7.54979e-08 81 81 81 255
0.71900725 2.576761e-08 0.34130234 0 -1 7.54979e-08 75 75 75 255
0.73900723 2.576761e-08 0.34130234 0 -1 7.54979e-08 82 82 82 255
0.7590072 2.576761e-08 0.34130234 0 -1 7.54979e-08 81 81 81 255
0.7790072 2.576761e-08 0.34130234 0 -1 7.54979e-08 105 105 105 255
0.7990073 2.576761e-08 0.34130234 0 -1 7.54979e-08 73 73 73 255
0.8190073 2.576761e-08 0.34130234 0 -1 7.54979e-08 0 0 0 255
-0.8209927 2.7277567e-08 0.36130232 0 -1 7.54979e-08 145 97 67 255
-0.8009927 2.7277567e-08 0.36130232 0 -1 7.54979e-08 236 161 114 255
-0.78099275 2.7277567e-08 0.36130232 0 -1 7.54979e-08 247 180 139 255
-0.76099277 2.7277567e-08 0.36130232 0 -1 7.54979e-08 247 183 147 255
-0.7409927 2.7277567e-08 0.36130232 0 -1 7.54979e-08 247 180 141 255
-0.7209927 2.7277567e-08 0.36130232 0 -1 7.54979e-08 247 180 141 255
-0.7009927 2.7277567e-08 0.36130232 0 -1 7.54979e-08 247 180 141 255
-0.6809927 2.7277567e-08 0.36130232 0 -1 7.54979e-08 247 178 136 255
-0.66099274 2.7277567e-08 0.36130232 0 -1 7.54979e-08 242 170 126 255
-0.64099276 2.7277567e-08 0.36130232 0 -1 7.54979e-08 237 162 115 255
-0.6209927 2.7277567e-08 0.36130232 0 -1 7.54979e-08 232 157 110 255
-0.60099274 2.7277567e-08 0.36130232 0 -1 7.54979e-08 229 154 107 255
-0.5809927 2.7277567e-08 0.36130232 0 -1 7.54979e-08 224 149 102 255
-0.5609927 2.7277567e-08 0.36130232 0 -1 7.54979e-08 201 129 81 255
-0.54099274 2.7277567e-08 0.36130232 0 -1 7.54979e-08 205 130 83 255
-0.52099276 2.7277567e-08 0.36130232 0 -1 7.54979e-08 184 117 70 255
-0.5009927 2.7277567e-08 0.36130232 0 -1 7.54979e-08 179 114 68 255
-0.48099273 2.7277567e-08 0.36130232 0 -1 7.54979e-08 160 102 60 255
-0.46099275 2.7277567e-08 0.36130232 0 -1 7.54979e-08 165 106 62 255
-0.4409927 2.7277567e-08 0.36130232 0 -1 7.54979e-08 165 106 62 255
-0.42099273 2.7277567e-08 0.36130232 0 -1 7.54979e-08 154 98 57 255
-0.40099275 2.7277567e-08 0.36130232 0 -1 7.54979e-08 149 94 54 255
-0.3809927 2.7277567e-08 0.36130232 0 -1 7.54979e-08 150 95 55 255
-0.36099273 2.7277567e-08 0.36130232 0 -1 7.54979e-08 149 94 54 255
-0.34099275 2.7277567e-08 0.36130232 0 -1 7.54979e-08 167 106 63 255
-0.3209927 2.7277567e-08 0.36130232 0 -1 7.54979e-08 179 114 68 255
-0.30099273 2.7277567e-08 0.36130232 0 -1 7.54979e-08 112 75 40 255
-0.28099275 2.7277567e-08 0.36130232 0 -1 7.54979e-08 67 48 22 255
-0.26099277 2.7277567e-08 0.36130232 0 -1 7.54979e-08 58 43 19 255
-0.24099272 2.7277567e-08 0.36130232 0 -1 7.54979e-08 58 43 19 255
-0.22099274 2.7277567e-08 0.36130232 0 -1 7.54979e-08 58 43 19 255
-0.20099276 2.7277567e-08 0.36130232 0 -1 7.54979e-08 58 43 19 255
-0.18099272 2.7277567e-08 0.36130232 0 -1 7.54979e-08 41 33 13 255
-0.16099274 2.7277567e-08 0.36130232 0 -1 7.54979e-08 16 22 6 255
-0.14099276 2.7277567e-08 0.36130232 0 -1 7.54979e-08 39 31 11 255
-0.12099272 2.7277567e-08 0.36130232 0 -1 7.54979e-08 44 34 13 255
-0.10099274 2.7277567e-08 0.36130232 0 -1 7.54979e-08 48 37 15 255
-0.08099276 2.7277567e-08 0.36130232 0 -1 7.54979e-08 58 43 19 255
-0.060992718 2.7277567e-08 0.36130232 0 -1 7.54979e-08 47 39 15 255
-0.040992737 2.7277567e-08 0.36130232 0 -1 7.54979e-08 44 36 14 255
-0.020992756 2.7277567e-08 0.36130232 0 -1 7.54979e-08 44 35 13 255
-0.000992775 2.7277567e-08 0.36130232 0 -1 7.54979e-08 23 23 23 255
0.019007206 2.7277567e-08 0.36130232 0 -1 7.54979e-08 5 4 1 255
0.039007306 2.7277567e-08 0.36130232 0 -1 7.54979e-08 0 0 0 255
0.059007287 2.7277567e-08 0.36130232 0 -1 7.54979e-08 0 0 0 255
0.07900727 2.7277567e-08 0.36130232 0 -1 7.54979e-08 0 0 0 255
0.09900725 2.7277567e-08 0.36130232 0 -1 7.54979e-08 0 0 0 255
0.11900723 2.7277567e-08 0.36130232 0 -1 7.54979e-08 0 0 0 255
0.13900721 2.7277567e-08 0.36130232 0 -1 7.54979e-08 0 0 0 255
0.15900731 2.7277567e-08 0.36130232 0 -1 7.54979e-08 0 0 0 255
0.17900729 2.7277567e-08 0.36130232 0 -1 7.54979e-08 0 0 0 255
0.19900727 2.7277567e-08 0.36130232 0 -1 7.54979e-08 0 0 0 255
0.21900725 2.7277567e-08 0.36130232 0 -1 7.54979e-08 0 0 0 255
0.23900723 2.7277567e-08 0.36130232 0 -1 7.54979e-08 0 0 0 255
0.25900722 2.7277567e-08 0.36130232 0 -1 7.54979e-08 0 0 0 255
0.2790072 2.7277567e-08 0.36130232 0 -1 7.54979e-08 0 0 0 255
0.2990073 2.7277567e-08 0.36130232 0 -1 7.54979e-08 0 0 0 255
0.31900728 2.7277567e-08 0.36130232 0 -1 7.54979e-08 0 0 0 255
0.33900726 2.7277567e-08 0.36130232 0 -1 7.54979e-08 0 0 0 255
0.35900724 2.7277567e-08 0.36130232 0 -1 7.54979e-08 0 0 0 255
0.37900722 2.7277567e-08 0.36130232 0 -1 7.54979e-08 0 0 0 255
0.3990072 2.7277567e-08 0.36130232 0 -1 7.54979e-08 0 0 0 255
0.4190073 2.7277567e-08 0.36130232 0 -1 7.54979e-08 0 0 0 255
0.43900728 2.7277567e-08 0.36130232 0 -1 7.54979e-08 0 0 0 255
0.45900726 2.7277567e-08 0.36130232 0 -1 7.54979e-08 0 0 0 255
0.47900724 2.7277567e-08 0.36130232 0 -1 7.54979e-08 0 0 0 255
0.49900723 2.7277567e-08 0.36130232 0 -1 7.54979e-08 4 12 2 255
0.5190072 2.7277567e-08 0.36130232 0 -1 7.54979e-08 46 46 46 255
0.5390072 2.7277567e-08 0.36130232 0 -1 7.54979e-08 67 67 67 255
0.5590073 2.7277567e-08 0.36130232 0 -1 7.54979e-08 68 68 68 255
0.57900727 2.7277567e-08 0.36130232 0 -1 7.54979e-08 70 70 70 255
0.59900725 2.7277567e-08 0.36130232 0 -1 7.54979e-08 74 74 74 255
0.61900723 2.7277567e-08 0.36130232 0 -1 7.54979e-08 74 74 74 255
0.6390072 2.7277567e-08 0.36130232 0 -1 7.54979e-08 74 74 74 255
0.6590072 2.7277567e-08 0.36130232 0 -1 7.54979e-08 74 74 74 255
0.6790073 2.7277567e-08 0.36130232 0 -1 7.54979e-08 74 74 74 255
0.6990073 2.7277567e-08 0.36130232 0 -1 7.54979e-08 77 77 77 255
0.71900725 2.7277567e-08 0.36130232 0 -1 7.54979e-08 76 76 76 255
0.73900723 2.7277567e-08 0.36130232 0 -1 7.54979e-08 82 82 82 255
0.7590072 2.7277567e-08 0.36130232 0 -1 7.54979e-08 74 74 74 255
0.7790072 2.7277567e-08 0.36130232 0 -1 7.54979e-08 81 81 81 255
0.7990073 2.7277567e-08 0.36130232 0 -1 7.54979e-08 62 62 62 255
0.8190073 2.7277567e-08 0.36130232 0 -1 7.54979e-08 0 0 0 255
-0.8009927 2.8787523e-08 0.3813023 0 -1 7.54979e-08 156 104 71 255
-0.78099275 2.8787523e-08 0.3813023 0 -1 7.54979e-08 236 161 114 255
-0.76099277 2.8787523e-08 0.3813023 0 -1 7.54979e-08 247 182 143 255
-0.7409927 2.8787523e-08 0.3813023 0 -1 7.54979e-08 245 179 140 255
-0.7209927 2.8787523e-08 0.3813023 0 -1 7.54979e-08 247 180 141 255
-0.7009927 2.8787523e-08 0.3813023 0 -1 7.54979e-08 247 180 141 255
-0.6809927 2.8787523e-08 0.3813023 0 -1 7.54979e-08 247 180 141 255
-0.66099274 2.8787523e-08 0.3813023 0 -1 7.54979e-08 247 176 133 255
-0.64099276 2.8787523e-08 0.3813023 0 -1 7.54979e-08 247 172 125 255
-0.6209927 2.8787523e-08 0.3813023 0 -1 7.54979e-08 238 163 116 255
-0.60099274 2.8787523e-08 0.3813023 0 -1 7.54979e-08 232 157 110 255
-0.5809927 2.8787523e-08 0.3813023 0 -1 7.54979e-08 232 157 110 255
-0.5609927 2.8787523e-08 0.3813023 0 -1 7.54979e-08 205 130 83 255
-0.54099274 2.8787523e-08 0.3813023 0 -1 7.54979e-08 202 130 83 255
-0.52099276 2.8787523e-08 0.3813023 0 -1 7.54979e-08 193 120 73 255
-0.5009927 2.8787523e-08 0.3813023 0 -1 7.54979e-08 188 119 72 255
-0.48099273 2.8787523e-08 0.3813023 0 -1 7.54979e-08 184 117 70 255
-0.46099275 2.8787523e-08 0.3813023 0 -1 7.54979e-08 165 106 62 255
-0.4409927 2.8787523e-08 0.3813023 0 -1 7.54979e-08 165 106 62 255
-0.42099273 2.8787523e-08 0.3813023 0 -1 7.54979e-08 157 100 58 255
-0.40099275 2.8787523e-08 0.3813023 0 -1 7.54979e-08 149 94 54 255
-0.3809927 2.8787523e-08 0.3813023 0 -1 7.54979e-08 147 93 54 255
-0.36099273 2.8787523e-08 0.3813023 0 -1 7.54979e-08 154 99 57 255
-0.34099275 2.8787523e-08 0.3813023 0 -1 7.54979e-08 146 94 54 255
-0.3209927 2.8787523e-08 0.3813023 0 -1 7.54979e-08 137 90 50 255
-0.30099273 2.8787523e-08 0.3813023 0 -1 7.54979e-08 158 102 59 255
-0.28099275 2.8787523e-08 0.3813023 0 -1 7.54979e-08 77 53 26 255
-0.26099277 2.8787523e-08 0.3813023 0 -1 7.54979e-08 65 48 21 255
-0.24099272 2.8787523e-08 0.3813023 0 -1 7.54979e-08 55 41 18 255
-0.22099274 2.8787523e-08 0.3813023 0 -1 7.54979e-08 58 43 19 255
-0.20099276 2.8787523e-08 0.3813023 0 -1 7.54979e-08 50 40 16 255
-0.18099272 2.8787523e-08 0.3813023 0 -1 7.54979e-08 43 35 13 255
-0.16099274 2.8787523e-08 0.3813023 0 -1 7.54979e-08 41 33 12 255
-0.14099276 2.8787523e-08 0.3813023 0 -1 7.54979e-08 12 21 5 255
-0.12099272 2.8787523e-08 0.3813023 0 -1 7.54979e-08 7 19 3 255
-0.10099274 2.8787523e-08 0.3813023 0 -1 7.54979e-08 39 31 11 255
-0.08099276 2.8787523e-08 0.3813023 0 -1 7.54979e-08 29 27 9 255
-0.060992718 2.8787523e-08 0.3813023 0 -1 7.54979e-08 41 34 12 255
-0.040992737 2.8787523e-08 0.3813023 0 -1 7.54979e-08 28 25 19 255
-0.020992756 2.8787523e-08 0.3813023 0 -1 7.54979e-08 3 3 3 255
-0.000992775 2.8787523e-08 0.3813023 0 -1 7.54979e-08 0 0 0 255
0.019007206 2.8787523e-08 0.3813023 0 -1 7.54979e-08 0 0 0 255
0.039007306 2.8787523e-08 0.3813023 0 -1 7.54979e-08 0 0 0 255
0.059007287 2.8787523e-08 0.3813023 0 -1 7.54979e-08 0 0 0 255
0.07900727 2.8787523e-08 0.3813023 0 -1 7.54979e-08 0 0 0 255
0.09900725 2.8787523e-08 0.3813023 0 -1 7.54979e-08 0 0 0 255
0.11900723 2.8787523e-08 0.3813023 0 -1 7.54979e-08 0 0 0 255
0.13900721 2.8787523e-08 0.3813023 0 -1 7.54979e-08 0 0 0 255
0.15900731 2.8787523e-08 0.3813023 0 -1 7.54979e-08 0 0 0 255
0.17900729 2.8787523e-08 0.3813023 0 -1 7.54979e-08 0 0 0 255
0.19900727 2.8787523e-08 0.3813023 0 -1 7.54979e-08 0 0 0 255
0.21900725 2.8787523e-08 0.3813023 0 -1 7.54979e-08 0 0 0 255
0.23900723 2.8787523e-08 0.3813023 0 -1 7.54979e-08 0 0 0 255
0.25900722 2.8787523e-08 0.3813023 0 -1 7.54979e-08 0 0 0 255
0.2790072 2.8787523e-08 0.3813023 0 -1 7.54979e-08 0 0 0 255
0.2990073 2.8787523e-08 0.3813023 0 -1 7.54979e-08 0 0 0 255
0.31900728 2.8787523e-08 0.3813023 0 -1 7.54979e-08 0 0 0 255
0.33900726 2.8787523e-08 0.3813023 0 -1 7.54979e-08 0 0 0 255
0.35900724 2.8787523e-08 0.3813023 0 -1 7.54979e-08 0 0 0 255
0.37900722 2.8787523e-08 0.3813023 0 -1 7.54979e-08 0 0 0 255
0.3990072 2.8787523e-08 0.3813023 0 -1 7.54979e-08 0 0 0 255
0.4190073 2.8787523e-08 0.3813023 0 -1 7.54979e-08 0 0 0 255
0.43900728 2.8787523e-08 0.3813023 0 -1 7.54979e-08 0 0 0 255
0.45900726 2.8787523e-08 0.3813023 0 -1 7.54979e-08 0 0 0 255
0.47900724 2.8787523e-08 0.3813023 0 -1 7.54979e-08 0 0 0 255
0.49900723 2.8787523e-08 0.3813023 0 -1 7.54979e-08 14 11 7 255
0.5190072 2.8787523e-08 0.3813023 0 -1 7.54979e-08 71 71 71 255
0.5390072 2.8787523e-08 0.3813023 0 -1 7.54979e-08 70 70 70 255
0.5590073 2.8787523e-08 0.3813023 0 -1 7.54979e-08 66 66 66 255
0.57900727 2.8787523e-08 0.3813023 0 -1 7.54979e-08 65 65 65 255
0.59900725 2.8787523e-08 0.3813023 0 -1 7.54979e-08 72 72 72 255
0.61900723 2.8787523e-08 0.3813023 0 -1 7.54979e-08 71 71 71 255
0.6390072 2.8787523e-08 0.3813023 0 -1 7.54979e-08 82 82 82 255
0.6590072 2.8787523e-08 0.3813023 0 -1 7.54979e-08 90 90 90 255
0.6790073 2.8787523e-08 0.3813023 0 -1 7.54979e-08 68 68 68 255
0.6990073 2.8787523e-08 0.3813023 0 -1 7.54979e-08 74 73 71 255
0.71900725 2.8787523e-08 0.3813023 0 -1 7.54979e-08 94 94 94 255
0.73900723 2.8787523e-08 0.3813023 0 -1 7.54979e-08 86 86 86 255
0.7590072 2.8787523e-08 0.3813023 0 -1 7.54979e-08 85 85 85 255
0.7790072 2.8787523e-08 0.3813023 0 -1 7.54979e-08 79 79 79 255
0.7990073 2.8787523e-08 0.3813023 0 -1 7.54979e-08 0 0 0 255
-0.78099275 3.029748e-08 0.40130228 0 -1 7.54979e-08 118 76 50 255
-0.76099277 3.029748e-08 0.40130228 0 -1 7.54979e-08 226 153 107 255
-0.7409927 3.029748e-08 0.40130228 0 -1 7.54979e-08 239 165 119 255
-0.7209927 3.029748e-08 0.40130228 0 -1 7.54979e-08 240 166 120 255
-0.7009927 3.029748e-08 0.40130228 0 -1 7.54979e-08 247 177 134 255
-0.6809927 3.029748e-08 0.40130228 0 -1 7.54979e-08 247 180 141 255
-0.66099274 3.029748e-08 0.40130228 0 -1 7.54979e-08 240 166 119 255
-0.64099276 3.029748e-08 0.40130228 0 -1 7.54979e-08 247 179 139 255
-0.6209927 3.029748e-08 0.40130228 0 -1 7.54979e-08 247 172 125 255
-0.60099274 3.029748e-08 0.40130228 0 -1 7.54979e-08 239 164 117 255
-0.5809927 3.029748e-08 0.40130228 0 -1 7.54979e-08 235 160 113 255
-0.5609927 3.029748e-08 0.40130228 0 -1 7.54979e-08 230 155 108 255
-0.54099274 3.029748e-08 0.40130228 0 -1 7.54979e-08 216 141 94 255
-0.52099276 3.029748e-08 0.40130228 0 -1 7.54979e-08 212 138 91 255
-0.5009927 3.029748e-08 0.40130228 0 -1 7.54979e-08 184 117 70 255
-0.48099273 3.029748e-08 0.40130228 0 -1 7.54979e-08 184 117 70 255
-0.46099275 3.029748e-08 0.40130228 0 -1 7.54979e-08 173 111 66 255
-0.4409927 3.029748e-08 0.40130228 0 -1 7.54979e-08 182 116 69 255
-0.42099273 3.029748e-08 0.40130228 0 -1 7.54979e-08 164 105 62 255
-0.40099275 3.029748e-08 0.40130228 0 -1 7.54979e-08 163 104 61 255
-0.3809927 3.029748e-08 0.40130228 0 -1 7.54979e-08 143 92 52 255
-0.36099273 3.029748e-08 0.40130228 0 -1 7.54979e-08 149 94 54 255
-0.34099275 3.029748e-08 0.40130228 0 -1 7.54979e-08 149 94 55 255
-0.3209927 3.029748e-08 0.40130228 0 -1 7.54979e-08 162 104 61 255
-0.30099273 3.029748e-08 0.40130228 0 -1 7.54979e-08 147 96 55 255
-0.28099275 3.029748e-08 0.40130228 0 -1 7.54979e-08 160 102 60 255
-0.26099277 3.029748e-08 0.40130228 0 -1 7.54979e-08 82 56 27 255
-0.24099272 3.029748e-08 0.40130228 0 -1 7.54979e-08 47 39 15 255
-0.22099274 3.029748e-08 0.40130228 0 -1 7.54979e-08 48 39 15 255
-0.20099276 3.029748e-08 0.40130228 0 -1 7.54979e-08 69 50 22 255
-0.18099272 3.029748e-08 0.40130228 0 -1 7.54979e-08 51 40 17 255
-0.16099274 3.029748e-08 0.40130228 0 -1 7.54979e-08 40 32 12 255
-0.14099276 3.029748e-08 0.40130228 0 -1 7.54979e-08 37 30 11 255
-0.12099272 3.029748e-08 0.40130228 0 -1 7.54979e-08 7 19 3 255
-0.10099274 3.029748e-08 0.40130228 0 -1 7.54979e-08 35 31 18 255
-0.08099276 3.029748e-08 0.40130228 0 -1 7.54979e-08 35 29 10 255
-0.060992718 3.029748e-08 0.40130228 0 -1 7.54979e-08 11 20 4 255
-0.040992737 3.029748e-08 0.40130228 0 -1 7.54979e-08 25 24 22 255
-0.020992756 3.029748e-08 0.40130228 0 -1 7.54979e-08 29 25 16 255
-0.000992775 3.029748e-08 0.40130228 0 -1 7.54979e-08 0 0 0 255
0.019007206 3.029748e-08 0.40130228 0 -1 7.54979e-08 0 0 0 255
0.039007306 3.029748e-08 0.40130228 0 -1 7.54979e-08 0 0 0 255
0.059007287 3.029748e-08 0.40130228 0 -1 7.54979e-08 0 0 0 255
0.07900727 3.029748e-08 0.40130228 0 -1 7.54979e-08 0 0 0 255
0.09900725 3.029748e-08 0.40130228 0 -1 7.54979e-08 0 0 0 255
0.11900723 3.029748e-08 0.40130228 0 -1 7.54979e-08 0 0 0 255
0.13900721 3.029748e-08 0.40130228 0 -1 7.54979e-08 0 0 0 255
0.15900731 3.029748e-08 0.40130228 0 -1 7.54979e-08 0 0 0 255
0.17900729 3.029748e-08 0.40130228 0 -1 7.54979e-08 0 0 0 255
0.19900727 3.029748e-08 0.40130228 0 -1 7.54979e-08 0 0 0 255
0.21900725 3.029748e-08 0.40130228 0 -1 7.54979e-08 0 0 0 255
0.23900723 3.029748e-08 0.40130228 0 -1 7.54979e-08 0 0 0 255
0.25900722 3.029748e-08 0.40130228 0 -1 7.54979e-08 0 0 0 255
0.2790072 3.029748e-08 0.40130228 0 -1 7.54979e-08 0 0 0 255
0.2990073 3.029748e-08 0.40130228 0 -1 7.54979e-08 0 0 0 255
0.31900728 3.029748e-08 0.40130228 0 -1 7.54979e-08 0 0 0 255
0.33900726 3.029748e-08 0.40130228 0 -1 7.54979e-08 0 0 0 255
0.35900724 3.029748e-08 0.40130228 0 -1 7.54979e-08 0 0 0 255
0.37900722 3.029748e-08 0.40130228 0 -1 7.54979e-08 0 0 0 255
0.3990072 3.029748e-08 0.40130228 0 -1 7.54979e-08 0 0 0 255
0.4190073 3.029748e-08 0.40130228 0 -1 7.54979e-08 0 0 0 255
0.43900728 3.029748e-08 0.40130228 0 -1 7.54979e-08 0 0 0 255
0.45900726 3.029748e-08 0.40130228 0 -1 7.54979e-08 0 0 0 255
0.47900724 3.029748e-08 0.40130228 0 -1 7.54979e-08 0 0 0 255
0.49900723 3.029748e-08 0.40130228 0 -1 7.54979e-08 24 24 24 255
0.5190072 3.029748e-08 0.40130228 0 -1 7.54979e-08 82 82 82 255
0.5390072 3.029748e-08 0.40130228 0 -1 7.54979e-08 67 67 67 255
0.5590073 3.029748e-08 0.40130228 0 -1 7.54979e-08 66 66 66 255
0.57900727 3.029748e-08 0.40130228 0 -1 7.54979e-08 70 70 70 255
0.59900725 3.029748e-08 0.40130228 0 -1 7.54979e-08 66 66 66 255
0.61900723 3.029748e-08 0.40130228 0 -1 7.54979e-08 74 74 74 255
0.6390072 3.029748e-08 0.40130228 0 -1 7.54979e-08 82 82 82 255
0.6590072 3.029748e-08 0.40130228 0 -1 7.54979e-08 104 104 104 255
0.6790073 3.029748e-08 0.40130228 0 -1 7.54979e-08 4 4 4 255
0.6990073 3.029748e-08 0.40130228 0 -1 7.54979e-08 36 36 35 255
0.71900725 3.029748e-08 0.40130228 0 -1 7.54979e-08 125 125 125 255
0.73900723 3.029748e-08 0.40130228 0 -1 7.54979e-08 88 88 88 255
0.7590072 3.029748e-08 0.40130228 0 -1 7.54979e-08 94 94 94 255
0.7790072 3.029748e-08 0.40130228 0 -1 7.54979e-08 65 65 65 255
0.7990073 3.029748e-08 0.40130228 0 -1 7.54979e-08 0 0 0 255
-0.76099277 3.1807442e-08 0.42130232 0 -1 7.54979e-08 108 69 44 255
-0.7409927 3.1807442e-08 0.42130232 0 -1 7.54979e-08 226 151 104 255
-0.7209927 3.1807442e-08 0.42130232 0 -1 7.54979e-08 235 161 113 255
-0.7009927 3.1807442e-08 0.42130232 0 -1 7.54979e-08 238 163 116 255
-0.6809927 3.1807442e-08 0.42130232 0 -1 7.54979e-08 244 173 130 255
-0.66099274 3.1807442e-08 0.42130232 0 -1 7.54979e-08 247 180 141 255
-0.64099276 3.1807442e-08 0.42130232 0 -1 7.54979e-08 247 180 141 255
-0.6209927 3.1807442e-08 0.42130232 0 -1 7.54979e-08 247 178 137 255
-0.60099274 3.1807442e-08 0.42130232 0 -1 7.54979e-08 247 176 133 255
-0.5809927 3.1807442e-08 0.42130232 0 -1 7.54979e-08 239 169 125 255
-0.5609927 3.1807442e-08 0.42130232 0 -1 7.54979e-08 235 161 113 255
-0.54099274 3.1807442e-08 0.42130232 0 -1 7.54979e-08 227 153 105 255
-0.52099276 3.1807442e-08 0.42130232 0 -1 7.54979e-08 216 141 94 255
-0.5009927 3.1807442e-08 0.42130232 0 -1 7.54979e-08 204 131 84 255
-0.48099273 3.1807442e-08 0.42130232 0 -1 7.54979e-08 190 119 72 255
-0.46099275 3.1807442e-08 0.42130232 0 -1 7.54979e-08 184 117 70 255
-0.4409927 3.1807442e-08 0.42130232 0 -1 7.54979e-08 184 117 70 255
-0.42099273 3.1807442e-08 0.42130232 0 -1 7.54979e-08 165 106 62 255
-0.40099275 3.1807442e-08 0.42130232 0 -1 7.54979e-08 165 106 62 255
-0.3809927 3.1807442e-08 0.42130232 0 -1 7.54979e-08 163 105 61 255
-0.36099273 3.1807442e-08 0.42130232 0 -1 7.54979e-08 153 98 56 255
-0.34099275 3.1807442e-08 0.42130232 0 -1 7.54979e-08 155 98 57 255
-0.3209927 3.1807442e-08 0.42130232 0 -1 7.54979e-08 143 92 52 255
-0.30099273 3.1807442e-08 0.42130232 0 -1 7.54979e-08 152 98 57 255
-0.28099275 3.1807442e-08 0.42130232 0 -1 7.54979e-08 156 99 58 255
-0.26099277 3.1807442e-08 0.42130232 0 -1 7.54979e-08 139 90 51 255
-0.24099272 3.1807442e-08 0.42130232 0 -1 7.54979e-08 80 56 27 255
-0.22099274 3.1807442e-08 0.42130232 0 -1 7.54979e-08 61 45 20 255
-0.20099276 3.1807442e-08 0.42130232 0 -1 7.54979e-08 52 41 17 255
-0.18099272 3.1807442e-08 0.42130232 0 -1 7.54979e-08 50 40 16 255
-0.16099274 3.1807442e-08 0.42130232 0 -1 7.54979e-08 53 41 17 255
-0.14099276 3.1807442e-08 0.42130232 0 -1 7.54979e-08 45 36 14 255
-0.12099272 3.1807442e-08 0.42130232 0 -1 7.54979e-08 30 27 17 255
-0.10099274 3.1807442e-08 0.42130232 0 -1 7.54979e-08 11 20 8 255
-0.08099276 3.1807442e-08 0.42130232 0 -1 7.54979e-08 35 31 19 255
-0.060992718 3.1807442e-08 0.42130232 0 -1 7.54979e-08 38 32 16 255
-0.040992737 3.1807442e-08 0.42130232 0 -1 7.54979e-08 15 21 13 255
-0.020992756 3.1807442e-08 0.42130232 0 -1 7.54979e-08 0 0 0 255
-0.000992775 3.1807442e-08 0.42130232 0 -1 7.54979e-08 0 0 0 255
0.019007206 3.1807442e-08 0.42130232 0 -1 7.54979e-08 0 0 0 255
0.039007306 3.1807442e-08 0.42130232 0 -1 7.54979e-08 0 0 0 255
0.059007287 3.1807442e-08 0.42130232 0 -1 7.54979e-08 0 0 0 255
0.07900727 3.1807442e-08 0.42130232 0 -1 7.54979e-08 0 0 0 255
0.09900725 3.1807442e-08 0.42130232 0 -1 7.54979e-08 0 0 0 255
0.11900723 3.1807442e-08 0.42130232 0 -1 7.54979e-08 0 0 0 255
0.13900721 3.1807442e-08 0.42130232 0 -1 7.54979e-08 0 0 0 255
0.15900731 3.1807442e-08 0.42130232 0 -1 7.54979e-08 0 0 0 255
0.17900729 3.1807442e-08 0.42130232 0 -1 7.54979e-08 0 0 0 255
0.19900727 3.1807442e-08 0.42130232 0 -1 7.54979e-08 0 0 0 255
0.21900725 3.1807442e-08 0.42130232 0 -1 7.54979e-08 0 0 0 255
0.23900723 3.1807442e-08 0.42130232 0 -1 7.54979e-08 0 0 0 255
0.25900722 3.1807442e-08 0.42130232 0 -1 7.54979e-08 0 0 0 255
0.2790072 3.1807442e-08 0.42130232 0 -1 7.54979e-08 0 0 0 255
0.2990073 3.1807442e-08 0.42130232 0 -1 7.54979e-08 0 0 0 255
0.31900728 3.1807442e-08 0.42130232 0 -1 7.54979e-08 0 0 0 255
0.33900726 3.1807442e-08 0.42130232 0 -1 7.54979e-08 0 0 0 255
0.35900724 3.1807442e-08 0.42130232 0 -1 7.54979e-08 0 0 0 255
0.37900722 3.1807442e-08 0.42130232 0 -1 7.54979e-08 0 0 0 255
0.3990072 3.1807442e-08 0.42130232 0 -1 7.54979e-08 0 0 0 255
0.4190073 3.1807442e-08 0.42130232 0 -1 7.54979e-08 0 0 0 255
0.43900728 3.1807442e-08 0.42130232 0 -1 7.54979e-08 0 0 0 255
0.45900726 3.1807442e-08 0.42130232 0 -1 7.54979e-08 0 0 0 255
0.47900724 3.1807442e-08 0.42130232 0 -1 7.54979e-08 0 0 0 255
0.49900723 3.1807442e-08 0.42130232 0 -1 7.54979e-08 46 43 38 255
0.5190072 3.1807442e-08 0.42130232 0 -1 7.54979e-08 66 66 66 255
0.5390072 3.1807442e-08 0.42130232 0 -1 7.54979e-08 66 66 66 255
0.5590073 3.1807442e-08 0.42130232 0 -1 7.54979e-08 66 66 66 255
0.57900727 3.1807442e-08 0.42130232 0 -1 7.54979e-08 66 66 66 255
0.59900725 3.1807442e-08 0.42130232 0 -1 7.54979e-08 66 66 66 255
0.61900723 3.1807442e-08 0.42130232 0 -1 7.54979e-08 79 79 79 255
0.6390072 3.1807442e-08 0.42130232 0 -1 7.54979e-08 113 113 113 255
0.6590072 3.1807442e-08 0.42130232 0 -1 7.54979e-08 51 45 38 255
0.6790073 3.1807442e-08 0.42130232 0 -1 7.54979e-08 3 9 1 255
0.6990073 3.1807442e-08 0.42130232 0 -1 7.54979e-08 82 80 77 255
0.71900725 3.1807442e-08 0.42130232 0 -1 7.54979e-08 102 102 102 255
0.73900723 3.1807442e-08 0.42130232 0 -1 7.54979e-08 94 94 94 255
0.7590072 3.1807442e-08 0.42130232 0 -1 7.54979e-08 84 84 84 255
0.7790072 3.1807442e-08 0.42130232 0 -1 7.54979e-08 31 31 31 255
-0.7409927 3.33174e-08 0.4413023 0 -1 7.54979e-08 0 0 0 255
-0.7209927 3.33174e-08 0.4413023 0 -1 7.54979e-08 215 146 102 255
-0.7009927 3.33174e-08 0.4413023 0 -1 7.54979e-08 235 160 113 255
-0.6809927 3.33174e-08 0.4413023 0 -1 7.54979e-08 239 165 117 255
-0.66099274 3.33174e-08 0.4413023 0 -1 7.54979e-08 247 181 143 255
-0.64099276 3.33174e-08 0.4413023 0 -1 7.54979e-08 247 180 141 255
-0.6209927 3.33174e-08 0.4413023 0 -1 7.54979e-08 247 180 141 255
-0.60099274 3.33174e-08 0.4413023 0 -1 7.54979e-08 247 180 140 255
-0.5809927 3.33174e-08 0.4413023 0 -1 7.54979e-08 247 180 141 255
-0.5609927 3.33174e-08 0.4413023 0 -1 7.54979e-08 240 166 119 255
-0.54099274 3.33174e-08 0.4413023 0 -1 7.54979e-08 232 157 110 255
-0.52099276 3.33174e-08 0.4413023 0 -1 7.54979e-08 232 157 110 255
-0.5009927 3.33174e-08 0.4413023 0 -1 7.54979e-08 217 142 95 255
-0.48099273 3.33174e-08 0.4413023 0 -1 7.54979e-08 208 134 86 255
-0.46099275 3.33174e-08 0.4413023 0 -1 7.54979e-08 186 118 71 255
-0.4409927 3.33174e-08 0.4413023 0 -1 7.54979e-08 185 118 70 255
-0.42099273 3.33174e-08 0.4413023 0 -1 7.54979e-08 185 118 70 255
-0.40099275 3.33174e-08 0.4413023 0 -1 7.54979e-08 165 106 62 255
-0.3809927 3.33174e-08 0.4413023 0 -1 7.54979e-08 164 105 62 255
-0.36099273 3.33174e-08 0.4413023 0 -1 7.54979e-08 157 102 58 255
-0.34099275 3.33174e-08 0.4413023 0 -1 7.54979e-08 165 106 63 255
-0.3209927 3.33174e-08 0.4413023 0 -1 7.54979e-08 158 102 59 255
-0.30099273 3.33174e-08 0.4413023 0 -1 7.54979e-08 144 92 53 255
-0.28099275 3.33174e-08 0.4413023 0 -1 7.54979e-08 148 94 54 255
-0.26099277 3.33174e-08 0.4413023 0 -1 7.54979e-08 165 106 62 255
-0.24099272 3.33174e-08 0.4413023 0 -1 7.54979e-08 132 84 48 255
-0.22099274 3.33174e-08 0.4413023 0 -1 7.54979e-08 72 51 23 255
-0.20099276 3.33174e-08 0.4413023 0 -1 7.54979e-08 71 51 23 255
-0.18099272 3.33174e-08 0.4413023 0 -1 7.54979e-08 53 41 17 255
-0.16099274 3.33174e-08 0.4413023 0 -1 7.54979e-08 47 39 15 255
-0.14099276 3.33174e-08 0.4413023 0 -1 7.54979e-08 43 35 13 255
-0.12099272 3.33174e-08 0.4413023 0 -1 7.54979e-08 39 31 11 255
-0.10099274 3.33174e-08 0.4413023 0 -1 7.54979e-08 16 21 13 255
-0.08099276 3.33174e-08 0.4413023 0 -1 7.54979e-08 7 19 3 255
-0.060992718 3.33174e-08 0.4413023 0 -1 7.54979e-08 30 26 17 255
-0.040992737 3.33174e-08 0.4413023 0 -1 7.54979e-08 39 31 11 255
-0.020992756 3.33174e-08 0.4413023 0 -1 7.54979e-08 4 9 2 255
-0.000992775 3.33174e-08 0.4413023 0 -1 7.54979e-08 0 0 0 255
0.019007206 3.33174e-08 0.4413023 0 -1 7.54979e-08 0 0 0 255
0.039007306 3.33174e-08 0.4413023 0 -1 7.54979e-08 0 0 0 255
0.059007287 3.33174e-08 0.4413023 0 -1 7.54979e-08 0 0 0 255
0.07900727 3.33174e-08 0.4413023 0 -1 7.54979e-08 0 0 0 255
0.09900725 3.33174e-08 0.4413023 0 -1 7.54979e-08 0 0 0 255
0.11900723 3.33174e-08 0.4413023 0 -1 7.54979e-08 0 0 0 255
0.13900721 3.33174e-08 0.4413023 0 -1 7.54979e-08 0 0 0 255
0.15900731 3.33174e-08 0.4413023 0 -1 7.54979e-08 0 0 0 255
0.17900729 3.33174e-08 0.4413023 0 -1 7.54979e-08 0 0 0 255
0.19900727 3.33174e-08 0.4413023 0 -1 7.54979e-08 0 0 0 255
0.21900725 3.33174e-08 0.4413023 0 -1 7.54979e-08 0 0 0 255
0.23900723 3.33174e-08 0.4413023 0 -1 7.54979e-08 0 0 0 255
0.25900722 3.33174e-08 0.4413023 0 -1 7.54979e-08 0 0 0 255
0.2790072 3.33174e-08 0.4413023 0 -1 7.54979e-08 0 1 0 255
0.2990073 3.33174e-08 0.4413023 0 -1 7.54979e-08 0 0 0 255
0.31900728 3.33174e-08 0.4413023 0 -1 7.54979e-08 1 0 0 255
0.33900726 3.33174e-08 0.4413023 0 -1 7.54979e-08 25 21 17 255
0.35900724 3.33174e-08 0.4413023 0 -1 7.54979e-08 19 11 3 255
0.37900722 3.33174e-08 0.4413023 0 -1 7.54979e-08 7 18 3 255
0.3990072 3.33174e-08 0.4413023 0 -1 7.54979e-08 18 12 3 255
0.4190073 3.33174e-08 0.4413023 0 -1 7.54979e-08 19 11 3 255
0.43900728 3.33174e-08 0.4413023 0 -1 7.54979e-08 19 11 3 255
0.45900726 3.33174e-08 0.4413023 0 -1 7.54979e-08 13 14 3 255
0.47900724 3.33174e-08 0.4413023 0 -1 7.54979e-08 7 19 3 255
0.49900723 3.33174e-08 0.4413023 0 -1 7.54979e-08 51 51 51 255
0.5190072 3.33174e-08 0.4413023 0 -1 7.54979e-08 73 73 73 255
0.5390072 3.33174e-08 0.4413023 0 -1 7.54979e-08 66 66 66 255
0.5590073 3.33174e-08 0.4413023 0 -1 7.54979e-08 66 66 66 255
0.57900727 3.33174e-08 0.4413023 0 -1 7.54979e-08 67 67 67 255
0.59900725 3.33174e-08 0.4413023 0 -1 7.54979e-08 67 67 67 255
0.61900723 3.33174e-08 0.4413023 0 -1 7.54979e-08 120 120 120 255
0.6390072 3.33174e-08 0.4413023 0 -1 7.54979e-08 47 47 47 255
0.6590072 3.33174e-08 0.4413023 0 -1 7.54979e-08 0 0 0 255
0.6790073 3.33174e-08 0.4413023 0 -1 7.54979e-08 36 36 36 255
0.6990073 3.33174e-08 0.4413023 0 -1 7.54979e-08 102 102 102 255
0.71900725 3.33174e-08 0.4413023 0 -1 7.54979e-08 94 94 94 255
0.73900723 3.33174e-08 0.4413023 0 -1 7.54979e-08 97 97 97 255
0.7590072 3.33174e-08 0.4413023 0 -1 7.54979e-08 74 74 74 255
0.7790072 3.33174e-08 0.4413023 0 -1 7.54979e-08 29 29 29 255
-0.7209927 3.482736e-08 0.46130234 0 -1 7.54979e-08 0 0 0 255
-0.7009927 3.482736e-08 0.46130234 0 -1 7.54979e-08 153 102 71 255
-0.6809927 3.482736e-08 0.46130234 0 -1 7.54979e-08 239 165 117 255
-0.66099274 3.482736e-08 0.46130234 0 -1 7.54979e-08 242 167 120 255
-0.64099276 3.482736e-08 0.46130234 0 -1 7.54979e-08 242 170 125 255
-0.6209927 3.482736e-08 0.46130234 0 -1 7.54979e-08 247 180 141 255
-0.60099274 3.482736e-08 0.46130234 0 -1 7.54979e-08 247 178 136 255
-0.5809927 3.482736e-08 0.46130234 0 -1 7.54979e-08 247 180 141 255
-0.5609927 3.482736e-08 0.46130234 0 -1 7.54979e-08 247 180 141 255
-0.54099274 3.482736e-08 0.46130234 0 -1 7.54979e-08 238 166 121 255
-0.52099276 3.482736e-08 0.46130234 0 -1 7.54979e-08 239 165 117 255
-0.5009927 3.482736e-08 0.46130234 0 -1 7.54979e-08 232 157 110 255
-0.48099273 3.482736e-08 0.46130234 0 -1 7.54979e-08 221 146 99 255
-0.46099275 3.482736e-08 0.46130234 0 -1 7.54979e-08 209 134 87 255
-0.4409927 3.482736e-08 0.46130234 0 -1 7.54979e-08 204 129 82 255
-0.42099273 3.482736e-08 0.46130234 0 -1 7.54979e-08 190 119 72 255
-0.40099275 3.482736e-08 0.46130234 0 -1 7.54979e-08 165 106 62 255
-0.3809927 3.482736e-08 0.46130234 0 -1 7.54979e-08 176 113 67 255
-0.36099273 3.482736e-08 0.46130234 0 -1 7.54979e-08 162 104 61 255
-0.34099275 3.482736e-08 0.46130234 0 -1 7.54979e-08 173 110 66 255
-0.3209927 3.482736e-08 0.46130234 0 -1 7.54979e-08 172 110 66 255
-0.30099273 3.482736e-08 0.46130234 0 -1 7.54979e-08 162 104 61 255
-0.28099275 3.482736e-08 0.46130234 0 -1 7.54979e-08 145 92 53 255
-0.26099277 3.482736e-08 0.46130234 0 -1 7.54979e-08 169 106 63 255
-0.24099272 3.482736e-08 0.46130234 0 -1 7.54979e-08 170 108 65 255
-0.22099274 3.482736e-08 0.46130234 0 -1 7.54979e-08 103 69 36 255
-0.20099276 3.482736e-08 0.46130234 0 -1 7.54979e-08 86 61 29 255
-0.18099272 3.482736e-08 0.46130234 0 -1 7.54979e-08 71 52 24 255
-0.16099274 3.482736e-08 0.46130234 0 -1 7.54979e-08 54 41 18 255
-0.14099276 3.482736e-08 0.46130234 0 -1 7.54979e-08 54 41 18 255
-0.12099272 3.482736e-08 0.46130234 0 -1 7.54979e-08 54 41 18 255
-0.10099274 3.482736e-08 0.46130234 0 -1 7.54979e-08 31 29 15 255
-0.08099276 3.482736e-08 0.46130234 0 -1 7.54979e-08 7 19 3 255
-0.060992718 3.482736e-08 0.46130234 0 -1 7.54979e-08 10 20 7 255
-0.040992737 3.482736e-08 0.46130234 0 -1 7.54979e-08 28 26 19 255
-0.020992756 3.482736e-08 0.46130234 0 -1 7.54979e-08 12 14 6 255
-0.000992775 3.482736e-08 0.46130234 0 -1 7.54979e-08 0 0 0 255
0.019007206 3.482736e-08 0.46130234 0 -1 7.54979e-08 0 0 0 255
0.039007306 3.482736e-08 0.46130234 0 -1 7.54979e-08 0 0 0 255
0.059007287 3.482736e-08 0.46130234 0 -1 7.54979e-08 0 0 0 255
0.07900727 3.482736e-08 0.46130234 0 -1 7.54979e-08 0 0 0 255
0.09900725 3.482736e-08 0.46130234 0 -1 7.54979e-08 0 0 0 255
0.11900723 3.482736e-08 0.46130234 0 -1 7.54979e-08 0 0 0 255
0.13900721 3.482736e-08 0.46130234 0 -1 7.54979e-08 0 0 0 255
0.15900731 3.482736e-08 0.46130234 0 -1 7.54979e-08 0 0 0 255
0.17900729 3.482736e-08 0.46130234 0 -1 7.54979e-08 0 0 0 255
0.19900727 3.482736e-08 0.46130234 0 -1 7.54979e-08 0 0 0 255
0.21900725 3.482736e-08 0.46130234 0 -1 7.54979e-08 0 0 0 255
0.23900723 3.482736e-08 0.46130234 0 -1 7.54979e-08 0 0 0 255
0.25900722 3.482736e-08 0.46130234 0 -1 7.54979e-08 6 3 1 255
0.2790072 3.482736e-08 0.46130234 0 -1 7.54979e-08 15 14 3 255
0.2990073 3.482736e-08 0.46130234 0 -1 7.54979e-08 7 7 1 255
0.31900728 3.482736e-08 0.46130234 0 -1 7.54979e-08 19 11 3 255
0.33900726 3.482736e-08 0.46130234 0 -1 7.54979e-08 29 27 26 255
0.35900724 3.482736e-08 0.46130234 0 -1 7.54979e-08 19 11 3 255
0.37900722 3.482736e-08 0.46130234 0 -1 7.54979e-08 3 9 1 255
0.3990072 3.482736e-08 0.46130234 0 -1 7.54979e-08 15 14 3 255
0.4190073 3.482736e-08 0.46130234 0 -1 7.54979e-08 19 11 3 255
0.43900728 3.482736e-08 0.46130234 0 -1 7.54979e-08 32 24 8 255
0.45900726 3.482736e-08 0.46130234 0 -1 7.54979e-08 9 5 1 255
0.47900724 3.482736e-08 0.46130234 0 -1 7.54979e-08 20 19 6 255
0.49900723 3.482736e-08 0.46130234 0 -1 7.54979e-08 66 66 66 255
0.5190072 3.482736e-08 0.46130234 0 -1 7.54979e-08 66 66 66 255
0.5390072 3.482736e-08 0.46130234 0 -1 7.54979e-08 66 66 66 255
0.5590073 3.482736e-08 0.46130234 0 -1 7.54979e-08 64 64 64 255
0.57900727 3.482736e-08 0.46130234 0 -1 7.54979e-08 71 71 71 255
0.59900725 3.482736e-08 0.46130234 0 -1 7.54979e-08 108 108 108 255
0.61900723 3.482736e-08 0.46130234 0 -1 7.54979e-08 75 72 70 255
0.6390072 3.482736e-08 0.46130234 0 -1 7.54979e-08 0 0 0 255
0.6590072 3.482736e-08 0.46130234 0 -1 7.54979e-08 16 16 5 255
0.6790073 3.482736e-08 0.46130234 0 -1 7.54979e-08 69 56 35 255
0.6990073 3.482736e-08 0.46130234 0 -1 7.54979e-08 108 108 108 255
0.71900725 3.482736e-08 0.46130234 0 -1 7.54979e-08 94 94 94 255
0.73900723 3.482736e-08 0.46130234 0 -1 7.54979e-08 94 94 94 255
0.7590072 3.482736e-08 0.46130234 0 -1 7.54979e-08 66 66 66 255
0.7790072 3.482736e-08 0.46130234 0 -1 7.54979e-08 0 0 0 255
-0.7009927 3.6337315e-08 0.48130232 0 -1 7.54979e-08 0 0 0 255
-0.6809927 3.6337315e-08 0.48130232 0 -1 7.54979e-08 167 111 76 255
-0.66099274 3.6337315e-08 0.48130232 0 -1 7.54979e-08 205 139 98 255
-0.64099276 3.6337315e-08 0.48130232 0 -1 7.54979e-08 243 169 121 255
-0.6209927 3.6337315e-08 0.48130232 0 -1 7.54979e-08 246 172 124 255
-0.60099274 3.6337315e-08 0.48130232 0 -1 7.54979e-08 247 180 141 255
-0.5809927 3.6337315e-08 0.48130232 0 -1 7.54979e-08 247 180 141 255
-0.5609927 3.6337315e-08 0.48130232 0 -1 7.54979e-08 247 180 141 255
-0.54099274 3.6337315e-08 0.48130232 0 -1 7.54979e-08 247 177 135 255
-0.52099276 3.6337315e-08 0.48130232 0 -1 7.54979e-08 247 173 125 255
-0.5009927 3.6337315e-08 0.48130232 0 -1 7.54979e-08 237 163 115 255
-0.48099273 3.6337315e-08 0.48130232 0 -1 7.54979e-08 230 155 108 255
-0.46099275 3.6337315e-08 0.48130232 0 -1 7.54979e-08 223 148 101 255
-0.4409927 3.6337315e-08 0.48130232 0 -1 7.54979e-08 212 137 90 255
-0.42099273 3.6337315e-08 0.48130232 0 -1 7.54979e-08 206 131 84 255
-0.40099275 3.6337315e-08 0.48130232 0 -1 7.54979e-08 202 127 80 255
-0.3809927 3.6337315e-08 0.48130232 0 -1 7.54979e-08 199 124 77 255
-0.36099273 3.6337315e-08 0.48130232 0 -1 7.54979e-08 187 118 71 255
-0.34099275 3.6337315e-08 0.48130232 0 -1 7.54979e-08 188 119 72 255
-0.3209927 3.6337315e-08 0.48130232 0 -1 7.54979e-08 175 111 67 255
-0.30099273 3.6337315e-08 0.48130232 0 -1 7.54979e-08 173 110 66 255
-0.28099275 3.6337315e-08 0.48130232 0 -1 7.54979e-08 159 103 59 255
-0.26099277 3.6337315e-08 0.48130232 0 -1 7.54979e-08 181 114 69 255
-0.24099272 3.6337315e-08 0.48130232 0 -1 7.54979e-08 179 114 68 255
-0.22099274 3.6337315e-08 0.48130232 0 -1 7.54979e-08 151 96 56 255
-0.20099276 3.6337315e-08 0.48130232 0 -1 7.54979e-08 98 66 34 255
-0.18099272 3.6337315e-08 0.48130232 0 -1 7.54979e-08 85 61 29 255
-0.16099274 3.6337315e-08 0.48130232 0 -1 7.54979e-08 72 52 24 255
-0.14099276 3.6337315e-08 0.48130232 0 -1 7.54979e-08 55 42 18 255
-0.12099272 3.6337315e-08 0.48130232 0 -1 7.54979e-08 58 43 19 255
-0.10099274 3.6337315e-08 0.48130232 0 -1 7.54979e-08 48 37 15 255
-0.08099276 3.6337315e-08 0.48130232 0 -1 7.54979e-08 21 13 4 255
-0.060992718 3.6337315e-08 0.48130232 0 -1 7.54979e-08 12 13 3 255
-0.040992737 3.6337315e-08 0.48130232 0 -1 7.54979e-08 14 8 2 255
-0.020992756 3.6337315e-08 0.48130232 0 -1 7.54979e-08 7 4 1 255
-0.000992775 3.6337315e-08 0.48130232 0 -1 7.54979e-08 0 0 0 255
0.019007206 3.6337315e-08 0.48130232 0 -1 7.54979e-08 0 0 0 255
0.039007306 3.6337315e-08 0.48130232 0 -1 7.54979e-08 0 0 0 255
0.059007287 3.6337315e-08 0.48130232 0 -1 7.54979e-08 0 0 0 255
0.07900727 3.6337315e-08 0.48130232 0 -1 7.54979e-08 0 0 0 255
0.09900725 3.6337315e-08 0.48130232 0 -1 7.54979e-08 0 0 0 255
0.11900723 3.6337315e-08 0.48130232 0 -1 7.54979e-08 0 0 0 255
0.13900721 3.6337315e-08 0.48130232 0 -1 7.54979e-08 0 0 0 255
0.15900731 3.6337315e-08 0.48130232 0 -1 7.54979e-08 0 0 0 255
0.17900729 3.6337315e-08 0.48130232 0 -1 7.54979e-08 0 0 0 255
0.19900727 3.6337315e-08 0.48130232 0 -1 7.54979e-08 0 0 0 255
0.21900725 3.6337315e-08 0.48130232 0 -1 7.54979e-08 0 0 0 255
0.23900723 3.6337315e-08 0.48130232 0 -1 7.54979e-08 0 0 0 255
0.25900722 3.6337315e-08 0.48130232 0 -1 7.54979e-08 9 5 1 255
0.2790072 3.6337315e-08 0.48130232 0 -1 7.54979e-08 16 13 3 255
0.2990073 3.6337315e-08 0.48130232 0 -1 7.54979e-08 13 10 3 255
0.31900728 3.6337315e-08 0.48130232 0 -1 7.54979e-08 39 31 11 255
0.33900726 3.6337315e-08 0.48130232 0 -1 7.54979e-08 32 31 28 255
0.35900724 3.6337315e-08 0.48130232 0 -1 7.54979e-08 19 11 3 255
0.37900722 3.6337315e-08 0.48130232 0 -1 7.54979e-08 8 16 3 255
0.3990072 3.6337315e-08 0.48130232 0 -1 7.54979e-08 19 11 3 255
0.4190073 3.6337315e-08 0.48130232 0 -1 7.54979e-08 19 11 3 255
0.43900728 3.6337315e-08 0.48130232 0 -1 7.54979e-08 19 11 3 255
0.45900726 3.6337315e-08 0.48130232 0 -1 7.54979e-08 9 5 1 255
0.47900724 3.6337315e-08 0.48130232 0 -1 7.54979e-08 39 39 39 255
0.49900723 3.6337315e-08 0.48130232 0 -1 7.54979e-08 77 77 77 255
0.5190072 3.6337315e-08 0.48130232 0 -1 7.54979e-08 66 66 66 255
0.5390072 3.6337315e-08 0.48130232 0 -1 7.54979e-08 66 66 66 255
0.5590073 3.6337315e-08 0.48130232 0 -1 7.54979e-08 68 68 68 255
0.57900727 3.6337315e-08 0.48130232 0 -1 7.54979e-08 76 76 76 255
0.59900725 3.6337315e-08 0.48130232 0 -1 7.54979e-08 116 116 116 255
0.61900723 3.6337315e-08 0.48130232 0 -1 7.54979e-08 48 52 44 255
0.6390072 3.6337315e-08 0.48130232 0 -1 7.54979e-08 38 34 28 255
0.6590072 3.6337315e-08 0.48130232 0 -1 7.54979e-08 16 14 12 255
0.6790073 3.6337315e-08 0.48130232 0 -1 7.54979e-08 92 92 92 255
0.6990073 3.6337315e-08 0.48130232 0 -1 7.54979e-08 105 105 105 255
0.71900725 3.6337315e-08 0.48130232 0 -1 7.54979e-08 85 85 85 255
0.73900723 3.6337315e-08 0.48130232 0 -1 7.54979e-08 96 96 96 255
0.7590072 3.6337315e-08 0.48130232 0 -1 7.54979e-08 47 47 47 255
0.7790072 3.6337315e-08 0.48130232 0 -1 7.54979e-08 0 0 0 255
-0.66099274 3.7847272e-08 0.5013023 0 -1 7.54979e-08 17 11 8 255
-0.64099276 3.7847272e-08 0.5013023 0 -1 7.54979e-08 225 150 103 255
-0.6209927 3.7847272e-08 0.5013023 0 -1 7.54979e-08 230 155 108 255
-0.60099274 3.7847272e-08 0.5013023 0 -1 7.54979e-08 247 174 128 255
-0.5809927 3.7847272e-08 0.5013023 0 -1 7.54979e-08 247 180 141 255
-0.5609927 3.7847272e-08 0.5013023 0 -1 7.54979e-08 247 180 141 255
-0.54099274 3.7847272e-08 0.5013023 0 -1 7.54979e-08 247 180 141 255
-0.52099276 3.7847272e-08 0.5013023 0 -1 7.54979e-08 247 179 138 255
-0.5009927 3.7847272e-08 0.5013023 0 -1 7.54979e-08 247 172 125 255
-0.48099273 3.7847272e-08 0.5013023 0 -1 7.54979e-08 247 173 125 255
-0.46099275 3.7847272e-08 0.5013023 0 -1 7.54979e-08 238 167 123 255
-0.4409927 3.7847272e-08 0.5013023 0 -1 7.54979e-08 230 155 108 255
-0.42099273 3.7847272e-08 0.5013023 0 -1 7.54979e-08 218 144 96 255
-0.40099275 3.7847272e-08 0.5013023 0 -1 7.54979e-08 215 140 92 255
-0.3809927 3.7847272e-08 0.5013023 0 -1 7.54979e-08 207 132 85 255
-0.36099273 3.7847272e-08 0.5013023 0 -1 7.54979e-08 206 131 84 255
-0.34099275 3.7847272e-08 0.5013023 0 -1 7.54979e-08 198 123 76 255
-0.3209927 3.7847272e-08 0.5013023 0 -1 7.54979e-08 194 121 73 255
-0.30099273 3.7847272e-08 0.5013023 0 -1 7.54979e-08 177 113 68 255
-0.28099275 3.7847272e-08 0.5013023 0 -1 7.54979e-08 181 116 69 255
-0.26099277 3.7847272e-08 0.5013023 0 -1 7.54979e-08 183 116 70 255
-0.24099272 3.7847272e-08 0.5013023 0 -1 7.54979e-08 165 106 62 255
-0.22099274 3.7847272e-08 0.5013023 0 -1 7.54979e-08 153 98 56 255
-0.20099276 3.7847272e-08 0.5013023 0 -1 7.54979e-08 151 98 56 255
-0.18099272 3.7847272e-08 0.5013023 0 -1 7.54979e-08 98 67 34 255
-0.16099274 3.7847272e-08 0.5013023 0 -1 7.54979e-08 88 62 30 255
-0.14099276 3.7847272e-08 0.5013023 0 -1 7.54979e-08 72 53 24 255
-0.12099272 3.7847272e-08 0.5013023 0 -1 7.54979e-08 48 39 16 255
-0.10099274 3.7847272e-08 0.5013023 0 -1 7.54979e-08 44 35 13 255
-0.08099276 3.7847272e-08 0.5013023 0 -1 7.54979e-08 24 22 20 255
-0.060992718 3.7847272e-08 0.5013023 0 -1 7.54979e-08 1 0 0 255
-0.040992737 3.7847272e-08 0.5013023 0 -1 7.54979e-08 32 26 9 255
-0.020992756 3.7847272e-08 0.5013023 0 -1 7.54979e-08 0 0 0 255
-0.000992775 3.7847272e-08 0.5013023 0 -1 7.54979e-08 0 0 0 255
0.019007206 3.7847272e-08 0.5013023 0 -1 7.54979e-08 0 0 0 255
0.039007306 3.7847272e-08 0.5013023 0 -1 7.54979e-08 0 0 0 255
0.059007287 3.7847272e-08 0.5013023 0 -1 7.54979e-08 0 0 0 255
0.07900727 3.7847272e-08 0.5013023 0 -1 7.54979e-08 0 0 0 255
0.09900725 3.7847272e-08 0.5013023 0 -1 7.54979e-08 0 0 0 255
0.11900723 3.7847272e-08 0.5013023 0 -1 7.54979e-08 0 0 0 255
0.13900721 3.7847272e-08 0.5013023 0 -1 7.54979e-08 0 0 0 255
0.15900731 3.7847272e-08 0.5013023 0 -1 7.54979e-08 0 0 0 255
0.17900729 3.7847272e-08 0.5013023 0 -1 7.54979e-08 0 0 0 255
0.19900727 3.7847272e-08 0.5013023 0 -1 7.54979e-08 0 0 0 255
0.21900725 3.7847272e-08 0.5013023 0 -1 7.54979e-08 0 0 0 255
0.23900723 3.7847272e-08 0.5013023 0 -1 7.54979e-08 0 0 0 255
0.25900722 3.7847272e-08 0.5013023 0 -1 7.54979e-08 21 22 6 255
0.2790072 3.7847272e-08 0.5013023 0 -1 7.54979e-08 7 19 3 255
0.2990073 3.7847272e-08 0.5013023 0 -1 7.54979e-08 23 25 7 255
0.31900728 3.7847272e-08 0.5013023 0 -1 7.54979e-08 32 31 28 255
0.33900726 3.7847272e-08 0.5013023 0 -1 7.54979e-08 31 31 29 255
0.35900724 3.7847272e-08 0.5013023 0 -1 7.54979e-08 19 11 3 255
0.37900722 3.7847272e-08 0.5013023 0 -1 7.54979e-08 9 5 1 255
0.3990072 3.7847272e-08 0.5013023 0 -1 7.54979e-08 19 11 3 255
0.4190073 3.7847272e-08 0.5013023 0 -1 7.54979e-08 19 11 3 255
0.43900728 3.7847272e-08 0.5013023 0 -1 7.54979e-08 19 11 3 255
0.45900726 3.7847272e-08 0.5013023 0 -1 7.54979e-08 8 17 3 255
0.47900724 3.7847272e-08 0.5013023 0 -1 7.54979e-08 60 60 60 255
0.49900723 3.7847272e-08 0.5013023 0 -1 7.54979e-08 71 71 71 255
0.5190072 3.7847272e-08 0.5013023 0 -1 7.54979e-08 66 66 66 255
0.5390072 3.7847272e-08 0.5013023 0 -1 7.54979e-08 70 70 70 255
0.5590073 3.7847272e-08 0.5013023 0 -1 7.54979e-08 74 74 74 255
0.57900727 3.7847272e-08 0.5013023 0 -1 7.54979e-08 87 87 87 255
0.59900725 3.7847272e-08 0.5013023 0 -1 7.54979e-08 101 101 101 255
0.61900723 3.7847272e-08 0.5013023 0 -1 7.54979e-08 47 43 33 255
0.6390072 3.7847272e-08 0.5013023 0 -1 7.54979e-08 61 59 55 255
0.6590072 3.7847272e-08 0.5013023 0 -1 7.54979e-08 21 24 16 255
0.6790073 3.7847272e-08 0.5013023 0 -1 7.54979e-08 124 124 124 255
0.6990073 3.7847272e-08 0.5013023 0 -1 7.54979e-08 94 94 94 255
0.71900725 3.7847272e-08 0.5013023 0 -1 7.54979e-08 94 94 94 255
0.73900723 3.7847272e-08 0.5013023 0 -1 7.54979e-08 90 90 90 255
0.7590072 3.7847272e-08 0.5013023 0 -1 7.54979e-08 0 0 0 255
-0.64099276 3.935723e-08 0.5213023 0 -1 7.54979e-08 0 0 0 255
-0.6209927 3.935723e-08 0.5213023 0 -1 7.54979e-08 127 85 58 255
-0.60099274 3.935723e-08 0.5213023 0 -1 7.54979e-08 228 153 106 255
-0.5809927 3.935723e-08 0.5213023 0 -1 7.54979e-08 244 173 129 255
-0.5609927 3.935723e-08 0.5213023 0 -1 7.54979e-08 247 179 139 255
-0.54099274 3.935723e-08 0.5213023 0 -1 7.54979e-08 247 184 149 255
-0.52099276 3.935723e-08 0.5213023 0 -1 7.54979e-08 247 182 144 255
-0.5009927 3.935723e-08 0.5213023 0 -1 7.54979e-08 247 179 138 255
-0.48099273 3.935723e-08 0.5213023 0 -1 7.54979e-08 247 177 134 255
-0.46099275 3.935723e-08 0.5213023 0 -1 7.54979e-08 247 175 130 255
-0.4409927 3.935723e-08 0.5213023 0 -1 7.54979e-08 247 172 125 255
-0.42099273 3.935723e-08 0.5213023 0 -1 7.54979e-08 235 160 113 255
-0.40099275 3.935723e-08 0.5213023 0 -1 7.54979e-08 224 149 102 255
-0.3809927 3.935723e-08 0.5213023 0 -1 7.54979e-08 221 147 99 255
-0.36099273 3.935723e-08 0.5213023 0 -1 7.54979e-08 211 137 89 255
-0.34099275 3.935723e-08 0.5213023 0 -1 7.54979e-08 216 141 94 255
-0.3209927 3.935723e-08 0.5213023 0 -1 7.54979e-08 203 129 81 255
-0.30099273 3.935723e-08 0.5213023 0 -1 7.54979e-08 191 120 73 255
-0.28099275 3.935723e-08 0.5213023 0 -1 7.54979e-08 208 133 86 255
-0.26099277 3.935723e-08 0.5213023 0 -1 7.54979e-08 170 109 65 255
-0.24099272 3.935723e-08 0.5213023 0 -1 7.54979e-08 168 107 64 255
-0.22099274 3.935723e-08 0.5213023 0 -1 7.54979e-08 168 107 64 255
-0.20099276 3.935723e-08 0.5213023 0 -1 7.54979e-08 164 105 62 255
-0.18099272 3.935723e-08 0.5213023 0 -1 7.54979e-08 143 92 52 255
-0.16099274 3.935723e-08 0.5213023 0 -1 7.54979e-08 83 60 29 255
-0.14099276 3.935723e-08 0.5213023 0 -1 7.54979e-08 77 56 26 255
-0.12099272 3.935723e-08 0.5213023 0 -1 7.54979e-08 52 40 17 255
-0.10099274 3.935723e-08 0.5213023 0 -1 7.54979e-08 35 29 14 255
-0.08099276 3.935723e-08 0.5213023 0 -1 7.54979e-08 13 13 13 255
-0.060992718 3.935723e-08 0.5213023 0 -1 7.54979e-08 27 22 8 255
-0.040992737 3.935723e-08 0.5213023 0 -1 7.54979e-08 39 31 11 255
-0.020992756 3.935723e-08 0.5213023 0 -1 7.54979e-08 0 0 0 255
-0.000992775 3.935723e-08 0.5213023 0 -1 7.54979e-08 0 0 0 255
0.019007206 3.935723e-08 0.5213023 0 -1 7.54979e-08 0 0 0 255
0.039007306 3.935723e-08 0.5213023 0 -1 7.54979e-08 0 0 0 255
0.059007287 3.935723e-08 0.5213023 0 -1 7.54979e-08 0 0 0 255
0.07900727 3.935723e-08 0.5213023 0 -1 7.54979e-08 0 0 0 255
0.09900725 3.935723e-08 0.5213023 0 -1 7.54979e-08 0 0 0 255
0.11900723 3.935723e-08 0.5213023 0 -1 7.54979e-08 0 0 0 255
0.13900721 3.935723e-08 0.5213023 0 -1 7.54979e-08 0 0 0 255
0.15900731 3.935723e-08 0.5213023 0 -1 7.54979e-08 0 0 0 255
0.17900729 3.935723e-08 0.5213023 0 -1 7.54979e-08 0 0 0 255
0.19900727 3.935723e-08 0.5213023 0 -1 7.54979e-08 0 0 0 255
0.21900725 3.935723e-08 0.5213023 0 -1 7.54979e-08 0 0 0 255
0.23900723 3.935723e-08 0.5213023 0 -1 7.54979e-08 0 0 0 255
0.25900722 3.935723e-08 0.5213023 0 -1 7.54979e-08 11 6 2 255
0.2790072 3.935723e-08 0.5213023 0 -1 7.54979e-08 3 8 1 255
0.2990073 3.935723e-08 0.5213023 0 -1 7.54979e-08 46 41 36 255
0.31900728 3.935723e-08 0.5213023 0 -1 7.54979e-08 35 35 35 255
0.33900726 3.935723e-08 0.5213023 0 -1 7.54979e-08 80 73 61 255
0.35900724 3.935723e-08 0.5213023 0 -1 7.54979e-08 4 11 2 255
0.37900722 3.935723e-08 0.5213023 0 -1 7.54979e-08 9 5 1 255
0.3990072 3.935723e-08 0.5213023 0 -1 7.54979e-08 19 11 3 255
0.4190073 3.935723e-08 0.5213023 0 -1 7.54979e-08 19 11 3 255
0.43900728 3.935723e-08 0.5213023 0 -1 7.54979e-08 27 20 7 255
0.45900726 3.935723e-08 0.5213023 0 -1 7.54979e-08 21 21 11 255
0.47900724 3.935723e-08 0.5213023 0 -1 7.54979e-08 73 73 73 255
0.49900723 3.935723e-08 0.5213023 0 -1 7.54979e-08 78 78 78 255
0.5190072 3.935723e-08 0.5213023 0 -1 7.54979e-08 66 66 66 255
0.5390072 3.935723e-08 0.5213023 0 -1 7.54979e-08 74 74 74 255
0.5590073 3.935723e-08 0.5213023 0 -1 7.54979e-08 74 74 74 255
0.57900727 3.935723e-08 0.5213023 0 -1 7.54979e-08 90 90 90 255
0.59900725 3.935723e-08 0.5213023 0 -1 7.54979e-08 90 90 90 255
0.61900723 3.935723e-08 0.5213023 0 -1 7.54979e-08 40 31 12 255
0.6390072 3.935723e-08 0.5213023 0 -1 7.54979e-08 25 26 8 255
0.6590072 3.935723e-08 0.5213023 0 -1 7.54979e-08 44 38 29 255
0.6790073 3.935723e-08 0.5213023 0 -1 7.54979e-08 121 121 121 255
0.6990073 3.935723e-08 0.5213023 0 -1 7.54979e-08 90 90 90 255
0.71900725 3.935723e-08 0.5213023 0 -1 7.54979e-08 130 130 130 255
0.73900723 3.935723e-08 0.5213023 0 -1 7.54979e-08 57 57 57 255
0.7590072 3.935723e-08 0.5213023 0 -1 7.54979e-08 0 0 0 255
-0.60099274 4.086719e-08 0.5413023 0 -1 7.54979e-08 0 0 0 255
-0.5809927 4.086719e-08 0.5413023 0 -1 7.54979e-08 225 151 105 255
-0.5609927 4.086719e-08 0.5413023 0 -1 7.54979e-08 247 172 125 255
-0.54099274 4.086719e-08 0.5413023 0 -1 7.54979e-08 247 176 133 255
-0.52099276 4.086719e-08 0.5413023 0 -1 7.54979e-08 247 184 149 255
-0.5009927 4.086719e-08 0.5413023 0 -1 7.54979e-08 247 184 149 255
-0.48099273 4.086719e-08 0.5413023 0 -1 7.54979e-08 247 180 141 255
-0.46099275 4.086719e-08 0.5413023 0 -1 7.54979e-08 247 177 133 255
-0.4409927 4.086719e-08 0.5413023 0 -1 7.54979e-08 247 180 141 255
-0.42099273 4.086719e-08 0.5413023 0 -1 7.54979e-08 243 169 121 255
-0.40099275 4.086719e-08 0.5413023 0 -1 7.54979e-08 240 165 118 255
-0.3809927 4.086719e-08 0.5413023 0 -1 7.54979e-08 228 153 106 255
-0.36099273 4.086719e-08 0.5413023 0 -1 7.54979e-08 232 157 110 255
-0.34099275 4.086719e-08 0.5413023 0 -1 7.54979e-08 231 157 109 255
-0.3209927 4.086719e-08 0.5413023 0 -1 7.54979e-08 216 141 94 255
-0.30099273 4.086719e-08 0.5413023 0 -1 7.54979e-08 216 141 94 255
-0.28099275 4.086719e-08 0.5413023 0 -1 7.54979e-08 184 117 70 255
-0.26099277 4.086719e-08 0.5413023 0 -1 7.54979e-08 169 108 64 255
-0.24099272 4.086719e-08 0.5413023 0 -1 7.54979e-08 165 106 62 255
-0.22099274 4.086719e-08 0.5413023 0 -1 7.54979e-08 161 104 60 255
-0.20099276 4.086719e-08 0.5413023 0 -1 7.54979e-08 165 106 62 255
-0.18099272 4.086719e-08 0.5413023 0 -1 7.54979e-08 161 102 60 255
-0.16099274 4.086719e-08 0.5413023 0 -1 7.54979e-08 70 51 23 255
-0.14099276 4.086719e-08 0.5413023 0 -1 7.54979e-08 58 42 19 255
-0.12099272 4.086719e-08 0.5413023 0 -1 7.54979e-08 46 38 15 255
-0.10099274 4.086719e-08 0.5413023 0 -1 7.54979e-08 19 15 5 255
-0.08099276 4.086719e-08 0.5413023 0 -1 7.54979e-08 39 31 11 255
-0.060992718 4.086719e-08 0.5413023 0 -1 7.54979e-08 39 31 11 255
-0.040992737 4.086719e-08 0.5413023 0 -1 7.54979e-08 39 31 11 255
-0.020992756 4.086719e-08 0.5413023 0 -1 7.54979e-08 0 0 0 255
-0.000992775 4.086719e-08 0.5413023 0 -1 7.54979e-08 0 0 0 255
0.019007206 4.086719e-08 0.5413023 0 -1 7.54979e-08 0 0 0 255
0.039007306 4.086719e-08 0.5413023 0 -1 7.54979e-08 0 0 0 255
0.059007287 4.086719e-08 0.5413023 0 -1 7.54979e-08 0 0 0 255
0.07900727 4.086719e-08 0.5413023 0 -1 7.54979e-08 0 0 0 255
0.09900725 4.086719e-08 0.5413023 0 -1 7.54979e-08 0 0 0 255
0.11900723 4.086719e-08 0.5413023 0 -1 7.54979e-08 0 0 0 255
0.13900721 4.086719e-08 0.5413023 0 -1 7.54979e-08 0 0 0 255
0.15900731 4.086719e-08 0.5413023 0 -1 7.54979e-08 0 0 0 255
0.17900729 4.086719e-08 0.5413023 0 -1 7.54979e-08 0 0 0 255
0.19900727 4.086719e-08 0.5413023 0 -1 7.54979e-08 0 0 0 255
0.21900725 4.086719e-08 0.5413023 0 -1 7.54979e-08 0 0 0 255
0.23900723 4.086719e-08 0.5413023 0 -1 7.54979e-08 0 0 0 255
0.25900722 4.086719e-08 0.5413023 0 -1 7.54979e-08 9 5 2 255
0.2790072 4.086719e-08 0.5413023 0 -1 7.54979e-08 31 31 31 255
0.2990073 4.086719e-08 0.5413023 0 -1 7.54979e-08 40 40 40 255
0.31900728 4.086719e-08 0.5413023 0 -1 7.54979e-08 27 19 7 255
0.33900726 4.086719e-08 0.5413023 0 -1 7.54979e-08 23 25 7 255
0.35900724 4.086719e-08 0.5413023 0 -1 7.54979e-08 19 11 3 255
0.37900722 4.086719e-08 0.5413023 0 -1 7.54979e-08 19 11 3 255
0.3990072 4.086719e-08 0.5413023 0 -1 7.54979e-08 19 11 3 255
0.4190073 4.086719e-08 0.5413023 0 -1 7.54979e-08 19 11 3 255
0.43900728 4.086719e-08 0.5413023 0 -1 7.54979e-08 8 19 3 255
0.45900726 4.086719e-08 0.5413023 0 -1 7.54979e-08 40 36 30 255
0.47900724 4.086719e-08 0.5413023 0 -1 7.54979e-08 82 82 82 255
0.49900723 4.086719e-08 0.5413023 0 -1 7.54979e-08 80 80 79 255
0.5190072 4.086719e-08 0.5413023 0 -1 7.54979e-08 67 67 67 255
0.5390072 4.086719e-08 0.5413023 0 -1 7.54979e-08 82 82 82 255
0.5590073 4.086719e-08 0.5413023 0 -1 7.54979e-08 66 66 66 255
0.57900727 4.086719e-08 0.5413023 0 -1 7.54979e-08 107 107 107 255
0.59900725 4.086719e-08 0.5413023 0 -1 7.54979e-08 62 46 23 255
0.61900723 4.086719e-08 0.5413023 0 -1 7.54979e-08 37 42 34 255
0.6390072 4.086719e-08 0.5413023 0 -1 7.54979e-08 0 0 0 255
0.6590072 4.086719e-08 0.5413023 0 -1 7.54979e-08 67 72 65 255
0.6790073 4.086719e-08 0.5413023 0 -1 7.54979e-08 101 101 101 255
0.6990073 4.086719e-08 0.5413023 0 -1 7.54979e-08 102 102 102 255
0.71900725 4.086719e-08 0.5413023 0 -1 7.54979e-08 105 105 105 255
0.73900723 4.086719e-08 0.5413023 0 -1 7.54979e-08 30 30 30 255
-0.5809927 4.2377145e-08 0.5613023 0 -1 7.54979e-08 43 29 19 255
-0.5609927 4.2377145e-08 0.5613023 0 -1 7.54979e-08 226 152 105 255
-0.54099274 4.2377145e-08 0.5613023 0 -1 7.54979e-08 243 169 124 255
-0.52099276 4.2377145e-08 0.5613023 0 -1 7.54979e-08 247 176 131 255
-0.5009927 4.2377145e-08 0.5613023 0 -1 7.54979e-08 247 181 143 255
-0.48099273 4.2377145e-08 0.5613023 0 -1 7.54979e-08 247 182 144 255
-0.46099275 4.2377145e-08 0.5613023 0 -1 7.54979e-08 247 184 147 255
-0.4409927 4.2377145e-08 0.5613023 0 -1 7.54979e-08 247 177 135 255
-0.42099273 4.2377145e-08 0.5613023 0 -1 7.54979e-08 247 177 135 255
-0.40099275 4.2377145e-08 0.5613023 0 -1 7.54979e-08 247 173 125 255
-0.3809927 4.2377145e-08 0.5613023 0 -1 7.54979e-08 243 169 121 255
-0.36099273 4.2377145e-08 0.5613023 0 -1 7.54979e-08 232 157 110 255
-0.34099275 4.2377145e-08 0.5613023 0 -1 7.54979e-08 230 155 108 255
-0.3209927 4.2377145e-08 0.5613023 0 -1 7.54979e-08 230 155 108 255
-0.30099273 4.2377145e-08 0.5613023 0 -1 7.54979e-08 212 137 90 255
-0.28099275 4.2377145e-08 0.5613023 0 -1 7.54979e-08 194 122 75 255
-0.26099277 4.2377145e-08 0.5613023 0 -1 7.54979e-08 182 116 69 255
-0.24099272 4.2377145e-08 0.5613023 0 -1 7.54979e-08 169 108 65 255
-0.22099274 4.2377145e-08 0.5613023 0 -1 7.54979e-08 166 106 63 255
-0.20099276 4.2377145e-08 0.5613023 0 -1 7.54979e-08 180 114 69 255
-0.18099272 4.2377145e-08 0.5613023 0 -1 7.54979e-08 137 89 50 255
-0.16099274 4.2377145e-08 0.5613023 0 -1 7.54979e-08 73 54 24 255
-0.14099276 4.2377145e-08 0.5613023 0 -1 7.54979e-08 40 32 12 255
-0.12099272 4.2377145e-08 0.5613023 0 -1 7.54979e-08 39 31 11 255
-0.10099274 4.2377145e-08 0.5613023 0 -1 7.54979e-08 33 25 9 255
-0.08099276 4.2377145e-08 0.5613023 0 -1 7.54979e-08 58 43 19 255
-0.060992718 4.2377145e-08 0.5613023 0 -1 7.54979e-08 48 37 15 255
-0.040992737 4.2377145e-08 0.5613023 0 -1 7.54979e-08 39 31 11 255
-0.020992756 4.2377145e-08 0.5613023 0 -1 7.54979e-08 0 0 0 255
-0.000992775 4.2377145e-08 0.5613023 0 -1 7.54979e-08 0 0 0 255
0.019007206 4.2377145e-08 0.5613023 0 -1 7.54979e-08 0 0 0 255
0.039007306 4.2377145e-08 0.5613023 0 -1 7.54979e-08 0 0 0 255
0.059007287 4.2377145e-08 0.5613023 0 -1 7.54979e-08 0 0 0 255
0.07900727 4.2377145e-08 0.5613023 0 -1 7.54979e-08 0 0 0 255
0.09900725 4.2377145e-08 0.5613023 0 -1 7.54979e-08 0 0 0 255
0.11900723 4.2377145e-08 0.5613023 0 -1 7.54979e-08 0 0 0 255
0.13900721 4.2377145e-08 0.5613023 0 -1 7.54979e-08 0 0 0 255
0.15900731 4.2377145e-08 0.5613023 0 -1 7.54979e-08 0 0 0 255
0.17900729 4.2377145e-08 0.5613023 0 -1 7.54979e-08 0 0 0 255
0.19900727 4.2377145e-08 0.5613023 0 -1 7.54979e-08 0 0 0 255
0.21900725 4.2377145e-08 0.5613023 0 -1 7.54979e-08 0 0 0 255
0.23900723 4.2377145e-08 0.5613023 0 -1 7.54979e-08 0 0 0 255
0.25900722 4.2377145e-08 0.5613023 0 -1 7.54979e-08 20 21 10 255
0.2790072 4.2377145e-08 0.5613023 0 -1 7.54979e-08 12 12 12 255
0.2990073 4.2377145e-08 0.5613023 0 -1 7.54979e-08 12 11 3 255
0.31900728 4.2377145e-08 0.5613023 0 -1 7.54979e-08 19 11 3 255
0.33900726 4.2377145e-08 0.5613023 0 -1 7.54979e-08 19 11 3 255
0.35900724 4.2377145e-08 0.5613023 0 -1 7.54979e-08 19 11 3 255
0.37900722 4.2377145e-08 0.5613023 0 -1 7.54979e-08 19 11 3 255
0.3990072 4.2377145e-08 0.5613023 0 -1 7.54979e-08 24 16 6 255
0.4190073 4.2377145e-08 0.5613023 0 -1 7.54979e-08 18 11 4 255
0.43900728 4.2377145e-08 0.5613023 0 -1 7.54979e-08 24 16 6 255
0.45900726 4.2377145e-08 0.5613023 0 -1 7.54979e-08 79 79 79 255
0.47900724 4.2377145e-08 0.5613023 0 -1 7.54979e-08 86 86 86 255
0.49900723 4.2377145e-08 0.5613023 0 -1 7.54979e-08 51 48 43 255
0.5190072 4.2377145e-08 0.5613023 0 -1 7.54979e-08 82 82 82 255
0.5390072 4.2377145e-08 0.5613023 0 -1 7.54979e-08 77 77 77 255
0.5590073 4.2377145e-08 0.5613023 0 -1 7.54979e-08 71 71 71 255
0.57900727 4.2377145e-08 0.5613023 0 -1 7.54979e-08 102 102 102 255
0.59900725 4.2377145e-08 0.5613023 0 -1 7.54979e-08 15 19 5 255
0.61900723 4.2377145e-08 0.5613023 0 -1 7.54979e-08 40 33 20 255
0.6390072 4.2377145e-08 0.5613023 0 -1 7.54979e-08 0 0 0 255
0.6590072 4.2377145e-08 0.5613023 0 -1 7.54979e-08 95 95 95 255
0.6790073 4.2377145e-08 0.5613023 0 -1 7.54979e-08 87 87 87 255
0.6990073 4.2377145e-08 0.5613023 0 -1 7.54979e-08 113 113 113 255
0.71900725 4.2377145e-08 0.5613023 0 -1 7.54979e-08 32 32 32 255
0.73900723 4.2377145e-08 0.5613023 0 -1 7.54979e-08 0 0 0 255
-0.5609927 4.3887102e-08 0.5813023 0 -1 7.54979e-08 0 0 0 255
-0.54099274 4.3887102e-08 0.5813023 0 -1 7.54979e-08 205 137 95 255
-0.52099276 4.3887102e-08 0.5813023 0 -1 7.54979e-08 244 169 122 255
-0.5009927 4.3887102e-08 0.5813023 0 -1 7.54979e-08 247 178 137 255
-0.48099273 4.3887102e-08 0.5813023 0 -1 7.54979e-08 247 181 143 255
-0.46099275 4.3887102e-08 0.5813023 0 -1 7.54979e-08 247 179 138 255
-0.4409927 4.3887102e-08 0.5813023 0 -1 7.54979e-08 247 184 147 255
-0.42099273 4.3887102e-08 0.5813023 0 -1 7.54979e-08 247 177 135 255
-0.40099275 4.3887102e-08 0.5813023 0 -1 7.54979e-08 247 180 141 255
-0.3809927 4.3887102e-08 0.5813023 0 -1 7.54979e-08 247 173 125 255
-0.36099273 4.3887102e-08 0.5813023 0 -1 7.54979e-08 241 166 119 255
-0.34099275 4.3887102e-08 0.5813023 0 -1 7.54979e-08 233 158 111 255
-0.3209927 4.3887102e-08 0.5813023 0 -1 7.54979e-08 225 150 103 255
-0.30099273 4.3887102e-08 0.5813023 0 -1 7.54979e-08 213 139 91 255
-0.28099275 4.3887102e-08 0.5813023 0 -1 7.54979e-08 202 127 80 255
-0.26099277 4.3887102e-08 0.5813023 0 -1 7.54979e-08 192 121 74 255
-0.24099272 4.3887102e-08 0.5813023 0 -1 7.54979e-08 182 116 69 255
-0.22099274 4.3887102e-08 0.5813023 0 -1 7.54979e-08 169 108 65 255
-0.20099276 4.3887102e-08 0.5813023 0 -1 7.54979e-08 191 119 72 255
-0.18099272 4.3887102e-08 0.5813023 0 -1 7.54979e-08 120 78 43 255
-0.16099274 4.3887102e-08 0.5813023 0 -1 7.54979e-08 70 50 23 255
-0.14099276 4.3887102e-08 0.5813023 0 -1 7.54979e-08 37 30 11 255
-0.12099272 4.3887102e-08 0.5813023 0 -1 7.54979e-08 35 25 10 255
-0.10099274 4.3887102e-08 0.5813023 0 -1 7.54979e-08 53 39 17 255
-0.08099276 4.3887102e-08 0.5813023 0 -1 7.54979e-08 58 43 19 255
-0.060992718 4.3887102e-08 0.5813023 0 -1 7.54979e-08 39 31 11 255
-0.040992737 4.3887102e-08 0.5813023 0 -1 7.54979e-08 59 43 20 255
-0.020992756 4.3887102e-08 0.5813023 0 -1 7.54979e-08 0 0 0 255
-0.000992775 4.3887102e-08 0.5813023 0 -1 7.54979e-08 0 0 0 255
0.019007206 4.3887102e-08 0.5813023 0 -1 7.54979e-08 0 0 0 255
0.039007306 4.3887102e-08 0.5813023 0 -1 7.54979e-08 0 0 0 255
0.059007287 4.3887102e-08 0.5813023 0 -1 7.54979e-08 0 0 0 255
0.07900727 4.3887102e-08 0.5813023 0 -1 7.54979e-08 0 0 0 255
0.09900725 4.3887102e-08 0.5813023 0 -1 7.54979e-08 0 0 0 255
0.11900723 4.3887102e-08 0.5813023 0 -1 7.54979e-08 0 0 0 255
0.13900721 4.3887102e-08 0.5813023 0 -1 7.54979e-08 0 0 0 255
0.15900731 4.3887102e-08 0.5813023 0 -1 7.54979e-08 0 0 0 255
0.17900729 4.3887102e-08 0.5813023 0 -1 7.54979e-08 3 9 1 255
0.19900727 4.3887102e-08 0.5813023 0 -1 7.54979e-08 6 15 3 255
0.21900725 4.3887102e-08 0.5813023 0 -1 7.54979e-08 0 0 0 255
0.23900723 4.3887102e-08 0.5813023 0 -1 7.54979e-08 64 64 64 255
0.25900722 4.3887102e-08 0.5813023 0 -1 7.54979e-08 25 25 25 255
0.2790072 4.3887102e-08 0.5813023 0 -1 7.54979e-08 0 0 0 255
0.2990073 4.3887102e-08 0.5813023 0 -1 7.54979e-08 7 19 3 255
0.31900728 4.3887102e-08 0.5813023 0 -1 7.54979e-08 7 19 3 255
0.33900726 4.3887102e-08 0.5813023 0 -1 7.54979e-08 19 11 3 255
0.35900724 4.3887102e-08 0.5813023 0 -1 7.54979e-08 17 13 3 255
0.37900722 4.3887102e-08 0.5813023 0 -1 7.54979e-08 3 7 1 255
0.3990072 4.3887102e-08 0.5813023 0 -1 7.54979e-08 6 15 3 255
0.4190073 4.3887102e-08 0.5813023 0 -1 7.54979e-08 38 48 35 255
0.43900728 4.3887102e-08 0.5813023 0 -1 7.54979e-08 68 61 52 255
0.45900726 4.3887102e-08 0.5813023 0 -1 7.54979e-08 42 36 19 255
0.47900724 4.3887102e-08 0.5813023 0 -1 7.54979e-08 19 11 3 255
0.49900723 4.3887102e-08 0.5813023 0 -1 7.54979e-08 58 58 58 255
0.5190072 4.3887102e-08 0.5813023 0 -1 7.54979e-08 101 101 101 255
0.5390072 4.3887102e-08 0.5813023 0 -1 7.54979e-08 72 72 72 255
0.5590073 4.3887102e-08 0.5813023 0 -1 7.54979e-08 84 84 84 255
0.57900727 4.3887102e-08 0.5813023 0 -1 7.54979e-08 87 80 69 255
0.59900725 4.3887102e-08 0.5813023 0 -1 7.54979e-08 4 2 0 255
0.61900723 4.3887102e-08 0.5813023 0 -1 7.54979e-08 36 35 32 255
0.6390072 4.3887102e-08 0.5813023 0 -1 7.54979e-08 31 21 8 255
0.6590072 4.3887102e-08 0.5813023 0 -1 7.54979e-08 104 104 104 255
0.6790073 4.3887102e-08 0.5813023 0 -1 7.54979e-08 99 99 99 255
0.6990073 4.3887102e-08 0.5813023 0 -1 7.54979e-08 93 93 93 255
0.71900725 4.3887102e-08 0.5813023 0 -1 7.54979e-08 0 0 0 255
-0.54099274 4.5397062e-08 0.6013023 0 -1 7.54979e-08 23 15 10 255
-0.52099276 4.5397062e-08 0.6013023 0 -1 7.54979e-08 225 150 103 255
-0.5009927 4.5397062e-08 0.6013023 0 -1 7.54979e-08 241 168 122 255
-0.48099273 4.5397062e-08 0.6013023 0 -1 7.54979e-08 247 184 149 255
-0.46099275 4.5397062e-08 0.6013023 0 -1 7.54979e-08 247 182 144 255
-0.4409927 4.5397062e-08 0.6013023 0 -1 7.54979e-08 247 174 129 255
-0.42099273 4.5397062e-08 0.6013023 0 -1 7.54979e-08 247 183 147 255
-0.40099275 4.5397062e-08 0.6013023 0 -1 7.54979e-08 247 180 141 255
-0.3809927 4.5397062e-08 0.6013023 0 -1 7.54979e-08 247 176 131 255
-0.36099273 4.5397062e-08 0.6013023 0 -1 7.54979e-08 247 173 125 255
-0.34099275 4.5397062e-08 0.6013023 0 -1 7.54979e-08 243 168 120 255
-0.3209927 4.5397062e-08 0.6013023 0 -1 7.54979e-08 232 157 110 255
-0.30099273 4.5397062e-08 0.6013023 0 -1 7.54979e-08 226 151 104 255
-0.28099275 4.5397062e-08 0.6013023 0 -1 7.54979e-08 214 139 92 255
-0.26099277 4.5397062e-08 0.6013023 0 -1 7.54979e-08 188 118 73 255
-0.24099272 4.5397062e-08 0.6013023 0 -1 7.54979e-08 173 110 66 255
-0.22099274 4.5397062e-08 0.6013023 0 -1 7.54979e-08 171 110 65 255
-0.20099276 4.5397062e-08 0.6013023 0 -1 7.54979e-08 138 88 51 255
-0.18099272 4.5397062e-08 0.6013023 0 -1 7.54979e-08 106 70 36 255
-0.16099274 4.5397062e-08 0.6013023 0 -1 7.54979e-08 61 44 20 255
-0.14099276 4.5397062e-08 0.6013023 0 -1 7.54979e-08 53 40 17 255
-0.12099272 4.5397062e-08 0.6013023 0 -1 7.54979e-08 86 60 29 255
-0.10099274 4.5397062e-08 0.6013023 0 -1 7.54979e-08 65 47 21 255
-0.08099276 4.5397062e-08 0.6013023 0 -1 7.54979e-08 43 33 13 255
-0.060992718 4.5397062e-08 0.6013023 0 -1 7.54979e-08 46 35 14 255
-0.040992737 4.5397062e-08 0.6013023 0 -1 7.54979e-08 62 46 23 255
-0.020992756 4.5397062e-08 0.6013023 0 -1 7.54979e-08 0 0 0 255
-0.000992775 4.5397062e-08 0.6013023 0 -1 7.54979e-08 6 15 3 255
0.019007206 4.5397062e-08 0.6013023 0 -1 7.54979e-08 3 7 1 255
0.039007306 4.5397062e-08 0.6013023 0 -1 7.54979e-08 0 0 0 255
0.059007287 4.5397062e-08 0.6013023 0 -1 7.54979e-08 0 0 0 255
0.07900727 4.5397062e-08 0.6013023 0 -1 7.54979e-08 0 0 0 255
0.09900725 4.5397062e-08 0.6013023 0 -1 7.54979e-08 0 0 0 255
0.11900723 4.5397062e-08 0.6013023 0 -1 7.54979e-08 0 0 0 255
0.13900721 4.5397062e-08 0.6013023 0 -1 7.54979e-08 0 0 0 255
0.15900731 4.5397062e-08 0.6013023 0 -1 7.54979e-08 0 0 0 255
0.17900729 4.5397062e-08 0.6013023 0 -1 7.54979e-08 6 17 3 255
0.19900727 4.5397062e-08 0.6013023 0 -1 7.54979e-08 0 0 0 255
0.21900725 4.5397062e-08 0.6013023 0 -1 7.54979e-08 10 7 3 255
0.23900723 4.5397062e-08 0.6013023 0 -1 7.54979e-08 56 56 56 255
0.25900722 4.5397062e-08 0.6013023 0 -1 7.54979e-08 31 25 16 255
0.2790072 4.5397062e-08 0.6013023 0 -1 7.54979e-08 151 151 151 255
0.2990073 4.5397062e-08 0.6013023 0 -1 7.54979e-08 21 24 20 255
0.31900728 4.5397062e-08 0.6013023 0 -1 7.54979e-08 16 13 3 255
0.33900726 4.5397062e-08 0.6013023 0 -1 7.54979e-08 19 11 3 255
0.35900724 4.5397062e-08 0.6013023 0 -1 7.54979e-08 16 13 3 255
0.37900722 4.5397062e-08 0.6013023 0 -1 7.54979e-08 10 7 3 255
0.3990072 4.5397062e-08 0.6013023 0 -1 7.54979e-08 161 161 161 255
0.4190073 4.5397062e-08 0.6013023 0 -1 7.54979e-08 217 217 217 255
0.43900728 4.5397062e-08 0.6013023 0 -1 7.54979e-08 231 231 231 255
0.45900726 4.5397062e-08 0.6013023 0 -1 7.54979e-08 41 41 41 255
0.47900724 4.5397062e-08 0.6013023 0 -1 7.54979e-08 28 27 25 255
0.49900723 4.5397062e-08 0.6013023 0 -1 7.54979e-08 80 80 80 255
0.5190072 4.5397062e-08 0.6013023 0 -1 7.54979e-08 95 95 95 255
0.5390072 4.5397062e-08 0.6013023 0 -1 7.54979e-08 81 81 81 255
0.5590073 4.5397062e-08 0.6013023 0 -1 7.54979e-08 115 115 115 255
0.57900727 4.5397062e-08 0.6013023 0 -1 7.54979e-08 58 62 55 255
0.59900725 4.5397062e-08 0.6013023 0 -1 7.54979e-08 31 30 28 255
0.61900723 4.5397062e-08 0.6013023 0 -1 7.54979e-08 22 18 6 255
0.6390072 4.5397062e-08 0.6013023 0 -1 7.54979e-08 81 77 70 255
0.6590072 4.5397062e-08 0.6013023 0 -1 7.54979e-08 110 110 110 255
0.6790073 4.5397062e-08 0.6013023 0 -1 7.54979e-08 130 130 130 255
0.6990073 4.5397062e-08 0.6013023 0 -1 7.54979e-08 12 12 12 255
0.71900725 4.5397062e-08 0.6013023 0 -1 7.54979e-08 0 0 0 255
-0.52099276 4.690702e-08 0.6213023 0 -1 7.54979e-08 0 0 0 255
-0.5009927 4.690702e-08 0.6213023 0 -1 7.54979e-08 184 123 85 255
-0.48099273 4.690702e-08 0.6213023 0 -1 7.54979e-08 241 167 119 255
-0.46099275 4.690702e-08 0.6213023 0 -1 7.54979e-08 247 182 144 255
-0.4409927 4.690702e-08 0.6213023 0 -1 7.54979e-08 247 184 149 255
-0.42099273 4.690702e-08 0.6213023 0 -1 7.54979e-08 247 183 146 255
-0.40099275 4.690702e-08 0.6213023 0 -1 7.54979e-08 247 182 144 255
-0.3809927 4.690702e-08 0.6213023 0 -1 7.54979e-08 247 183 146 255
-0.36099273 4.690702e-08 0.6213023 0 -1 7.54979e-08 247 177 134 255
-0.34099275 4.690702e-08 0.6213023 0 -1 7.54979e-08 247 173 125 255
-0.3209927 4.690702e-08 0.6213023 0 -1 7.54979e-08 247 172 125 255
-0.30099273 4.690702e-08 0.6213023 0 -1 7.54979e-08 229 154 107 255
-0.28099275 4.690702e-08 0.6213023 0 -1 7.54979e-08 210 135 88 255
-0.26099277 4.690702e-08 0.6213023 0 -1 7.54979e-08 175 111 67 255
-0.24099272 4.690702e-08 0.6213023 0 -1 7.54979e-08 143 93 52 255
-0.22099274 4.690702e-08 0.6213023 0 -1 7.54979e-08 116 77 41 255
-0.20099276 4.690702e-08 0.6213023 0 -1 7.54979e-08 82 58 28 255
-0.18099272 4.690702e-08 0.6213023 0 -1 7.54979e-08 56 43 18 255
-0.16099274 4.690702e-08 0.6213023 0 -1 7.54979e-08 63 48 21 255
-0.14099276 4.690702e-08 0.6213023 0 -1 7.54979e-08 86 60 29 255
-0.12099272 4.690702e-08 0.6213023 0 -1 7.54979e-08 66 47 21 255
-0.10099274 4.690702e-08 0.6213023 0 -1 7.54979e-08 45 34 14 255
-0.08099276 4.690702e-08 0.6213023 0 -1 7.54979e-08 46 35 14 255
-0.060992718 4.690702e-08 0.6213023 0 -1 7.54979e-08 66 48 23 255
-0.040992737 4.690702e-08 0.6213023 0 -1 7.54979e-08 78 58 27 255
-0.020992756 4.690702e-08 0.6213023 0 -1 7.54979e-08 0 0 0 255
-0.000992775 4.690702e-08 0.6213023 0 -1 7.54979e-08 0 0 0 255
0.019007206 4.690702e-08 0.6213023 0 -1 7.54979e-08 5 5 1 255
0.039007306 4.690702e-08 0.6213023 0 -1 7.54979e-08 13 13 13 255
0.059007287 4.690702e-08 0.6213023 0 -1 7.54979e-08 0 0 0 255
0.07900727 4.690702e-08 0.6213023 0 -1 7.54979e-08 0 0 0 255
0.09900725 4.690702e-08 0.6213023 0 -1 7.54979e-08 0 0 0 255
0.11900723 4.690702e-08 0.6213023 0 -1 7.54979e-08 0 0 0 255
0.13900721 4.690702e-08 0.6213023 0 -1 7.54979e-08 0 0 0 255
0.15900731 4.690702e-08 0.6213023 0 -1 7.54979e-08 19 11 3 255
0.17900729 4.690702e-08 0.6213023 0 -1 7.54979e-08 11 9 2 255
0.19900727 4.690702e-08 0.6213023 0 -1 7.54979e-08 7 4 1 255
0.21900725 4.690702e-08 0.6213023 0 -1 7.54979e-08 44 43 41 255
0.23900723 4.690702e-08 0.6213023 0 -1 7.54979e-08 0 0 0 255
0.25900722 4.690702e-08 0.6213023 0 -1 7.54979e-08 24 19 11 255
0.2790072 4.690702e-08 0.6213023 0 -1 7.54979e-08 91 91 91 255
0.2990073 4.690702e-08 0.6213023 0 -1 7.54979e-08 9 9 3 255
0.31900728 4.690702e-08 0.6213023 0 -1 7.54979e-08 19 11 3 255
0.33900726 4.690702e-08 0.6213023 0 -1 7.54979e-08 19 11 3 255
0.35900724 4.690702e-08 0.6213023 0 -1 7.54979e-08 19 11 3 255
0.37900722 4.690702e-08 0.6213023 0 -1 7.54979e-08 19 11 3 255
0.3990072 4.690702e-08 0.6213023 0 -1 7.54979e-08 85 85 85 255
0.4190073 4.690702e-08 0.6213023 0 -1 7.54979e-08 86 88 85 255
0.43900728 4.690702e-08 0.6213023 0 -1 7.54979e-08 31 23 8 255
0.45900726 4.690702e-08 0.6213023 0 -1 7.54979e-08 13 9 3 255
0.47900724 4.690702e-08 0.6213023 0 -1 7.54979e-08 55 46 31 255
0.49900723 4.690702e-08 0.6213023 0 -1 7.54979e-08 82 82 82 255
0.5190072 4.690702e-08 0.6213023 0 -1 7.54979e-08 82 82 82 255
0.5390072 4.690702e-08 0.6213023 0 -1 7.54979e-08 84 84 84 255
0.5590073 4.690702e-08 0.6213023 0 -1 7.54979e-08 125 125 125 255
0.57900727 4.690702e-08 0.6213023 0 -1 7.54979e-08 23 20 17 255
0.59900725 4.690702e-08 0.6213023 0 -1 7.54979e-08 53 50 43 255
0.61900723 4.690702e-08 0.6213023 0 -1 7.54979e-08 25 23 8 255
0.6390072 4.690702e-08 0.6213023 0 -1 7.54979e-08 126 126 126 255
0.6590072 4.690702e-08 0.6213023 0 -1 7.54979e-08 112 112 112 255
0.6790073 4.690702e-08 0.6213023 0 -1 7.54979e-08 0 0 0 255
0.6990073 4.690702e-08 0.6213023 0 -1 7.54979e-08 0 0 0 255
-0.5009927 4.8416975e-08 0.6413023 0 -1 7.54979e-08 104 67 43 255
-0.48099273 4.8416975e-08 0.6413023 0 -1 7.54979e-08 209 134 87 255
-0.46099275 4.8416975e-08 0.6413023 0 -1 7.54979e-08 240 165 118 255
-0.4409927 4.8416975e-08 0.6413023 0 -1 7.54979e-08 247 173 126 255
-0.42099273 4.8416975e-08 0.6413023 0 -1 7.54979e-08 247 184 149 255
-0.40099275 4.8416975e-08 0.6413023 0 -1 7.54979e-08 247 184 149 255
-0.3809927 4.8416975e-08 0.6413023 0 -1 7.54979e-08 247 184 149 255
-0.36099273 4.8416975e-08 0.6413023 0 -1 7.54979e-08 247 184 149 255
-0.34099275 4.8416975e-08 0.6413023 0 -1 7.54979e-08 240 165 118 255
-0.3209927 4.8416975e-08 0.6413023 0 -1 7.54979e-08 217 142 95 255
-0.30099273 4.8416975e-08 0.6413023 0 -1 7.54979e-08 184 116 71 255
-0.28099275 4.8416975e-08 0.6413023 0 -1 7.54979e-08 166 106 63 255
-0.26099277 4.8416975e-08 0.6413023 0 -1 7.54979e-08 132 85 47 255
-0.24099272 4.8416975e-08 0.6413023 0 -1 7.54979e-08 79 59 27 255
-0.22099274 4.8416975e-08 0.6413023 0 -1 7.54979e-08 59 45 19 255
-0.20099276 4.8416975e-08 0.6413023 0 -1 7.54979e-08 59 43 19 255
-0.18099272 4.8416975e-08 0.6413023 0 -1 7.54979e-08 94 65 32 255
-0.16099274 4.8416975e-08 0.6413023 0 -1 7.54979e-08 90 62 31 255
-0.14099276 4.8416975e-08 0.6413023 0 -1 7.54979e-08 65 47 21 255
-0.12099272 4.8416975e-08 0.6413023 0 -1 7.54979e-08 39 31 11 255
-0.10099274 4.8416975e-08 0.6413023 0 -1 7.54979e-08 48 37 15 255
-0.08099276 4.8416975e-08 0.6413023 0 -1 7.54979e-08 62 46 23 255
-0.060992718 4.8416975e-08 0.6413023 0 -1 7.54979e-08 89 62 31 255
-0.040992737 4.8416975e-08 0.6413023 0 -1 7.54979e-08 70 51 23 255
-0.020992756 4.8416975e-08 0.6413023 0 -1 7.54979e-08 0 0 0 255
-0.000992775 4.8416975e-08 0.6413023 0 -1 7.54979e-08 18 11 3 255
0.019007206 4.8416975e-08 0.6413023 0 -1 7.54979e-08 9 6 1 255
0.039007306 4.8416975e-08 0.6413023 0 -1 7.54979e-08 92 91 91 255
0.059007287 4.8416975e-08 0.6413023 0 -1 7.54979e-08 0 0 0 255
0.07900727 4.8416975e-08 0.6413023 0 -1 7.54979e-08 30 30 30 255
0.09900725 4.8416975e-08 0.6413023 0 -1 7.54979e-08 3 9 1 255
0.11900723 4.8416975e-08 0.6413023 0 -1 7.54979e-08 0 0 0 255
0.13900721 4.8416975e-08 0.6413023 0 -1 7.54979e-08 22 15 5 255
0.15900731 4.8416975e-08 0.6413023 0 -1 7.54979e-08 8 19 3 255
0.17900729 4.8416975e-08 0.6413023 0 -1 7.54979e-08 7 19 3 255
0.19900727 4.8416975e-08 0.6413023 0 -1 7.54979e-08 30 30 30 255
0.21900725 4.8416975e-08 0.6413023 0 -1 7.54979e-08 13 15 4 255
0.23900723 4.8416975e-08 0.6413023 0 -1 7.54979e-08 18 11 3 255
0.25900722 4.8416975e-08 0.6413023 0 -1 7.54979e-08 21 21 21 255
0.2790072 4.8416975e-08 0.6413023 0 -1 7.54979e-08 42 42 42 255
0.2990073 4.8416975e-08 0.6413023 0 -1 7.54979e-08 0 0 0 255
0.31900728 4.8416975e-08 0.6413023 0 -1 7.54979e-08 19 11 3 255
0.33900726 4.8416975e-08 0.6413023 0 -1 7.54979e-08 19 11 3 255
0.35900724 4.8416975e-08 0.6413023 0 -1 7.54979e-08 19 11 3 255
0.37900722 4.8416975e-08 0.6413023 0 -1 7.54979e-08 29 21 7 255
0.3990072 4.8416975e-08 0.6413023 0 -1 7.54979e-08 66 66 66 255
0.4190073 4.8416975e-08 0.6413023 0 -1 7.54979e-08 21 21 21 255
0.43900728 4.8416975e-08 0.6413023 0 -1 7.54979e-08 19 11 3 255
0.45900726 4.8416975e-08 0.6413023 0 -1 7.54979e-08 19 15 5 255
0.47900724 4.8416975e-08 0.6413023 0 -1 7.54979e-08 51 51 50 255
0.49900723 4.8416975e-08 0.6413023 0 -1 7.54979e-08 88 88 88 255
0.5190072 4.8416975e-08 0.6413023 0 -1 7.54979e-08 82 82 82 255
0.5390072 4.8416975e-08 0.6413023 0 -1 7.54979e-08 92 92 92 255
0.5590073 4.8416975e-08 0.6413023 0 -1 7.54979e-08 121 121 121 255
0.57900727 4.8416975e-08 0.6413023 0 -1 7.54979e-08 17 19 5 255
0.59900725 4.8416975e-08 0.6413023 0 -1 7.54979e-08 27 19 7 255
0.61900723 4.8416975e-08 0.6413023 0 -1 7.54979e-08 44 50 42 255
0.6390072 4.8416975e-08 0.6413023 0 -1 7.54979e-08 125 125 125 255
0.6590072 4.8416975e-08 0.6413023 0 -1 7.54979e-08 108 108 108 255
0.6790073 4.8416975e-08 0.6413023 0 -1 7.54979e-08 140 140 140 255
0.6990073 4.8416975e-08 0.6413023 0 -1 7.54979e-08 0 0 0 255
-0.5009927 4.992694e-08 0.6613023 0 -1 7.54979e-08 55 37 19 255
-0.48099273 4.992694e-08 0.6613023 0 -1 7.54979e-08 146 95 54 255
-0.46099275 4.992694e-08 0.6613023 0 -1 7.54979e-08 166 107 64 255
-0.4409927 4.992694e-08 0.6613023 0 -1 7.54979e-08 195 127 82 255
-0.42099273 4.992694e-08 0.6613023 0 -1 7.54979e-08 222 147 100 255
-0.40099275 4.992694e-08 0.6613023 0 -1 7.54979e-08 234 159 112 255
-0.3809927 4.992694e-08 0.6613023 0 -1 7.54979e-08 236 162 114 255
-0.36099273 4.992694e-08 0.6613023 0 -1 7.54979e-08 214 139 92 255
-0.34099275 4.992694e-08 0.6613023 0 -1 7.54979e-08 179 114 70 255
-0.3209927 4.992694e-08 0.6613023 0 -1 7.54979e-08 136 88 49 255
-0.30099273 4.992694e-08 0.6613023 0 -1 7.54979e-08 123 81 44 255
-0.28099275 4.992694e-08 0.6613023 0 -1 7.54979e-08 93 63 32 255
-0.26099277 4.992694e-08 0.6613023 0 -1 7.54979e-08 67 51 23 255
-0.24099272 4.992694e-08 0.6613023 0 -1 7.54979e-08 93 63 33 255
-0.22099274 4.992694e-08 0.6613023 0 -1 7.54979e-08 98 66 34 255
-0.20099276 4.992694e-08 0.6613023 0 -1 7.54979e-08 107 71 38 255
-0.18099272 4.992694e-08 0.6613023 0 -1 7.54979e-08 78 55 26 255
-0.16099274 4.992694e-08 0.6613023 0 -1 7.54979e-08 53 39 16 255
-0.14099276 4.992694e-08 0.6613023 0 -1 7.54979e-08 43 33 13 255
-0.12099272 4.992694e-08 0.6613023 0 -1 7.54979e-08 50 37 16 255
-0.10099274 4.992694e-08 0.6613023 0 -1 7.54979e-08 66 49 23 255
-0.08099276 4.992694e-08 0.6613023 0 -1 7.54979e-08 90 62 31 255
-0.060992718 4.992694e-08 0.6613023 0 -1 7.54979e-08 75 55 25 255
-0.040992737 4.992694e-08 0.6613023 0 -1 7.54979e-08 47 36 15 255
-0.020992756 4.992694e-08 0.6613023 0 -1 7.54979e-08 0 0 0 255
-0.000992775 4.992694e-08 0.6613023 0 -1 7.54979e-08 19 11 3 255
0.019007206 4.992694e-08 0.6613023 0 -1 7.54979e-08 19 11 3 255
0.039007306 4.992694e-08 0.6613023 0 -1 7.54979e-08 95 95 95 255
0.059007287 4.992694e-08 0.6613023 0 -1 7.54979e-08 11 7 2 255
0.07900727 4.992694e-08 0.6613023 0 -1 7.54979e-08 209 209 209 255
0.09900725 4.992694e-08 0.6613023 0 -1 7.54979e-08 73 73 73 255
0.11900723 4.992694e-08 0.6613023 0 -1 7.54979e-08 25 18 8 255
0.13900721 4.992694e-08 0.6613023 0 -1 7.54979e-08 14 22 5 255
0.15900731 4.992694e-08 0.6613023 0 -1 7.54979e-08 8 5 1 255
0.17900729 4.992694e-08 0.6613023 0 -1 7.54979e-08 32 31 29 255
0.19900727 4.992694e-08 0.6613023 0 -1 7.54979e-08 90 90 90 255
0.21900725 4.992694e-08 0.6613023 0 -1 7.54979e-08 31 34 30 255
0.23900723 4.992694e-08 0.6613023 0 -1 7.54979e-08 23 28 21 255
0.25900722 4.992694e-08 0.6613023 0 -1 7.54979e-08 50 50 50 255
0.2790072 4.992694e-08 0.6613023 0 -1 7.54979e-08 46 46 46 255
0.2990073 4.992694e-08 0.6613023 0 -1 7.54979e-08 3 9 1 255
0.31900728 4.992694e-08 0.6613023 0 -1 7.54979e-08 19 11 3 255
0.33900726 4.992694e-08 0.6613023 0 -1 7.54979e-08 19 11 3 255
0.35900724 4.992694e-08 0.6613023 0 -1 7.54979e-08 23 16 6 255
0.37900722 4.992694e-08 0.6613023 0 -1 7.54979e-08 31 31 31 255
0.3990072 4.992694e-08 0.6613023 0 -1 7.54979e-08 78 78 78 255
0.4190073 4.992694e-08 0.6613023 0 -1 7.54979e-08 17 15 10 255
0.43900728 4.992694e-08 0.6613023 0 -1 7.54979e-08 0 0 0 255
0.45900726 4.992694e-08 0.6613023 0 -1 7.54979e-08 10 12 3 255
0.47900724 4.992694e-08 0.6613023 0 -1 7.54979e-08 78 78 78 255
0.49900723 4.992694e-08 0.6613023 0 -1 7.54979e-08 98 98 98 255
0.5190072 4.992694e-08 0.6613023 0 -1 7.54979e-08 78 78 78 255
0.5390072 4.992694e-08 0.6613023 0 -1 7.54979e-08 92 92 92 255
0.5590073 4.992694e-08 0.6613023 0 -1 7.54979e-08 107 107 107 255
0.57900727 4.992694e-08 0.6613023 0 -1 7.54979e-08 42 45 41 255
0.59900725 4.992694e-08 0.6613023 0 -1 7.54979e-08 3 8 1 255
0.61900723 4.992694e-08 0.6613023 0 -1 7.54979e-08 98 96 94 255
0.6390072 4.992694e-08 0.6613023 0 -1 7.54979e-08 132 132 132 255
0.6590072 4.992694e-08 0.6613023 0 -1 7.54979e-08 39 39 30 255
0.6790073 4.992694e-08 0.6613023 0 -1 7.54979e-08 25 26 8 255
0.6990073 4.992694e-08 0.6613023 0 -1 7.54979e-08 71 67 62 255
-0.5009927 5.1436896e-08 0.6813023 0 -1 7.54979e-08 51 33 17 255
-0.48099273 5.1436896e-08 0.6813023 0 -1 7.54979e-08 73 52 24 255
-0.46099275 5.1436896e-08 0.6813023 0 -1 7.54979e-08 82 56 27 255
-0.4409927 5.1436896e-08 0.6813023 0 -1 7.54979e-08 112 73 39 255
-0.42099273 5.1436896e-08 0.6813023 0 -1 7.54979e-08 128 85 48 255
-0.40099275 5.1436896e-08 0.6813023 0 -1 7.54979e-08 128 85 48 255
-0.3809927 5.1436896e-08 0.6813023 0 -1 7.54979e-08 116 77 41 255
-0.36099273 5.1436896e-08 0.6813023 0 -1 7.54979e-08 82 58 28 255
-0.34099275 5.1436896e-08 0.6813023 0 -1 7.54979e-08 70 52 23 255
-0.3209927 5.1436896e-08 0.6813023 0 -1 7.54979e-08 71 52 23 255
-0.30099273 5.1436896e-08 0.6813023 0 -1 7.54979e-08 64 47 21 255
-0.28099275 5.1436896e-08 0.6813023 0 -1 7.54979e-08 86 62 30 255
-0.26099277 5.1436896e-08 0.6813023 0 -1 7.54979e-08 125 80 45 255
-0.24099272 5.1436896e-08 0.6813023 0 -1 7.54979e-08 105 69 36 255
-0.22099274 5.1436896e-08 0.6813023 0 -1 7.54979e-08 74 53 24 255
-0.20099276 5.1436896e-08 0.6813023 0 -1 7.54979e-08 55 41 18 255
-0.18099272 5.1436896e-08 0.6813023 0 -1 7.54979e-08 40 32 12 255
-0.16099274 5.1436896e-08 0.6813023 0 -1 7.54979e-08 42 33 13 255
-0.14099276 5.1436896e-08 0.6813023 0 -1 7.54979e-08 66 47 23 255
-0.12099272 5.1436896e-08 0.6813023 0 -1 7.54979e-08 90 62 31 255
-0.10099274 5.1436896e-08 0.6813023 0 -1 7.54979e-08 82 59 28 255
-0.08099276 5.1436896e-08 0.6813023 0 -1 7.54979e-08 58 43 19 255
-0.060992718 5.1436896e-08 0.6813023 0 -1 7.54979e-08 58 43 19 255
-0.040992737 5.1436896e-08 0.6813023 0 -1 7.54979e-08 60 44 19 255
-0.020992756 5.1436896e-08 0.6813023 0 -1 7.54979e-08 0 0 0 255
-0.000992775 5.1436896e-08 0.6813023 0 -1 7.54979e-08 19 11 3 255
0.019007206 5.1436896e-08 0.6813023 0 -1 7.54979e-08 19 11 3 255
0.039007306 5.1436896e-08 0.6813023 0 -1 7.54979e-08 115 112 109 255
0.059007287 5.1436896e-08 0.6813023 0 -1 7.54979e-08 14 16 13 255
0.07900727 5.1436896e-08 0.6813023 0 -1 7.54979e-08 145 145 145 255
0.09900725 5.1436896e-08 0.6813023 0 -1 7.54979e-08 77 77 77 255
0.11900723 5.1436896e-08 0.6813023 0 -1 7.54979e-08 5 4 1 255
0.13900721 5.1436896e-08 0.6813023 0 -1 7.54979e-08 7 19 3 255
0.15900731 5.1436896e-08 0.6813023 0 -1 7.54979e-08 0 0 0 255
0.17900729 5.1436896e-08 0.6813023 0 -1 7.54979e-08 66 72 64 255
0.19900727 5.1436896e-08 0.6813023 0 -1 7.54979e-08 74 57 30 255
0.21900725 5.1436896e-08 0.6813023 0 -1 7.54979e-08 62 62 62 255
0.23900723 5.1436896e-08 0.6813023 0 -1 7.54979e-08 34 33 31 255
0.25900722 5.1436896e-08 0.6813023 0 -1 7.54979e-08 74 71 67 255
0.2790072 5.1436896e-08 0.6813023 0 -1 7.54979e-08 30 29 27 255
0.2990073 5.1436896e-08 0.6813023 0 -1 7.54979e-08 4 9 1 255
0.31900728 5.1436896e-08 0.6813023 0 -1 7.54979e-08 19 11 3 255
0.33900726 5.1436896e-08 0.6813023 0 -1 7.54979e-08 54 37 17 255
0.35900724 5.1436896e-08 0.6813023 0 -1 7.54979e-08 45 45 45 255
0.37900722 5.1436896e-08 0.6813023 0 -1 7.54979e-08 64 58 48 255
0.3990072 5.1436896e-08 0.6813023 0 -1 7.54979e-08 59 57 54 255
0.4190073 5.1436896e-08 0.6813023 0 -1 7.54979e-08 0 0 0 255
0.43900728 5.1436896e-08 0.6813023 0 -1 7.54979e-08 7 19 3 255
0.45900726 5.1436896e-08 0.6813023 0 -1 7.54979e-08 5 10 3 255
0.47900724 5.1436896e-08 0.6813023 0 -1 7.54979e-08 104 104 104 255
0.49900723 5.1436896e-08 0.6813023 0 -1 7.54979e-08 97 97 97 255
0.5190072 5.1436896e-08 0.6813023 0 -1 7.54979e-08 74 74 74 255
0.5390072 5.1436896e-08 0.6813023 0 -1 7.54979e-08 108 108 108 255
0.5590073 5.1436896e-08 0.6813023 0 -1 7.54979e-08 58 59 57 255
0.57900727 5.1436896e-08 0.6813023 0 -1 7.54979e-08 46 36 17 255
0.59900725 5.1436896e-08 0.6813023 0 -1 7.54979e-08 8 6 3 255
0.61900723 5.1436896e-08 0.6813023 0 -1 7.54979e-08 136 136 136 255
0.6390072 5.1436896e-08 0.6813023 0 -1 7.54979e-08 66 50 23 255
0.6590072 5.1436896e-08 0.6813023 0 -1 7.54979e-08 12 8 2 255
0.6790073 5.1436896e-08 0.6813023 0 -1 7.54979e-08 39 31 11 255
0.6990073 5.1436896e-08 0.6813023 0 -1 7.54979e-08 22 14 4 255
0.71900725 5.1436896e-08 0.6813023 0 -1 7.54979e-08 22 14 5 255
0.73900723 5.1436896e-08 0.6813023 0 -1 7.54979e-08 63 59 49 255
-0.5009927 5.2946852e-08 0.7013023 0 -1 7.54979e-08 62 40 22 255
-0.48099273 5.2946852e-08 0.7013023 0 -1 7.54979e-08 99 65 34 255
-0.46099275 5.2946852e-08 0.7013023 0 -1 7.54979e-08 82 58 28 255
-0.4409927 5.2946852e-08 0.7013023 0 -1 7.54979e-08 67 48 22 255
-0.42099273 5.2946852e-08 0.7013023 0 -1 7.54979e-08 51 40 18 255
-0.40099275 5.2946852e-08 0.7013023 0 -1 7.54979e-08 54 43 19 255
-0.3809927 5.2946852e-08 0.7013023 0 -1 7.54979e-08 59 45 20 255
-0.36099273 5.2946852e-08 0.7013023 0 -1 7.54979e-08 76 54 26 255
-0.34099275 5.2946852e-08 0.7013023 0 -1 7.54979e-08 92 61 31 255
-0.3209927 5.2946852e-08 0.7013023 0 -1 7.54979e-08 96 64 33 255
-0.30099273 5.2946852e-08 0.7013023 0 -1 7.54979e-08 104 69 36 255
-0.28099275 5.2946852e-08 0.7013023 0 -1 7.54979e-08 86 59 29 255
-0.26099277 5.2946852e-08 0.7013023 0 -1 7.54979e-08 62 45 20 255
-0.24099272 5.2946852e-08 0.7013023 0 -1 7.54979e-08 44 34 13 255
-0.22099274 5.2946852e-08 0.7013023 0 -1 7.54979e-08 39 31 11 255
-0.20099276 5.2946852e-08 0.7013023 0 -1 7.54979e-08 53 39 17 255
-0.18099272 5.2946852e-08 0.7013023 0 -1 7.54979e-08 69 50 24 255
-0.16099274 5.2946852e-08 0.7013023 0 -1 7.54979e-08 91 61 32 255
-0.14099276 5.2946852e-08 0.7013023 0 -1 7.54979e-08 91 63 31 255
-0.12099272 5.2946852e-08 0.7013023 0 -1 7.54979e-08 69 51 25 255
-0.10099274 5.2946852e-08 0.7013023 0 -1 7.54979e-08 61 45 21 255
-0.08099276 5.2946852e-08 0.7013023 0 -1 7.54979e-08 61 45 22 255
-0.060992718 5.2946852e-08 0.7013023 0 -1 7.54979e-08 74 53 25 255
-0.040992737 5.2946852e-08 0.7013023 0 -1 7.54979e-08 70 50 23 255
-0.020992756 5.2946852e-08 0.7013023 0 -1 7.54979e-08 0 0 0 255
-0.000992775 5.2946852e-08 0.7013023 0 -1 7.54979e-08 19 11 3 255
0.019007206 5.2946852e-08 0.7013023 0 -1 7.54979e-08 19 11 3 255
0.039007306 5.2946852e-08 0.7013023 0 -1 7.54979e-08 15 11 5 255
0.059007287 5.2946852e-08 0.7013023 0 -1 7.54979e-08 28 28 21 255
0.07900727 5.2946852e-08 0.7013023 0 -1 7.54979e-08 50 59 47 255
0.09900725 5.2946852e-08 0.7013023 0 -1 7.54979e-08 119 119 119 255
0.11900723 5.2946852e-08 0.7013023 0 -1 7.54979e-08 68 51 23 255
0.13900721 5.2946852e-08 0.7013023 0 -1 7.54979e-08 4 12 2 255
0.15900731 5.2946852e-08 0.7013023 0 -1 7.54979e-08 0 0 0 255
0.17900729 5.2946852e-08 0.7013023 0 -1 7.54979e-08 66 72 64 255
0.19900727 5.2946852e-08 0.7013023 0 -1 7.54979e-08 51 51 50 255
0.21900725 5.2946852e-08 0.7013023 0 -1 7.54979e-08 94 91 88 255
0.23900723 5.2946852e-08 0.7013023 0 -1 7.54979e-08 21 14 5 255
0.25900722 5.2946852e-08 0.7013023 0 -1 7.54979e-08 109 109 109 255
0.2790072 5.2946852e-08 0.7013023 0 -1 7.54979e-08 13 19 5 255
0.2990073 5.2946852e-08 0.7013023 0 -1 7.54979e-08 5 8 1 255
0.31900728 5.2946852e-08 0.7013023 0 -1 7.54979e-08 19 11 3 255
0.33900726 5.2946852e-08 0.7013023 0 -1 7.54979e-08 21 13 5 255
0.35900724 5.2946852e-08 0.7013023 0 -1 7.54979e-08 168 168 168 255
0.37900722 5.2946852e-08 0.7013023 0 -1 7.54979e-08 79 76 73 255
0.3990072 5.2946852e-08 0.7013023 0 -1 7.54979e-08 24 16 5 255
0.4190073 5.2946852e-08 0.7013023 0 -1 7.54979e-08 2 7 1 255
0.43900728 5.2946852e-08 0.7013023 0 -1 7.54979e-08 2 5 1 255
0.45900726 5.2946852e-08 0.7013023 0 -1 7.54979e-08 28 28 28 255
0.47900724 5.2946852e-08 0.7013023 0 -1 7.54979e-08 121 121 121 255
0.49900723 5.2946852e-08 0.7013023 0 -1 7.54979e-08 89 89 89 255
0.5190072 5.2946852e-08 0.7013023 0 -1 7.54979e-08 80 80 80 255
0.5390072 5.2946852e-08 0.7013023 0 -1 7.54979e-08 126 126 126 255
0.5590073 5.2946852e-08 0.7013023 0 -1 7.54979e-08 28 31 27 255
0.57900727 5.2946852e-08 0.7013023 0 -1 7.54979e-08 29 24 14 255
0.59900725 5.2946852e-08 0.7013023 0 -1 7.54979e-08 85 80 74 255
0.61900723 5.2946852e-08 0.7013023 0 -1 7.54979e-08 91 88 85 255
0.6390072 5.2946852e-08 0.7013023 0 -1 7.54979e-08 5 14 2 255
0.6590072 5.2946852e-08 0.7013023 0 -1 7.54979e-08 36 28 10 255
0.6790073 5.2946852e-08 0.7013023 0 -1 7.54979e-08 39 31 11 255
0.6990073 5.2946852e-08 0.7013023 0 -1 7.54979e-08 46 35 14 255
0.71900725 5.2946852e-08 0.7013023 0 -1 7.54979e-08 39 31 11 255
0.73900723 5.2946852e-08 0.7013023 0 -1 7.54979e-08 26 19 7 255
0.7590072 5.2946852e-08 0.7013023 0 -1 7.54979e-08 27 35 24 255
-0.5009927 5.4456812e-08 0.72130233 0 -1 7.54979e-08 0 0 0 255
-0.48099273 5.4456812e-08 0.72130233 0 -1 7.54979e-08 121 79 42 255
-0.46099275 5.4456812e-08 0.72130233 0 -1 7.54979e-08 121 79 43 255
-0.4409927 5.4456812e-08 0.72130233 0 -1 7.54979e-08 106 70 36 255
-0.42099273 5.4456812e-08 0.72130233 0 -1 7.54979e-08 98 66 34 255
-0.40099275 5.4456812e-08 0.72130233 0 -1 7.54979e-08 92 63 36 255
-0.3809927 5.4456812e-08 0.72130233 0 -1 7.54979e-08 107 70 37 255
-0.36099273 5.4456812e-08 0.72130233 0 -1 7.54979e-08 120 77 43 255
-0.34099275 5.4456812e-08 0.72130233 0 -1 7.54979e-08 103 68 35 255
-0.3209927 5.4456812e-08 0.72130233 0 -1 7.54979e-08 60 44 19 255
-0.30099273 5.4456812e-08 0.72130233 0 -1 7.54979e-08 53 40 18 255
-0.28099275 5.4456812e-08 0.72130233 0 -1 7.54979e-08 45 35 14 255
-0.26099277 5.4456812e-08 0.72130233 0 -1 7.54979e-08 51 39 16 255
-0.24099272 5.4456812e-08 0.72130233 0 -1 7.54979e-08 59 42 19 255
-0.22099274 5.4456812e-08 0.72130233 0 -1 7.54979e-08 78 54 27 255
-0.20099276 5.4456812e-08 0.72130233 0 -1 7.54979e-08 90 62 31 255
-0.18099272 5.4456812e-08 0.72130233 0 -1 7.54979e-08 91 62 31 255
-0.16099274 5.4456812e-08 0.72130233 0 -1 7.54979e-08 73 54 26 255
-0.14099276 5.4456812e-08 0.72130233 0 -1 7.54979e-08 64 47 23 255
-0.12099272 5.4456812e-08 0.72130233 0 -1 7.54979e-08 67 50 24 255
-0.10099274 5.4456812e-08 0.72130233 0 -1 7.54979e-08 78 54 27 255
-0.08099276 5.4456812e-08 0.72130233 0 -1 7.54979e-08 86 61 29 255
-0.060992718 5.4456812e-08 0.72130233 0 -1 7.54979e-08 78 56 26 255
-0.040992737 5.4456812e-08 0.72130233 0 -1 7.54979e-08 70 50 23 255
-0.020992756 5.4456812e-08 0.72130233 0 -1 7.54979e-08 0 0 0 255
-0.000992775 5.4456812e-08 0.72130233 0 -1 7.54979e-08 19 11 3 255
0.019007206 5.4456812e-08 0.72130233 0 -1 7.54979e-08 19 11 3 255
0.039007306 5.4456812e-08 0.72130233 0 -1 7.54979e-08 0 0 0 255
0.059007287 5.4456812e-08 0.72130233 0 -1 7.54979e-08 48 45 41 255
0.07900727 5.4456812e-08 0.72130233 0 -1 7.54979e-08 6 4 1 255
0.09900725 5.4456812e-08 0.72130233 0 -1 7.54979e-08 125 124 118 255
0.11900723 5.4456812e-08 0.72130233 0 -1 7.54979e-08 95 95 95 255
0.13900721 5.4456812e-08 0.72130233 0 -1 7.54979e-08 10 18 7 255
0.15900731 5.4456812e-08 0.72130233 0 -1 7.54979e-08 0 0 0 255
0.17900729 5.4456812e-08 0.72130233 0 -1 7.54979e-08 79 81 75 255
0.19900727 5.4456812e-08 0.72130233 0 -1 7.54979e-08 48 48 48 255
0.21900725 5.4456812e-08 0.72130233 0 -1 7.54979e-08 107 107 107 255
0.23900723 5.4456812e-08 0.72130233 0 -1 7.54979e-08 0 0 0 255
0.25900722 5.4456812e-08 0.72130233 0 -1 7.54979e-08 143 143 143 255
0.2790072 5.4456812e-08 0.72130233 0 -1 7.54979e-08 0 0 0 255
0.2990073 5.4456812e-08 0.72130233 0 -1 7.54979e-08 9 5 1 255
0.31900728 5.4456812e-08 0.72130233 0 -1 7.54979e-08 21 14 5 255
0.33900726 5.4456812e-08 0.72130233 0 -1 7.54979e-08 10 18 8 255
0.35900724 5.4456812e-08 0.72130233 0 -1 7.54979e-08 231 231 231 255
0.37900722 5.4456812e-08 0.72130233 0 -1 7.54979e-08 61 65 60 255
0.3990072 5.4456812e-08 0.72130233 0 -1 7.54979e-08 5 13 2 255
0.4190073 5.4456812e-08 0.72130233 0 -1 7.54979e-08 18 18 18 255
0.43900728 5.4456812e-08 0.72130233 0 -1 7.54979e-08 0 0 0 255
0.45900726 5.4456812e-08 0.72130233 0 -1 7.54979e-08 66 63 60 255
0.47900724 5.4456812e-08 0.72130233 0 -1 7.54979e-08 102 102 102 255
0.49900723 5.4456812e-08 0.72130233 0 -1 7.54979e-08 94 94 94 255
0.5190072 5.4456812e-08 0.72130233 0 -1 7.54979e-08 94 94 94 255
0.5390072 5.4456812e-08 0.72130233 0 -1 7.54979e-08 108 108 108 255
0.5590073 5.4456812e-08 0.72130233 0 -1 7.54979e-08 50 50 50 255
0.57900727 5.4456812e-08 0.72130233 0 -1 7.54979e-08 14 15 11 255
0.59900725 5.4456812e-08 0.72130233 0 -1 7.54979e-08 79 79 79 255
0.61900723 5.4456812e-08 0.72130233 0 -1 7.54979e-08 47 39 29 255
0.6390072 5.4456812e-08 0.72130233 0 -1 7.54979e-08 39 31 11 255
0.6590072 5.4456812e-08 0.72130233 0 -1 7.54979e-08 39 31 11 255
0.6790073 5.4456812e-08 0.72130233 0 -1 7.54979e-08 45 35 14 255
0.6990073 5.4456812e-08 0.72130233 0 -1 7.54979e-08 61 45 22 255
0.71900725 5.4456812e-08 0.72130233 0 -1 7.54979e-08 60 44 20 255
0.73900723 5.4456812e-08 0.72130233 0 -1 7.54979e-08 49 37 16 255
0.7590072 5.4456812e-08 0.72130233 0 -1 7.54979e-08 6 3 1 255
-0.48099273 5.596677e-08 0.7413023 0 -1 7.54979e-08 10 7 4 255
-0.46099275 5.596677e-08 0.7413023 0 -1 7.54979e-08 72 47 26 255
-0.4409927 5.596677e-08 0.7413023 0 -1 7.54979e-08 133 88 49 255
-0.42099273 5.596677e-08 0.7413023 0 -1 7.54979e-08 121 78 42 255
-0.40099275 5.596677e-08 0.7413023 0 -1 7.54979e-08 115 75 39 255
-0.3809927 5.596677e-08 0.7413023 0 -1 7.54979e-08 115 75 39 255
-0.36099273 5.596677e-08 0.7413023 0 -1 7.54979e-08 113 73 38 255
-0.34099275 5.596677e-08 0.7413023 0 -1 7.54979e-08 104 68 35 255
-0.3209927 5.596677e-08 0.7413023 0 -1 7.54979e-08 107 71 36 255
-0.30099273 5.596677e-08 0.7413023 0 -1 7.54979e-08 109 71 38 255
-0.28099275 5.596677e-08 0.7413023 0 -1 7.54979e-08 98 64 33 255
-0.26099277 5.596677e-08 0.7413023 0 -1 7.54979e-08 89 62 30 255
-0.24099272 5.596677e-08 0.7413023 0 -1 7.54979e-08 73 52 24 255
-0.22099274 5.596677e-08 0.7413023 0 -1 7.54979e-08 74 52 24 255
-0.20099276 5.596677e-08 0.7413023 0 -1 7.54979e-08 65 48 24 255
-0.18099272 5.596677e-08 0.7413023 0 -1 7.54979e-08 67 49 23 255
-0.16099274 5.596677e-08 0.7413023 0 -1 7.54979e-08 77 57 27 255
-0.14099276 5.596677e-08 0.7413023 0 -1 7.54979e-08 117 76 41 255
-0.12099272 5.596677e-08 0.7413023 0 -1 7.54979e-08 118 76 41 255
-0.10099274 5.596677e-08 0.7413023 0 -1 7.54979e-08 113 73 38 255
-0.08099276 5.596677e-08 0.7413023 0 -1 7.54979e-08 91 63 31 255
-0.060992718 5.596677e-08 0.7413023 0 -1 7.54979e-08 70 51 23 255
-0.040992737 5.596677e-08 0.7413023 0 -1 7.54979e-08 63 47 23 255
-0.020992756 5.596677e-08 0.7413023 0 -1 7.54979e-08 0 0 0 255
-0.000992775 5.596677e-08 0.7413023 0 -1 7.54979e-08 19 11 3 255
0.019007206 5.596677e-08 0.7413023 0 -1 7.54979e-08 19 11 3 255
0.039007306 5.596677e-08 0.7413023 0 -1 7.54979e-08 0 0 0 255
0.059007287 5.596677e-08 0.7413023 0 -1 7.54979e-08 64 69 62 255
0.07900727 5.596677e-08 0.7413023 0 -1 7.54979e-08 37 29 11 255
0.09900725 5.596677e-08 0.7413023 0 -1 7.54979e-08 103 103 103 255
0.11900723 5.596677e-08 0.7413023 0 -1 7.54979e-08 139 139 139 255
0.13900721 5.596677e-08 0.7413023 0 -1 7.54979e-08 20 20 20 255
0.15900731 5.596677e-08 0.7413023 0 -1 7.54979e-08 0 0 0 255
0.17900729 5.596677e-08 0.7413023 0 -1 7.54979e-08 130 130 130 255
0.19900727 5.596677e-08 0.7413023 0 -1 7.54979e-08 36 36 36 255
0.21900725 5.596677e-08 0.7413023 0 -1 7.54979e-08 123 123 123 255
0.23900723 5.596677e-08 0.7413023 0 -1 7.54979e-08 0 0 0 255
0.25900722 5.596677e-08 0.7413023 0 -1 7.54979e-08 159 159 159 255
0.2790072 5.596677e-08 0.7413023 0 -1 7.54979e-08 0 0 0 255
0.2990073 5.596677e-08 0.7413023 0 -1 7.54979e-08 13 9 3 255
0.31900728 5.596677e-08 0.7413023 0 -1 7.54979e-08 38 30 11 255
0.33900726 5.596677e-08 0.7413023 0 -1 7.54979e-08 32 32 32 255
0.35900724 5.596677e-08 0.7413023 0 -1 7.54979e-08 231 231 231 255
0.37900722 5.596677e-08 0.7413023 0 -1 7.54979e-08 40 31 16 255
0.3990072 5.596677e-08 0.7413023 0 -1 7.54979e-08 0 0 0 255
0.4190073 5.596677e-08 0.7413023 0 -1 7.54979e-08 31 24 13 255
0.43900728 5.596677e-08 0.7413023 0 -1 7.54979e-08 25 18 7 255
0.45900726 5.596677e-08 0.7413023 0 -1 7.54979e-08 87 87 87 255
0.47900724 5.596677e-08 0.7413023 0 -1 7.54979e-08 102 102 102 255
0.49900723 5.596677e-08 0.7413023 0 -1 7.54979e-08 92 92 92 255
0.5190072 5.596677e-08 0.7413023 0 -1 7.54979e-08 76 76 76 255
0.5390072 5.596677e-08 0.7413023 0 -1 7.54979e-08 152 152 152 255
0.5590073 5.596677e-08 0.7413023 0 -1 7.54979e-08 61 47 25 255
0.57900727 5.596677e-08 0.7413023 0 -1 7.54979e-08 26 19 7 255
0.59900725 5.596677e-08 0.7413023 0 -1 7.54979e-08 61 47 25 255
0.61900723 5.596677e-08 0.7413023 0 -1 7.54979e-08 59 43 19 255
0.6390072 5.596677e-08 0.7413023 0 -1 7.54979e-08 39 31 11 255
0.6590072 5.596677e-08 0.7413023 0 -1 7.54979e-08 39 31 11 255
0.6790073 5.596677e-08 0.7413023 0 -1 7.54979e-08 62 46 23 255
0.6990073 5.596677e-08 0.7413023 0 -1 7.54979e-08 70 50 23 255
0.71900725 5.596677e-08 0.7413023 0 -1 7.54979e-08 69 50 23 255
0.73900723 5.596677e-08 0.7413023 0 -1 7.54979e-08 60 44 21 255
0.7590072 5.596677e-08 0.7413023 0 -1 7.54979e-08 37 29 10 255
0.7790072 5.596677e-08 0.7413023 0 -1 7.54979e-08 17 17 17 255
-0.46099275 5.7476726e-08 0.7613023 0 -1 7.54979e-08 0 0 0 255
-0.4409927 5.7476726e-08 0.7613023 0 -1 7.54979e-08 0 0 0 255
-0.42099273 5.7476726e-08 0.7613023 0 -1 7.54979e-08 90 62 31 255
-0.40099275 5.7476726e-08 0.7613023 0 -1 7.54979e-08 105 70 37 255
-0.3809927 5.7476726e-08 0.7613023 0 -1 7.54979e-08 95 65 33 255
-0.36099273 5.7476726e-08 0.7613023 0 -1 7.54979e-08 87 60 31 255
-0.34099275 5.7476726e-08 0.7613023 0 -1 7.54979e-08 77 54 26 255
-0.3209927 5.7476726e-08 0.7613023 0 -1 7.54979e-08 64 46 21 255
-0.30099273 5.7476726e-08 0.7613023 0 -1 7.54979e-08 64 48 22 255
-0.28099275 5.7476726e-08 0.7613023 0 -1 7.54979e-08 74 53 25 255
-0.26099277 5.7476726e-08 0.7613023 0 -1 7.54979e-08 89 61 31 255
-0.24099272 5.7476726e-08 0.7613023 0 -1 7.54979e-08 106 70 37 255
-0.22099274 5.7476726e-08 0.7613023 0 -1 7.54979e-08 124 80 45 255
-0.20099276 5.7476726e-08 0.7613023 0 -1 7.54979e-08 125 80 45 255
-0.18099272 5.7476726e-08 0.7613023 0 -1 7.54979e-08 125 80 45 255
-0.16099274 5.7476726e-08 0.7613023 0 -1 7.54979e-08 117 76 41 255
-0.14099276 5.7476726e-08 0.7613023 0 -1 7.54979e-08 113 74 39 255
-0.12099272 5.7476726e-08 0.7613023 0 -1 7.54979e-08 107 70 37 255
-0.10099274 5.7476726e-08 0.7613023 0 -1 7.54979e-08 93 63 32 255
-0.08099276 5.7476726e-08 0.7613023 0 -1 7.54979e-08 74 54 25 255
-0.060992718 5.7476726e-08 0.7613023 0 -1 7.54979e-08 68 49 23 255
-0.040992737 5.7476726e-08 0.7613023 0 -1 7.54979e-08 62 46 23 255
-0.020992756 5.7476726e-08 0.7613023 0 -1 7.54979e-08 0 0 0 255
-0.000992775 5.7476726e-08 0.7613023 0 -1 7.54979e-08 19 11 3 255
0.019007206 5.7476726e-08 0.7613023 0 -1 7.54979e-08 19 11 3 255
0.039007306 5.7476726e-08 0.7613023 0 -1 7.54979e-08 3 9 1 255
0.059007287 5.7476726e-08 0.7613023 0 -1 7.54979e-08 56 58 55 255
0.07900727 5.7476726e-08 0.7613023 0 -1 7.54979e-08 39 35 29 255
0.09900725 5.7476726e-08 0.7613023 0 -1 7.54979e-08 112 112 112 255
0.11900723 5.7476726e-08 0.7613023 0 -1 7.54979e-08 208 208 208 255
0.13900721 5.7476726e-08 0.7613023 0 -1 7.54979e-08 39 39 39 255
0.15900731 5.7476726e-08 0.7613023 0 -1 7.54979e-08 0 0 0 255
0.17900729 5.7476726e-08 0.7613023 0 -1 7.54979e-08 167 162 154 255
0.19900727 5.7476726e-08 0.7613023 0 -1 7.54979e-08 18 20 6 255
0.21900725 5.7476726e-08 0.7613023 0 -1 7.54979e-08 138 138 138 255
0.23900723 5.7476726e-08 0.7613023 0 -1 7.54979e-08 10 6 2 255
0.25900722 5.7476726e-08 0.7613023 0 -1 7.54979e-08 145 145 145 255
0.2790072 5.7476726e-08 0.7613023 0 -1 7.54979e-08 0 0 0 255
0.2990073 5.7476726e-08 0.7613023 0 -1 7.54979e-08 16 13 3 255
0.31900728 5.7476726e-08 0.7613023 0 -1 7.54979e-08 23 15 5 255
0.33900726 5.7476726e-08 0.7613023 0 -1 7.54979e-08 67 67 67 255
0.35900724 5.7476726e-08 0.7613023 0 -1 7.54979e-08 227 227 227 255
0.37900722 5.7476726e-08 0.7613023 0 -1 7.54979e-08 7 7 7 255
0.3990072 5.7476726e-08 0.7613023 0 -1 7.54979e-08 13 15 3 255
0.4190073 5.7476726e-08 0.7613023 0 -1 7.54979e-08 6 7 1 255
0.43900728 5.7476726e-08 0.7613023 0 -1 7.54979e-08 42 31 13 255
0.45900726 5.7476726e-08 0.7613023 0 -1 7.54979e-08 104 104 104 255
0.47900724 5.7476726e-08 0.7613023 0 -1 7.54979e-08 121 121 121 255
0.49900723 5.7476726e-08 0.7613023 0 -1 7.54979e-08 59 59 59 255
0.5190072 5.7476726e-08 0.7613023 0 -1 7.54979e-08 45 41 29 255
0.5390072 5.7476726e-08 0.7613023 0 -1 7.54979e-08 121 121 121 255
0.5590073 5.7476726e-08 0.7613023 0 -1 7.54979e-08 56 56 56 255
0.57900727 5.7476726e-08 0.7613023 0 -1 7.54979e-08 1 4 0 255
0.59900725 5.7476726e-08 0.7613023 0 -1 7.54979e-08 50 38 17 255
0.61900723 5.7476726e-08 0.7613023 0 -1 7.54979e-08 48 37 15 255
0.6390072 5.7476726e-08 0.7613023 0 -1 7.54979e-08 39 31 11 255
0.6590072 5.7476726e-08 0.7613023 0 -1 7.54979e-08 54 40 17 255
0.6790073 5.7476726e-08 0.7613023 0 -1 7.54979e-08 62 46 23 255
0.6990073 5.7476726e-08 0.7613023 0 -1 7.54979e-08 38 31 17 255
0.71900725 5.7476726e-08 0.7613023 0 -1 7.54979e-08 33 25 9 255
0.73900723 5.7476726e-08 0.7613023 0 -1 7.54979e-08 60 45 21 255
0.7590072 5.7476726e-08 0.7613023 0 -1 7.54979e-08 29 21 7 255
0.7790072 5.7476726e-08 0.7613023 0 -1 7.54979e-08 1 4 0 255
-0.4409927 5.8986682e-08 0.7813023 0 -1 7.54979e-08 0 0 0 255
-0.42099273 5.8986682e-08 0.7813023 0 -1 7.54979e-08 69 49 22 255
-0.40099275 5.8986682e-08 0.7813023 0 -1 7.54979e-08 39 31 11 255
-0.3809927 5.8986682e-08 0.7813023 0 -1 7.54979e-08 41 32 12 255
-0.36099273 5.8986682e-08 0.7813023 0 -1 7.54979e-08 41 32 12 255
-0.34099275 5.8986682e-08 0.7813023 0 -1 7.54979e-08 73 54 26 255
-0.3209927 5.8986682e-08 0.7813023 0 -1 7.54979e-08 93 64 32 255
-0.30099273 5.8986682e-08 0.7813023 0 -1 7.54979e-08 113 73 39 255
-0.28099275 5.8986682e-08 0.7813023 0 -1 7.54979e-08 123 79 43 255
-0.26099277 5.8986682e-08 0.7813023 0 -1 7.54979e-08 125 80 44 255
-0.24099272 5.8986682e-08 0.7813023 0 -1 7.54979e-08 135 89 50 255
-0.22099274 5.8986682e-08 0.7813023 0 -1 7.54979e-08 121 78 42 255
-0.20099276 5.8986682e-08 0.7813023 0 -1 7.54979e-08 113 74 39 255
-0.18099272 5.8986682e-08 0.7813023 0 -1 7.54979e-08 113 74 38 255
-0.16099274 5.8986682e-08 0.7813023 0 -1 7.54979e-08 111 73 38 255
-0.14099276 5.8986682e-08 0.7813023 0 -1 7.54979e-08 104 69 36 255
-0.12099272 5.8986682e-08 0.7813023 0 -1 7.54979e-08 77 58 26 255
-0.10099274 5.8986682e-08 0.7813023 0 -1 7.54979e-08 70 50 23 255
-0.08099276 5.8986682e-08 0.7813023 0 -1 7.54979e-08 63 47 23 255
-0.060992718 5.8986682e-08 0.7813023 0 -1 7.54979e-08 63 47 23 255
-0.040992737 5.8986682e-08 0.7813023 0 -1 7.54979e-08 48 39 16 255
-0.020992756 5.8986682e-08 0.7813023 0 -1 7.54979e-08 0 0 0 255
-0.000992775 5.8986682e-08 0.7813023 0 -1 7.54979e-08 19 11 3 255
0.019007206 5.8986682e-08 0.7813023 0 -1 7.54979e-08 19 11 3 255
0.039007306 5.8986682e-08 0.7813023 0 -1 7.54979e-08 8 18 3 255
0.059007287 5.8986682e-08 0.7813023 0 -1 7.54979e-08 62 62 62 255
0.07900727 5.8986682e-08 0.7813023 0 -1 7.54979e-08 70 70 70 255
0.09900725 5.8986682e-08 0.7813023 0 -1 7.54979e-08 96 96 96 255
0.11900723 5.8986682e-08 0.7813023 0 -1 7.54979e-08 231 231 231 255
0.13900721 5.8986682e-08 0.7813023 0 -1 7.54979e-08 36 36 36 255
0.15900731 5.8986682e-08 0.7813023 0 -1 7.54979e-08 0 0 0 255
0.17900729 5.8986682e-08 0.7813023 0 -1 7.54979e-08 194 194 194 255
0.19900727 5.8986682e-08 0.7813023 0 -1 7.54979e-08 0 0 0 255
0.21900725 5.8986682e-08 0.7813023 0 -1 7.54979e-08 139 139 139 255
0.23900723 5.8986682e-08 0.7813023 0 -1 7.54979e-08 58 44 23 255
0.25900722 5.8986682e-08 0.7813023 0 -1 7.54979e-08 137 136 135 255
0.2790072 5.8986682e-08 0.7813023 0 -1 7.54979e-08 0 0 0 255
0.2990073 5.8986682e-08 0.7813023 0 -1 7.54979e-08 19 11 4 255
0.31900728 5.8986682e-08 0.7813023 0 -1 7.54979e-08 6 17 3 255
0.33900726 5.8986682e-08 0.7813023 0 -1 7.54979e-08 89 89 89 255
0.35900724 5.8986682e-08 0.7813023 0 -1 7.54979e-08 167 167 167 255
0.37900722 5.8986682e-08 0.7813023 0 -1 7.54979e-08 0 0 0 255
0.3990072 5.8986682e-08 0.7813023 0 -1 7.54979e-08 0 0 0 255
0.4190073 5.8986682e-08 0.7813023 0 -1 7.54979e-08 1 1 0 255
0.43900728 5.8986682e-08 0.7813023 0 -1 7.54979e-08 84 84 84 255
0.45900726 5.8986682e-08 0.7813023 0 -1 7.54979e-08 49 45 35 255
0.47900724 5.8986682e-08 0.7813023 0 -1 7.54979e-08 35 30 10 255
0.49900723 5.8986682e-08 0.7813023 0 -1 7.54979e-08 5 9 2 255
0.5190072 5.8986682e-08 0.7813023 0 -1 7.54979e-08 2 1 0 255
0.5390072 5.8986682e-08 0.7813023 0 -1 7.54979e-08 72 71 71 255
0.5590073 5.8986682e-08 0.7813023 0 -1 7.54979e-08 0 0 0 255
0.57900727 5.8986682e-08 0.7813023 0 -1 7.54979e-08 0 0 0 255
0.59900725 5.8986682e-08 0.7813023 0 -1 7.54979e-08 0 0 0 255
0.61900723 5.8986682e-08 0.7813023 0 -1 7.54979e-08 38 30 11 255
0.6390072 5.8986682e-08 0.7813023 0 -1 7.54979e-08 37 29 10 255
0.6590072 5.8986682e-08 0.7813023 0 -1 7.54979e-08 37 29 10 255
0.6790073 5.8986682e-08 0.7813023 0 -1 7.54979e-08 37 29 10 255
0.6990073 5.8986682e-08 0.7813023 0 -1 7.54979e-08 23 15 5 255
0.71900725 5.8986682e-08 0.7813023 0 -1 7.54979e-08 28 20 8 255
0.73900723 5.8986682e-08 0.7813023 0 -1 7.54979e-08 47 35 14 255
0.7590072 5.8986682e-08 0.7813023 0 -1 7.54979e-08 18 12 3 255
0.7790072 5.8986682e-08 0.7813023 0 -1 7.54979e-08 19 16 5 255
-0.42099273 6.0496646e-08 0.8013023 0 -1 7.54979e-08 41 30 13 255
-0.40099275 6.0496646e-08 0.8013023 0 -1 7.54979e-08 60 44 19 255
-0.3809927 6.0496646e-08 0.8013023 0 -1 7.54979e-08 73 52 24 255
-0.36099273 6.0496646e-08 0.8013023 0 -1 7.54979e-08 80 56 27 255
-0.34099275 6.0496646e-08 0.8013023 0 -1 7.54979e-08 118 76 42 255
-0.3209927 6.0496646e-08 0.8013023 0 -1 7.54979e-08 132 86 48 255
-0.30099273 6.0496646e-08 0.8013023 0 -1 7.54979e-08 131 84 47 255
-0.28099275 6.0496646e-08 0.8013023 0 -1 7.54979e-08 126 82 45 255
-0.26099277 6.0496646e-08 0.8013023 0 -1 7.54979e-08 119 77 41 255
-0.24099272 6.0496646e-08 0.8013023 0 -1 7.54979e-08 116 75 40 255
-0.22099274 6.0496646e-08 0.8013023 0 -1 7.54979e-08 113 74 39 255
-0.20099276 6.0496646e-08 0.8013023 0 -1 7.54979e-08 105 69 36 255
-0.18099272 6.0496646e-08 0.8013023 0 -1 7.54979e-08 99 66 34 255
-0.16099274 6.0496646e-08 0.8013023 0 -1 7.54979e-08 90 62 31 255
-0.14099276 6.0496646e-08 0.8013023 0 -1 7.54979e-08 71 52 24 255
-0.12099272 6.0496646e-08 0.8013023 0 -1 7.54979e-08 76 56 26 255
-0.10099274 6.0496646e-08 0.8013023 0 -1 7.54979e-08 88 60 30 255
-0.08099276 6.0496646e-08 0.8013023 0 -1 7.54979e-08 84 59 28 255
-0.060992718 6.0496646e-08 0.8013023 0 -1 7.54979e-08 82 58 28 255
-0.040992737 6.0496646e-08 0.8013023 0 -1 7.54979e-08 68 49 23 255
-0.020992756 6.0496646e-08 0.8013023 0 -1 7.54979e-08 0 0 0 255
-0.000992775 6.0496646e-08 0.8013023 0 -1 7.54979e-08 19 11 3 255
0.019007206 6.0496646e-08 0.8013023 0 -1 7.54979e-08 19 11 3 255
0.039007306 6.0496646e-08 0.8013023 0 -1 7.54979e-08 19 11 3 255
0.059007287 6.0496646e-08 0.8013023 0 -1 7.54979e-08 54 54 54 255
0.07900727 6.0496646e-08 0.8013023 0 -1 7.54979e-08 143 143 143 255
0.09900725 6.0496646e-08 0.8013023 0 -1 7.54979e-08 58 58 58 255
0.11900723 6.0496646e-08 0.8013023 0 -1 7.54979e-08 231 231 231 255
0.13900721 6.0496646e-08 0.8013023 0 -1 7.54979e-08 70 70 70 255
0.15900731 6.0496646e-08 0.8013023 0 -1 7.54979e-08 0 0 0 255
0.17900729 6.0496646e-08 0.8013023 0 -1 7.54979e-08 145 145 145 255
0.19900727 6.0496646e-08 0.8013023 0 -1 7.54979e-08 24 24 24 255
0.21900725 6.0496646e-08 0.8013023 0 -1 7.54979e-08 162 162 162 255
0.23900723 6.0496646e-08 0.8013023 0 -1 7.54979e-08 73 73 73 255
0.25900722 6.0496646e-08 0.8013023 0 -1 7.54979e-08 124 127 118 255
0.2790072 6.0496646e-08 0.8013023 0 -1 7.54979e-08 0 0 0 255
0.2990073 6.0496646e-08 0.8013023 0 -1 7.54979e-08 27 19 7 255
0.31900728 6.0496646e-08 0.8013023 0 -1 7.54979e-08 0 0 0 255
0.33900726 6.0496646e-08 0.8013023 0 -1 7.54979e-08 117 121 116 255
0.35900724 6.0496646e-08 0.8013023 0 -1 7.54979e-08 90 90 90 255
0.37900722 6.0496646e-08 0.8013023 0 -1 7.54979e-08 2 6 1 255
0.3990072 6.0496646e-08 0.8013023 0 -1 7.54979e-08 0 0 0 255
0.4190073 6.0496646e-08 0.8013023 0 -1 7.54979e-08 43 46 38 255
0.43900728 6.0496646e-08 0.8013023 0 -1 7.54979e-08 77 77 77 255
0.45900726 6.0496646e-08 0.8013023 0 -1 7.54979e-08 8 11 3 255
0.47900724 6.0496646e-08 0.8013023 0 -1 7.54979e-08 15 14 3 255
0.49900723 6.0496646e-08 0.8013023 0 -1 7.54979e-08 19 11 3 255
0.5190072 6.0496646e-08 0.8013023 0 -1 7.54979e-08 19 11 3 255
0.5390072 6.0496646e-08 0.8013023 0 -1 7.54979e-08 12 7 2 255
0.5590073 6.0496646e-08 0.8013023 0 -1 7.54979e-08 0 0 0 255
0.57900727 6.0496646e-08 0.8013023 0 -1 7.54979e-08 0 0 0 255
0.59900725 6.0496646e-08 0.8013023 0 -1 7.54979e-08 0 0 0 255
0.61900723 6.0496646e-08 0.8013023 0 -1 7.54979e-08 15 10 3 255
0.6390072 6.0496646e-08 0.8013023 0 -1 7.54979e-08 19 11 3 255
0.6590072 6.0496646e-08 0.8013023 0 -1 7.54979e-08 19 11 3 255
0.6790073 6.0496646e-08 0.8013023 0 -1 7.54979e-08 19 11 3 255
0.6990073 6.0496646e-08 0.8013023 0 -1 7.54979e-08 27 19 7 255
0.71900725 6.0496646e-08 0.8013023 0 -1 7.54979e-08 39 31 11 255
0.73900723 6.0496646e-08 0.8013023 0 -1 7.54979e-08 22 14 5 255
0.7590072 6.0496646e-08 0.8013023 0 -1 7.54979e-08 15 14 3 255
0.7790072 6.0496646e-08 0.8013023 0 -1 7.54979e-08 30 25 9 255
0.7990073 6.0496646e-08 0.8013023 0 -1 7.54979e-08 0 0 0 255
-0.42099273 6.20066e-08 0.8213023 0 -1 7.54979e-08 70 52 24 255
-0.40099275 6.20066e-08 0.8213023 0 -1 7.54979e-08 113 74 39 255
-0.3809927 6.20066e-08 0.8213023 0 -1 7.54979e-08 125 81 46 255
-0.36099273 6.20066e-08 0.8213023 0 -1 7.54979e-08 116 78 43 255
-0.34099275 6.20066e-08 0.8213023 0 -1 7.54979e-08 120 80 43 255
-0.3209927 6.20066e-08 0.8213023 0 -1 7.54979e-08 124 82 45 255
-0.30099273 6.20066e-08 0.8213023 0 -1 7.54979e-08 124 81 44 255
-0.28099275 6.20066e-08 0.8213023 0 -1 7.54979e-08 119 77 41 255
-0.26099277 6.20066e-08 0.8213023 0 -1 7.54979e-08 113 74 39 255
-0.24099272 6.20066e-08 0.8213023 0 -1 7.54979e-08 113 74 39 255
-0.22099274 6.20066e-08 0.8213023 0 -1 7.54979e-08 104 68 36 255
-0.20099276 6.20066e-08 0.8213023 0 -1 7.54979e-08 90 62 31 255
-0.18099272 6.20066e-08 0.8213023 0 -1 7.54979e-08 83 58 28 255
-0.16099274 6.20066e-08 0.8213023 0 -1 7.54979e-08 76 54 25 255
-0.14099276 6.20066e-08 0.8213023 0 -1 7.54979e-08 83 58 28 255
-0.12099272 6.20066e-08 0.8213023 0 -1 7.54979e-08 91 61 31 255
-0.10099274 6.20066e-08 0.8213023 0 -1 7.54979e-08 68 49 25 255
-0.08099276 6.20066e-08 0.8213023 0 -1 7.54979e-08 102 66 35 255
-0.060992718 6.20066e-08 0.8213023 0 -1 7.54979e-08 92 63 32 255
-0.040992737 6.20066e-08 0.8213023 0 -1 7.54979e-08 78 58 27 255
-0.020992756 6.20066e-08 0.8213023 0 -1 7.54979e-08 2 1 0 255
-0.000992775 6.20066e-08 0.8213023 0 -1 7.54979e-08 19 11 3 255
0.019007206 6.20066e-08 0.8213023 0 -1 7.54979e-08 19 11 3 255
0.039007306 6.20066e-08 0.8213023 0 -1 7.54979e-08 19 11 3 255
0.059007287 6.20066e-08 0.8213023 0 -1 7.54979e-08 33 33 33 255
0.07900727 6.20066e-08 0.8213023 0 -1 7.54979e-08 169 169 169 255
0.09900725 6.20066e-08 0.8213023 0 -1 7.54979e-08 24 24 24 255
0.11900723 6.20066e-08 0.8213023 0 -1 7.54979e-08 231 231 231 255
0.13900721 6.20066e-08 0.8213023 0 -1 7.54979e-08 70 70 70 255
0.15900731 6.20066e-08 0.8213023 0 -1 7.54979e-08 28 23 14 255
0.17900729 6.20066e-08 0.8213023 0 -1 7.54979e-08 133 133 133 255
0.19900727 6.20066e-08 0.8213023 0 -1 7.54979e-08 102 102 102 255
0.21900725 6.20066e-08 0.8213023 0 -1 7.54979e-08 144 144 144 255
0.23900723 6.20066e-08 0.8213023 0 -1 7.54979e-08 81 79 76 255
0.25900722 6.20066e-08 0.8213023 0 -1 7.54979e-08 92 91 90 255
0.2790072 6.20066e-08 0.8213023 0 -1 7.54979e-08 5 3 1 255
0.2990073 6.20066e-08 0.8213023 0 -1 7.54979e-08 30 22 8 255
0.31900728 6.20066e-08 0.8213023 0 -1 7.54979e-08 5 3 1 255
0.33900726 6.20066e-08 0.8213023 0 -1 7.54979e-08 105 106 101 255
0.35900724 6.20066e-08 0.8213023 0 -1 7.54979e-08 36 34 28 255
0.37900722 6.20066e-08 0.8213023 0 -1 7.54979e-08 46 48 31 255
0.3990072 6.20066e-08 0.8213023 0 -1 7.54979e-08 33 33 33 255
0.4190073 6.20066e-08 0.8213023 0 -1 7.54979e-08 55 43 19 255
0.43900728 6.20066e-08 0.8213023 0 -1 7.54979e-08 5 14 2 255
0.45900726 6.20066e-08 0.8213023 0 -1 7.54979e-08 10 17 3 255
0.47900724 6.20066e-08 0.8213023 0 -1 7.54979e-08 7 19 3 255
0.49900723 6.20066e-08 0.8213023 0 -1 7.54979e-08 11 16 3 255
0.5190072 6.20066e-08 0.8213023 0 -1 7.54979e-08 16 13 3 255
0.5390072 6.20066e-08 0.8213023 0 -1 7.54979e-08 5 13 2 255
0.5590073 6.20066e-08 0.8213023 0 -1 7.54979e-08 2 5 1 255
0.57900727 6.20066e-08 0.8213023 0 -1 7.54979e-08 1 2 0 255
0.59900725 6.20066e-08 0.8213023 0 -1 7.54979e-08 2 5 1 255
0.61900723 6.20066e-08 0.8213023 0 -1 7.54979e-08 5 8 1 255
0.6390072 6.20066e-08 0.8213023 0 -1 7.54979e-08 19 11 3 255
0.6590072 6.20066e-08 0.8213023 0 -1 7.54979e-08 11 16 3 255
0.6790073 6.20066e-08 0.8213023 0 -1 7.54979e-08 19 11 3 255
0.6990073 6.20066e-08 0.8213023 0 -1 7.54979e-08 33 25 9 255
0.71900725 6.20066e-08 0.8213023 0 -1 7.54979e-08 19 11 3 255
0.73900723 6.20066e-08 0.8213023 0 -1 7.54979e-08 19 11 3 255
0.7590072 6.20066e-08 0.8213023 0 -1 7.54979e-08 19 11 3 255
0.7790072 6.20066e-08 0.8213023 0 -1 7.54979e-08 27 25 8 255
0.7990073 6.20066e-08 0.8213023 0 -1 7.54979e-08 10 8 3 255
0.8190073 6.20066e-08 0.8213023 0 -1 7.54979e-08 12 28 9 255
-0.42099273 6.351656e-08 0.8413023 0 -1 7.54979e-08 61 40 21 255
-0.40099275 6.351656e-08 0.8413023 0 -1 7.54979e-08 117 76 41 255
-0.3809927 6.351656e-08 0.8413023 0 -1 7.54979e-08 102 67 35 255
-0.36099273 6.351656e-08 0.8413023 0 -1 7.54979e-08 69 50 23 255
-0.34099275 6.351656e-08 0.8413023 0 -1 7.54979e-08 83 60 28 255
-0.3209927 6.351656e-08 0.8413023 0 -1 7.54979e-08 90 62 31 255
-0.30099273 6.351656e-08 0.8413023 0 -1 7.54979e-08 103 67 35 255
-0.28099275 6.351656e-08 0.8413023 0 -1 7.54979e-08 103 67 35 255
-0.26099277 6.351656e-08 0.8413023 0 -1 7.54979e-08 103 67 35 255
-0.24099272 6.351656e-08 0.8413023 0 -1 7.54979e-08 103 67 35 255
-0.22099274 6.351656e-08 0.8413023 0 -1 7.54979e-08 111 73 38 255
-0.20099276 6.351656e-08 0.8413023 0 -1 7.54979e-08 100 66 34 255
-0.18099272 6.351656e-08 0.8413023 0 -1 7.54979e-08 81 57 27 255
-0.16099274 6.351656e-08 0.8413023 0 -1 7.54979e-08 62 45 21 255
-0.14099276 6.351656e-08 0.8413023 0 -1 7.54979e-08 63 47 23 255
-0.12099272 6.351656e-08 0.8413023 0 -1 7.54979e-08 69 50 23 255
-0.10099274 6.351656e-08 0.8413023 0 -1 7.54979e-08 99 65 34 255
-0.08099276 6.351656e-08 0.8413023 0 -1 7.54979e-08 91 63 31 255
-0.060992718 6.351656e-08 0.8413023 0 -1 7.54979e-08 79 59 27 255
-0.040992737 6.351656e-08 0.8413023 0 -1 7.54979e-08 78 58 27 255
-0.020992756 6.351656e-08 0.8413023 0 -1 7.54979e-08 18 14 5 255
-0.000992775 6.351656e-08 0.8413023 0 -1 7.54979e-08 19 11 3 255
0.019007206 6.351656e-08 0.8413023 0 -1 7.54979e-08 19 11 3 255
0.039007306 6.351656e-08 0.8413023 0 -1 7.54979e-08 19 11 3 255
0.059007287 6.351656e-08 0.8413023 0 -1 7.54979e-08 31 31 31 255
0.07900727 6.351656e-08 0.8413023 0 -1 7.54979e-08 202 202 202 255
0.09900725 6.351656e-08 0.8413023 0 -1 7.54979e-08 24 24 24 255
0.11900723 6.351656e-08 0.8413023 0 -1 7.54979e-08 231 231 231 255
0.13900721 6.351656e-08 0.8413023 0 -1 7.54979e-08 63 63 63 255
0.15900731 6.351656e-08 0.8413023 0 -1 7.54979e-08 59 59 59 255
0.17900729 6.351656e-08 0.8413023 0 -1 7.54979e-08 118 118 118 255
0.19900727 6.351656e-08 0.8413023 0 -1 7.54979e-08 136 136 136 255
0.21900725 6.351656e-08 0.8413023 0 -1 7.54979e-08 118 118 118 255
0.23900723 6.351656e-08 0.8413023 0 -1 7.54979e-08 3 2 1 255
0.25900722 6.351656e-08 0.8413023 0 -1 7.54979e-08 25 18 9 255
0.2790072 6.351656e-08 0.8413023 0 -1 7.54979e-08 19 11 3 255
0.2990073 6.351656e-08 0.8413023 0 -1 7.54979e-08 21 13 4 255
0.31900728 6.351656e-08 0.8413023 0 -1 7.54979e-08 26 18 7 255
0.33900726 6.351656e-08 0.8413023 0 -1 7.54979e-08 21 27 17 255
0.35900724 6.351656e-08 0.8413023 0 -1 7.54979e-08 63 62 59 255
0.37900722 6.351656e-08 0.8413023 0 -1 7.54979e-08 172 169 167 255
0.3990072 6.351656e-08 0.8413023 0 -1 7.54979e-08 217 217 216 255
0.4190073 6.351656e-08 0.8413023 0 -1 7.54979e-08 7 19 3 255
0.43900728 6.351656e-08 0.8413023 0 -1 7.54979e-08 16 10 3 255
0.45900726 6.351656e-08 0.8413023 0 -1 7.54979e-08 19 11 3 255
0.47900724 6.351656e-08 0.8413023 0 -1 7.54979e-08 17 12 3 255
0.49900723 6.351656e-08 0.8413023 0 -1 7.54979e-08 12 16 3 255
0.5190072 6.351656e-08 0.8413023 0 -1 7.54979e-08 1 2 0 255
0.5390072 6.351656e-08 0.8413023 0 -1 7.54979e-08 3 8 1 255
0.5590073 6.351656e-08 0.8413023 0 -1 7.54979e-08 7 19 3 255
0.57900727 6.351656e-08 0.8413023 0 -1 7.54979e-08 7 18 3 255
0.59900725 6.351656e-08 0.8413023 0 -1 7.54979e-08 1 2 0 255
0.61900723 6.351656e-08 0.8413023 0 -1 7.54979e-08 21 22 6 255
0.6390072 6.351656e-08 0.8413023 0 -1 7.54979e-08 9 18 3 255
0.6590072 6.351656e-08 0.8413023 0 -1 7.54979e-08 7 19 3 255
0.6790073 6.351656e-08 0.8413023 0 -1 7.54979e-08 19 11 3 255
0.6990073 6.351656e-08 0.8413023 0 -1 7.54979e-08 28 20 7 255
0.71900725 6.351656e-08 0.8413023 0 -1 7.54979e-08 53 38 17 255
0.73900723 6.351656e-08 0.8413023 0 -1 7.54979e-08 22 23 7 255
0.7590072 6.351656e-08 0.8413023 0 -1 7.54979e-08 9 18 3 255
0.7790072 6.351656e-08 0.8413023 0 -1 7.54979e-08 39 27 11 255
0.7990073 6.351656e-08 0.8413023 0 -1 7.54979e-08 39 31 11 255
0.8190073 6.351656e-08 0.8413023 0 -1 7.54979e-08 33 38 32 255
-0.42099273 6.502652e-08 0.8613023 0 -1 7.54979e-08 0 0 0 255
-0.40099275 6.502652e-08 0.8613023 0 -1 7.54979e-08 61 40 21 255
-0.3809927 6.502652e-08 0.8613023 0 -1 7.54979e-08 126 81 45 255
-0.36099273 6.502652e-08 0.8613023 0 -1 7.54979e-08 129 83 46 255
-0.34099275 6.502652e-08 0.8613023 0 -1 7.54979e-08 114 74 40 255
-0.3209927 6.502652e-08 0.8613023 0 -1 7.54979e-08 104 70 36 255
-0.30099273 6.502652e-08 0.8613023 0 -1 7.54979e-08 114 75 40 255
-0.28099275 6.502652e-08 0.8613023 0 -1 7.54979e-08 121 78 42 255
-0.26099277 6.502652e-08 0.8613023 0 -1 7.54979e-08 107 72 37 255
-0.24099272 6.502652e-08 0.8613023 0 -1 7.54979e-08 94 64 34 255
-0.22099274 6.502652e-08 0.8613023 0 -1 7.54979e-08 61 46 20 255
-0.20099276 6.502652e-08 0.8613023 0 -1 7.54979e-08 51 39 17 255
-0.18099272 6.502652e-08 0.8613023 0 -1 7.54979e-08 60 45 21 255
-0.16099274 6.502652e-08 0.8613023 0 -1 7.54979e-08 64 46 21 255
-0.14099276 6.502652e-08 0.8613023 0 -1 7.54979e-08 85 58 28 255
-0.12099272 6.502652e-08 0.8613023 0 -1 7.54979e-08 96 64 33 255
-0.10099274 6.502652e-08 0.8613023 0 -1 7.54979e-08 88 62 30 255
-0.08099276 6.502652e-08 0.8613023 0 -1 7.54979e-08 78 58 27 255
-0.060992718 6.502652e-08 0.8613023 0 -1 7.54979e-08 78 58 27 255
-0.040992737 6.502652e-08 0.8613023 0 -1 7.54979e-08 78 58 27 255
-0.020992756 6.502652e-08 0.8613023 0 -1 7.54979e-08 26 20 8 255
-0.000992775 6.502652e-08 0.8613023 0 -1 7.54979e-08 0 0 0 255
0.019007206 6.502652e-08 0.8613023 0 -1 7.54979e-08 19 11 3 255
0.039007306 6.502652e-08 0.8613023 0 -1 7.54979e-08 19 11 3 255
0.059007287 6.502652e-08 0.8613023 0 -1 7.54979e-08 24 24 24 255
0.07900727 6.502652e-08 0.8613023 0 -1 7.54979e-08 227 227 227 255
0.09900725 6.502652e-08 0.8613023 0 -1 7.54979e-08 21 23 20 255
0.11900723 6.502652e-08 0.8613023 0 -1 7.54979e-08 231 231 231 255
0.13900721 6.502652e-08 0.8613023 0 -1 7.54979e-08 59 62 58 255
0.15900731 6.502652e-08 0.8613023 0 -1 7.54979e-08 107 107 106 255
0.17900729 6.502652e-08 0.8613023 0 -1 7.54979e-08 104 104 104 255
0.19900727 6.502652e-08 0.8613023 0 -1 7.54979e-08 202 202 202 255
0.21900725 6.502652e-08 0.8613023 0 -1 7.54979e-08 109 109 109 255
0.23900723 6.502652e-08 0.8613023 0 -1 7.54979e-08 3 8 1 255
0.25900722 6.502652e-08 0.8613023 0 -1 7.54979e-08 21 13 4 255
0.2790072 6.502652e-08 0.8613023 0 -1 7.54979e-08 19 11 3 255
0.2990073 6.502652e-08 0.8613023 0 -1 7.54979e-08 21 13 4 255
0.31900728 6.502652e-08 0.8613023 0 -1 7.54979e-08 19 11 3 255
0.33900726 6.502652e-08 0.8613023 0 -1 7.54979e-08 13 13 4 255
0.35900724 6.502652e-08 0.8613023 0 -1 7.54979e-08 4 10 2 255
0.37900722 6.502652e-08 0.8613023 0 -1 7.54979e-08 201 183 170 255
0.3990072 6.502652e-08 0.8613023 0 -1 7.54979e-08 165 165 165 255
0.4190073 6.502652e-08 0.8613023 0 -1 7.54979e-08 0 0 0 255
0.43900728 6.502652e-08 0.8613023 0 -1 7.54979e-08 19 11 3 255
0.45900726 6.502652e-08 0.8613023 0 -1 7.54979e-08 10 17 3 255
0.47900724 6.502652e-08 0.8613023 0 -1 7.54979e-08 13 15 3 255
0.49900723 6.502652e-08 0.8613023 0 -1 7.54979e-08 2 5 1 255
0.5190072 6.502652e-08 0.8613023 0 -1 7.54979e-08 0 0 0 255
0.5390072 6.502652e-08 0.8613023 0 -1 7.54979e-08 3 9 1 255
0.5590073 6.502652e-08 0.8613023 0 -1 7.54979e-08 3 8 1 255
0.57900727 6.502652e-08 0.8613023 0 -1 7.54979e-08 0 0 0 255
0.59900725 6.502652e-08 0.8613023 0 -1 7.54979e-08 8 5 1 255
0.61900723 6.502652e-08 0.8613023 0 -1 7.54979e-08 39 31 11 255
0.6390072 6.502652e-08 0.8613023 0 -1 7.54979e-08 4 10 2 255
0.6590072 6.502652e-08 0.8613023 0 -1 7.54979e-08 16 13 3 255
0.6790073 6.502652e-08 0.8613023 0 -1 7.54979e-08 39 31 11 255
0.6990073 6.502652e-08 0.8613023 0 -1 7.54979e-08 48 37 15 255
0.71900725 6.502652e-08 0.8613023 0 -1 7.54979e-08 24 25 8 255
0.73900723 6.502652e-08 0.8613023 0 -1 7.54979e-08 10 17 3 255
0.7590072 6.502652e-08 0.8613023 0 -1 7.54979e-08 28 20 7 255
0.7790072 6.502652e-08 0.8613023 0 -1 7.54979e-08 54 40 18 255
0.7990073 6.502652e-08 0.8613023 0 -1 7.54979e-08 39 31 11 255
0.8190073 6.502652e-08 0.8613023 0 -1 7.54979e-08 10 12 3 255
-0.42099273 6.653647e-08 0.8813023 0 -1 7.54979e-08 2 1 0 255
-0.40099275 6.653647e-08 0.8813023 0 -1 7.54979e-08 100 66 34 255
-0.3809927 6.653647e-08 0.8813023 0 -1 7.54979e-08 73 52 25 255
-0.36099273 6.653647e-08 0.8813023 0 -1 7.54979e-08 112 73 38 255
-0.34099275 6.653647e-08 0.8813023 0 -1 7.54979e-08 128 83 46 255
-0.3209927 6.653647e-08 0.8813023 0 -1 7.54979e-08 128 81 46 255
-0.30099273 6.653647e-08 0.8813023 0 -1 7.54979e-08 115 75 40 255
-0.28099275 6.653647e-08 0.8813023 0 -1 7.54979e-08 77 57 26 255
-0.26099277 6.653647e-08 0.8813023 0 -1 7.54979e-08 54 42 19 255
-0.24099272 6.653647e-08 0.8813023 0 -1 7.54979e-08 40 32 12 255
-0.22099274 6.653647e-08 0.8813023 0 -1 7.54979e-08 50 38 16 255
-0.20099276 6.653647e-08 0.8813023 0 -1 7.54979e-08 72 51 23 255
-0.18099272 6.653647e-08 0.8813023 0 -1 7.54979e-08 86 59 29 255
-0.16099274 6.653647e-08 0.8813023 0 -1 7.54979e-08 101 66 35 255
-0.14099276 6.653647e-08 0.8813023 0 -1 7.54979e-08 89 62 30 255
-0.12099272 6.653647e-08 0.8813023 0 -1 7.54979e-08 70 50 23 255
-0.10099274 6.653647e-08 0.8813023 0 -1 7.54979e-08 74 54 25 255
-0.08099276 6.653647e-08 0.8813023 0 -1 7.54979e-08 78 58 27 255
-0.060992718 6.653647e-08 0.8813023 0 -1 7.54979e-08 78 58 27 255
-0.040992737 6.653647e-08 0.8813023 0 -1 7.54979e-08 78 58 27 255
-0.020992756 6.653647e-08 0.8813023 0 -1 7.54979e-08 55 41 17 255
-0.000992775 6.653647e-08 0.8813023 0 -1 7.54979e-08 0 0 0 255
0.019007206 6.653647e-08 0.8813023 0 -1 7.54979e-08 13 15 3 255
0.039007306 6.653647e-08 0.8813023 0 -1 7.54979e-08 19 11 4 255
0.059007287 6.653647e-08 0.8813023 0 -1 7.54979e-08 12 9 3 255
0.07900727 6.653647e-08 0.8813023 0 -1 7.54979e-08 188 188 188 255
0.09900725 6.653647e-08 0.8813023 0 -1 7.54979e-08 39 35 29 255
0.11900723 6.653647e-08 0.8813023 0 -1 7.54979e-08 231 231 231 255
0.13900721 6.653647e-08 0.8813023 0 -1 7.54979e-08 54 60 52 255
0.15900731 6.653647e-08 0.8813023 0 -1 7.54979e-08 127 127 127 255
0.17900729 6.653647e-08 0.8813023 0 -1 7.54979e-08 99 105 97 255
0.19900727 6.653647e-08 0.8813023 0 -1 7.54979e-08 231 231 231 255
0.21900725 6.653647e-08 0.8813023 0 -1 7.54979e-08 83 89 81 255
0.23900723 6.653647e-08 0.8813023 0 -1 7.54979e-08 7 19 3 255
0.25900722 6.653647e-08 0.8813023 0 -1 7.54979e-08 23 15 5 255
0.2790072 6.653647e-08 0.8813023 0 -1 7.54979e-08 19 11 3 255
0.2990073 6.653647e-08 0.8813023 0 -1 7.54979e-08 27 19 7 255
0.31900728 6.653647e-08 0.8813023 0 -1 7.54979e-08 19 11 3 255
0.33900726 6.653647e-08 0.8813023 0 -1 7.54979e-08 0 0 0 255
0.35900724 6.653647e-08 0.8813023 0 -1 7.54979e-08 3 2 1 255
0.37900722 6.653647e-08 0.8813023 0 -1 7.54979e-08 218 218 218 255
0.3990072 6.653647e-08 0.8813023 0 -1 7.54979e-08 80 80 80 255
0.4190073 6.653647e-08 0.8813023 0 -1 7.54979e-08 4 9 1 255
0.43900728 6.653647e-08 0.8813023 0 -1 7.54979e-08 18 11 3 255
0.45900726 6.653647e-08 0.8813023 0 -1 7.54979e-08 13 15 3 255
0.47900724 6.653647e-08 0.8813023 0 -1 7.54979e-08 0 0 0 255
0.49900723 6.653647e-08 0.8813023 0 -1 7.54979e-08 0 0 0 255
0.5190072 6.653647e-08 0.8813023 0 -1 7.54979e-08 0 0 0 255
0.5390072 6.653647e-08 0.8813023 0 -1 7.54979e-08 7 18 3 255
0.5590073 6.653647e-08 0.8813023 0 -1 7.54979e-08 0 0 0 255
0.57900727 6.653647e-08 0.8813023 0 -1 7.54979e-08 1 1 0 255
0.59900725 6.653647e-08 0.8813023 0 -1 7.54979e-08 58 42 19 255
0.61900723 6.653647e-08 0.8813023 0 -1 7.54979e-08 39 31 11 255
0.6390072 6.653647e-08 0.8813023 0 -1 7.54979e-08 0 0 0 255
0.6590072 6.653647e-08 0.8813023 0 -1 7.54979e-08 29 21 7 255
0.6790073 6.653647e-08 0.8813023 0 -1 7.54979e-08 37 30 11 255
0.6990073 6.653647e-08 0.8813023 0 -1 7.54979e-08 8 19 3 255
0.71900725 6.653647e-08 0.8813023 0 -1 7.54979e-08 8 19 3 255
0.73900723 6.653647e-08 0.8813023 0 -1 7.54979e-08 28 21 7 255
0.7590072 6.653647e-08 0.8813023 0 -1 7.54979e-08 57 42 19 255
0.7790072 6.653647e-08 0.8813023 0 -1 7.54979e-08 38 30 11 255
0.7990073 6.653647e-08 0.8813023 0 -1 7.54979e-08 40 31 11 255
0.8190073 6.653647e-08 0.8813023 0 -1 7.54979e-08 30 22 9 255
0.83900726 6.653647e-08 0.8813023 0 -1 7.54979e-08 61 46 22 255
-0.42099273 6.804643e-08 0.9013023 0 -1 7.54979e-08 41 30 14 255
-0.40099275 6.804643e-08 0.9013023 0 -1 7.54979e-08 93 63 32 255
-0.3809927 6.804643e-08 0.9013023 0 -1 7.54979e-08 77 53 26 255
-0.36099273 6.804643e-08 0.9013023 0 -1 7.54979e-08 70 50 23 255
-0.34099275 6.804643e-08 0.9013023 0 -1 7.54979e-08 73 52 25 255
-0.3209927 6.804643e-08 0.9013023 0 -1 7.54979e-08 74 51 25 255
-0.30099273 6.804643e-08 0.9013023 0 -1 7.54979e-08 57 44 19 255
-0.28099275 6.804643e-08 0.9013023 0 -1 7.54979e-08 54 41 18 255
-0.26099277 6.804643e-08 0.9013023 0 -1 7.54979e-08 64 48 22 255
-0.24099272 6.804643e-08 0.9013023 0 -1 7.54979e-08 87 59 30 255
-0.22099274 6.804643e-08 0.9013023 0 -1 7.54979e-08 93 63 32 255
-0.20099276 6.804643e-08 0.9013023 0 -1 7.54979e-08 102 66 35 255
-0.18099272 6.804643e-08 0.9013023 0 -1 7.54979e-08 92 63 31 255
-0.16099274 6.804643e-08 0.9013023 0 -1 7.54979e-08 82 60 28 255
-0.14099276 6.804643e-08 0.9013023 0 -1 7.54979e-08 72 52 24 255
-0.12099272 6.804643e-08 0.9013023 0 -1 7.54979e-08 70 50 23 255
-0.10099274 6.804643e-08 0.9013023 0 -1 7.54979e-08 72 52 24 255
-0.08099276 6.804643e-08 0.9013023 0 -1 7.54979e-08 78 58 27 255
-0.060992718 6.804643e-08 0.9013023 0 -1 7.54979e-08 70 50 23 255
-0.040992737 6.804643e-08 0.9013023 0 -1 7.54979e-08 70 50 23 255
-0.020992756 6.804643e-08 0.9013023 0 -1 7.54979e-08 64 47 21 255
-0.000992775 6.804643e-08 0.9013023 0 -1 7.54979e-08 24 19 7 255
0.019007206 6.804643e-08 0.9013023 0 -1 7.54979e-08 5 8 1 255
0.039007306 6.804643e-08 0.9013023 0 -1 7.54979e-08 22 14 5 255
0.059007287 6.804643e-08 0.9013023 0 -1 7.54979e-08 0 0 0 255
0.07900727 6.804643e-08 0.9013023 0 -1 7.54979e-08 96 96 96 255
0.09900725 6.804643e-08 0.9013023 0 -1 7.54979e-08 30 28 26 255
0.11900723 6.804643e-08 0.9013023 0 -1 7.54979e-08 125 125 125 255
0.13900721 6.804643e-08 0.9013023 0 -1 7.54979e-08 25 23 19 255
0.15900731 6.804643e-08 0.9013023 0 -1 7.54979e-08 165 165 165 255
0.17900729 6.804643e-08 0.9013023 0 -1 7.54979e-08 95 77 74 255
0.19900727 6.804643e-08 0.9013023 0 -1 7.54979e-08 231 231 231 255
0.21900725 6.804643e-08 0.9013023 0 -1 7.54979e-08 68 74 66 255
0.23900723 6.804643e-08 0.9013023 0 -1 7.54979e-08 15 14 3 255
0.25900722 6.804643e-08 0.9013023 0 -1 7.54979e-08 23 15 5 255
0.2790072 6.804643e-08 0.9013023 0 -1 7.54979e-08 19 11 3 255
0.2990073 6.804643e-08 0.9013023 0 -1 7.54979e-08 28 22 14 255
0.31900728 6.804643e-08 0.9013023 0 -1 7.54979e-08 24 16 6 255
0.33900726 6.804643e-08 0.9013023 0 -1 7.54979e-08 1 3 0 255
0.35900724 6.804643e-08 0.9013023 0 -1 7.54979e-08 103 97 89 255
0.37900722 6.804643e-08 0.9013023 0 -1 7.54979e-08 216 216 216 255
0.3990072 6.804643e-08 0.9013023 0 -1 7.54979e-08 23 31 21 255
0.4190073 6.804643e-08 0.9013023 0 -1 7.54979e-08 49 45 38 255
0.43900728 6.804643e-08 0.9013023 0 -1 7.54979e-08 7 19 3 255
0.45900726 6.804643e-08 0.9013023 0 -1 7.54979e-08 6 15 3 255
0.47900724 6.804643e-08 0.9013023 0 -1 7.54979e-08 4 12 2 255
0.49900723 6.804643e-08 0.9013023 0 -1 7.54979e-08 0 0 0 255
0.5190072 6.804643e-08 0.9013023 0 -1 7.54979e-08 0 0 0 255
0.5390072 6.804643e-08 0.9013023 0 -1 7.54979e-08 6 15 3 255
0.5590073 6.804643e-08 0.9013023 0 -1 7.54979e-08 0 0 0 255
0.57900727 6.804643e-08 0.9013023 0 -1 7.54979e-08 51 40 18 255
0.59900725 6.804643e-08 0.9013023 0 -1 7.54979e-08 58 43 19 255
0.61900723 6.804643e-08 0.9013023 0 -1 7.54979e-08 32 24 9 255
0.6390072 6.804643e-08 0.9013023 0 -1 7.54979e-08 4 12 2 255
0.6590072 6.804643e-08 0.9013023 0 -1 7.54979e-08 19 23 6 255
0.6790073 6.804643e-08 0.9013023 0 -1 7.54979e-08 7 19 3 255
0.6990073 6.804643e-08 0.9013023 0 -1 7.54979e-08 19 11 3 255
0.71900725 6.804643e-08 0.9013023 0 -1 7.54979e-08 19 11 3 255
0.73900723 6.804643e-08 0.9013023 0 -1 7.54979e-08 19 21 6 255
0.7590072 6.804643e-08 0.9013023 0 -1 7.54979e-08 39 31 11 255
0.7790072 6.804643e-08 0.9013023 0 -1 7.54979e-08 41 31 12 255
0.7990073 6.804643e-08 0.9013023 0 -1 7.54979e-08 66 48 21 255
0.8190073 6.804643e-08 0.9013023 0 -1 7.54979e-08 56 42 19 255
0.83900726 6.804643e-08 0.9013023 0 -1 7.54979e-08 39 31 11 255
-0.42099273 6.955639e-08 0.9213023 0 -1 7.54979e-08 22 16 7 255
-0.40099275 6.955639e-08 0.9213023 0 -1 7.54979e-08 76 56 26 255
-0.3809927 6.955639e-08 0.9213023 0 -1 7.54979e-08 99 66 34 255
-0.36099273 6.955639e-08 0.9213023 0 -1 7.54979e-08 77 54 26 255
-0.34099275 6.955639e-08 0.9213023 0 -1 7.54979e-08 67 48 22 255
-0.3209927 6.955639e-08 0.9213023 0 -1 7.54979e-08 66 49 24 255
-0.30099273 6.955639e-08 0.9213023 0 -1 7.54979e-08 78 57 27 255
-0.28099275 6.955639e-08 0.9213023 0 -1 7.54979e-08 89 60 30 255
-0.26099277 6.955639e-08 0.9213023 0 -1 7.54979e-08 105 69 36 255
-0.24099272 6.955639e-08 0.9213023 0 -1 7.54979e-08 125 81 44 255
-0.22099274 6.955639e-08 0.9213023 0 -1 7.54979e-08 108 70 37 255
-0.20099276 6.955639e-08 0.9213023 0 -1 7.54979e-08 78 58 27 255
-0.18099272 6.955639e-08 0.9213023 0 -1 7.54979e-08 82 59 28 255
-0.16099274 6.955639e-08 0.9213023 0 -1 7.54979e-08 70 50 23 255
-0.14099276 6.955639e-08 0.9213023 0 -1 7.54979e-08 70 50 23 255
-0.12099272 6.955639e-08 0.9213023 0 -1 7.54979e-08 70 50 23 255
-0.10099274 6.955639e-08 0.9213023 0 -1 7.54979e-08 72 52 24 255
-0.08099276 6.955639e-08 0.9213023 0 -1 7.54979e-08 72 52 24 255
-0.060992718 6.955639e-08 0.9213023 0 -1 7.54979e-08 71 51 23 255
-0.040992737 6.955639e-08 0.9213023 0 -1 7.54979e-08 70 50 23 255
-0.020992756 6.955639e-08 0.9213023 0 -1 7.54979e-08 70 50 23 255
-0.000992775 6.955639e-08 0.9213023 0 -1 7.54979e-08 49 39 16 255
0.019007206 6.955639e-08 0.9213023 0 -1 7.54979e-08 4 11 2 255
0.039007306 6.955639e-08 0.9213023 0 -1 7.54979e-08 19 11 3 255
0.059007287 6.955639e-08 0.9213023 0 -1 7.54979e-08 3 9 1 255
0.07900727 6.955639e-08 0.9213023 0 -1 7.54979e-08 63 63 63 255
0.09900725 6.955639e-08 0.9213023 0 -1 7.54979e-08 24 21 13 255
0.11900723 6.955639e-08 0.9213023 0 -1 7.54979e-08 16 13 3 255
0.13900721 6.955639e-08 0.9213023 0 -1 7.54979e-08 2 7 1 255
0.15900731 6.955639e-08 0.9213023 0 -1 7.54979e-08 201 201 201 255
0.17900729 6.955639e-08 0.9213023 0 -1 7.54979e-08 118 101 88 255
0.19900727 6.955639e-08 0.9213023 0 -1 7.54979e-08 231 231 231 255
0.21900725 6.955639e-08 0.9213023 0 -1 7.54979e-08 59 63 57 255
0.23900723 6.955639e-08 0.9213023 0 -1 7.54979e-08 36 28 10 255
0.25900722 6.955639e-08 0.9213023 0 -1 7.54979e-08 22 14 5 255
0.2790072 6.955639e-08 0.9213023 0 -1 7.54979e-08 19 11 3 255
0.2990073 6.955639e-08 0.9213023 0 -1 7.54979e-08 24 20 14 255
0.31900728 6.955639e-08 0.9213023 0 -1 7.54979e-08 14 8 3 255
0.33900726 6.955639e-08 0.9213023 0 -1 7.54979e-08 3 3 3 255
0.35900724 6.955639e-08 0.9213023 0 -1 7.54979e-08 184 184 184 255
0.37900722 6.955639e-08 0.9213023 0 -1 7.54979e-08 170 168 165 255
0.3990072 6.955639e-08 0.9213023 0 -1 7.54979e-08 76 76 76 255
0.4190073 6.955639e-08 0.9213023 0 -1 7.54979e-08 130 130 130 255
0.43900728 6.955639e-08 0.9213023 0 -1 7.54979e-08 0 0 0 255
0.45900726 6.955639e-08 0.9213023 0 -1 7.54979e-08 7 19 3 255
0.47900724 6.955639e-08 0.9213023 0 -1 7.54979e-08 5 14 2 255
0.49900723 6.955639e-08 0.9213023 0 -1 7.54979e-08 0 2 0 255
0.5190072 6.955639e-08 0.9213023 0 -1 7.54979e-08 5 14 2 255
0.5390072 6.955639e-08 0.9213023 0 -1 7.54979e-08 0 0 0 255
0.5590073 6.955639e-08 0.9213023 0 -1 7.54979e-08 15 22 5 255
0.57900727 6.955639e-08 0.9213023 0 -1 7.54979e-08 70 51 25 255
0.59900725 6.955639e-08 0.9213023 0 -1 7.54979e-08 43 34 13 255
0.61900723 6.955639e-08 0.9213023 0 -1 7.54979e-08 19 15 5 255
0.6390072 6.955639e-08 0.9213023 0 -1 7.54979e-08 7 19 3 255
0.6590072 6.955639e-08 0.9213023 0 -1 7.54979e-08 7 19 3 255
0.6790073 6.955639e-08 0.9213023 0 -1 7.54979e-08 10 17 3 255
0.6990073 6.955639e-08 0.9213023 0 -1 7.54979e-08 19 11 3 255
0.71900725 6.955639e-08 0.9213023 0 -1 7.54979e-08 34 26 9 255
0.73900723 6.955639e-08 0.9213023 0 -1 7.54979e-08 36 29 10 255
0.7590072 6.955639e-08 0.9213023 0 -1 7.54979e-08 39 31 11 255
0.7790072 6.955639e-08 0.9213023 0 -1 7.54979e-08 54 40 17 255
0.7990073 6.955639e-08 0.9213023 0 -1 7.54979e-08 57 43 20 255
0.8190073 6.955639e-08 0.9213023 0 -1 7.54979e-08 55 41 19 255
0.83900726 6.955639e-08 0.9213023 0 -1 7.54979e-08 39 31 11 255
-0.40099275 7.1066346e-08 0.9413023 0 -1 7.54979e-08 86 60 29 255
-0.3809927 7.1066346e-08 0.9413023 0 -1 7.54979e-08 91 62 31 255
-0.36099273 7.1066346e-08 0.9413023 0 -1 7.54979e-08 76 53 25 255
-0.34099275 7.1066346e-08 0.9413023 0 -1 7.54979e-08 55 43 18 255
-0.3209927 7.1066346e-08 0.9413023 0 -1 7.54979e-08 46 36 14 255
-0.30099273 7.1066346e-08 0.9413023 0 -1 7.54979e-08 42 33 13 255
-0.28099275 7.1066346e-08 0.9413023 0 -1 7.54979e-08 47 39 15 255
-0.26099277 7.1066346e-08 0.9413023 0 -1 7.54979e-08 100 68 35 255
-0.24099272 7.1066346e-08 0.9413023 0 -1 7.54979e-08 124 80 44 255
-0.22099274 7.1066346e-08 0.9413023 0 -1 7.54979e-08 93 64 32 255
-0.20099276 7.1066346e-08 0.9413023 0 -1 7.54979e-08 78 58 27 255
-0.18099272 7.1066346e-08 0.9413023 0 -1 7.54979e-08 71 51 23 255
-0.16099274 7.1066346e-08 0.9413023 0 -1 7.54979e-08 70 50 23 255
-0.14099276 7.1066346e-08 0.9413023 0 -1 7.54979e-08 70 50 23 255
-0.12099272 7.1066346e-08 0.9413023 0 -1 7.54979e-08 77 57 26 255
-0.10099274 7.1066346e-08 0.9413023 0 -1 7.54979e-08 78 58 27 255
-0.08099276 7.1066346e-08 0.9413023 0 -1 7.54979e-08 88 62 30 255
-0.060992718 7.1066346e-08 0.9413023 0 -1 7.54979e-08 82 59 28 255
-0.040992737 7.1066346e-08 0.9413023 0 -1 7.54979e-08 77 57 26 255
-0.020992756 7.1066346e-08 0.9413023 0 -1 7.54979e-08 70 50 23 255
-0.000992775 7.1066346e-08 0.9413023 0 -1 7.54979e-08 68 49 22 255
0.019007206 7.1066346e-08 0.9413023 0 -1 7.54979e-08 12 11 3 255
0.039007306 7.1066346e-08 0.9413023 0 -1 7.54979e-08 19 11 3 255
0.059007287 7.1066346e-08 0.9413023 0 -1 7.54979e-08 11 9 3 255
0.07900727 7.1066346e-08 0.9413023 0 -1 7.54979e-08 162 162 162 255
0.09900725 7.1066346e-08 0.9413023 0 -1 7.54979e-08 33 33 33 255
0.11900723 7.1066346e-08 0.9413023 0 -1 7.54979e-08 17 12 3 255
0.13900721 7.1066346e-08 0.9413023 0 -1 7.54979e-08 11 12 3 255
0.15900731 7.1066346e-08 0.9413023 0 -1 7.54979e-08 69 69 69 255
0.17900729 7.1066346e-08 0.9413023 0 -1 7.54979e-08 27 27 27 255
0.19900727 7.1066346e-08 0.9413023 0 -1 7.54979e-08 70 70 70 255
0.21900725 7.1066346e-08 0.9413023 0 -1 7.54979e-08 41 41 41 255
0.23900723 7.1066346e-08 0.9413023 0 -1 7.54979e-08 20 13 4 255
0.25900722 7.1066346e-08 0.9413023 0 -1 7.54979e-08 19 11 3 255
0.2790072 7.1066346e-08 0.9413023 0 -1 7.54979e-08 19 11 3 255
0.2990073 7.1066346e-08 0.9413023 0 -1 7.54979e-08 12 7 2 255
0.31900728 7.1066346e-08 0.9413023 0 -1 7.54979e-08 0 0 0 255
0.33900726 7.1066346e-08 0.9413023 0 -1 7.54979e-08 54 54 54 255
0.35900724 7.1066346e-08 0.9413023 0 -1 7.54979e-08 230 230 230 255
0.37900722 7.1066346e-08 0.9413023 0 -1 7.54979e-08 122 120 117 255
0.3990072 7.1066346e-08 0.9413023 0 -1 7.54979e-08 179 179 179 255
0.4190073 7.1066346e-08 0.9413023 0 -1 7.54979e-08 76 76 76 255
0.43900728 7.1066346e-08 0.9413023 0 -1 7.54979e-08 0 0 0 255
0.45900726 7.1066346e-08 0.9413023 0 -1 7.54979e-08 4 11 2 255
0.47900724 7.1066346e-08 0.9413023 0 -1 7.54979e-08 6 15 3 255
0.49900723 7.1066346e-08 0.9413023 0 -1 7.54979e-08 3 9 1 255
0.5190072 7.1066346e-08 0.9413023 0 -1 7.54979e-08 6 15 3 255
0.5390072 7.1066346e-08 0.9413023 0 -1 7.54979e-08 6 15 3 255
0.5590073 7.1066346e-08 0.9413023 0 -1 7.54979e-08 58 44 21 255
0.57900727 7.1066346e-08 0.9413023 0 -1 7.54979e-08 115 76 41 255
0.59900725 7.1066346e-08 0.9413023 0 -1 7.54979e-08 58 43 19 255
0.61900723 7.1066346e-08 0.9413023 0 -1 7.54979e-08 3 2 1 255
0.6390072 7.1066346e-08 0.9413023 0 -1 7.54979e-08 7 19 3 255
0.6590072 7.1066346e-08 0.9413023 0 -1 7.54979e-08 7 19 3 255
0.6790073 7.1066346e-08 0.9413023 0 -1 7.54979e-08 9 18 3 255
0.6990073 7.1066346e-08 0.9413023 0 -1 7.54979e-08 9 18 3 255
0.71900725 7.1066346e-08 0.9413023 0 -1 7.54979e-08 9 18 3 255
0.73900723 7.1066346e-08 0.9413023 0 -1 7.54979e-08 16 16 4 255
0.7590072 7.1066346e-08 0.9413023 0 -1 7.54979e-08 23 15 5 255
0.7790072 7.1066346e-08 0.9413023 0 -1 7.54979e-08 23 15 5 255
0.7990073 7.1066346e-08 0.9413023 0 -1 7.54979e-08 39 31 11 255
0.8190073 7.1066346e-08 0.9413023 0 -1 7.54979e-08 39 31 11 255
0.83900726 7.1066346e-08 0.9413023 0 -1 7.54979e-08 39 31 11 255
-0.40099275 7.2576306e-08 0.9613023 0 -1 7.54979e-08 65 47 21 255
-0.3809927 7.2576306e-08 0.9613023 0 -1 7.54979e-08 84 58 29 255
-0.36099273 7.2576306e-08 0.9613023 0 -1 7.54979e-08 97 65 33 255
-0.34099275 7.2576306e-08 0.9613023 0 -1 7.54979e-08 93 63 32 255
-0.3209927 7.2576306e-08 0.9613023 0 -1 7.54979e-08 90 61 33 255
-0.30099273 7.2576306e-08 0.9613023 0 -1 7.54979e-08 97 66 34 255
-0.28099275 7.2576306e-08 0.9613023 0 -1 7.54979e-08 103 69 36 255
-0.26099277 7.2576306e-08 0.9613023 0 -1 7.54979e-08 111 73 39 255
-0.24099272 7.2576306e-08 0.9613023 0 -1 7.54979e-08 89 60 30 255
-0.22099274 7.2576306e-08 0.9613023 0 -1 7.54979e-08 76 57 26 255
-0.20099276 7.2576306e-08 0.9613023 0 -1 7.54979e-08 73 54 25 255
-0.18099272 7.2576306e-08 0.9613023 0 -1 7.54979e-08 83 60 28 255
-0.16099274 7.2576306e-08 0.9613023 0 -1 7.54979e-08 83 60 28 255
-0.14099276 7.2576306e-08 0.9613023 0 -1 7.54979e-08 85 61 29 255
-0.12099272 7.2576306e-08 0.9613023 0 -1 7.54979e-08 88 62 30 255
-0.10099274 7.2576306e-08 0.9613023 0 -1 7.54979e-08 95 64 32 255
-0.08099276 7.2576306e-08 0.9613023 0 -1 7.54979e-08 102 66 35 255
-0.060992718 7.2576306e-08 0.9613023 0 -1 7.54979e-08 102 66 35 255
-0.040992737 7.2576306e-08 0.9613023 0 -1 7.54979e-08 83 60 28 255
-0.020992756 7.2576306e-08 0.9613023 0 -1 7.54979e-08 74 54 25 255
-0.000992775 7.2576306e-08 0.9613023 0 -1 7.54979e-08 70 50 23 255
0.019007206 7.2576306e-08 0.9613023 0 -1 7.54979e-08 19 15 5 255
0.039007306 7.2576306e-08 0.9613023 0 -1 7.54979e-08 7 19 3 255
0.059007287 7.2576306e-08 0.9613023 0 -1 7.54979e-08 19 11 3 255
0.07900727 7.2576306e-08 0.9613023 0 -1 7.54979e-08 31 31 31 255
0.09900725 7.2576306e-08 0.9613023 0 -1 7.54979e-08 23 17 7 255
0.11900723 7.2576306e-08 0.9613023 0 -1 7.54979e-08 12 16 3 255
0.13900721 7.2576306e-08 0.9613023 0 -1 7.54979e-08 14 12 9 255
0.15900731 7.2576306e-08 0.9613023 0 -1 7.54979e-08 143 143 142 255
0.17900729 7.2576306e-08 0.9613023 0 -1 7.54979e-08 11 7 2 255
0.19900727 7.2576306e-08 0.9613023 0 -1 7.54979e-08 19 11 3 255
0.21900725 7.2576306e-08 0.9613023 0 -1 7.54979e-08 16 16 11 255
0.23900723 7.2576306e-08 0.9613023 0 -1 7.54979e-08 33 38 31 255
0.25900722 7.2576306e-08 0.9613023 0 -1 7.54979e-08 18 20 11 255
0.2790072 7.2576306e-08 0.9613023 0 -1 7.54979e-08 19 19 6 255
0.2990073 7.2576306e-08 0.9613023 0 -1 7.54979e-08 11 13 3 255
0.31900728 7.2576306e-08 0.9613023 0 -1 7.54979e-08 19 26 17 255
0.33900726 7.2576306e-08 0.9613023 0 -1 7.54979e-08 187 187 187 255
0.35900724 7.2576306e-08 0.9613023 0 -1 7.54979e-08 207 207 207 255
0.37900722 7.2576306e-08 0.9613023 0 -1 7.54979e-08 78 74 66 255
0.3990072 7.2576306e-08 0.9613023 0 -1 7.54979e-08 231 231 231 255
0.4190073 7.2576306e-08 0.9613023 0 -1 7.54979e-08 27 25 23 255
0.43900728 7.2576306e-08 0.9613023 0 -1 7.54979e-08 14 14 3 255
0.45900726 7.2576306e-08 0.9613023 0 -1 7.54979e-08 7 7 1 255
0.47900724 7.2576306e-08 0.9613023 0 -1 7.54979e-08 0 0 0 255
0.49900723 7.2576306e-08 0.9613023 0 -1 7.54979e-08 6 15 3 255
0.5190072 7.2576306e-08 0.9613023 0 -1 7.54979e-08 7 19 3 255
0.5390072 7.2576306e-08 0.9613023 0 -1 7.54979e-08 46 34 15 255
0.5590073 7.2576306e-08 0.9613023 0 -1 7.54979e-08 128 82 45 255
0.57900727 7.2576306e-08 0.9613023 0 -1 7.54979e-08 118 78 43 255
0.59900725 7.2576306e-08 0.9613023 0 -1 7.54979e-08 23 18 6 255
0.61900723 7.2576306e-08 0.9613023 0 -1 7.54979e-08 2 5 1 255
0.6390072 7.2576306e-08 0.9613023 0 -1 7.54979e-08 7 19 3 255
0.6590072 7.2576306e-08 0.9613023 0 -1 7.54979e-08 5 13 2 255
0.6790073 7.2576306e-08 0.9613023 0 -1 7.54979e-08 7 19 3 255
0.6990073 7.2576306e-08 0.9613023 0 -1 7.54979e-08 7 19 3 255
0.71900725 7.2576306e-08 0.9613023 0 -1 7.54979e-08 7 19 3 255
0.73900723 7.2576306e-08 0.9613023 0 -1 7.54979e-08 7 19 3 255
0.7590072 7.2576306e-08 0.9613023 0 -1 7.54979e-08 7 19 3 255
0.7790072 7.2576306e-08 0.9613023 0 -1 7.54979e-08 13 15 3 255
0.7990073 7.2576306e-08 0.9613023 0 -1 7.54979e-08 14 14 3 255
0.8190073 7.2576306e-08 0.9613023 0 -1 7.54979e-08 21 19 6 255
0.83900726 7.2576306e-08 0.9613023 0 -1 7.54979e-08 39 31 11 255
0.85900724 7.2576306e-08 0.9613023 0 -1 7.54979e-08 29 28 14 255
-0.40099275 7.4086266e-08 0.9813023 0 -1 7.54979e-08 39 31 11 255
-0.3809927 7.4086266e-08 0.9813023 0 -1 7.54979e-08 60 45 21 255
-0.36099273 7.4086266e-08 0.9813023 0 -1 7.54979e-08 70 50 23 255
-0.34099275 7.4086266e-08 0.9813023 0 -1 7.54979e-08 70 51 23 255
-0.3209927 7.4086266e-08 0.9813023 0 -1 7.54979e-08 70 51 23 255
-0.30099273 7.4086266e-08 0.9813023 0 -1 7.54979e-08 70 51 23 255
-0.28099275 7.4086266e-08 0.9813023 0 -1 7.54979e-08 70 51 23 255
-0.26099277 7.4086266e-08 0.9813023 0 -1 7.54979e-08 70 51 23 255
-0.24099272 7.4086266e-08 0.9813023 0 -1 7.54979e-08 78 58 27 255
-0.22099274 7.4086266e-08 0.9813023 0 -1 7.54979e-08 84 60 29 255
-0.20099276 7.4086266e-08 0.9813023 0 -1 7.54979e-08 90 62 31 255
-0.18099272 7.4086266e-08 0.9813023 0 -1 7.54979e-08 90 62 31 255
-0.16099274 7.4086266e-08 0.9813023 0 -1 7.54979e-08 102 66 35 255
-0.14099276 7.4086266e-08 0.9813023 0 -1 7.54979e-08 102 66 35 255
-0.12099272 7.4086266e-08 0.9813023 0 -1 7.54979e-08 102 66 35 255
-0.10099274 7.4086266e-08 0.9813023 0 -1 7.54979e-08 102 66 35 255
-0.08099276 7.4086266e-08 0.9813023 0 -1 7.54979e-08 113 74 39 255
-0.060992718 7.4086266e-08 0.9813023 0 -1 7.54979e-08 102 66 35 255
-0.040992737 7.4086266e-08 0.9813023 0 -1 7.54979e-08 90 62 31 255
-0.020992756 7.4086266e-08 0.9813023 0 -1 7.54979e-08 74 54 25 255
-0.000992775 7.4086266e-08 0.9813023 0 -1 7.54979e-08 70 50 23 255
0.019007206 7.4086266e-08 0.9813023 0 -1 7.54979e-08 23 25 7 255
0.039007306 7.4086266e-08 0.9813023 0 -1 7.54979e-08 7 19 3 255
0.059007287 7.4086266e-08 0.9813023 0 -1 7.54979e-08 19 11 3 255
0.07900727 7.4086266e-08 0.9813023 0 -1 7.54979e-08 31 31 31 255
0.09900725 7.4086266e-08 0.9813023 0 -1 7.54979e-08 15 15 15 255
0.11900723 7.4086266e-08 0.9813023 0 -1 7.54979e-08 19 11 3 255
0.13900721 7.4086266e-08 0.9813023 0 -1 7.54979e-08 33 33 33 255
0.15900731 7.4086266e-08 0.9813023 0 -1 7.54979e-08 230 230 230 255
0.17900729 7.4086266e-08 0.9813023 0 -1 7.54979e-08 17 17 17 255
0.19900727 7.4086266e-08 0.9813023 0 -1 7.54979e-08 19 11 3 255
0.21900725 7.4086266e-08 0.9813023 0 -1 7.54979e-08 0 0 0 255
0.23900723 7.4086266e-08 0.9813023 0 -1 7.54979e-08 27 20 8 255
0.25900722 7.4086266e-08 0.9813023 0 -1 7.54979e-08 196 196 196 255
0.2790072 7.4086266e-08 0.9813023 0 -1 7.54979e-08 82 82 82 255
0.2990073 7.4086266e-08 0.9813023 0 -1 7.54979e-08 33 33 33 255
0.31900728 7.4086266e-08 0.9813023 0 -1 7.54979e-08 101 101 101 255
0.33900726 7.4086266e-08 0.9813023 0 -1 7.54979e-08 25 31 23 255
0.35900724 7.4086266e-08 0.9813023 0 -1 7.54979e-08 27 19 8 255
0.37900722 7.4086266e-08 0.9813023 0 -1 7.54979e-08 23 25 7 255
0.3990072 7.4086266e-08 0.9813023 0 -1 7.54979e-08 20 12 4 255
0.4190073 7.4086266e-08 0.9813023 0 -1 7.54979e-08 3 9 1 255
0.43900728 7.4086266e-08 0.9813023 0 -1 7.54979e-08 0 0 0 255
0.45900726 7.4086266e-08 0.9813023 0 -1 7.54979e-08 0 0 0 255
0.47900724 7.4086266e-08 0.9813023 0 -1 7.54979e-08 0 0 0 255
0.49900723 7.4086266e-08 0.9813023 0 -1 7.54979e-08 3 9 1 255
0.5190072 7.4086266e-08 0.9813023 0 -1 7.54979e-08 39 31 11 255
0.5390072 7.4086266e-08 0.9813023 0 -1 7.54979e-08 88 60 31 255
0.5590073 7.4086266e-08 0.9813023 0 -1 7.54979e-08 172 109 66 255
0.57900727 7.4086266e-08 0.9813023 0 -1 7.54979e-08 74 52 25 255
0.59900725 7.4086266e-08 0.9813023 0 -1 7.54979e-08 0 0 0 255
0.61900723 7.4086266e-08 0.9813023 0 -1 7.54979e-08 3 9 1 255
0.6390072 7.4086266e-08 0.9813023 0 -1 7.54979e-08 0 0 0 255
0.6590072 7.4086266e-08 0.9813023 0 -1 7.54979e-08 3 9 1 255
0.6790073 7.4086266e-08 0.9813023 0 -1 7.54979e-08 7 19 3 255
0.6990073 7.4086266e-08 0.9813023 0 -1 7.54979e-08 7 19 3 255
0.71900725 7.4086266e-08 0.9813023 0 -1 7.54979e-08 7 19 3 255
0.73900723 7.4086266e-08 0.9813023 0 -1 7.54979e-08 19 11 3 255
0.7590072 7.4086266e-08 0.9813023 0 -1 7.54979e-08 7 19 3 255
0.7790072 7.4086266e-08 0.9813023 0 -1 7.54979e-08 29 21 7 255
0.7990073 7.4086266e-08 0.9813023 0 -1 7.54979e-08 19 11 3 255
0.8190073 7.4086266e-08 0.9813023 0 -1 7.54979e-08 19 11 3 255
0.83900726 7.4086266e-08 0.9813023 0 -1 7.54979e-08 39 31 11 255
0.85900724 7.4086266e-08 0.9813023 0 -1 7.54979e-08 39 31 11 255
-0.40099275 7.559622e-08 1.0013022 0 -1 7.54979e-08 39 31 11 255
-0.3809927 7.559622e-08 1.0013022 0 -1 7.54979e-08 60 45 21 255
-0.36099273 7.559622e-08 1.0013022 0 -1 7.54979e-08 62 47 23 255
-0.34099275 7.559622e-08 1.0013022 0 -1 7.54979e-08 71 52 24 255
-0.3209927 7.559622e-08 1.0013022 0 -1 7.54979e-08 75 55 25 255
-0.30099273 7.559622e-08 1.0013022 0 -1 7.54979e-08 75 55 25 255
-0.28099275 7.559622e-08 1.0013022 0 -1 7.54979e-08 75 55 25 255
-0.26099277 7.559622e-08 1.0013022 0 -1 7.54979e-08 85 61 29 255
-0.24099272 7.559622e-08 1.0013022 0 -1 7.54979e-08 97 65 33 255
-0.22099274 7.559622e-08 1.0013022 0 -1 7.54979e-08 99 65 34 255
-0.20099276 7.559622e-08 1.0013022 0 -1 7.54979e-08 109 71 37 255
-0.18099272 7.559622e-08 1.0013022 0 -1 7.54979e-08 109 71 37 255
-0.16099274 7.559622e-08 1.0013022 0 -1 7.54979e-08 109 71 37 255
-0.14099276 7.559622e-08 1.0013022 0 -1 7.54979e-08 109 71 37 255
-0.12099272 7.559622e-08 1.0013022 0 -1 7.54979e-08 109 71 37 255
-0.10099274 7.559622e-08 1.0013022 0 -1 7.54979e-08 113 74 39 255
-0.08099276 7.559622e-08 1.0013022 0 -1 7.54979e-08 106 69 36 255
-0.060992718 7.559622e-08 1.0013022 0 -1 7.54979e-08 92 63 32 255
-0.040992737 7.559622e-08 1.0013022 0 -1 7.54979e-08 78 58 27 255
-0.020992756 7.559622e-08 1.0013022 0 -1 7.54979e-08 84 60 29 255
-0.000992775 7.559622e-08 1.0013022 0 -1 7.54979e-08 97 64 33 255
0.019007206 7.559622e-08 1.0013022 0 -1 7.54979e-08 33 25 9 255
0.039007306 7.559622e-08 1.0013022 0 -1 7.54979e-08 3 7 1 255
0.059007287 7.559622e-08 1.0013022 0 -1 7.54979e-08 11 17 3 255
0.07900727 7.559622e-08 1.0013022 0 -1 7.54979e-08 34 31 23 255
0.09900725 7.559622e-08 1.0013022 0 -1 7.54979e-08 11 9 2 255
0.11900723 7.559622e-08 1.0013022 0 -1 7.54979e-08 19 11 3 255
0.13900721 7.559622e-08 1.0013022 0 -1 7.54979e-08 15 9 3 255
0.15900731 7.559622e-08 1.0013022 0 -1 7.54979e-08 14 14 14 255
0.17900729 7.559622e-08 1.0013022 0 -1 7.54979e-08 54 53 50 255
0.19900727 7.559622e-08 1.0013022 0 -1 7.54979e-08 17 24 15 255
0.21900725 7.559622e-08 1.0013022 0 -1 7.54979e-08 22 17 10 255
0.23900723 7.559622e-08 1.0013022 0 -1 7.54979e-08 91 91 91 255
0.25900722 7.559622e-08 1.0013022 0 -1 7.54979e-08 143 141 135 255
0.2790072 7.559622e-08 1.0013022 0 -1 7.54979e-08 25 32 23 255
0.2990073 7.559622e-08 1.0013022 0 -1 7.54979e-08 93 95 92 255
0.31900728 7.559622e-08 1.0013022 0 -1 7.54979e-08 94 94 94 255
0.33900726 7.559622e-08 1.0013022 0 -1 7.54979e-08 0 0 0 255
0.35900724 7.559622e-08 1.0013022 0 -1 7.54979e-08 3 7 1 255
0.37900722 7.559622e-08 1.0013022 0 -1 7.54979e-08 13 15 3 255
0.3990072 7.559622e-08 1.0013022 0 -1 7.54979e-08 3 7 1 255
0.4190073 7.559622e-08 1.0013022 0 -1 7.54979e-08 7 19 3 255
0.43900728 7.559622e-08 1.0013022 0 -1 7.54979e-08 3 7 1 255
0.45900726 7.559622e-08 1.0013022 0 -1 7.54979e-08 7 19 3 255
0.47900724 7.559622e-08 1.0013022 0 -1 7.54979e-08 7 19 3 255
0.49900723 7.559622e-08 1.0013022 0 -1 7.54979e-08 26 26 9 255
0.5190072 7.559622e-08 1.0013022 0 -1 7.54979e-08 91 61 31 255
0.5390072 7.559622e-08 1.0013022 0 -1 7.54979e-08 148 95 54 255
0.5590073 7.559622e-08 1.0013022 0 -1 7.54979e-08 106 70 37 255
0.57900727 7.559622e-08 1.0013022 0 -1 7.54979e-08 40 30 14 255
0.59900725 7.559622e-08 1.0013022 0 -1 7.54979e-08 0 0 0 255
0.61900723 7.559622e-08 1.0013022 0 -1 7.54979e-08 0 0 0 255
0.6390072 7.559622e-08 1.0013022 0 -1 7.54979e-08 4 11 2 255
0.6590072 7.559622e-08 1.0013022 0 -1 7.54979e-08 7 19 3 255
0.6790073 7.559622e-08 1.0013022 0 -1 7.54979e-08 7 19 3 255
0.6990073 7.559622e-08 1.0013022 0 -1 7.54979e-08 7 19 3 255
0.71900725 7.559622e-08 1.0013022 0 -1 7.54979e-08 12 16 3 255
0.73900723 7.559622e-08 1.0013022 0 -1 7.54979e-08 11 17 3 255
0.7590072 7.559622e-08 1.0013022 0 -1 7.54979e-08 19 11 3 255
0.7790072 7.559622e-08 1.0013022 0 -1 7.54979e-08 20 17 5 255
0.7990073 7.559622e-08 1.0013022 0 -1 7.54979e-08 47 36 14 255
0.8190073 7.559622e-08 1.0013022 0 -1 7.54979e-08 62 45 20 255
0.83900726 7.559622e-08 1.0013022 0 -1 7.54979e-08 58 43 19 255
0.85900724 7.559622e-08 1.0013022 0 -1 7.54979e-08 44 34 13 255
-0.40099275 7.710617e-08 1.0213022 0 -1 7.54979e-08 32 25 9 255
-0.3809927 7.710617e-08 1.0213022 0 -1 7.54979e-08 60 45 21 255
-0.36099273 7.710617e-08 1.0213022 0 -1 7.54979e-08 62 47 23 255
-0.34099275 7.710617e-08 1.0213022 0 -1 7.54979e-08 74 54 25 255
-0.3209927 7.710617e-08 1.0213022 0 -1 7.54979e-08 80 59 28 255
-0.30099273 7.710617e-08 1.0213022 0 -1 7.54979e-08 91 63 31 255
-0.28099275 7.710617e-08 1.0213022 0 -1 7.54979e-08 92 63 31 255
-0.26099277 7.710617e-08 1.0213022 0 -1 7.54979e-08 103 67 35 255
-0.24099272 7.710617e-08 1.0213022 0 -1 7.54979e-08 115 75 39 255
-0.22099274 7.710617e-08 1.0213022 0 -1 7.54979e-08 120 78 42 255
-0.20099276 7.710617e-08 1.0213022 0 -1 7.54979e-08 133 84 48 255
-0.18099272 7.710617e-08 1.0213022 0 -1 7.54979e-08 133 84 48 255
-0.16099274 7.710617e-08 1.0213022 0 -1 7.54979e-08 131 83 47 255
-0.14099276 7.710617e-08 1.0213022 0 -1 7.54979e-08 124 79 44 255
-0.12099272 7.710617e-08 1.0213022 0 -1 7.54979e-08 113 74 39 255
-0.10099274 7.710617e-08 1.0213022 0 -1 7.54979e-08 108 70 37 255
-0.08099276 7.710617e-08 1.0213022 0 -1 7.54979e-08 99 65 34 255
-0.060992718 7.710617e-08 1.0213022 0 -1 7.54979e-08 85 61 29 255
-0.040992737 7.710617e-08 1.0213022 0 -1 7.54979e-08 80 59 28 255
-0.020992756 7.710617e-08 1.0213022 0 -1 7.54979e-08 99 66 34 255
-0.000992775 7.710617e-08 1.0213022 0 -1 7.54979e-08 105 68 36 255
0.019007206 7.710617e-08 1.0213022 0 -1 7.54979e-08 35 31 19 255
0.039007306 7.710617e-08 1.0213022 0 -1 7.54979e-08 0 0 0 255
0.059007287 7.710617e-08 1.0213022 0 -1 7.54979e-08 14 14 3 255
0.07900727 7.710617e-08 1.0213022 0 -1 7.54979e-08 29 27 26 255
0.09900725 7.710617e-08 1.0213022 0 -1 7.54979e-08 10 7 2 255
0.11900723 7.710617e-08 1.0213022 0 -1 7.54979e-08 20 13 4 255
0.13900721 7.710617e-08 1.0213022 0 -1 7.54979e-08 24 18 10 255
0.15900731 7.710617e-08 1.0213022 0 -1 7.54979e-08 3 2 1 255
0.17900729 7.710617e-08 1.0213022 0 -1 7.54979e-08 175 175 175 255
0.19900727 7.710617e-08 1.0213022 0 -1 7.54979e-08 58 56 55 255
0.21900725 7.710617e-08 1.0213022 0 -1 7.54979e-08 1 1 0 255
0.23900723 7.710617e-08 1.0213022 0 -1 7.54979e-08 33 33 33 255
0.25900722 7.710617e-08 1.0213022 0 -1 7.54979e-08 124 124 124 255
0.2790072 7.710617e-08 1.0213022 0 -1 7.54979e-08 121 121 121 255
0.2990073 7.710617e-08 1.0213022 0 -1 7.54979e-08 54 47 38 255
0.31900728 7.710617e-08 1.0213022 0 -1 7.54979e-08 63 63 63 255
0.33900726 7.710617e-08 1.0213022 0 -1 7.54979e-08 0 0 0 255
0.35900724 7.710617e-08 1.0213022 0 -1 7.54979e-08 7 19 3 255
0.37900722 7.710617e-08 1.0213022 0 -1 7.54979e-08 7 19 3 255
0.3990072 7.710617e-08 1.0213022 0 -1 7.54979e-08 1 3 0 255
0.4190073 7.710617e-08 1.0213022 0 -1 7.54979e-08 3 9 1 255
0.43900728 7.710617e-08 1.0213022 0 -1 7.54979e-08 0 0 0 255
0.45900726 7.710617e-08 1.0213022 0 -1 7.54979e-08 4 11 2 255
0.47900724 7.710617e-08 1.0213022 0 -1 7.54979e-08 12 9 4 255
0.49900723 7.710617e-08 1.0213022 0 -1 7.54979e-08 103 69 35 255
0.5190072 7.710617e-08 1.0213022 0 -1 7.54979e-08 195 122 76 255
0.5390072 7.710617e-08 1.0213022 0 -1 7.54979e-08 131 84 47 255
0.5590073 7.710617e-08 1.0213022 0 -1 7.54979e-08 74 55 25 255
0.57900727 7.710617e-08 1.0213022 0 -1 7.54979e-08 15 12 4 255
0.59900725 7.710617e-08 1.0213022 0 -1 7.54979e-08 0 0 0 255
0.61900723 7.710617e-08 1.0213022 0 -1 7.54979e-08 3 7 1 255
0.6390072 7.710617e-08 1.0213022 0 -1 7.54979e-08 7 19 3 255
0.6590072 7.710617e-08 1.0213022 0 -1 7.54979e-08 7 19 3 255
0.6790073 7.710617e-08 1.0213022 0 -1 7.54979e-08 7 19 3 255
0.6990073 7.710617e-08 1.0213022 0 -1 7.54979e-08 12 16 3 255
0.71900725 7.710617e-08 1.0213022 0 -1 7.54979e-08 19 11 3 255
0.73900723 7.710617e-08 1.0213022 0 -1 7.54979e-08 8 18 3 255
0.7590072 7.710617e-08 1.0213022 0 -1 7.54979e-08 7 19 3 255
0.7790072 7.710617e-08 1.0213022 0 -1 7.54979e-08 31 22 8 255
0.7990073 7.710617e-08 1.0213022 0 -1 7.54979e-08 59 43 20 255
0.8190073 7.710617e-08 1.0213022 0 -1 7.54979e-08 63 46 22 255
0.83900726 7.710617e-08 1.0213022 0 -1 7.54979e-08 72 52 24 255
0.85900724 7.710617e-08 1.0213022 0 -1 7.54979e-08 64 47 21 255
-0.40099275 7.861613e-08 1.0413022 0 -1 7.54979e-08 0 0 0 255
-0.3809927 7.861613e-08 1.0413022 0 -1 7.54979e-08 59 43 19 255
-0.36099273 7.861613e-08 1.0413022 0 -1 7.54979e-08 62 47 23 255
-0.34099275 7.861613e-08 1.0413022 0 -1 7.54979e-08 74 54 25 255
-0.3209927 7.861613e-08 1.0413022 0 -1 7.54979e-08 90 62 31 255
-0.30099273 7.861613e-08 1.0413022 0 -1 7.54979e-08 100 66 34 255
-0.28099275 7.861613e-08 1.0413022 0 -1 7.54979e-08 111 72 38 255
-0.26099277 7.861613e-08 1.0413022 0 -1 7.54979e-08 121 78 43 255
-0.24099272 7.861613e-08 1.0413022 0 -1 7.54979e-08 133 87 49 255
-0.22099274 7.861613e-08 1.0413022 0 -1 7.54979e-08 151 96 56 255
-0.20099276 7.861613e-08 1.0413022 0 -1 7.54979e-08 161 103 60 255
-0.18099272 7.861613e-08 1.0413022 0 -1 7.54979e-08 137 88 50 255
-0.16099274 7.861613e-08 1.0413022 0 -1 7.54979e-08 125 81 44 255
-0.14099276 7.861613e-08 1.0413022 0 -1 7.54979e-08 114 75 39 255
-0.12099272 7.861613e-08 1.0413022 0 -1 7.54979e-08 113 74 39 255
-0.10099274 7.861613e-08 1.0413022 0 -1 7.54979e-08 108 70 37 255
-0.08099276 7.861613e-08 1.0413022 0 -1 7.54979e-08 90 62 31 255
-0.060992718 7.861613e-08 1.0413022 0 -1 7.54979e-08 90 62 31 255
-0.040992737 7.861613e-08 1.0413022 0 -1 7.54979e-08 99 65 34 255
-0.020992756 7.861613e-08 1.0413022 0 -1 7.54979e-08 119 77 42 255
-0.000992775 7.861613e-08 1.0413022 0 -1 7.54979e-08 106 69 36 255
0.019007206 7.861613e-08 1.0413022 0 -1 7.54979e-08 39 31 11 255
0.039007306 7.861613e-08 1.0413022 0 -1 7.54979e-08 0 0 0 255
0.059007287 7.861613e-08 1.0413022 0 -1 7.54979e-08 19 11 3 255
0.07900727 7.861613e-08 1.0413022 0 -1 7.54979e-08 19 11 3 255
0.09900725 7.861613e-08 1.0413022 0 -1 7.54979e-08 6 10 2 255
0.11900723 7.861613e-08 1.0413022 0 -1 7.54979e-08 39 37 34 255
0.13900721 7.861613e-08 1.0413022 0 -1 7.54979e-08 35 35 35 255
0.15900731 7.861613e-08 1.0413022 0 -1 7.54979e-08 19 11 3 255
0.17900729 7.861613e-08 1.0413022 0 -1 7.54979e-08 40 37 30 255
0.19900727 7.861613e-08 1.0413022 0 -1 7.54979e-08 10 17 3 255
0.21900725 7.861613e-08 1.0413022 0 -1 7.54979e-08 14 13 12 255
0.23900723 7.861613e-08 1.0413022 0 -1 7.54979e-08 220 220 220 255
0.25900722 7.861613e-08 1.0413022 0 -1 7.54979e-08 156 156 156 255
0.2790072 7.861613e-08 1.0413022 0 -1 7.54979e-08 7 7 7 255
0.2990073 7.861613e-08 1.0413022 0 -1 7.54979e-08 75 75 75 255
0.31900728 7.861613e-08 1.0413022 0 -1 7.54979e-08 217 184 166 255
0.33900726 7.861613e-08 1.0413022 0 -1 7.54979e-08 5 14 2 255
0.35900724 7.861613e-08 1.0413022 0 -1 7.54979e-08 7 19 3 255
0.37900722 7.861613e-08 1.0413022 0 -1 7.54979e-08 7 19 3 255
0.3990072 7.861613e-08 1.0413022 0 -1 7.54979e-08 7 19 3 255
0.4190073 7.861613e-08 1.0413022 0 -1 7.54979e-08 6 17 3 255
0.43900728 7.861613e-08 1.0413022 0 -1 7.54979e-08 5 14 2 255
0.45900726 7.861613e-08 1.0413022 0 -1 7.54979e-08 44 36 14 255
0.47900724 7.861613e-08 1.0413022 0 -1 7.54979e-08 103 69 35 255
0.49900723 7.861613e-08 1.0413022 0 -1 7.54979e-08 155 99 58 255
0.5190072 7.861613e-08 1.0413022 0 -1 7.54979e-08 160 103 60 255
0.5390072 7.861613e-08 1.0413022 0 -1 7.54979e-08 97 65 33 255
0.5590073 7.861613e-08 1.0413022 0 -1 7.54979e-08 43 33 13 255
0.57900727 7.861613e-08 1.0413022 0 -1 7.54979e-08 0 0 0 255
0.59900725 7.861613e-08 1.0413022 0 -1 7.54979e-08 5 14 2 255
0.61900723 7.861613e-08 1.0413022 0 -1 7.54979e-08 5 14 2 255
0.6390072 7.861613e-08 1.0413022 0 -1 7.54979e-08 7 19 3 255
0.6590072 7.861613e-08 1.0413022 0 -1 7.54979e-08 7 19 3 255
0.6790073 7.861613e-08 1.0413022 0 -1 7.54979e-08 7 19 3 255
0.6990073 7.861613e-08 1.0413022 0 -1 7.54979e-08 12 16 3 255
0.71900725 7.861613e-08 1.0413022 0 -1 7.54979e-08 10 17 3 255
0.73900723 7.861613e-08 1.0413022 0 -1 7.54979e-08 13 15 3 255
0.7590072 7.861613e-08 1.0413022 0 -1 7.54979e-08 7 19 3 255
0.7790072 7.861613e-08 1.0413022 0 -1 7.54979e-08 34 25 10 255
0.7990073 7.861613e-08 1.0413022 0 -1 7.54979e-08 59 43 20 255
0.8190073 7.861613e-08 1.0413022 0 -1 7.54979e-08 71 53 25 255
0.83900726 7.861613e-08 1.0413022 0 -1 7.54979e-08 96 64 33 255
0.85900724 7.861613e-08 1.0413022 0 -1 7.54979e-08 67 50 22 255
-0.40099275 8.0126085e-08 1.0613022 0 -1 7.54979e-08 0 0 0 255
-0.3809927 8.0126085e-08 1.0613022 0 -1 7.54979e-08 58 43 19 255
-0.36099273 8.0126085e-08 1.0613022 0 -1 7.54979e-08 62 47 23 255
-0.34099275 8.0126085e-08 1.0613022 0 -1 7.54979e-08 76 55 26 255
-0.3209927 8.0126085e-08 1.0613022 0 -1 7.54979e-08 106 69 36 255
-0.30099273 8.0126085e-08 1.0613022 0 -1 7.54979e-08 122 79 43 255
-0.28099275 8.0126085e-08 1.0613022 0 -1 7.54979e-08 136 86 49 255
-0.26099277 8.0126085e-08 1.0613022 0 -1 7.54979e-08 157 101 58 255
-0.24099272 8.0126085e-08 1.0613022 0 -1 7.54979e-08 162 104 61 255
-0.22099274 8.0126085e-08 1.0613022 0 -1 7.54979e-08 153 98 57 255
-0.20099276 8.0126085e-08 1.0613022 0 -1 7.54979e-08 137 90 50 255
-0.18099272 8.0126085e-08 1.0613022 0 -1 7.54979e-08 124 79 44 255
-0.16099274 8.0126085e-08 1.0613022 0 -1 7.54979e-08 113 74 39 255
-0.14099276 8.0126085e-08 1.0613022 0 -1 7.54979e-08 113 74 39 255
-0.12099272 8.0126085e-08 1.0613022 0 -1 7.54979e-08 109 71 37 255
-0.10099274 8.0126085e-08 1.0613022 0 -1 7.54979e-08 100 66 34 255
-0.08099276 8.0126085e-08 1.0613022 0 -1 7.54979e-08 90 62 31 255
-0.060992718 8.0126085e-08 1.0613022 0 -1 7.54979e-08 98 65 33 255
-0.040992737 8.0126085e-08 1.0613022 0 -1 7.54979e-08 114 74 40 255
-0.020992756 8.0126085e-08 1.0613022 0 -1 7.54979e-08 102 68 35 255
-0.000992775 8.0126085e-08 1.0613022 0 -1 7.54979e-08 85 61 29 255
0.019007206 8.0126085e-08 1.0613022 0 -1 7.54979e-08 39 31 11 255
0.039007306 8.0126085e-08 1.0613022 0 -1 7.54979e-08 0 0 0 255
0.059007287 8.0126085e-08 1.0613022 0 -1 7.54979e-08 15 14 3 255
0.07900727 8.0126085e-08 1.0613022 0 -1 7.54979e-08 26 18 6 255
0.09900725 8.0126085e-08 1.0613022 0 -1 7.54979e-08 3 9 1 255
0.11900723 8.0126085e-08 1.0613022 0 -1 7.54979e-08 41 38 31 255
0.13900721 8.0126085e-08 1.0613022 0 -1 7.54979e-08 34 25 14 255
0.15900731 8.0126085e-08 1.0613022 0 -1 7.54979e-08 34 27 10 255
0.17900729 8.0126085e-08 1.0613022 0 -1 7.54979e-08 31 29 27 255
0.19900727 8.0126085e-08 1.0613022 0 -1 7.54979e-08 0 0 0 255
0.21900725 8.0126085e-08 1.0613022 0 -1 7.54979e-08 38 38 38 255
0.23900723 8.0126085e-08 1.0613022 0 -1 7.54979e-08 231 231 231 255
0.25900722 8.0126085e-08 1.0613022 0 -1 7.54979e-08 103 106 101 255
0.2790072 8.0126085e-08 1.0613022 0 -1 7.54979e-08 0 0 0 255
0.2990073 8.0126085e-08 1.0613022 0 -1 7.54979e-08 92 92 92 255
0.31900728 8.0126085e-08 1.0613022 0 -1 7.54979e-08 241 223 213 255
0.33900726 8.0126085e-08 1.0613022 0 -1 7.54979e-08 16 23 6 255
0.35900724 8.0126085e-08 1.0613022 0 -1 7.54979e-08 26 27 9 255
0.37900722 8.0126085e-08 1.0613022 0 -1 7.54979e-08 29 25 9 255
0.3990072 8.0126085e-08 1.0613022 0 -1 7.54979e-08 26 27 9 255
0.4190073 8.0126085e-08 1.0613022 0 -1 7.54979e-08 60 44 19 255
0.43900728 8.0126085e-08 1.0613022 0 -1 7.54979e-08 77 55 26 255
0.45900726 8.0126085e-08 1.0613022 0 -1 7.54979e-08 106 72 37 255
0.47900724 8.0126085e-08 1.0613022 0 -1 7.54979e-08 141 91 52 255
0.49900723 8.0126085e-08 1.0613022 0 -1 7.54979e-08 161 103 60 255
0.5190072 8.0126085e-08 1.0613022 0 -1 7.54979e-08 105 70 36 255
0.5390072 8.0126085e-08 1.0613022 0 -1 7.54979e-08 59 44 20 255
0.5590073 8.0126085e-08 1.0613022 0 -1 7.54979e-08 0 0 0 255
0.57900727 8.0126085e-08 1.0613022 0 -1 7.54979e-08 2 6 1 255
0.59900725 8.0126085e-08 1.0613022 0 -1 7.54979e-08 7 19 3 255
0.61900723 8.0126085e-08 1.0613022 0 -1 7.54979e-08 7 19 3 255
0.6390072 8.0126085e-08 1.0613022 0 -1 7.54979e-08 7 19 3 255
0.6590072 8.0126085e-08 1.0613022 0 -1 7.54979e-08 7 19 3 255
0.6790073 8.0126085e-08 1.0613022 0 -1 7.54979e-08 11 16 3 255
0.6990073 8.0126085e-08 1.0613022 0 -1 7.54979e-08 11 16 3 255
0.71900725 8.0126085e-08 1.0613022 0 -1 7.54979e-08 19 11 3 255
0.73900723 8.0126085e-08 1.0613022 0 -1 7.54979e-08 17 15 4 255
0.7590072 8.0126085e-08 1.0613022 0 -1 7.54979e-08 31 23 9 255
0.7790072 8.0126085e-08 1.0613022 0 -1 7.54979e-08 49 37 16 255
0.7990073 8.0126085e-08 1.0613022 0 -1 7.54979e-08 65 48 23 255
0.8190073 8.0126085e-08 1.0613022 0 -1 7.54979e-08 69 51 24 255
0.83900726 8.0126085e-08 1.0613022 0 -1 7.54979e-08 113 74 39 255
0.85900724 8.0126085e-08 1.0613022 0 -1 7.54979e-08 71 48 24 255
-0.3809927 8.163606e-08 1.0813024 0 -1 7.54979e-08 30 22 10 255
-0.36099273 8.163606e-08 1.0813024 0 -1 7.54979e-08 62 47 23 255
-0.34099275 8.163606e-08 1.0813024 0 -1 7.54979e-08 80 56 27 255
-0.3209927 8.163606e-08 1.0813024 0 -1 7.54979e-08 113 74 39 255
-0.30099273 8.163606e-08 1.0813024 0 -1 7.54979e-08 129 84 47 255
-0.28099275 8.163606e-08 1.0813024 0 -1 7.54979e-08 138 90 51 255
-0.26099277 8.163606e-08 1.0813024 0 -1 7.54979e-08 150 94 55 255
-0.24099272 8.163606e-08 1.0813024 0 -1 7.54979e-08 138 90 51 255
-0.22099274 8.163606e-08 1.0813024 0 -1 7.54979e-08 133 86 49 255
-0.20099276 8.163606e-08 1.0813024 0 -1 7.54979e-08 122 79 43 255
-0.18099272 8.163606e-08 1.0813024 0 -1 7.54979e-08 118 76 41 255
-0.16099274 8.163606e-08 1.0813024 0 -1 7.54979e-08 113 74 39 255
-0.14099276 8.163606e-08 1.0813024 0 -1 7.54979e-08 102 67 35 255
-0.12099272 8.163606e-08 1.0813024 0 -1 7.54979e-08 102 66 35 255
-0.10099274 8.163606e-08 1.0813024 0 -1 7.54979e-08 90 62 31 255
-0.08099276 8.163606e-08 1.0813024 0 -1 7.54979e-08 90 62 31 255
-0.060992718 8.163606e-08 1.0813024 0 -1 7.54979e-08 90 62 31 255
-0.040992737 8.163606e-08 1.0813024 0 -1 7.54979e-08 90 62 31 255
-0.020992756 8.163606e-08 1.0813024 0 -1 7.54979e-08 75 55 25 255
-0.000992775 8.163606e-08 1.0813024 0 -1 7.54979e-08 63 47 23 255
0.019007206 8.163606e-08 1.0813024 0 -1 7.54979e-08 35 31 20 255
0.039007306 8.163606e-08 1.0813024 0 -1 7.54979e-08 7 18 3 255
0.059007287 8.163606e-08 1.0813024 0 -1 7.54979e-08 9 6 2 255
0.07900727 8.163606e-08 1.0813024 0 -1 7.54979e-08 65 64 63 255
0.09900725 8.163606e-08 1.0813024 0 -1 7.54979e-08 29 30 29 255
0.11900723 8.163606e-08 1.0813024 0 -1 7.54979e-08 9 20 4 255
0.13900721 8.163606e-08 1.0813024 0 -1 7.54979e-08 29 21 8 255
0.15900731 8.163606e-08 1.0813024 0 -1 7.54979e-08 27 19 7 255
0.17900729 8.163606e-08 1.0813024 0 -1 7.54979e-08 25 21 17 255
0.19900727 8.163606e-08 1.0813024 0 -1 7.54979e-08 0 0 0 255
0.21900725 8.163606e-08 1.0813024 0 -1 7.54979e-08 79 79 79 255
0.23900723 8.163606e-08 1.0813024 0 -1 7.54979e-08 231 231 231 255
0.25900722 8.163606e-08 1.0813024 0 -1 7.54979e-08 80 80 80 255
0.2790072 8.163606e-08 1.0813024 0 -1 7.54979e-08 0 0 0 255
0.2990073 8.163606e-08 1.0813024 0 -1 7.54979e-08 118 123 116 255
0.31900728 8.163606e-08 1.0813024 0 -1 7.54979e-08 231 231 231 255
0.33900726 8.163606e-08 1.0813024 0 -1 7.54979e-08 48 35 15 255
0.35900724 8.163606e-08 1.0813024 0 -1 7.54979e-08 77 57 26 255
0.37900722 8.163606e-08 1.0813024 0 -1 7.54979e-08 58 43 19 255
0.3990072 8.163606e-08 1.0813024 0 -1 7.54979e-08 77 58 26 255
0.4190073 8.163606e-08 1.0813024 0 -1 7.54979e-08 157 101 59 255
0.43900728 8.163606e-08 1.0813024 0 -1 7.54979e-08 127 81 46 255
0.45900726 8.163606e-08 1.0813024 0 -1 7.54979e-08 133 86 48 255
0.47900724 8.163606e-08 1.0813024 0 -1 7.54979e-08 149 94 54 255
0.49900723 8.163606e-08 1.0813024 0 -1 7.54979e-08 107 71 37 255
0.5190072 8.163606e-08 1.0813024 0 -1 7.54979e-08 64 47 23 255
0.5390072 8.163606e-08 1.0813024 0 -1 7.54979e-08 30 22 10 255
0.5590073 8.163606e-08 1.0813024 0 -1 7.54979e-08 7 18 3 255
0.57900727 8.163606e-08 1.0813024 0 -1 7.54979e-08 7 18 3 255
0.59900725 8.163606e-08 1.0813024 0 -1 7.54979e-08 7 19 3 255
0.61900723 8.163606e-08 1.0813024 0 -1 7.54979e-08 7 19 3 255
0.6390072 8.163606e-08 1.0813024 0 -1 7.54979e-08 7 19 3 255
0.6590072 8.163606e-08 1.0813024 0 -1 7.54979e-08 13 15 3 255
0.6790073 8.163606e-08 1.0813024 0 -1 7.54979e-08 8 19 3 255
0.6990073 8.163606e-08 1.0813024 0 -1 7.54979e-08 32 24 9 255
0.71900725 8.163606e-08 1.0813024 0 -1 7.54979e-08 56 41 18 255
0.73900723 8.163606e-08 1.0813024 0 -1 7.54979e-08 62 45 20 255
0.7590072 8.163606e-08 1.0813024 0 -1 7.54979e-08 69 49 22 255
0.7790072 8.163606e-08 1.0813024 0 -1 7.54979e-08 77 57 26 255
0.7990073 8.163606e-08 1.0813024 0 -1 7.54979e-08 100 65 34 255
0.8190073 8.163606e-08 1.0813024 0 -1 7.54979e-08 108 71 38 255
0.83900726 8.163606e-08 1.0813024 0 -1 7.54979e-08 135 89 50 255
0.85900724 8.163606e-08 1.0813024 0 -1 7.54979e-08 2 1 0 255
-0.3809927 8.314602e-08 1.1013024 0 -1 7.54979e-08 13 9 4 255
-0.36099273 8.314602e-08 1.1013024 0 -1 7.54979e-08 62 46 23 255
-0.34099275 8.314602e-08 1.1013024 0 -1 7.54979e-08 74 54 25 255
-0.3209927 8.314602e-08 1.1013024 0 -1 7.54979e-08 95 64 33 255
-0.30099273 8.314602e-08 1.1013024 0 -1 7.54979e-08 116 75 40 255
-0.28099275 8.314602e-08 1.1013024 0 -1 7.54979e-08 124 81 44 255
-0.26099277 8.314602e-08 1.1013024 0 -1 7.54979e-08 124 81 44 255
-0.24099272 8.314602e-08 1.1013024 0 -1 7.54979e-08 121 78 42 255
-0.22099274 8.314602e-08 1.1013024 0 -1 7.54979e-08 115 75 40 255
-0.20099276 8.314602e-08 1.1013024 0 -1 7.54979e-08 113 74 39 255
-0.18099272 8.314602e-08 1.1013024 0 -1 7.54979e-08 113 74 39 255
-0.16099274 8.314602e-08 1.1013024 0 -1 7.54979e-08 108 70 37 255
-0.14099276 8.314602e-08 1.1013024 0 -1 7.54979e-08 108 70 37 255
-0.12099272 8.314602e-08 1.1013024 0 -1 7.54979e-08 96 64 33 255
-0.10099274 8.314602e-08 1.1013024 0 -1 7.54979e-08 93 63 32 255
-0.08099276 8.314602e-08 1.1013024 0 -1 7.54979e-08 90 62 31 255
-0.060992718 8.314602e-08 1.1013024 0 -1 7.54979e-08 90 62 31 255
-0.040992737 8.314602e-08 1.1013024 0 -1 7.54979e-08 78 58 27 255
-0.020992756 8.314602e-08 1.1013024 0 -1 7.54979e-08 70 52 24 255
-0.000992775 8.314602e-08 1.1013024 0 -1 7.54979e-08 71 53 25 255
0.019007206 8.314602e-08 1.1013024 0 -1 7.54979e-08 33 25 9 255
0.039007306 8.314602e-08 1.1013024 0 -1 7.54979e-08 0 0 0 255
0.059007287 8.314602e-08 1.1013024 0 -1 7.54979e-08 9 5 1 255
0.07900727 8.314602e-08 1.1013024 0 -1 7.54979e-08 53 53 53 255
0.09900725 8.314602e-08 1.1013024 0 -1 7.54979e-08 32 32 32 255
0.11900723 8.314602e-08 1.1013024 0 -1 7.54979e-08 4 10 2 255
0.13900721 8.314602e-08 1.1013024 0 -1 7.54979e-08 24 16 5 255
0.15900731 8.314602e-08 1.1013024 0 -1 7.54979e-08 27 19 7 255
0.17900729 8.314602e-08 1.1013024 0 -1 7.54979e-08 26 20 12 255
0.19900727 8.314602e-08 1.1013024 0 -1 7.54979e-08 0 0 0 255
0.21900725 8.314602e-08 1.1013024 0 -1 7.54979e-08 97 97 97 255
0.23900723 8.314602e-08 1.1013024 0 -1 7.54979e-08 231 231 231 255
0.25900722 8.314602e-08 1.1013024 0 -1 7.54979e-08 92 92 92 255
0.2790072 8.314602e-08 1.1013024 0 -1 7.54979e-08 0 0 0 255
0.2990073 8.314602e-08 1.1013024 0 -1 7.54979e-08 150 150 150 255
0.31900728 8.314602e-08 1.1013024 0 -1 7.54979e-08 127 127 127 255
0.33900726 8.314602e-08 1.1013024 0 -1 7.54979e-08 62 46 20 255
0.35900724 8.314602e-08 1.1013024 0 -1 7.54979e-08 90 62 31 255
0.37900722 8.314602e-08 1.1013024 0 -1 7.54979e-08 58 43 19 255
0.3990072 8.314602e-08 1.1013024 0 -1 7.54979e-08 108 70 37 255
0.4190073 8.314602e-08 1.1013024 0 -1 7.54979e-08 161 103 60 255
0.43900728 8.314602e-08 1.1013024 0 -1 7.54979e-08 121 78 42 255
0.45900726 8.314602e-08 1.1013024 0 -1 7.54979e-08 125 81 44 255
0.47900724 8.314602e-08 1.1013024 0 -1 7.54979e-08 104 70 36 255
0.49900723 8.314602e-08 1.1013024 0 -1 7.54979e-08 71 51 24 255
0.5190072 8.314602e-08 1.1013024 0 -1 7.54979e-08 58 43 19 255
0.5390072 8.314602e-08 1.1013024 0 -1 7.54979e-08 10 12 3 255
0.5590073 8.314602e-08 1.1013024 0 -1 7.54979e-08 7 19 3 255
0.57900727 8.314602e-08 1.1013024 0 -1 7.54979e-08 7 19 3 255
0.59900725 8.314602e-08 1.1013024 0 -1 7.54979e-08 7 19 3 255
0.61900723 8.314602e-08 1.1013024 0 -1 7.54979e-08 13 15 3 255
0.6390072 8.314602e-08 1.1013024 0 -1 7.54979e-08 19 11 3 255
0.6590072 8.314602e-08 1.1013024 0 -1 7.54979e-08 26 19 6 255
0.6790073 8.314602e-08 1.1013024 0 -1 7.54979e-08 33 25 9 255
0.6990073 8.314602e-08 1.1013024 0 -1 7.54979e-08 33 25 9 255
0.71900725 8.314602e-08 1.1013024 0 -1 7.54979e-08 39 31 11 255
0.73900723 8.314602e-08 1.1013024 0 -1 7.54979e-08 62 45 20 255
0.7590072 8.314602e-08 1.1013024 0 -1 7.54979e-08 71 53 25 255
0.7790072 8.314602e-08 1.1013024 0 -1 7.54979e-08 109 73 38 255
0.7990073 8.314602e-08 1.1013024 0 -1 7.54979e-08 141 91 52 255
0.8190073 8.314602e-08 1.1013024 0 -1 7.54979e-08 133 86 48 255
0.83900726 8.314602e-08 1.1013024 0 -1 7.54979e-08 0 0 0 255
-0.36099273 8.465597e-08 1.1213024 0 -1 7.54979e-08 0 0 0 255
-0.34099275 8.465597e-08 1.1213024 0 -1 7.54979e-08 70 51 24 255
-0.3209927 8.465597e-08 1.1213024 0 -1 7.54979e-08 91 63 31 255
-0.30099273 8.465597e-08 1.1213024 0 -1 7.54979e-08 97 65 33 255
-0.28099275 8.465597e-08 1.1213024 0 -1 7.54979e-08 113 74 39 255
-0.26099277 8.465597e-08 1.1213024 0 -1 7.54979e-08 114 74 39 255
-0.24099272 8.465597e-08 1.1213024 0 -1 7.54979e-08 122 79 43 255
-0.22099274 8.465597e-08 1.1213024 0 -1 7.54979e-08 131 83 47 255
-0.20099276 8.465597e-08 1.1213024 0 -1 7.54979e-08 133 84 48 255
-0.18099272 8.465597e-08 1.1213024 0 -1 7.54979e-08 130 83 47 255
-0.16099274 8.465597e-08 1.1213024 0 -1 7.54979e-08 123 80 44 255
-0.14099276 8.465597e-08 1.1213024 0 -1 7.54979e-08 115 75 39 255
-0.12099272 8.465597e-08 1.1213024 0 -1 7.54979e-08 114 75 39 255
-0.10099274 8.465597e-08 1.1213024 0 -1 7.54979e-08 108 70 37 255
-0.08099276 8.465597e-08 1.1213024 0 -1 7.54979e-08 90 62 31 255
-0.060992718 8.465597e-08 1.1213024 0 -1 7.54979e-08 83 60 28 255
-0.040992737 8.465597e-08 1.1213024 0 -1 7.54979e-08 71 52 23 255
-0.020992756 8.465597e-08 1.1213024 0 -1 7.54979e-08 91 64 32 255
-0.000992775 8.465597e-08 1.1213024 0 -1 7.54979e-08 129 82 46 255
0.019007206 8.465597e-08 1.1213024 0 -1 7.54979e-08 33 25 9 255
0.039007306 8.465597e-08 1.1213024 0 -1 7.54979e-08 1 2 0 255
0.059007287 8.465597e-08 1.1213024 0 -1 7.54979e-08 19 11 3 255
0.07900727 8.465597e-08 1.1213024 0 -1 7.54979e-08 27 20 10 255
0.09900725 8.465597e-08 1.1213024 0 -1 7.54979e-08 9 5 1 255
0.11900723 8.465597e-08 1.1213024 0 -1 7.54979e-08 19 11 3 255
0.13900721 8.465597e-08 1.1213024 0 -1 7.54979e-08 25 21 17 255
0.15900731 8.465597e-08 1.1213024 0 -1 7.54979e-08 27 19 7 255
0.17900729 8.465597e-08 1.1213024 0 -1 7.54979e-08 21 14 5 255
0.19900727 8.465597e-08 1.1213024 0 -1 7.54979e-08 0 0 0 255
0.21900725 8.465597e-08 1.1213024 0 -1 7.54979e-08 105 105 104 255
0.23900723 8.465597e-08 1.1213024 0 -1 7.54979e-08 231 231 231 255
0.25900722 8.465597e-08 1.1213024 0 -1 7.54979e-08 88 88 88 255
0.2790072 8.465597e-08 1.1213024 0 -1 7.54979e-08 0 0 0 255
0.2990073 8.465597e-08 1.1213024 0 -1 7.54979e-08 180 180 180 255
0.31900728 8.465597e-08 1.1213024 0 -1 7.54979e-08 49 48 46 255
0.33900726 8.465597e-08 1.1213024 0 -1 7.54979e-08 66 47 21 255
0.35900724 8.465597e-08 1.1213024 0 -1 7.54979e-08 88 62 30 255
0.37900722 8.465597e-08 1.1213024 0 -1 7.54979e-08 58 43 19 255
0.3990072 8.465597e-08 1.1213024 0 -1 7.54979e-08 130 83 47 255
0.4190073 8.465597e-08 1.1213024 0 -1 7.54979e-08 169 108 64 255
0.43900728 8.465597e-08 1.1213024 0 -1 7.54979e-08 102 66 35 255
0.45900726 8.465597e-08 1.1213024 0 -1 7.54979e-08 94 63 32 255
0.47900724 8.465597e-08 1.1213024 0 -1 7.54979e-08 69 49 22 255
0.49900723 8.465597e-08 1.1213024 0 -1 7.54979e-08 45 34 14 255
0.5190072 8.465597e-08 1.1213024 0 -1 7.54979e-08 1 2 0 255
0.5390072 8.465597e-08 1.1213024 0 -1 7.54979e-08 7 19 3 255
0.5590073 8.465597e-08 1.1213024 0 -1 7.54979e-08 7 19 3 255
0.57900727 8.465597e-08 1.1213024 0 -1 7.54979e-08 7 19 3 255
0.59900725 8.465597e-08 1.1213024 0 -1 7.54979e-08 19 11 3 255
0.61900723 8.465597e-08 1.1213024 0 -1 7.54979e-08 14 15 4 255
0.6390072 8.465597e-08 1.1213024 0 -1 7.54979e-08 28 21 8 255
0.6590072 8.465597e-08 1.1213024 0 -1 7.54979e-08 39 31 11 255
0.6790073 8.465597e-08 1.1213024 0 -1 7.54979e-08 41 32 12 255
0.6990073 8.465597e-08 1.1213024 0 -1 7.54979e-08 51 38 16 255
0.71900725 8.465597e-08 1.1213024 0 -1 7.54979e-08 66 47 22 255
0.73900723 8.465597e-08 1.1213024 0 -1 7.54979e-08 124 80 44 255
0.7590072 8.465597e-08 1.1213024 0 -1 7.54979e-08 120 77 42 255
0.7790072 8.465597e-08 1.1213024 0 -1 7.54979e-08 65 45 21 255
0.7990073 8.465597e-08 1.1213024 0 -1 7.54979e-08 45 35 14 255
0.8190073 8.465597e-08 1.1213024 0 -1 7.54979e-08 34 25 11 255
-0.34099275 8.616593e-08 1.1413023 0 -1 7.54979e-08 12 8 4 255
-0.3209927 8.616593e-08 1.1413023 0 -1 7.54979e-08 28 18 9 255
-0.30099273 8.616593e-08 1.1413023 0 -1 7.54979e-08 117 76 41 255
-0.28099275 8.616593e-08 1.1413023 0 -1 7.54979e-08 119 77 41 255
-0.26099277 8.616593e-08 1.1413023 0 -1 7.54979e-08 136 87 49 255
-0.24099272 8.616593e-08 1.1413023 0 -1 7.54979e-08 155 99 58 255
-0.22099274 8.616593e-08 1.1413023 0 -1 7.54979e-08 153 99 57 255
-0.20099276 8.616593e-08 1.1413023 0 -1 7.54979e-08 162 104 61 255
-0.18099272 8.616593e-08 1.1413023 0 -1 7.54979e-08 142 91 52 255
-0.16099274 8.616593e-08 1.1413023 0 -1 7.54979e-08 126 81 45 255
-0.14099276 8.616593e-08 1.1413023 0 -1 7.54979e-08 122 79 43 255
-0.12099272 8.616593e-08 1.1413023 0 -1 7.54979e-08 121 78 43 255
-0.10099274 8.616593e-08 1.1413023 0 -1 7.54979e-08 109 71 37 255
-0.08099276 8.616593e-08 1.1413023 0 -1 7.54979e-08 81 59 28 255
-0.060992718 8.616593e-08 1.1413023 0 -1 7.54979e-08 87 60 29 255
-0.040992737 8.616593e-08 1.1413023 0 -1 7.54979e-08 129 84 47 255
-0.020992756 8.616593e-08 1.1413023 0 -1 7.54979e-08 121 80 43 255
-0.000992775 8.616593e-08 1.1413023 0 -1 7.54979e-08 78 54 27 255
0.019007206 8.616593e-08 1.1413023 0 -1 7.54979e-08 30 22 8 255
0.039007306 8.616593e-08 1.1413023 0 -1 7.54979e-08 16 13 3 255
0.059007287 8.616593e-08 1.1413023 0 -1 7.54979e-08 15 14 3 255
0.07900727 8.616593e-08 1.1413023 0 -1 7.54979e-08 31 31 31 255
0.09900725 8.616593e-08 1.1413023 0 -1 7.54979e-08 13 12 11 255
0.11900723 8.616593e-08 1.1413023 0 -1 7.54979e-08 19 11 3 255
0.13900721 8.616593e-08 1.1413023 0 -1 7.54979e-08 25 21 17 255
0.15900731 8.616593e-08 1.1413023 0 -1 7.54979e-08 27 19 7 255
0.17900729 8.616593e-08 1.1413023 0 -1 7.54979e-08 9 5 1 255
0.19900727 8.616593e-08 1.1413023 0 -1 7.54979e-08 0 0 0 255
0.21900725 8.616593e-08 1.1413023 0 -1 7.54979e-08 138 137 135 255
0.23900723 8.616593e-08 1.1413023 0 -1 7.54979e-08 231 231 231 255
0.25900722 8.616593e-08 1.1413023 0 -1 7.54979e-08 62 62 62 255
0.2790072 8.616593e-08 1.1413023 0 -1 7.54979e-08 0 0 0 255
0.2990073 8.616593e-08 1.1413023 0 -1 7.54979e-08 235 215 203 255
0.31900728 8.616593e-08 1.1413023 0 -1 7.54979e-08 39 31 12 255
0.33900726 8.616593e-08 1.1413023 0 -1 7.54979e-08 74 52 25 255
0.35900724 8.616593e-08 1.1413023 0 -1 7.54979e-08 78 58 27 255
0.37900722 8.616593e-08 1.1413023 0 -1 7.54979e-08 60 44 20 255
0.3990072 8.616593e-08 1.1413023 0 -1 7.54979e-08 145 93 53 255
0.4190073 8.616593e-08 1.1413023 0 -1 7.54979e-08 151 96 56 255
0.43900728 8.616593e-08 1.1413023 0 -1 7.54979e-08 102 66 35 255
0.45900726 8.616593e-08 1.1413023 0 -1 7.54979e-08 73 54 25 255
0.47900724 8.616593e-08 1.1413023 0 -1 7.54979e-08 44 34 13 255
0.49900723 8.616593e-08 1.1413023 0 -1 7.54979e-08 10 18 4 255
0.5190072 8.616593e-08 1.1413023 0 -1 7.54979e-08 16 13 3 255
0.5390072 8.616593e-08 1.1413023 0 -1 7.54979e-08 7 19 3 255
0.5590073 8.616593e-08 1.1413023 0 -1 7.54979e-08 16 13 3 255
0.57900727 8.616593e-08 1.1413023 0 -1 7.54979e-08 16 13 3 255
0.59900725 8.616593e-08 1.1413023 0 -1 7.54979e-08 19 11 3 255
0.61900723 8.616593e-08 1.1413023 0 -1 7.54979e-08 30 22 8 255
0.6390072 8.616593e-08 1.1413023 0 -1 7.54979e-08 39 31 11 255
0.6590072 8.616593e-08 1.1413023 0 -1 7.54979e-08 50 38 15 255
0.6790073 8.616593e-08 1.1413023 0 -1 7.54979e-08 81 57 27 255
0.6990073 8.616593e-08 1.1413023 0 -1 7.54979e-08 110 72 38 255
0.71900725 8.616593e-08 1.1413023 0 -1 7.54979e-08 119 77 41 255
0.73900723 8.616593e-08 1.1413023 0 -1 7.54979e-08 105 71 37 255
0.7590072 8.616593e-08 1.1413023 0 -1 7.54979e-08 60 43 19 255
0.7790072 8.616593e-08 1.1413023 0 -1 7.54979e-08 54 39 17 255
0.7990073 8.616593e-08 1.1413023 0 -1 7.54979e-08 25 17 8 255
-0.30099273 8.7675886e-08 1.1613023 0 -1 7.54979e-08 0 0 0 255
-0.28099275 8.7675886e-08 1.1613023 0 -1 7.54979e-08 94 62 35 255
-0.26099277 8.7675886e-08 1.1613023 0 -1 7.54979e-08 94 62 35 255
-0.24099272 8.7675886e-08 1.1613023 0 -1 7.54979e-08 130 85 47 255
-0.22099274 8.7675886e-08 1.1613023 0 -1 7.54979e-08 131 86 47 255
-0.20099276 8.7675886e-08 1.1613023 0 -1 7.54979e-08 124 80 44 255
-0.18099272 8.7675886e-08 1.1613023 0 -1 7.54979e-08 120 77 42 255
-0.16099274 8.7675886e-08 1.1613023 0 -1 7.54979e-08 119 77 41 255
-0.14099276 8.7675886e-08 1.1613023 0 -1 7.54979e-08 119 77 41 255
-0.12099272 8.7675886e-08 1.1613023 0 -1 7.54979e-08 113 74 39 255
-0.10099274 8.7675886e-08 1.1613023 0 -1 7.54979e-08 103 69 35 255
-0.08099276 8.7675886e-08 1.1613023 0 -1 7.54979e-08 84 58 28 255
-0.060992718 8.7675886e-08 1.1613023 0 -1 7.54979e-08 119 78 42 255
-0.040992737 8.7675886e-08 1.1613023 0 -1 7.54979e-08 119 80 43 255
-0.020992756 8.7675886e-08 1.1613023 0 -1 7.54979e-08 73 54 25 255
-0.000992775 8.7675886e-08 1.1613023 0 -1 7.54979e-08 72 53 24 255
0.019007206 8.7675886e-08 1.1613023 0 -1 7.54979e-08 23 25 7 255
0.039007306 8.7675886e-08 1.1613023 0 -1 7.54979e-08 13 8 2 255
0.059007287 8.7675886e-08 1.1613023 0 -1 7.54979e-08 15 14 3 255
0.07900727 8.7675886e-08 1.1613023 0 -1 7.54979e-08 39 31 11 255
0.09900725 8.7675886e-08 1.1613023 0 -1 7.54979e-08 9 5 1 255
0.11900723 8.7675886e-08 1.1613023 0 -1 7.54979e-08 19 11 3 255
0.13900721 8.7675886e-08 1.1613023 0 -1 7.54979e-08 25 21 17 255
0.15900731 8.7675886e-08 1.1613023 0 -1 7.54979e-08 27 19 7 255
0.17900729 8.7675886e-08 1.1613023 0 -1 7.54979e-08 9 5 1 255
0.19900727 8.7675886e-08 1.1613023 0 -1 7.54979e-08 0 0 0 255
0.21900725 8.7675886e-08 1.1613023 0 -1 7.54979e-08 150 150 150 255
0.23900723 8.7675886e-08 1.1613023 0 -1 7.54979e-08 231 231 231 255
0.25900722 8.7675886e-08 1.1613023 0 -1 7.54979e-08 25 25 25 255
0.2790072 8.7675886e-08 1.1613023 0 -1 7.54979e-08 21 29 18 255
0.2990073 8.7675886e-08 1.1613023 0 -1 7.54979e-08 195 195 195 255
0.31900728 8.7675886e-08 1.1613023 0 -1 7.54979e-08 39 31 11 255
0.33900726 8.7675886e-08 1.1613023 0 -1 7.54979e-08 77 55 27 255
0.35900724 8.7675886e-08 1.1613023 0 -1 7.54979e-08 76 56 26 255
0.37900722 8.7675886e-08 1.1613023 0 -1 7.54979e-08 76 53 25 255
0.3990072 8.7675886e-08 1.1613023 0 -1 7.54979e-08 161 104 61 255
0.4190073 8.7675886e-08 1.1613023 0 -1 7.54979e-08 126 82 45 255
0.43900728 8.7675886e-08 1.1613023 0 -1 7.54979e-08 68 49 23 255
0.45900726 8.7675886e-08 1.1613023 0 -1 7.54979e-08 60 44 20 255
0.47900724 8.7675886e-08 1.1613023 0 -1 7.54979e-08 2 6 1 255
0.49900723 8.7675886e-08 1.1613023 0 -1 7.54979e-08 13 15 3 255
0.5190072 8.7675886e-08 1.1613023 0 -1 7.54979e-08 19 11 3 255
0.5390072 8.7675886e-08 1.1613023 0 -1 7.54979e-08 17 12 3 255
0.5590073 8.7675886e-08 1.1613023 0 -1 7.54979e-08 33 25 9 255
0.57900727 8.7675886e-08 1.1613023 0 -1 7.54979e-08 39 31 11 255
0.59900725 8.7675886e-08 1.1613023 0 -1 7.54979e-08 55 42 19 255
0.61900723 8.7675886e-08 1.1613023 0 -1 7.54979e-08 68 49 23 255
0.6390072 8.7675886e-08 1.1613023 0 -1 7.54979e-08 58 43 19 255
0.6590072 8.7675886e-08 1.1613023 0 -1 7.54979e-08 81 57 28 255
0.6790073 8.7675886e-08 1.1613023 0 -1 7.54979e-08 126 82 46 255
0.6990073 8.7675886e-08 1.1613023 0 -1 7.54979e-08 88 60 32 255
0.71900725 8.7675886e-08 1.1613023 0 -1 7.54979e-08 27 29 9 255
0.73900723 8.7675886e-08 1.1613023 0 -1 7.54979e-08 79 55 26 255
0.7590072 8.7675886e-08 1.1613023 0 -1 7.54979e-08 75 52 25 255
0.7790072 8.7675886e-08 1.1613023 0 -1 7.54979e-08 31 21 10 255
-0.28099275 8.9185846e-08 1.1813023 0 -1 7.54979e-08 0 0 0 255
-0.26099277 8.9185846e-08 1.1813023 0 -1 7.54979e-08 0 0 0 255
-0.24099272 8.9185846e-08 1.1813023 0 -1 7.54979e-08 11 7 3 255
-0.22099274 8.9185846e-08 1.1813023 0 -1 7.54979e-08 11 7 4 255
-0.20099276 8.9185846e-08 1.1813023 0 -1 7.54979e-08 113 74 39 255
-0.18099272 8.9185846e-08 1.1813023 0 -1 7.54979e-08 117 76 41 255
-0.16099274 8.9185846e-08 1.1813023 0 -1 7.54979e-08 113 74 39 255
-0.14099276 8.9185846e-08 1.1813023 0 -1 7.54979e-08 103 67 35 255
-0.12099272 8.9185846e-08 1.1813023 0 -1 7.54979e-08 120 78 42 255
-0.10099274 8.9185846e-08 1.1813023 0 -1 7.54979e-08 102 68 35 255
-0.08099276 8.9185846e-08 1.1813023 0 -1 7.54979e-08 120 78 42 255
-0.060992718 8.9185846e-08 1.1813023 0 -1 7.54979e-08 82 58 28 255
-0.040992737 8.9185846e-08 1.1813023 0 -1 7.54979e-08 110 72 37 255
-0.020992756 8.9185846e-08 1.1813023 0 -1 7.54979e-08 105 69 36 255
-0.000992775 8.9185846e-08 1.1813023 0 -1 7.54979e-08 89 62 30 255
0.019007206 8.9185846e-08 1.1813023 0 -1 7.54979e-08 23 25 7 255
0.039007306 8.9185846e-08 1.1813023 0 -1 7.54979e-08 0 0 0 255
0.059007287 8.9185846e-08 1.1813023 0 -1 7.54979e-08 19 11 3 255
0.07900727 8.9185846e-08 1.1813023 0 -1 7.54979e-08 28 20 8 255
0.09900725 8.9185846e-08 1.1813023 0 -1 7.54979e-08 13 14 3 255
0.11900723 8.9185846e-08 1.1813023 0 -1 7.54979e-08 19 11 3 255
0.13900721 8.9185846e-08 1.1813023 0 -1 7.54979e-08 25 21 17 255
0.15900731 8.9185846e-08 1.1813023 0 -1 7.54979e-08 27 19 7 255
0.17900729 8.9185846e-08 1.1813023 0 -1 7.54979e-08 9 5 1 255
0.19900727 8.9185846e-08 1.1813023 0 -1 7.54979e-08 0 0 0 255
0.21900725 8.9185846e-08 1.1813023 0 -1 7.54979e-08 149 149 149 255
0.23900723 8.9185846e-08 1.1813023 0 -1 7.54979e-08 224 224 224 255
0.25900722 8.9185846e-08 1.1813023 0 -1 7.54979e-08 2 2 2 255
0.2790072 8.9185846e-08 1.1813023 0 -1 7.54979e-08 118 118 118 255
0.2990073 8.9185846e-08 1.1813023 0 -1 7.54979e-08 169 169 169 255
0.31900728 8.9185846e-08 1.1813023 0 -1 7.54979e-08 39 31 11 255
0.33900726 8.9185846e-08 1.1813023 0 -1 7.54979e-08 84 60 29 255
0.35900724 8.9185846e-08 1.1813023 0 -1 7.54979e-08 63 47 23 255
0.37900722 8.9185846e-08 1.1813023 0 -1 7.54979e-08 94 63 34 255
0.3990072 8.9185846e-08 1.1813023 0 -1 7.54979e-08 165 106 63 255
0.4190073 8.9185846e-08 1.1813023 0 -1 7.54979e-08 109 74 39 255
0.43900728 8.9185846e-08 1.1813023 0 -1 7.54979e-08 59 43 19 255
0.45900726 8.9185846e-08 1.1813023 0 -1 7.54979e-08 31 23 8 255
0.47900724 8.9185846e-08 1.1813023 0 -1 7.54979e-08 25 19 7 255
0.49900723 8.9185846e-08 1.1813023 0 -1 7.54979e-08 22 15 5 255
0.5190072 8.9185846e-08 1.1813023 0 -1 7.54979e-08 19 11 3 255
0.5390072 8.9185846e-08 1.1813023 0 -1 7.54979e-08 18 11 3 255
0.5590073 8.9185846e-08 1.1813023 0 -1 7.54979e-08 37 29 10 255
0.57900727 8.9185846e-08 1.1813023 0 -1 7.54979e-08 39 31 11 255
0.59900725 8.9185846e-08 1.1813023 0 -1 7.54979e-08 56 41 18 255
0.61900723 8.9185846e-08 1.1813023 0 -1 7.54979e-08 91 62 31 255
0.6390072 8.9185846e-08 1.1813023 0 -1 7.54979e-08 69 50 23 255
0.6590072 8.9185846e-08 1.1813023 0 -1 7.54979e-08 110 72 38 255
0.6790073 8.9185846e-08 1.1813023 0 -1 7.54979e-08 17 24 7 255
0.6990073 8.9185846e-08 1.1813023 0 -1 7.54979e-08 25 27 9 255
0.71900725 8.9185846e-08 1.1813023 0 -1 7.54979e-08 109 72 37 255
0.73900723 8.9185846e-08 1.1813023 0 -1 7.54979e-08 119 78 42 255
0.7590072 8.9185846e-08 1.1813023 0 -1 7.54979e-08 64 46 21 255
0.7790072 8.9185846e-08 1.1813023 0 -1 7.54979e-08 0 0 0 255
-0.20099276 9.06958e-08 1.2013023 0 -1 7.54979e-08 0 0 0 255
-0.18099272 9.06958e-08 1.2013023 0 -1 7.54979e-08 0 0 0 255
-0.16099274 9.06958e-08 1.2013023 0 -1 7.54979e-08 0 0 0 255
-0.14099276 9.06958e-08 1.2013023 0 -1 7.54979e-08 28 18 9 255
-0.12099272 9.06958e-08 1.2013023 0 -1 7.54979e-08 52 33 17 255
-0.10099274 9.06958e-08 1.2013023 0 -1 7.54979e-08 43 30 14 255
-0.08099276 9.06958e-08 1.2013023 0 -1 7.54979e-08 40 29 13 255
-0.060992718 9.06958e-08 1.2013023 0 -1 7.54979e-08 40 29 13 255
-0.040992737 9.06958e-08 1.2013023 0 -1 7.54979e-08 46 31 15 255
-0.020992756 9.06958e-08 1.2013023 0 -1 7.54979e-08 55 35 18 255
-0.000992775 9.06958e-08 1.2013023 0 -1 7.54979e-08 107 70 37 255
0.019007206 9.06958e-08 1.2013023 0 -1 7.54979e-08 19 15 5 255
0.039007306 9.06958e-08 1.2013023 0 -1 7.54979e-08 13 15 3 255
0.059007287 9.06958e-08 1.2013023 0 -1 7.54979e-08 16 13 3 255
0.07900727 9.06958e-08 1.2013023 0 -1 7.54979e-08 23 15 5 255
0.09900725 9.06958e-08 1.2013023 0 -1 7.54979e-08 19 11 3 255
0.11900723 9.06958e-08 1.2013023 0 -1 7.54979e-08 13 15 3 255
0.13900721 9.06958e-08 1.2013023 0 -1 7.54979e-08 25 21 17 255
0.15900731 9.06958e-08 1.2013023 0 -1 7.54979e-08 27 19 7 255
0.17900729 9.06958e-08 1.2013023 0 -1 7.54979e-08 9 5 1 255
0.19900727 9.06958e-08 1.2013023 0 -1 7.54979e-08 0 0 0 255
0.21900725 9.06958e-08 1.2013023 0 -1 7.54979e-08 186 186 186 255
0.23900723 9.06958e-08 1.2013023 0 -1 7.54979e-08 188 188 188 255
0.25900722 9.06958e-08 1.2013023 0 -1 7.54979e-08 0 0 0 255
0.2790072 9.06958e-08 1.2013023 0 -1 7.54979e-08 151 151 151 255
0.2990073 9.06958e-08 1.2013023 0 -1 7.54979e-08 135 131 121 255
0.31900728 9.06958e-08 1.2013023 0 -1 7.54979e-08 58 43 19 255
0.33900726 9.06958e-08 1.2013023 0 -1 7.54979e-08 84 60 29 255
0.35900724 9.06958e-08 1.2013023 0 -1 7.54979e-08 58 43 19 255
0.37900722 9.06958e-08 1.2013023 0 -1 7.54979e-08 113 76 41 255
0.3990072 9.06958e-08 1.2013023 0 -1 7.54979e-08 157 102 58 255
0.4190073 9.06958e-08 1.2013023 0 -1 7.54979e-08 91 61 32 255
0.43900728 9.06958e-08 1.2013023 0 -1 7.54979e-08 39 31 11 255
0.45900726 9.06958e-08 1.2013023 0 -1 7.54979e-08 31 25 14 255
0.47900724 9.06958e-08 1.2013023 0 -1 7.54979e-08 42 31 13 255
0.49900723 9.06958e-08 1.2013023 0 -1 7.54979e-08 37 28 11 255
0.5190072 9.06958e-08 1.2013023 0 -1 7.54979e-08 29 21 7 255
0.5390072 9.06958e-08 1.2013023 0 -1 7.54979e-08 34 26 9 255
0.5590073 9.06958e-08 1.2013023 0 -1 7.54979e-08 39 31 11 255
0.57900727 9.06958e-08 1.2013023 0 -1 7.54979e-08 53 40 17 255
0.59900725 9.06958e-08 1.2013023 0 -1 7.54979e-08 58 43 19 255
0.61900723 9.06958e-08 1.2013023 0 -1 7.54979e-08 123 82 44 255
0.6390072 9.06958e-08 1.2013023 0 -1 7.54979e-08 91 61 31 255
0.6590072 9.06958e-08 1.2013023 0 -1 7.54979e-08 34 29 11 255
0.6790073 9.06958e-08 1.2013023 0 -1 7.54979e-08 48 34 15 255
0.6990073 9.06958e-08 1.2013023 0 -1 7.54979e-08 116 76 42 255
0.71900725 9.06958e-08 1.2013023 0 -1 7.54979e-08 95 63 33 255
0.73900723 9.06958e-08 1.2013023 0 -1 7.54979e-08 34 25 10 255
0.7590072 9.06958e-08 1.2013023 0 -1 7.54979e-08 0 0 0 255
-0.000992775 9.220576e-08 1.2213023 0 -1 7.54979e-08 0 0 0 255
0.019007206 9.220576e-08 1.2213023 0 -1 7.54979e-08 3 9 1 255
0.039007306 9.220576e-08 1.2213023 0 -1 7.54979e-08 8 18 3 255
0.059007287 9.220576e-08 1.2213023 0 -1 7.54979e-08 19 11 3 255
0.07900727 9.220576e-08 1.2213023 0 -1 7.54979e-08 19 11 3 255
0.09900725 9.220576e-08 1.2213023 0 -1 7.54979e-08 19 11 3 255
0.11900723 9.220576e-08 1.2213023 0 -1 7.54979e-08 19 11 3 255
0.13900721 9.220576e-08 1.2213023 0 -1 7.54979e-08 25 21 17 255
0.15900731 9.220576e-08 1.2213023 0 -1 7.54979e-08 27 19 7 255
0.17900729 9.220576e-08 1.2213023 0 -1 7.54979e-08 9 5 1 255
0.19900727 9.220576e-08 1.2213023 0 -1 7.54979e-08 0 0 0 255
0.21900725 9.220576e-08 1.2213023 0 -1 7.54979e-08 203 203 203 255
0.23900723 9.220576e-08 1.2213023 0 -1 7.54979e-08 157 157 157 255
0.25900722 9.220576e-08 1.2213023 0 -1 7.54979e-08 0 0 0 255
0.2790072 9.220576e-08 1.2213023 0 -1 7.54979e-08 206 206 206 255
0.2990073 9.220576e-08 1.2213023 0 -1 7.54979e-08 119 116 106 255
0.31900728 9.220576e-08 1.2213023 0 -1 7.54979e-08 63 47 23 255
0.33900726 9.220576e-08 1.2213023 0 -1 7.54979e-08 84 60 29 255
0.35900724 9.220576e-08 1.2213023 0 -1 7.54979e-08 59 43 19 255
0.37900722 9.220576e-08 1.2213023 0 -1 7.54979e-08 143 92 52 255
0.3990072 9.220576e-08 1.2213023 0 -1 7.54979e-08 148 93 54 255
0.4190073 9.220576e-08 1.2213023 0 -1 7.54979e-08 73 52 24 255
0.43900728 9.220576e-08 1.2213023 0 -1 7.54979e-08 41 32 12 255
0.45900726 9.220576e-08 1.2213023 0 -1 7.54979e-08 64 47 23 255
0.47900724 9.220576e-08 1.2213023 0 -1 7.54979e-08 61 44 20 255
0.49900723 9.220576e-08 1.2213023 0 -1 7.54979e-08 61 44 20 255
0.5190072 9.220576e-08 1.2213023 0 -1 7.54979e-08 59 43 19 255
0.5390072 9.220576e-08 1.2213023 0 -1 7.54979e-08 50 38 16 255
0.5590073 9.220576e-08 1.2213023 0 -1 7.54979e-08 58 43 19 255
0.57900727 9.220576e-08 1.2213023 0 -1 7.54979e-08 82 56 27 255
0.59900725 9.220576e-08 1.2213023 0 -1 7.54979e-08 115 74 40 255
0.61900723 9.220576e-08 1.2213023 0 -1 7.54979e-08 52 41 18 255
0.6390072 9.220576e-08 1.2213023 0 -1 7.54979e-08 41 32 12 255
0.6590072 9.220576e-08 1.2213023 0 -1 7.54979e-08 60 45 19 255
0.6790073 9.220576e-08 1.2213023 0 -1 7.54979e-08 68 49 22 255
0.6990073 9.220576e-08 1.2213023 0 -1 7.54979e-08 24 25 8 255
0.71900725 9.220576e-08 1.2213023 0 -1 7.54979e-08 35 28 10 255
0.73900723 9.220576e-08 1.2213023 0 -1 7.54979e-08 0 0 0 255
0.019007206 9.371571e-08 1.2413023 0 -1 7.54979e-08 3 9 1 255
0.039007306 9.371571e-08 1.2413023 0 -1 7.54979e-08 19 11 3 255
0.059007287 9.371571e-08 1.2413023 0 -1 7.54979e-08 19 11 3 255
0.07900727 9.371571e-08 1.2413023 0 -1 7.54979e-08 19 11 3 255
0.09900725 9.371571e-08 1.2413023 0 -1 7.54979e-08 19 11 3 255
0.11900723 9.371571e-08 1.2413023 0 -1 7.54979e-08 19 11 3 255
0.13900721 9.371571e-08 1.2413023 0 -1 7.54979e-08 25 21 17 255
0.15900731 9.371571e-08 1.2413023 0 -1 7.54979e-08 27 19 7 255
0.17900729 9.371571e-08 1.2413023 0 -1 7.54979e-08 9 5 1 255
0.19900727 9.371571e-08 1.2413023 0 -1 7.54979e-08 0 0 0 255
0.21900725 9.371571e-08 1.2413023 0 -1 7.54979e-08 225 225 225 255
0.23900723 9.371571e-08 1.2413023 0 -1 7.54979e-08 95 95 95 255
0.25900722 9.371571e-08 1.2413023 0 -1 7.54979e-08 15 17 14 255
0.2790072 9.371571e-08 1.2413023 0 -1 7.54979e-08 231 231 231 255
0.2990073 9.371571e-08 1.2413023 0 -1 7.54979e-08 86 80 69 255
0.31900728 9.371571e-08 1.2413023 0 -1 7.54979e-08 75 56 26 255
0.33900726 9.371571e-08 1.2413023 0 -1 7.54979e-08 77 55 27 255
0.35900724 9.371571e-08 1.2413023 0 -1 7.54979e-08 61 45 22 255
0.37900722 9.371571e-08 1.2413023 0 -1 7.54979e-08 146 93 54 255
0.3990072 9.371571e-08 1.2413023 0 -1 7.54979e-08 132 85 48 255
0.4190073 9.371571e-08 1.2413023 0 -1 7.54979e-08 45 38 15 255
0.43900728 9.371571e-08 1.2413023 0 -1 7.54979e-08 75 56 26 255
0.45900726 9.371571e-08 1.2413023 0 -1 7.54979e-08 90 62 31 255
0.47900724 9.371571e-08 1.2413023 0 -1 7.54979e-08 106 70 36 255
0.49900723 9.371571e-08 1.2413023 0 -1 7.54979e-08 106 70 36 255
0.5190072 9.371571e-08 1.2413023 0 -1 7.54979e-08 91 61 31 255
0.5390072 9.371571e-08 1.2413023 0 -1 7.54979e-08 79 57 27 255
0.5590073 9.371571e-08 1.2413023 0 -1 7.54979e-08 79 56 27 255
0.57900727 9.371571e-08 1.2413023 0 -1 7.54979e-08 86 59 29 255
0.59900725 9.371571e-08 1.2413023 0 -1 7.54979e-08 26 18 6 255
0.61900723 9.371571e-08 1.2413023 0 -1 7.54979e-08 40 33 12 255
0.6390072 9.371571e-08 1.2413023 0 -1 7.54979e-08 99 66 33 255
0.6590072 9.371571e-08 1.2413023 0 -1 7.54979e-08 83 58 29 255
0.6790073 9.371571e-08 1.2413023 0 -1 7.54979e-08 18 23 6 255
0.6990073 9.371571e-08 1.2413023 0 -1 7.54979e-08 17 14 5 255
0.019007206 9.522567e-08 1.2613022 0 -1 7.54979e-08 3 9 1 255
0.039007306 9.522567e-08 1.2613022 0 -1 7.54979e-08 19 11 3 255
0.059007287 9.522567e-08 1.2613022 0 -1 7.54979e-08 19 11 3 255
0.07900727 9.522567e-08 1.2613022 0 -1 7.54979e-08 19 11 3 255
0.09900725 9.522567e-08 1.2613022 0 -1 7.54979e-08 11 13 3 255
0.11900723 9.522567e-08 1.2613022 0 -1 7.54979e-08 19 11 3 255
0.13900721 9.522567e-08 1.2613022 0 -1 7.54979e-08 26 22 18 255
0.15900731 9.522567e-08 1.2613022 0 -1 7.54979e-08 25 17 6 255
0.17900729 9.522567e-08 1.2613022 0 -1 7.54979e-08 9 5 1 255
0.19900727 9.522567e-08 1.2613022 0 -1 7.54979e-08 36 36 36 255
0.21900725 9.522567e-08 1.2613022 0 -1 7.54979e-08 232 232 232 255
0.23900723 9.522567e-08 1.2613022 0 -1 7.54979e-08 53 51 48 255
0.25900722 9.522567e-08 1.2613022 0 -1 7.54979e-08 60 60 60 255
0.2790072 9.522567e-08 1.2613022 0 -1 7.54979e-08 231 231 231 255
0.2990073 9.522567e-08 1.2613022 0 -1 7.54979e-08 58 49 34 255
0.31900728 9.522567e-08 1.2613022 0 -1 7.54979e-08 78 58 27 255
0.33900726 9.522567e-08 1.2613022 0 -1 7.54979e-08 74 52 25 255
0.35900724 9.522567e-08 1.2613022 0 -1 7.54979e-08 70 51 25 255
0.37900722 9.522567e-08 1.2613022 0 -1 7.54979e-08 147 95 54 255
0.3990072 9.522567e-08 1.2613022 0 -1 7.54979e-08 99 65 34 255
0.4190073 9.522567e-08 1.2613022 0 -1 7.54979e-08 36 31 13 255
0.43900728 9.522567e-08 1.2613022 0 -1 7.54979e-08 92 63 32 255
0.45900726 9.522567e-08 1.2613022 0 -1 7.54979e-08 112 73 39 255
0.47900724 9.522567e-08 1.2613022 0 -1 7.54979e-08 116 75 40 255
0.49900723 9.522567e-08 1.2613022 0 -1 7.54979e-08 116 75 40 255
0.5190072 9.522567e-08 1.2613022 0 -1 7.54979e-08 138 88 51 255
0.5390072 9.522567e-08 1.2613022 0 -1 7.54979e-08 125 81 44 255
0.5590073 9.522567e-08 1.2613022 0 -1 7.54979e-08 89 58 29 255
0.57900727 9.522567e-08 1.2613022 0 -1 7.54979e-08 24 16 5 255
0.59900725 9.522567e-08 1.2613022 0 -1 7.54979e-08 44 34 13 255
0.61900723 9.522567e-08 1.2613022 0 -1 7.54979e-08 63 47 22 255
0.6390072 9.522567e-08 1.2613022 0 -1 7.54979e-08 119 79 43 255
0.6590072 9.522567e-08 1.2613022 0 -1 7.54979e-08 38 35 13 255
0.6790073 9.522567e-08 1.2613022 0 -1 7.54979e-08 15 22 5 255
0.019007206 9.6735626e-08 1.2813022 0 -1 7.54979e-08 17 14 5 255
0.039007306 9.6735626e-08 1.2813022 0 -1 7.54979e-08 19 11 3 255
0.059007287 9.6735626e-08 1.2813022 0 -1 7.54979e-08 19 11 3 255
0.07900727 9.6735626e-08 1.2813022 0 -1 7.54979e-08 19 11 3 255
0.09900725 9.6735626e-08 1.2813022 0 -1 7.54979e-08 3 9 1 255
0.11900723 9.6735626e-08 1.2813022 0 -1 7.54979e-08 19 11 3 255
0.13900721 9.6735626e-08 1.2813022 0 -1 7.54979e-08 29 25 19 255
0.15900731 9.6735626e-08 1.2813022 0 -1 7.54979e-08 26 18 7 255
0.17900729 9.6735626e-08 1.2813022 0 -1 7.54979e-08 9 5 1 255
0.19900727 9.6735626e-08 1.2813022 0 -1 7.54979e-08 64 64 64 255
0.21900725 9.6735626e-08 1.2813022 0 -1 7.54979e-08 232 232 232 255
0.23900723 9.6735626e-08 1.2813022 0 -1 7.54979e-08 4 3 1 255
0.25900722 9.6735626e-08 1.2813022 0 -1 7.54979e-08 80 80 80 255
0.2790072 9.6735626e-08 1.2813022 0 -1 7.54979e-08 171 171 171 255
0.2990073 9.6735626e-08 1.2813022 0 -1 7.54979e-08 54 40 17 255
0.31900728 9.6735626e-08 1.2813022 0 -1 7.54979e-08 88 62 30 255
0.33900726 9.6735626e-08 1.2813022 0 -1 7.54979e-08 69 51 23 255
0.35900724 9.6735626e-08 1.2813022 0 -1 7.54979e-08 100 66 34 255
0.37900722 9.6735626e-08 1.2813022 0 -1 7.54979e-08 147 95 54 255
0.3990072 9.6735626e-08 1.2813022 0 -1 7.54979e-08 80 59 27 255
0.4190073 9.6735626e-08 1.2813022 0 -1 7.54979e-08 39 30 11 255
0.43900728 9.6735626e-08 1.2813022 0 -1 7.54979e-08 34 29 10 255
0.45900726 9.6735626e-08 1.2813022 0 -1 7.54979e-08 82 52 28 255
0.47900724 9.6735626e-08 1.2813022 0 -1 7.54979e-08 158 101 59 255
0.49900723 9.6735626e-08 1.2813022 0 -1 7.54979e-08 158 101 59 255
0.5190072 9.6735626e-08 1.2813022 0 -1 7.54979e-08 134 85 49 255
0.5390072 9.6735626e-08 1.2813022 0 -1 7.54979e-08 80 57 28 255
0.5590073 9.6735626e-08 1.2813022 0 -1 7.54979e-08 36 28 10 255
0.57900727 9.6735626e-08 1.2813022 0 -1 7.54979e-08 47 36 14 255
0.59900725 9.6735626e-08 1.2813022 0 -1 7.54979e-08 62 46 22 255
0.61900723 9.6735626e-08 1.2813022 0 -1 7.54979e-08 79 56 27 255
0.6390072 9.6735626e-08 1.2813022 0 -1 7.54979e-08 27 17 6 255
0.6590072 9.6735626e-08 1.2813022 0 -1 7.54979e-08 7 19 3 255
0.019007206 9.8245586e-08 1.3013022 0 -1 7.54979e-08 30 22 10 255
0.039007306 9.8245586e-08 1.3013022 0 -1 7.54979e-08 22 15 5 255
0.059007287 9.8245586e-08 1.3013022 0 -1 7.54979e-08 21 13 4 255
0.07900727 9.8245586e-08 1.3013022 0 -1 7.54979e-08 19 11 3 255
0.09900725 9.8245586e-08 1.3013022 0 -1 7.54979e-08 11 10 2 255
0.11900723 9.8245586e-08 1.3013022 0 -1 7.54979e-08 19 11 3 255
0.13900721 9.8245586e-08 1.3013022 0 -1 7.54979e-08 25 21 17 255
0.15900731 9.8245586e-08 1.3013022 0 -1 7.54979e-08 23 16 6 255
0.17900729 9.8245586e-08 1.3013022 0 -1 7.54979e-08 9 5 1 255
0.19900727 9.8245586e-08 1.3013022 0 -1 7.54979e-08 101 101 101 255
0.21900725 9.8245586e-08 1.3013022 0 -1 7.54979e-08 204 204 204 255
0.23900723 9.8245586e-08 1.3013022 0 -1 7.54979e-08 0 0 0 255
0.25900722 9.8245586e-08 1.3013022 0 -1 7.54979e-08 108 106 101 255
0.2790072 9.8245586e-08 1.3013022 0 -1 7.54979e-08 84 78 67 255
0.2990073 9.8245586e-08 1.3013022 0 -1 7.54979e-08 63 47 21 255
0.31900728 9.8245586e-08 1.3013022 0 -1 7.54979e-08 90 62 31 255
0.33900726 9.8245586e-08 1.3013022 0 -1 7.54979e-08 71 51 25 255
0.35900724 9.8245586e-08 1.3013022 0 -1 7.54979e-08 120 78 42 255
0.37900722 9.8245586e-08 1.3013022 0 -1 7.54979e-08 139 89 51 255
0.3990072 9.8245586e-08 1.3013022 0 -1 7.54979e-08 67 49 23 255
0.4190073 9.8245586e-08 1.3013022 0 -1 7.54979e-08 39 32 13 255
0.43900728 9.8245586e-08 1.3013022 0 -1 7.54979e-08 66 48 23 255
0.45900726 9.8245586e-08 1.3013022 0 -1 7.54979e-08 64 46 21 255
0.47900724 9.8245586e-08 1.3013022 0 -1 7.54979e-08 67 49 22 255
0.49900723 9.8245586e-08 1.3013022 0 -1 7.54979e-08 65 48 22 255
0.5190072 9.8245586e-08 1.3013022 0 -1 7.54979e-08 67 49 22 255
0.5390072 9.8245586e-08 1.3013022 0 -1 7.54979e-08 67 50 22 255
0.5590073 9.8245586e-08 1.3013022 0 -1 7.54979e-08 63 46 21 255
0.57900727 9.8245586e-08 1.3013022 0 -1 7.54979e-08 57 43 20 255
0.59900725 9.8245586e-08 1.3013022 0 -1 7.54979e-08 88 62 30 255
0.61900723 9.8245586e-08 1.3013022 0 -1 7.54979e-08 66 49 23 255
0.6390072 9.8245586e-08 1.3013022 0 -1 7.54979e-08 21 24 7 255
0.019007206 9.975554e-08 1.3213022 0 -1 7.54979e-08 0 0 0 255
0.039007306 9.975554e-08 1.3213022 0 -1 7.54979e-08 19 11 3 255
0.059007287 9.975554e-08 1.3213022 0 -1 7.54979e-08 19 11 4 255
0.07900727 9.975554e-08 1.3213022 0 -1 7.54979e-08 19 11 3 255
0.09900725 9.975554e-08 1.3213022 0 -1 7.54979e-08 9 5 1 255
0.11900723 9.975554e-08 1.3213022 0 -1 7.54979e-08 19 11 3 255
0.13900721 9.975554e-08 1.3213022 0 -1 7.54979e-08 23 15 5 255
0.15900731 9.975554e-08 1.3213022 0 -1 7.54979e-08 27 19 7 255
0.17900729 9.975554e-08 1.3213022 0 -1 7.54979e-08 9 5 1 255
0.19900727 9.975554e-08 1.3213022 0 -1 7.54979e-08 81 81 81 255
0.21900725 9.975554e-08 1.3213022 0 -1 7.54979e-08 195 195 195 255
0.23900723 9.975554e-08 1.3213022 0 -1 7.54979e-08 0 0 0 255
0.25900722 9.975554e-08 1.3213022 0 -1 7.54979e-08 163 163 163 255
0.2790072 9.975554e-08 1.3213022 0 -1 7.54979e-08 39 31 12 255
0.2990073 9.975554e-08 1.3213022 0 -1 7.54979e-08 68 51 23 255
0.31900728 9.975554e-08 1.3213022 0 -1 7.54979e-08 90 62 31 255
0.33900726 9.975554e-08 1.3213022 0 -1 7.54979e-08 80 55 27 255
0.35900724 9.975554e-08 1.3213022 0 -1 7.54979e-08 137 90 51 255
0.37900722 9.975554e-08 1.3213022 0 -1 7.54979e-08 119 78 42 255
0.3990072 9.975554e-08 1.3213022 0 -1 7.54979e-08 58 42 19 255
0.4190073 9.975554e-08 1.3213022 0 -1 7.54979e-08 23 25 7 255
0.43900728 9.975554e-08 1.3213022 0 -1 7.54979e-08 101 66 34 255
0.45900726 9.975554e-08 1.3213022 0 -1 7.54979e-08 90 63 31 255
0.47900724 9.975554e-08 1.3213022 0 -1 7.54979e-08 91 63 31 255
0.49900723 9.975554e-08 1.3213022 0 -1 7.54979e-08 90 62 31 255
0.5190072 9.975554e-08 1.3213022 0 -1 7.54979e-08 91 63 31 255
0.5390072 9.975554e-08 1.3213022 0 -1 7.54979e-08 102 69 35 255
0.5590073 9.975554e-08 1.3213022 0 -1 7.54979e-08 72 51 23 255
0.57900727 9.975554e-08 1.3213022 0 -1 7.54979e-08 80 56 27 255
0.59900725 9.975554e-08 1.3213022 0 -1 7.54979e-08 78 58 27 255
0.61900723 9.975554e-08 1.3213022 0 -1 7.54979e-08 68 50 23 255
0.6390072 9.975554e-08 1.3213022 0 -1 7.54979e-08 0 0 0 255
0.019007206 1.0126551e-07 1.3413024 0 -1 7.54979e-08 0 0 0 255
0.039007306 1.0126551e-07 1.3413024 0 -1 7.54979e-08 12 16 3 255
0.059007287 1.0126551e-07 1.3413024 0 -1 7.54979e-08 25 21 17 255
0.07900727 1.0126551e-07 1.3413024 0 -1 7.54979e-08 19 11 3 255
0.09900725 1.0126551e-07 1.3413024 0 -1 7.54979e-08 12 11 3 255
0.11900723 1.0126551e-07 1.3413024 0 -1 7.54979e-08 22 14 5 255
0.13900721 1.0126551e-07 1.3413024 0 -1 7.54979e-08 25 17 6 255
0.15900731 1.0126551e-07 1.3413024 0 -1 7.54979e-08 27 19 7 255
0.17900729 1.0126551e-07 1.3413024 0 -1 7.54979e-08 9 5 1 255
0.19900727 1.0126551e-07 1.3413024 0 -1 7.54979e-08 38 38 38 255
0.21900725 1.0126551e-07 1.3413024 0 -1 7.54979e-08 125 125 125 255
0.23900723 1.0126551e-07 1.3413024 0 -1 7.54979e-08 5 12 2 255
0.25900722 1.0126551e-07 1.3413024 0 -1 7.54979e-08 142 142 142 255
0.2790072 1.0126551e-07 1.3413024 0 -1 7.54979e-08 39 31 11 255
0.2990073 1.0126551e-07 1.3413024 0 -1 7.54979e-08 79 56 27 255
0.31900728 1.0126551e-07 1.3413024 0 -1 7.54979e-08 82 60 28 255
0.33900726 1.0126551e-07 1.3413024 0 -1 7.54979e-08 91 61 31 255
0.35900724 1.0126551e-07 1.3413024 0 -1 7.54979e-08 154 99 57 255
0.37900722 1.0126551e-07 1.3413024 0 -1 7.54979e-08 101 68 35 255
0.3990072 1.0126551e-07 1.3413024 0 -1 7.54979e-08 39 31 11 255
0.4190073 1.0126551e-07 1.3413024 0 -1 7.54979e-08 29 25 8 255
0.43900728 1.0126551e-07 1.3413024 0 -1 7.54979e-08 42 29 12 255
0.45900726 1.0126551e-07 1.3413024 0 -1 7.54979e-08 100 68 34 255
0.47900724 1.0126551e-07 1.3413024 0 -1 7.54979e-08 114 74 39 255
0.49900723 1.0126551e-07 1.3413024 0 -1 7.54979e-08 138 89 51 255
0.5190072 1.0126551e-07 1.3413024 0 -1 7.54979e-08 160 102 60 255
0.5390072 1.0126551e-07 1.3413024 0 -1 7.54979e-08 197 133 90 255
0.5590073 1.0126551e-07 1.3413024 0 -1 7.54979e-08 148 95 55 255
0.57900727 1.0126551e-07 1.3413024 0 -1 7.54979e-08 82 59 28 255
0.59900725 1.0126551e-07 1.3413024 0 -1 7.54979e-08 126 85 46 255
0.61900723 1.0126551e-07 1.3413024 0 -1 7.54979e-08 19 12 6 255
0.019007206 1.0277547e-07 1.3613024 0 -1 7.54979e-08 0 0 0 255
0.039007306 1.0277547e-07 1.3613024 0 -1 7.54979e-08 10 17 3 255
0.059007287 1.0277547e-07 1.3613024 0 -1 7.54979e-08 24 19 14 255
0.07900727 1.0277547e-07 1.3613024 0 -1 7.54979e-08 19 11 3 255
0.09900725 1.0277547e-07 1.3613024 0 -1 7.54979e-08 22 14 5 255
0.11900723 1.0277547e-07 1.3613024 0 -1 7.54979e-08 21 13 4 255
0.13900721 1.0277547e-07 1.3613024 0 -1 7.54979e-08 27 19 7 255
0.15900731 1.0277547e-07 1.3613024 0 -1 7.54979e-08 27 19 7 255
0.17900729 1.0277547e-07 1.3613024 0 -1 7.54979e-08 11 6 2 255
0.19900727 1.0277547e-07 1.3613024 0 -1 7.54979e-08 60 60 60 255
0.21900725 1.0277547e-07 1.3613024 0 -1 7.54979e-08 83 83 83 255
0.23900723 1.0277547e-07 1.3613024 0 -1 7.54979e-08 12 20 5 255
0.25900722 1.0277547e-07 1.3613024 0 -1 7.54979e-08 137 137 137 255
0.2790072 1.0277547e-07 1.3613024 0 -1 7.54979e-08 39 31 11 255
0.2990073 1.0277547e-07 1.3613024 0 -1 7.54979e-08 84 60 29 255
0.31900728 1.0277547e-07 1.3613024 0 -1 7.54979e-08 76 57 26 255
0.33900726 1.0277547e-07 1.3613024 0 -1 7.54979e-08 99 67 35 255
0.35900724 1.0277547e-07 1.3613024 0 -1 7.54979e-08 163 105 61 255
0.37900722 1.0277547e-07 1.3613024 0 -1 7.54979e-08 80 56 28 255
0.3990072 1.0277547e-07 1.3613024 0 -1 7.54979e-08 66 49 24 255
0.4190073 1.0277547e-07 1.3613024 0 -1 7.54979e-08 64 47 22 255
0.43900728 1.0277547e-07 1.3613024 0 -1 7.54979e-08 62 46 21 255
0.45900726 1.0277547e-07 1.3613024 0 -1 7.54979e-08 68 49 23 255
0.47900724 1.0277547e-07 1.3613024 0 -1 7.54979e-08 80 59 28 255
0.49900723 1.0277547e-07 1.3613024 0 -1 7.54979e-08 89 62 30 255
0.5190072 1.0277547e-07 1.3613024 0 -1 7.54979e-08 90 62 31 255
0.5390072 1.0277547e-07 1.3613024 0 -1 7.54979e-08 80 56 27 255
0.5590073 1.0277547e-07 1.3613024 0 -1 7.54979e-08 107 72 38 255
0.57900727 1.0277547e-07 1.3613024 0 -1 7.54979e-08 122 79 44 255
0.59900725 1.0277547e-07 1.3613024 0 -1 7.54979e-08 0 0 0 255
0.61900723 1.0277547e-07 1.3613024 0 -1 7.54979e-08 0 0 0 255
0.019007206 1.0428543e-07 1.3813024 0 -1 7.54979e-08 0 0 0 255
0.039007306 1.0428543e-07 1.3813024 0 -1 7.54979e-08 10 17 3 255
0.059007287 1.0428543e-07 1.3813024 0 -1 7.54979e-08 24 19 14 255
0.07900727 1.0428543e-07 1.3813024 0 -1 7.54979e-08 25 17 6 255
0.09900725 1.0428543e-07 1.3813024 0 -1 7.54979e-08 22 14 5 255
0.11900723 1.0428543e-07 1.3813024 0 -1 7.54979e-08 27 19 7 255
0.13900721 1.0428543e-07 1.3813024 0 -1 7.54979e-08 27 19 7 255
0.15900731 1.0428543e-07 1.3813024 0 -1 7.54979e-08 27 19 7 255
0.17900729 1.0428543e-07 1.3813024 0 -1 7.54979e-08 14 14 3 255
0.19900727 1.0428543e-07 1.3813024 0 -1 7.54979e-08 57 44 25 255
0.21900725 1.0428543e-07 1.3813024 0 -1 7.54979e-08 77 77 77 255
0.23900723 1.0428543e-07 1.3813024 0 -1 7.54979e-08 31 29 27 255
0.25900722 1.0428543e-07 1.3813024 0 -1 7.54979e-08 132 126 116 255
0.2790072 1.0428543e-07 1.3813024 0 -1 7.54979e-08 39 31 11 255
0.2990073 1.0428543e-07 1.3813024 0 -1 7.54979e-08 84 60 29 255
0.31900728 1.0428543e-07 1.3813024 0 -1 7.54979e-08 64 47 23 255
0.33900726 1.0428543e-07 1.3813024 0 -1 7.54979e-08 112 75 40 255
0.35900724 1.0428543e-07 1.3813024 0 -1 7.54979e-08 150 95 55 255
0.37900722 1.0428543e-07 1.3813024 0 -1 7.54979e-08 61 46 20 255
0.3990072 1.0428543e-07 1.3813024 0 -1 7.54979e-08 106 71 36 255
0.4190073 1.0428543e-07 1.3813024 0 -1 7.54979e-08 87 61 30 255
0.43900728 1.0428543e-07 1.3813024 0 -1 7.54979e-08 97 65 33 255
0.45900726 1.0428543e-07 1.3813024 0 -1 7.54979e-08 103 68 35 255
0.47900724 1.0428543e-07 1.3813024 0 -1 7.54979e-08 99 65 34 255
0.49900723 1.0428543e-07 1.3813024 0 -1 7.54979e-08 93 63 32 255
0.5190072 1.0428543e-07 1.3813024 0 -1 7.54979e-08 109 72 37 255
0.5390072 1.0428543e-07 1.3813024 0 -1 7.54979e-08 105 70 37 255
0.5590073 1.0428543e-07 1.3813024 0 -1 7.54979e-08 106 72 38 255
0.57900727 1.0428543e-07 1.3813024 0 -1 7.54979e-08 14 9 5 255
0.59900725 1.0428543e-07 1.3813024 0 -1 7.54979e-08 0 0 0 255
-0.20099276 1.0579539e-07 1.4013023 0 -1 7.54979e-08 0 0 0 255
-0.18099272 1.0579539e-07 1.4013023 0 -1 7.54979e-08 0 0 0 255
-0.16099274 1.0579539e-07 1.4013023 0 -1 7.54979e-08 0 0 0 255
-0.14099276 1.0579539e-07 1.4013023 0 -1 7.54979e-08 25 25 25 255
-0.12099272 1.0579539e-07 1.4013023 0 -1 7.54979e-08 0 0 0 255
-0.08099276 1.0579539e-07 1.4013023 0 -1 7.54979e-08 0 0 0 255
-0.060992718 1.0579539e-07 1.4013023 0 -1 7.54979e-08 25 25 25 255
-0.040992737 1.0579539e-07 1.4013023 0 -1 7.54979e-08 0 0 0 255
-0.020992756 1.0579539e-07 1.4013023 0 -1 7.54979e-08 0 0 0 255
0.019007206 1.0579539e-07 1.4013023 0 -1 7.54979e-08 0 0 0 255
0.039007306 1.0579539e-07 1.4013023 0 -1 7.54979e-08 0 0 0 255
0.059007287 1.0579539e-07 1.4013023 0 -1 7.54979e-08 25 21 17 255
0.07900727 1.0579539e-07 1.4013023 0 -1 7.54979e-08 27 19 7 255
0.09900725 1.0579539e-07 1.4013023 0 -1 7.54979e-08 23 15 5 255
0.11900723 1.0579539e-07 1.4013023 0 -1 7.54979e-08 27 19 7 255
0.13900721 1.0579539e-07 1.4013023 0 -1 7.54979e-08 28 21 12 255
0.15900731 1.0579539e-07 1.4013023 0 -1 7.54979e-08 27 19 7 255
0.17900729 1.0579539e-07 1.4013023 0 -1 7.54979e-08 16 11 4 255
0.19900727 1.0579539e-07 1.4013023 0 -1 7.54979e-08 91 91 91 255
0.21900725 1.0579539e-07 1.4013023 0 -1 7.54979e-08 99 97 96 255
0.23900723 1.0579539e-07 1.4013023 0 -1 7.54979e-08 57 57 57 255
0.25900722 1.0579539e-07 1.4013023 0 -1 7.54979e-08 102 98 89 255
0.2790072 1.0579539e-07 1.4013023 0 -1 7.54979e-08 39 31 11 255
0.2990073 1.0579539e-07 1.4013023 0 -1 7.54979e-08 88 62 30 255
0.31900728 1.0579539e-07 1.4013023 0 -1 7.54979e-08 59 43 19 255
0.33900726 1.0579539e-07 1.4013023 0 -1 7.54979e-08 128 84 47 255
0.35900724 1.0579539e-07 1.4013023 0 -1 7.54979e-08 134 87 49 255
0.37900722 1.0579539e-07 1.4013023 0 -1 7.54979e-08 47 34 15 255
0.3990072 1.0579539e-07 1.4013023 0 -1 7.54979e-08 62 42 20 255
0.4190073 1.0579539e-07 1.4013023 0 -1 7.54979e-08 133 87 49 255
0.43900728 1.0579539e-07 1.4013023 0 -1 7.54979e-08 132 84 47 255
0.45900726 1.0579539e-07 1.4013023 0 -1 7.54979e-08 135 87 49 255
0.47900724 1.0579539e-07 1.4013023 0 -1 7.54979e-08 156 99 59 255
0.49900723 1.0579539e-07 1.4013023 0 -1 7.54979e-08 140 90 52 255
0.5190072 1.0579539e-07 1.4013023 0 -1 7.54979e-08 58 43 18 255
0.5390072 1.0579539e-07 1.4013023 0 -1 7.54979e-08 33 27 10 255
0.5590073 1.0579539e-07 1.4013023 0 -1 7.54979e-08 0 0 0 255
0.57900727 1.0579539e-07 1.4013023 0 -1 7.54979e-08 0 0 0 255
-0.22099274 1.0730534e-07 1.4213023 0 -1 7.54979e-08 65 65 65 255
-0.20099276 1.0730534e-07 1.4213023 0 -1 7.54979e-08 0 0 0 255
-0.18099272 1.0730534e-07 1.4213023 0 -1 7.54979e-08 127 127 127 255
-0.16099274 1.0730534e-07 1.4213023 0 -1 7.54979e-08 127 127 127 255
-0.14099276 1.0730534e-07 1.4213023 0 -1 7.54979e-08 113 113 113 255
-0.12099272 1.0730534e-07 1.4213023 0 -1 7.54979e-08 127 127 127 255
-0.10099274 1.0730534e-07 1.4213023 0 -1 7.54979e-08 63 63 63 255
-0.08099276 1.0730534e-07 1.4213023 0 -1 7.54979e-08 0 0 0 255
-0.060992718 1.0730534e-07 1.4213023 0 -1 7.54979e-08 111 111 111 255
-0.040992737 1.0730534e-07 1.4213023 0 -1 7.54979e-08 127 127 127 255
-0.020992756 1.0730534e-07 1.4213023 0 -1 7.54979e-08 127 127 127 255
-0.000992775 1.0730534e-07 1.4213023 0 -1 7.54979e-08 0 0 0 255
0.019007206 1.0730534e-07 1.4213023 0 -1 7.54979e-08 0 0 0 255
0.039007306 1.0730534e-07 1.4213023 0 -1 7.54979e-08 7 19 3 255
0.059007287 1.0730534e-07 1.4213023 0 -1 7.54979e-08 27 19 7 255
0.07900727 1.0730534e-07 1.4213023 0 -1 7.54979e-08 27 19 7 255
0.09900725 1.0730534e-07 1.4213023 0 -1 7.54979e-08 27 19 7 255
0.11900723 1.0730534e-07 1.4213023 0 -1 7.54979e-08 27 19 7 255
0.13900721 1.0730534e-07 1.4213023 0 -1 7.54979e-08 29 25 19 255
0.15900731 1.0730534e-07 1.4213023 0 -1 7.54979e-08 31 30 30 255
0.17900729 1.0730534e-07 1.4213023 0 -1 7.54979e-08 27 19 7 255
0.19900727 1.0730534e-07 1.4213023 0 -1 7.54979e-08 139 139 139 255
0.21900725 1.0730534e-07 1.4213023 0 -1 7.54979e-08 76 72 66 255
0.23900723 1.0730534e-07 1.4213023 0 -1 7.54979e-08 66 66 66 255
0.25900722 1.0730534e-07 1.4213023 0 -1 7.54979e-08 57 49 37 255
0.2790072 1.0730534e-07 1.4213023 0 -1 7.54979e-08 58 42 19 255
0.2990073 1.0730534e-07 1.4213023 0 -1 7.54979e-08 84 60 29 255
0.31900728 1.0730534e-07 1.4213023 0 -1 7.54979e-08 59 43 19 255
0.33900726 1.0730534e-07 1.4213023 0 -1 7.54979e-08 131 84 47 255
0.35900724 1.0730534e-07 1.4213023 0 -1 7.54979e-08 102 67 35 255
0.37900722 1.0730534e-07 1.4213023 0 -1 7.54979e-08 56 36 19 255
0.3990072 1.0730534e-07 1.4213023 0 -1 7.54979e-08 57 42 19 255
0.4190073 1.0730534e-07 1.4213023 0 -1 7.54979e-08 60 45 19 255
0.43900728 1.0730534e-07 1.4213023 0 -1 7.54979e-08 72 51 24 255
0.45900726 1.0730534e-07 1.4213023 0 -1 7.54979e-08 81 57 27 255
0.47900724 1.0730534e-07 1.4213023 0 -1 7.54979e-08 91 63 31 255
0.49900723 1.0730534e-07 1.4213023 0 -1 7.54979e-08 80 57 27 255
0.5190072 1.0730534e-07 1.4213023 0 -1 7.54979e-08 69 50 23 255
-0.22099274 1.088153e-07 1.4413023 0 -1 7.54979e-08 7 7 7 255
-0.20099276 1.088153e-07 1.4413023 0 -1 7.54979e-08 109 109 109 255
-0.18099272 1.088153e-07 1.4413023 0 -1 7.54979e-08 99 99 99 255
-0.16099274 1.088153e-07 1.4413023 0 -1 7.54979e-08 102 102 102 255
-0.14099276 1.088153e-07 1.4413023 0 -1 7.54979e-08 106 106 106 255
-0.12099272 1.088153e-07 1.4413023 0 -1 7.54979e-08 109 109 109 255
-0.10099274 1.088153e-07 1.4413023 0 -1 7.54979e-08 116 116 116 255
-0.08099276 1.088153e-07 1.4413023 0 -1 7.54979e-08 116 116 116 255
-0.060992718 1.088153e-07 1.4413023 0 -1 7.54979e-08 102 102 102 255
-0.040992737 1.088153e-07 1.4413023 0 -1 7.54979e-08 102 102 102 255
-0.020992756 1.088153e-07 1.4413023 0 -1 7.54979e-08 91 91 91 255
-0.000992775 1.088153e-07 1.4413023 0 -1 7.54979e-08 112 112 112 255
0.019007206 1.088153e-07 1.4413023 0 -1 7.54979e-08 55 55 55 255
0.039007306 1.088153e-07 1.4413023 0 -1 7.54979e-08 7 19 3 255
0.059007287 1.088153e-07 1.4413023 0 -1 7.54979e-08 32 32 32 255
0.07900727 1.088153e-07 1.4413023 0 -1 7.54979e-08 27 19 7 255
0.09900725 1.088153e-07 1.4413023 0 -1 7.54979e-08 27 19 7 255
0.11900723 1.088153e-07 1.4413023 0 -1 7.54979e-08 27 19 7 255
0.13900721 1.088153e-07 1.4413023 0 -1 7.54979e-08 29 25 19 255
0.15900731 1.088153e-07 1.4413023 0 -1 7.54979e-08 31 31 31 255
0.17900729 1.088153e-07 1.4413023 0 -1 7.54979e-08 27 19 7 255
0.19900727 1.088153e-07 1.4413023 0 -1 7.54979e-08 97 97 97 255
0.21900725 1.088153e-07 1.4413023 0 -1 7.54979e-08 61 65 60 255
0.23900723 1.088153e-07 1.4413023 0 -1 7.54979e-08 58 55 50 255
0.25900722 1.088153e-07 1.4413023 0 -1 7.54979e-08 44 47 43 255
0.2790072 1.088153e-07 1.4413023 0 -1 7.54979e-08 71 53 25 255
0.2990073 1.088153e-07 1.4413023 0 -1 7.54979e-08 75 53 26 255
0.31900728 1.088153e-07 1.4413023 0 -1 7.54979e-08 103 69 35 255
0.33900726 1.088153e-07 1.4413023 0 -1 7.54979e-08 139 89 51 255
0.35900724 1.088153e-07 1.4413023 0 -1 7.54979e-08 83 60 28 255
0.43900728 1.088153e-07 1.4413023 0 -1 7.54979e-08 38 26 13 255
0.45900726 1.088153e-07 1.4413023 0 -1 7.54979e-08 32 23 10 255
0.47900724 1.088153e-07 1.4413023 0 -1 7.54979e-08 30 21 9 255
0.49900723 1.088153e-07 1.4413023 0 -1 7.54979e-08 34 24 11 255
0.5190072 1.088153e-07 1.4413023 0 -1 7.54979e-08 0 0 0 255
-0.20099276 1.1032525e-07 1.4613023 0 -1 7.54979e-08 70 70 70 255
-0.18099272 1.1032525e-07 1.4613023 0 -1 7.54979e-08 89 89 89 255
-0.16099274 1.1032525e-07 1.4613023 0 -1 7.54979e-08 106 106 106 255
-0.14099276 1.1032525e-07 1.4613023 0 -1 7.54979e-08 113 113 113 255
-0.12099272 1.1032525e-07 1.4613023 0 -1 7.54979e-08 117 117 117 255
-0.10099274 1.1032525e-07 1.4613023 0 -1 7.54979e-08 118 118 118 255
-0.08099276 1.1032525e-07 1.4613023 0 -1 7.54979e-08 118 118 118 255
-0.060992718 1.1032525e-07 1.4613023 0 -1 7.54979e-08 113 113 113 255
-0.040992737 1.1032525e-07 1.4613023 0 -1 7.54979e-08 107 107 107 255
-0.020992756 1.1032525e-07 1.4613023 0 -1 7.54979e-08 100 100 100 255
-0.000992775 1.1032525e-07 1.4613023 0 -1 7.54979e-08 98 98 98 255
0.019007206 1.1032525e-07 1.4613023 0 -1 7.54979e-08 58 54 50 255
0.039007306 1.1032525e-07 1.4613023 0 -1 7.54979e-08 7 19 3 255
0.059007287 1.1032525e-07 1.4613023 0 -1 7.54979e-08 33 33 33 255
0.07900727 1.1032525e-07 1.4613023 0 -1 7.54979e-08 27 19 7 255
0.09900725 1.1032525e-07 1.4613023 0 -1 7.54979e-08 27 19 7 255
0.11900723 1.1032525e-07 1.4613023 0 -1 7.54979e-08 27 19 7 255
0.13900721 1.1032525e-07 1.4613023 0 -1 7.54979e-08 29 25 19 255
0.15900731 1.1032525e-07 1.4613023 0 -1 7.54979e-08 31 31 31 255
0.17900729 1.1032525e-07 1.4613023 0 -1 7.54979e-08 27 19 7 255
0.19900727 1.1032525e-07 1.4613023 0 -1 7.54979e-08 77 77 77 255
0.21900725 1.1032525e-07 1.4613023 0 -1 7.54979e-08 34 33 33 255
0.23900723 1.1032525e-07 1.4613023 0 -1 7.54979e-08 117 117 117 255
0.25900722 1.1032525e-07 1.4613023 0 -1 7.54979e-08 46 42 36 255
0.2790072 1.1032525e-07 1.4613023 0 -1 7.54979e-08 78 58 27 255
0.2990073 1.1032525e-07 1.4613023 0 -1 7.54979e-08 69 51 23 255
0.31900728 1.1032525e-07 1.4613023 0 -1 7.54979e-08 106 69 37 255
0.33900726 1.1032525e-07 1.4613023 0 -1 7.54979e-08 154 98 57 255
0.35900724 1.1032525e-07 1.4613023 0 -1 7.54979e-08 65 49 22 255
0.43900728 1.1032525e-07 1.4613023 0 -1 7.54979e-08 0 0 0 255
0.45900726 1.1032525e-07 1.4613023 0 -1 7.54979e-08 0 0 0 255
0.47900724 1.1032525e-07 1.4613023 0 -1 7.54979e-08 0 0 0 255
0.49900723 1.1032525e-07 1.4613023 0 -1 7.54979e-08 0 0 0 255
-0.20099276 1.1183521e-07 1.4813023 0 -1 7.54979e-08 15 15 15 255
-0.18099272 1.1183521e-07 1.4813023 0 -1 7.54979e-08 84 84 84 255
-0.16099274 1.1183521e-07 1.4813023 0 -1 7.54979e-08 106 106 106 255
-0.14099276 1.1183521e-07 1.4813023 0 -1 7.54979e-08 112 112 112 255
-0.12099272 1.1183521e-07 1.4813023 0 -1 7.54979e-08 118 118 118 255
-0.10099274 1.1183521e-07 1.4813023 0 -1 7.54979e-08 125 125 125 255
-0.08099276 1.1183521e-07 1.4813023 0 -1 7.54979e-08 132 132 132 255
-0.060992718 1.1183521e-07 1.4813023 0 -1 7.54979e-08 117 117 117 255
-0.040992737 1.1183521e-07 1.4813023 0 -1 7.54979e-08 116 116 116 255
-0.020992756 1.1183521e-07 1.4813023 0 -1 7.54979e-08 123 123 123 255
-0.000992775 1.1183521e-07 1.4813023 0 -1 7.54979e-08 120 120 120 255
0.019007206 1.1183521e-07 1.4813023 0 -1 7.54979e-08 66 62 58 255
0.039007306 1.1183521e-07 1.4813023 0 -1 7.54979e-08 16 13 3 255
0.059007287 1.1183521e-07 1.4813023 0 -1 7.54979e-08 33 33 33 255
0.07900727 1.1183521e-07 1.4813023 0 -1 7.54979e-08 27 19 7 255
0.09900725 1.1183521e-07 1.4813023 0 -1 7.54979e-08 27 19 7 255
0.11900723 1.1183521e-07 1.4813023 0 -1 7.54979e-08 27 19 7 255
0.13900721 1.1183521e-07 1.4813023 0 -1 7.54979e-08 29 25 19 255
0.15900731 1.1183521e-07 1.4813023 0 -1 7.54979e-08 31 31 31 255
0.17900729 1.1183521e-07 1.4813023 0 -1 7.54979e-08 27 19 7 255
0.19900727 1.1183521e-07 1.4813023 0 -1 7.54979e-08 79 79 79 255
0.21900725 1.1183521e-07 1.4813023 0 -1 7.54979e-08 38 37 36 255
0.23900723 1.1183521e-07 1.4813023 0 -1 7.54979e-08 85 85 85 255
0.25900722 1.1183521e-07 1.4813023 0 -1 7.54979e-08 40 36 29 255
0.2790072 1.1183521e-07 1.4813023 0 -1 7.54979e-08 87 61 30 255
0.2990073 1.1183521e-07 1.4813023 0 -1 7.54979e-08 86 60 29 255
0.31900728 1.1183521e-07 1.4813023 0 -1 7.54979e-08 144 91 52 255
0.33900726 1.1183521e-07 1.4813023 0 -1 7.54979e-08 103 71 37 255
0.35900724 1.1183521e-07 1.4813023 0 -1 7.54979e-08 0 0 0 255
0.37900722 1.1183521e-07 1.4813023 0 -1 7.54979e-08 0 0 0 255
0.3990072 1.1183521e-07 1.4813023 0 -1 7.54979e-08 0 0 0 255
0.4190073 1.1183521e-07 1.4813023 0 -1 7.54979e-08 0 0 0 255
0.43900728 1.1183521e-07 1.4813023 0 -1 7.54979e-08 0 0 0 255
0.45900726 1.1183521e-07 1.4813023 0 -1 7.54979e-08 97 97 97 255
0.47900724 1.1183521e-07 1.4813023 0 -1 7.54979e-08 97 97 97 255
0.49900723 1.1183521e-07 1.4813023 0 -1 7.54979e-08 97 97 97 255
0.5190072 1.1183521e-07 1.4813023 0 -1 7.54979e-08 0 0 0 255
0.5390072 1.1183521e-07 1.4813023 0 -1 7.54979e-08 0 0 0 255
0.5590073 1.1183521e-07 1.4813023 0 -1 7.54979e-08 0 0 0 255
0.57900727 1.1183521e-07 1.4813023 0 -1 7.54979e-08 0 0 0 255
-0.30099273 1.13345166e-07 1.5013022 0 -1 7.54979e-08 0 0 0 255
-0.28099275 1.13345166e-07 1.5013022 0 -1 7.54979e-08 44 44 44 255
-0.26099277 1.13345166e-07 1.5013022 0 -1 7.54979e-08 44 44 44 255
-0.24099272 1.13345166e-07 1.5013022 0 -1 7.54979e-08 44 44 44 255
-0.22099274 1.13345166e-07 1.5013022 0 -1 7.54979e-08 14 14 14 255
-0.20099276 1.13345166e-07 1.5013022 0 -1 7.54979e-08 55 55 55 255
-0.18099272 1.13345166e-07 1.5013022 0 -1 7.54979e-08 64 64 64 255
-0.16099274 1.13345166e-07 1.5013022 0 -1 7.54979e-08 86 86 86 255
-0.14099276 1.13345166e-07 1.5013022 0 -1 7.54979e-08 104 104 104 255
-0.12099272 1.13345166e-07 1.5013022 0 -1 7.54979e-08 118 118 118 255
-0.10099274 1.13345166e-07 1.5013022 0 -1 7.54979e-08 126 126 126 255
-0.08099276 1.13345166e-07 1.5013022 0 -1 7.54979e-08 130 130 130 255
-0.060992718 1.13345166e-07 1.5013022 0 -1 7.54979e-08 107 107 107 255
-0.040992737 1.13345166e-07 1.5013022 0 -1 7.54979e-08 111 111 111 255
-0.020992756 1.13345166e-07 1.5013022 0 -1 7.54979e-08 94 94 94 255
-0.000992775 1.13345166e-07 1.5013022 0 -1 7.54979e-08 98 98 98 255
0.019007206 1.13345166e-07 1.5013022 0 -1 7.54979e-08 63 59 54 255
0.039007306 1.13345166e-07 1.5013022 0 -1 7.54979e-08 15 14 3 255
0.059007287 1.13345166e-07 1.5013022 0 -1 7.54979e-08 33 33 33 255
0.07900727 1.13345166e-07 1.5013022 0 -1 7.54979e-08 27 19 7 255
0.09900725 1.13345166e-07 1.5013022 0 -1 7.54979e-08 27 19 7 255
0.11900723 1.13345166e-07 1.5013022 0 -1 7.54979e-08 27 19 7 255
0.13900721 1.13345166e-07 1.5013022 0 -1 7.54979e-08 31 31 31 255
0.15900731 1.13345166e-07 1.5013022 0 -1 7.54979e-08 31 31 31 255
0.17900729 1.13345166e-07 1.5013022 0 -1 7.54979e-08 28 21 11 255
0.19900727 1.13345166e-07 1.5013022 0 -1 7.54979e-08 63 63 63 255
0.21900725 1.13345166e-07 1.5013022 0 -1 7.54979e-08 41 35 28 255
0.23900723 1.13345166e-07 1.5013022 0 -1 7.54979e-08 125 125 125 255
0.25900722 1.13345166e-07 1.5013022 0 -1 7.54979e-08 19 20 12 255
0.2790072 1.13345166e-07 1.5013022 0 -1 7.54979e-08 92 69 48 255
0.2990073 1.13345166e-07 1.5013022 0 -1 7.54979e-08 91 68 47 255
0.31900728 1.13345166e-07 1.5013022 0 -1 7.54979e-08 164 114 83 255
0.33900726 1.13345166e-07 1.5013022 0 -1 7.54979e-08 51 46 38 255
0.35900724 1.13345166e-07 1.5013022 0 -1 7.54979e-08 0 0 0 255
0.37900722 1.13345166e-07 1.5013022 0 -1 7.54979e-08 0 0 0 255
0.3990072 1.13345166e-07 1.5013022 0 -1 7.54979e-08 122 122 122 255
0.4190073 1.13345166e-07 1.5013022 0 -1 7.54979e-08 122 122 122 255
0.43900728 1.13345166e-07 1.5013022 0 -1 7.54979e-08 118 118 118 255
0.45900726 1.13345166e-07 1.5013022 0 -1 7.54979e-08 77 77 77 255
0.47900724 1.13345166e-07 1.5013022 0 -1 7.54979e-08 83 83 83 255
0.49900723 1.13345166e-07 1.5013022 0 -1 7.54979e-08 73 73 73 255
0.5190072 1.13345166e-07 1.5013022 0 -1 7.54979e-08 44 44 44 255
0.5390072 1.13345166e-07 1.5013022 0 -1 7.54979e-08 44 44 44 255
0.5590073 1.13345166e-07 1.5013022 0 -1 7.54979e-08 44 44 44 255
0.57900727 1.13345166e-07 1.5013022 0 -1 7.54979e-08 105 105 105 255
0.59900725 1.13345166e-07 1.5013022 0 -1 7.54979e-08 44 44 44 255
0.61900723 1.13345166e-07 1.5013022 0 -1 7.54979e-08 0 0 0 255
-0.3209927 1.14855126e-07 1.5213022 0 -1 7.54979e-08 0 0 0 255
-0.30099273 1.14855126e-07 1.5213022 0 -1 7.54979e-08 60 60 60 255
-0.28099275 1.14855126e-07 1.5213022 0 -1 7.54979e-08 62 62 62 255
-0.26099277 1.14855126e-07 1.5213022 0 -1 7.54979e-08 71 71 71 255
-0.24099272 1.14855126e-07 1.5213022 0 -1 7.54979e-08 80 80 80 255
-0.22099274 1.14855126e-07 1.5213022 0 -1 7.54979e-08 86 86 86 255
-0.20099276 1.14855126e-07 1.5213022 0 -1 7.54979e-08 94 94 94 255
-0.18099272 1.14855126e-07 1.5213022 0 -1 7.54979e-08 82 82 82 255
-0.16099274 1.14855126e-07 1.5213022 0 -1 7.54979e-08 81 81 81 255
-0.14099276 1.14855126e-07 1.5213022 0 -1 7.54979e-08 96 96 96 255
-0.12099272 1.14855126e-07 1.5213022 0 -1 7.54979e-08 103 103 103 255
-0.10099274 1.14855126e-07 1.5213022 0 -1 7.54979e-08 91 91 91 255
-0.08099276 1.14855126e-07 1.5213022 0 -1 7.54979e-08 118 118 118 255
-0.060992718 1.14855126e-07 1.5213022 0 -1 7.54979e-08 113 113 113 255
-0.040992737 1.14855126e-07 1.5213022 0 -1 7.54979e-08 83 83 83 255
-0.020992756 1.14855126e-07 1.5213022 0 -1 7.54979e-08 98 98 98 255
-0.000992775 1.14855126e-07 1.5213022 0 -1 7.54979e-08 125 125 125 255
0.019007206 1.14855126e-07 1.5213022 0 -1 7.54979e-08 71 67 61 255
0.039007306 1.14855126e-07 1.5213022 0 -1 7.54979e-08 0 1 0 255
0.059007287 1.14855126e-07 1.5213022 0 -1 7.54979e-08 33 33 33 255
0.07900727 1.14855126e-07 1.5213022 0 -1 7.54979e-08 27 19 7 255
0.09900725 1.14855126e-07 1.5213022 0 -1 7.54979e-08 27 19 7 255
0.11900723 1.14855126e-07 1.5213022 0 -1 7.54979e-08 27 19 7 255
0.13900721 1.14855126e-07 1.5213022 0 -1 7.54979e-08 31 31 31 255
0.15900731 1.14855126e-07 1.5213022 0 -1 7.54979e-08 31 31 31 255
0.17900729 1.14855126e-07 1.5213022 0 -1 7.54979e-08 38 38 37 255
0.19900727 1.14855126e-07 1.5213022 0 -1 7.54979e-08 73 73 73 255
0.21900725 1.14855126e-07 1.5213022 0 -1 7.54979e-08 33 33 33 255
0.23900723 1.14855126e-07 1.5213022 0 -1 7.54979e-08 125 125 125 255
0.25900722 1.14855126e-07 1.5213022 0 -1 7.54979e-08 10 6 2 255
0.2790072 1.14855126e-07 1.5213022 0 -1 7.54979e-08 103 103 103 255
0.2990073 1.14855126e-07 1.5213022 0 -1 7.54979e-08 83 83 83 255
0.31900728 1.14855126e-07 1.5213022 0 -1 7.54979e-08 25 18 10 255
0.33900726 1.14855126e-07 1.5213022 0 -1 7.54979e-08 53 53 53 255
0.35900724 1.14855126e-07 1.5213022 0 -1 7.54979e-08 121 121 121 255
0.37900722 1.14855126e-07 1.5213022 0 -1 7.54979e-08 121 121 121 255
0.3990072 1.14855126e-07 1.5213022 0 -1 7.54979e-08 84 84 84 255
0.4190073 1.14855126e-07 1.5213022 0 -1 7.54979e-08 76 76 76 255
0.43900728 1.14855126e-07 1.5213022 0 -1 7.54979e-08 77 77 77 255
0.45900726 1.14855126e-07 1.5213022 0 -1 7.54979e-08 72 72 72 255
0.47900724 1.14855126e-07 1.5213022 0 -1 7.54979e-08 70 70 70 255
0.49900723 1.14855126e-07 1.5213022 0 -1 7.54979e-08 66 66 66 255
0.5190072 1.14855126e-07 1.5213022 0 -1 7.54979e-08 75 75 75 255
0.5390072 1.14855126e-07 1.5213022 0 -1 7.54979e-08 80 80 80 255
0.5590073 1.14855126e-07 1.5213022 0 -1 7.54979e-08 75 75 75 255
0.57900727 1.14855126e-07 1.5213022 0 -1 7.54979e-08 64 64 64 255
0.59900725 1.14855126e-07 1.5213022 0 -1 7.54979e-08 75 75 75 255
0.61900723 1.14855126e-07 1.5213022 0 -1 7.54979e-08 60 60 60 255
-0.3209927 1.1636508e-07 1.5413022 0 -1 7.54979e-08 0 0 0 255
-0.30099273 1.1636508e-07 1.5413022 0 -1 7.54979e-08 67 67 67 255
-0.28099275 1.1636508e-07 1.5413022 0 -1 7.54979e-08 67 67 67 255
-0.26099277 1.1636508e-07 1.5413022 0 -1 7.54979e-08 72 72 72 255
-0.24099272 1.1636508e-07 1.5413022 0 -1 7.54979e-08 71 71 71 255
-0.22099274 1.1636508e-07 1.5413022 0 -1 7.54979e-08 79 79 79 255
-0.20099276 1.1636508e-07 1.5413022 0 -1 7.54979e-08 96 96 96 255
-0.18099272 1.1636508e-07 1.5413022 0 -1 7.54979e-08 104 104 104 255
-0.16099274 1.1636508e-07 1.5413022 0 -1 7.54979e-08 100 100 100 255
-0.14099276 1.1636508e-07 1.5413022 0 -1 7.54979e-08 107 107 107 255
-0.12099272 1.1636508e-07 1.5413022 0 -1 7.54979e-08 95 95 95 255
-0.10099274 1.1636508e-07 1.5413022 0 -1 7.54979e-08 74 74 74 255
-0.08099276 1.1636508e-07 1.5413022 0 -1 7.54979e-08 74 74 74 255
-0.060992718 1.1636508e-07 1.5413022 0 -1 7.54979e-08 94 94 94 255
-0.040992737 1.1636508e-07 1.5413022 0 -1 7.54979e-08 100 100 100 255
-0.020992756 1.1636508e-07 1.5413022 0 -1 7.54979e-08 108 108 108 255
-0.000992775 1.1636508e-07 1.5413022 0 -1 7.54979e-08 115 115 115 255
0.019007206 1.1636508e-07 1.5413022 0 -1 7.54979e-08 73 43 37 255
0.039007306 1.1636508e-07 1.5413022 0 -1 7.54979e-08 31 31 31 255
0.059007287 1.1636508e-07 1.5413022 0 -1 7.54979e-08 33 33 33 255
0.07900727 1.1636508e-07 1.5413022 0 -1 7.54979e-08 27 19 7 255
0.09900725 1.1636508e-07 1.5413022 0 -1 7.54979e-08 27 19 7 255
0.11900723 1.1636508e-07 1.5413022 0 -1 7.54979e-08 29 25 19 255
0.13900721 1.1636508e-07 1.5413022 0 -1 7.54979e-08 31 31 31 255
0.15900731 1.1636508e-07 1.5413022 0 -1 7.54979e-08 31 31 31 255
0.17900729 1.1636508e-07 1.5413022 0 -1 7.54979e-08 49 49 49 255
0.19900727 1.1636508e-07 1.5413022 0 -1 7.54979e-08 68 68 68 255
0.21900725 1.1636508e-07 1.5413022 0 -1 7.54979e-08 37 33 29 255
0.23900723 1.1636508e-07 1.5413022 0 -1 7.54979e-08 113 113 113 255
0.25900722 1.1636508e-07 1.5413022 0 -1 7.54979e-08 24 24 24 255
0.2790072 1.1636508e-07 1.5413022 0 -1 7.54979e-08 147 147 147 255
0.2990073 1.1636508e-07 1.5413022 0 -1 7.54979e-08 39 37 35 255
0.31900728 1.1636508e-07 1.5413022 0 -1 7.54979e-08 0 0 0 255
0.33900726 1.1636508e-07 1.5413022 0 -1 7.54979e-08 99 99 99 255
0.35900724 1.1636508e-07 1.5413022 0 -1 7.54979e-08 116 116 116 255
0.37900722 1.1636508e-07 1.5413022 0 -1 7.54979e-08 99 99 99 255
0.3990072 1.1636508e-07 1.5413022 0 -1 7.54979e-08 94 94 94 255
0.4190073 1.1636508e-07 1.5413022 0 -1 7.54979e-08 78 78 78 255
0.43900728 1.1636508e-07 1.5413022 0 -1 7.54979e-08 75 75 75 255
0.45900726 1.1636508e-07 1.5413022 0 -1 7.54979e-08 80 80 80 255
0.47900724 1.1636508e-07 1.5413022 0 -1 7.54979e-08 88 88 88 255
0.49900723 1.1636508e-07 1.5413022 0 -1 7.54979e-08 89 89 89 255
0.5190072 1.1636508e-07 1.5413022 0 -1 7.54979e-08 93 93 93 255
0.5390072 1.1636508e-07 1.5413022 0 -1 7.54979e-08 95 95 95 255
0.5590073 1.1636508e-07 1.5413022 0 -1 7.54979e-08 85 85 85 255
0.57900727 1.1636508e-07 1.5413022 0 -1 7.54979e-08 76 76 76 255
0.59900725 1.1636508e-07 1.5413022 0 -1 7.54979e-08 71 71 71 255
0.61900723 1.1636508e-07 1.5413022 0 -1 7.54979e-08 0 0 0 255
-0.34099275 1.1787504e-07 1.5613022 0 -1 7.54979e-08 6 6 6 255
-0.3209927 1.1787504e-07 1.5613022 0 -1 7.54979e-08 14 14 14 255
-0.30099273 1.1787504e-07 1.5613022 0 -1 7.54979e-08 74 74 74 255
-0.28099275 1.1787504e-07 1.5613022 0 -1 7.54979e-08 72 72 72 255
-0.26099277 1.1787504e-07 1.5613022 0 -1 7.54979e-08 80 80 80 255
-0.24099272 1.1787504e-07 1.5613022 0 -1 7.54979e-08 82 82 82 255
-0.22099274 1.1787504e-07 1.5613022 0 -1 7.54979e-08 76 76 76 255
-0.20099276 1.1787504e-07 1.5613022 0 -1 7.54979e-08 87 87 87 255
-0.18099272 1.1787504e-07 1.5613022 0 -1 7.54979e-08 96 96 96 255
-0.16099274 1.1787504e-07 1.5613022 0 -1 7.54979e-08 101 101 101 255
-0.14099276 1.1787504e-07 1.5613022 0 -1 7.54979e-08 118 118 118 255
-0.12099272 1.1787504e-07 1.5613022 0 -1 7.54979e-08 126 126 126 255
-0.10099274 1.1787504e-07 1.5613022 0 -1 7.54979e-08 123 123 123 255
-0.08099276 1.1787504e-07 1.5613022 0 -1 7.54979e-08 100 100 100 255
-0.060992718 1.1787504e-07 1.5613022 0 -1 7.54979e-08 101 101 101 255
-0.040992737 1.1787504e-07 1.5613022 0 -1 7.54979e-08 119 119 119 255
-0.020992756 1.1787504e-07 1.5613022 0 -1 7.54979e-08 136 136 136 255
-0.000992775 1.1787504e-07 1.5613022 0 -1 7.54979e-08 154 154 154 255
0.019007206 1.1787504e-07 1.5613022 0 -1 7.54979e-08 25 18 7 255
0.039007306 1.1787504e-07 1.5613022 0 -1 7.54979e-08 36 36 36 255
0.059007287 1.1787504e-07 1.5613022 0 -1 7.54979e-08 37 37 37 255
0.07900727 1.1787504e-07 1.5613022 0 -1 7.54979e-08 26 18 7 255
0.09900725 1.1787504e-07 1.5613022 0 -1 7.54979e-08 29 25 19 255
0.11900723 1.1787504e-07 1.5613022 0 -1 7.54979e-08 31 31 31 255
0.13900721 1.1787504e-07 1.5613022 0 -1 7.54979e-08 31 31 31 255
0.15900731 1.1787504e-07 1.5613022 0 -1 7.54979e-08 31 31 31 255
0.17900729 1.1787504e-07 1.5613022 0 -1 7.54979e-08 49 49 49 255
0.19900727 1.1787504e-07 1.5613022 0 -1 7.54979e-08 43 43 43 255
0.21900725 1.1787504e-07 1.5613022 0 -1 7.54979e-08 58 54 50 255
0.23900723 1.1787504e-07 1.5613022 0 -1 7.54979e-08 101 101 101 255
0.25900722 1.1787504e-07 1.5613022 0 -1 7.54979e-08 2 1 0 255
0.2790072 1.1787504e-07 1.5613022 0 -1 7.54979e-08 73 73 73 255
0.2990073 1.1787504e-07 1.5613022 0 -1 7.54979e-08 28 28 28 255
0.31900728 1.1787504e-07 1.5613022 0 -1 7.54979e-08 42 42 42 255
0.33900726 1.1787504e-07 1.5613022 0 -1 7.54979e-08 107 107 107 255
0.35900724 1.1787504e-07 1.5613022 0 -1 7.54979e-08 102 102 102 255
0.37900722 1.1787504e-07 1.5613022 0 -1 7.54979e-08 97 97 97 255
0.3990072 1.1787504e-07 1.5613022 0 -1 7.54979e-08 98 98 98 255
0.4190073 1.1787504e-07 1.5613022 0 -1 7.54979e-08 106 106 106 255
0.43900728 1.1787504e-07 1.5613022 0 -1 7.54979e-08 118 118 118 255
0.45900726 1.1787504e-07 1.5613022 0 -1 7.54979e-08 117 117 117 255
0.47900724 1.1787504e-07 1.5613022 0 -1 7.54979e-08 117 117 117 255
0.49900723 1.1787504e-07 1.5613022 0 -1 7.54979e-08 103 103 103 255
0.5190072 1.1787504e-07 1.5613022 0 -1 7.54979e-08 92 92 92 255
0.5390072 1.1787504e-07 1.5613022 0 -1 7.54979e-08 72 72 72 255
0.5590073 1.1787504e-07 1.5613022 0 -1 7.54979e-08 68 68 68 255
0.57900727 1.1787504e-07 1.5613022 0 -1 7.54979e-08 57 57 57 255
0.59900725 1.1787504e-07 1.5613022 0 -1 7.54979e-08 57 57 57 255
0.61900723 1.1787504e-07 1.5613022 0 -1 7.54979e-08 4 4 4 255
-0.36099273 1.1938499e-07 1.5813022 0 -1 7.54979e-08 0 0 0 255
-0.34099275 1.1938499e-07 1.5813022 0 -1 7.54979e-08 44 44 44 255
-0.3209927 1.1938499e-07 1.5813022 0 -1 7.54979e-08 83 83 83 255
-0.30099273 1.1938499e-07 1.5813022 0 -1 7.54979e-08 73 73 73 255
-0.28099275 1.1938499e-07 1.5813022 0 -1 7.54979e-08 80 80 80 255
-0.26099277 1.1938499e-07 1.5813022 0 -1 7.54979e-08 84 84 84 255
-0.24099272 1.1938499e-07 1.5813022 0 -1 7.54979e-08 92 92 92 255
-0.22099274 1.1938499e-07 1.5813022 0 -1 7.54979e-08 76 76 76 255
-0.20099276 1.1938499e-07 1.5813022 0 -1 7.54979e-08 92 92 92 255
-0.18099272 1.1938499e-07 1.5813022 0 -1 7.54979e-08 99 99 99 255
-0.16099274 1.1938499e-07 1.5813022 0 -1 7.54979e-08 101 101 101 255
-0.14099276 1.1938499e-07 1.5813022 0 -1 7.54979e-08 112 112 112 255
-0.12099272 1.1938499e-07 1.5813022 0 -1 7.54979e-08 103 103 103 255
-0.10099274 1.1938499e-07 1.5813022 0 -1 7.54979e-08 129 129 129 255
-0.08099276 1.1938499e-07 1.5813022 0 -1 7.54979e-08 116 116 116 255
-0.060992718 1.1938499e-07 1.5813022 0 -1 7.54979e-08 137 137 137 255
-0.040992737 1.1938499e-07 1.5813022 0 -1 7.54979e-08 135 135 135 255
-0.020992756 1.1938499e-07 1.5813022 0 -1 7.54979e-08 144 144 144 255
-0.000992775 1.1938499e-07 1.5813022 0 -1 7.54979e-08 154 154 154 255
0.019007206 1.1938499e-07 1.5813022 0 -1 7.54979e-08 10 6 2 255
0.039007306 1.1938499e-07 1.5813022 0 -1 7.54979e-08 48 48 48 255
0.059007287 1.1938499e-07 1.5813022 0 -1 7.54979e-08 38 38 38 255
0.07900727 1.1938499e-07 1.5813022 0 -1 7.54979e-08 19 11 3 255
0.09900725 1.1938499e-07 1.5813022 0 -1 7.54979e-08 29 25 19 255
0.11900723 1.1938499e-07 1.5813022 0 -1 7.54979e-08 31 31 31 255
0.13900721 1.1938499e-07 1.5813022 0 -1 7.54979e-08 31 31 31 255
0.15900731 1.1938499e-07 1.5813022 0 -1 7.54979e-08 31 31 31 255
0.17900729 1.1938499e-07 1.5813022 0 -1 7.54979e-08 54 54 54 255
0.19900727 1.1938499e-07 1.5813022 0 -1 7.54979e-08 43 43 43 255
0.21900725 1.1938499e-07 1.5813022 0 -1 7.54979e-08 83 81 80 255
0.23900723 1.1938499e-07 1.5813022 0 -1 7.54979e-08 42 42 42 255
0.25900722 1.1938499e-07 1.5813022 0 -1 7.54979e-08 67 65 62 255
0.2790072 1.1938499e-07 1.5813022 0 -1 7.54979e-08 156 156 156 255
0.2990073 1.1938499e-07 1.5813022 0 -1 7.54979e-08 135 135 135 255
0.31900728 1.1938499e-07 1.5813022 0 -1 7.54979e-08 149 149 149 255
0.33900726 1.1938499e-07 1.5813022 0 -1 7.54979e-08 124 124 124 255
0.35900724 1.1938499e-07 1.5813022 0 -1 7.54979e-08 135 135 135 255
0.37900722 1.1938499e-07 1.5813022 0 -1 7.54979e-08 117 117 117 255
0.3990072 1.1938499e-07 1.5813022 0 -1 7.54979e-08 130 130 130 255
0.4190073 1.1938499e-07 1.5813022 0 -1 7.54979e-08 108 108 108 255
0.43900728 1.1938499e-07 1.5813022 0 -1 7.54979e-08 107 107 107 255
0.45900726 1.1938499e-07 1.5813022 0 -1 7.54979e-08 106 106 106 255
0.47900724 1.1938499e-07 1.5813022 0 -1 7.54979e-08 100 100 100 255
0.49900723 1.1938499e-07 1.5813022 0 -1 7.54979e-08 93 93 93 255
0.5190072 1.1938499e-07 1.5813022 0 -1 7.54979e-08 76 76 76 255
0.5390072 1.1938499e-07 1.5813022 0 -1 7.54979e-08 81 81 81 255
0.5590073 1.1938499e-07 1.5813022 0 -1 7.54979e-08 82 82 82 255
0.57900727 1.1938499e-07 1.5813022 0 -1 7.54979e-08 68 68 68 255
0.59900725 1.1938499e-07 1.5813022 0 -1 7.54979e-08 68 68 68 255
0.61900723 1.1938499e-07 1.5813022 0 -1 7.54979e-08 83 83 83 255
0.6390072 1.1938499e-07 1.5813022 0 -1 7.54979e-08 0 0 0 255
0.6590072 1.1938499e-07 1.5813022 0 -1 7.54979e-08 0 0 0 255
-0.3809927 1.2089497e-07 1.6013024 0 -1 7.54979e-08 0 0 0 255
-0.36099273 1.2089497e-07 1.6013024 0 -1 7.54979e-08 37 37 37 255
-0.34099275 1.2089497e-07 1.6013024 0 -1 7.54979e-08 91 91 91 255
-0.3209927 1.2089497e-07 1.6013024 0 -1 7.54979e-08 65 65 65 255
-0.30099273 1.2089497e-07 1.6013024 0 -1 7.54979e-08 67 67 67 255
-0.28099275 1.2089497e-07 1.6013024 0 -1 7.54979e-08 69 69 69 255
-0.26099277 1.2089497e-07 1.6013024 0 -1 7.54979e-08 72 72 72 255
-0.24099272 1.2089497e-07 1.6013024 0 -1 7.54979e-08 95 95 95 255
-0.22099274 1.2089497e-07 1.6013024 0 -1 7.54979e-08 99 99 99 255
-0.20099276 1.2089497e-07 1.6013024 0 -1 7.54979e-08 106 106 106 255
-0.18099272 1.2089497e-07 1.6013024 0 -1 7.54979e-08 104 104 104 255
-0.16099274 1.2089497e-07 1.6013024 0 -1 7.54979e-08 99 99 99 255
-0.14099276 1.2089497e-07 1.6013024 0 -1 7.54979e-08 97 97 97 255
-0.12099272 1.2089497e-07 1.6013024 0 -1 7.54979e-08 103 103 103 255
-0.10099274 1.2089497e-07 1.6013024 0 -1 7.54979e-08 118 118 118 255
-0.08099276 1.2089497e-07 1.6013024 0 -1 7.54979e-08 135 135 135 255
-0.060992718 1.2089497e-07 1.6013024 0 -1 7.54979e-08 152 152 152 255
-0.040992737 1.2089497e-07 1.6013024 0 -1 7.54979e-08 155 155 155 255
-0.020992756 1.2089497e-07 1.6013024 0 -1 7.54979e-08 162 162 162 255
-0.000992775 1.2089497e-07 1.6013024 0 -1 7.54979e-08 145 124 124 255
0.019007206 1.2089497e-07 1.6013024 0 -1 7.54979e-08 0 0 0 255
0.039007306 1.2089497e-07 1.6013024 0 -1 7.54979e-08 48 48 48 255
0.059007287 1.2089497e-07 1.6013024 0 -1 7.54979e-08 41 41 41 255
0.07900727 1.2089497e-07 1.6013024 0 -1 7.54979e-08 19 11 3 255
0.09900725 1.2089497e-07 1.6013024 0 -1 7.54979e-08 20 13 5 255
0.11900723 1.2089497e-07 1.6013024 0 -1 7.54979e-08 31 31 31 255
0.13900721 1.2089497e-07 1.6013024 0 -1 7.54979e-08 31 31 31 255
0.15900731 1.2089497e-07 1.6013024 0 -1 7.54979e-08 31 31 31 255
0.17900729 1.2089497e-07 1.6013024 0 -1 7.54979e-08 47 47 47 255
0.19900727 1.2089497e-07 1.6013024 0 -1 7.54979e-08 50 50 50 255
0.21900725 1.2089497e-07 1.6013024 0 -1 7.54979e-08 82 82 82 255
0.23900723 1.2089497e-07 1.6013024 0 -1 7.54979e-08 0 0 0 255
0.25900722 1.2089497e-07 1.6013024 0 -1 7.54979e-08 106 106 106 255
0.2790072 1.2089497e-07 1.6013024 0 -1 7.54979e-08 174 174 174 255
0.2990073 1.2089497e-07 1.6013024 0 -1 7.54979e-08 155 155 155 255
0.31900728 1.2089497e-07 1.6013024 0 -1 7.54979e-08 149 149 149 255
0.33900726 1.2089497e-07 1.6013024 0 -1 7.54979e-08 135 135 135 255
0.35900724 1.2089497e-07 1.6013024 0 -1 7.54979e-08 136 136 136 255
0.37900722 1.2089497e-07 1.6013024 0 -1 7.54979e-08 129 129 129 255
0.3990072 1.2089497e-07 1.6013024 0 -1 7.54979e-08 115 115 115 255
0.4190073 1.2089497e-07 1.6013024 0 -1 7.54979e-08 113 113 113 255
0.43900728 1.2089497e-07 1.6013024 0 -1 7.54979e-08 98 98 98 255
0.45900726 1.2089497e-07 1.6013024 0 -1 7.54979e-08 98 98 98 255
0.47900724 1.2089497e-07 1.6013024 0 -1 7.54979e-08 82 82 82 255
0.49900723 1.2089497e-07 1.6013024 0 -1 7.54979e-08 86 86 86 255
0.5190072 1.2089497e-07 1.6013024 0 -1 7.54979e-08 97 97 97 255
0.5390072 1.2089497e-07 1.6013024 0 -1 7.54979e-08 94 94 94 255
0.5590073 1.2089497e-07 1.6013024 0 -1 7.54979e-08 85 85 85 255
0.57900727 1.2089497e-07 1.6013024 0 -1 7.54979e-08 80 80 80 255
0.59900725 1.2089497e-07 1.6013024 0 -1 7.54979e-08 74 74 74 255
0.61900723 1.2089497e-07 1.6013024 0 -1 7.54979e-08 67 67 67 255
0.6390072 1.2089497e-07 1.6013024 0 -1 7.54979e-08 110 110 110 255
0.6590072 1.2089497e-07 1.6013024 0 -1 7.54979e-08 73 73 73 255
-0.3809927 1.2240493e-07 1.6213024 0 -1 7.54979e-08 0 0 0 255
-0.36099273 1.2240493e-07 1.6213024 0 -1 7.54979e-08 82 82 82 255
-0.34099275 1.2240493e-07 1.6213024 0 -1 7.54979e-08 69 69 69 255
-0.3209927 1.2240493e-07 1.6213024 0 -1 7.54979e-08 58 58 58 255
-0.30099273 1.2240493e-07 1.6213024 0 -1 7.54979e-08 75 75 75 255
-0.28099275 1.2240493e-07 1.6213024 0 -1 7.54979e-08 74 74 74 255
-0.26099277 1.2240493e-07 1.6213024 0 -1 7.54979e-08 84 84 84 255
-0.24099272 1.2240493e-07 1.6213024 0 -1 7.54979e-08 98 98 98 255
-0.22099274 1.2240493e-07 1.6213024 0 -1 7.54979e-08 104 104 104 255
-0.20099276 1.2240493e-07 1.6213024 0 -1 7.54979e-08 106 106 106 255
-0.18099272 1.2240493e-07 1.6213024 0 -1 7.54979e-08 84 84 84 255
-0.16099274 1.2240493e-07 1.6213024 0 -1 7.54979e-08 96 96 96 255
-0.14099276 1.2240493e-07 1.6213024 0 -1 7.54979e-08 97 97 97 255
-0.12099272 1.2240493e-07 1.6213024 0 -1 7.54979e-08 115 115 115 255
-0.10099274 1.2240493e-07 1.6213024 0 -1 7.54979e-08 134 134 134 255
-0.08099276 1.2240493e-07 1.6213024 0 -1 7.54979e-08 135 135 135 255
-0.060992718 1.2240493e-07 1.6213024 0 -1 7.54979e-08 145 145 145 255
-0.040992737 1.2240493e-07 1.6213024 0 -1 7.54979e-08 138 138 138 255
-0.020992756 1.2240493e-07 1.6213024 0 -1 7.54979e-08 158 158 158 255
-0.000992775 1.2240493e-07 1.6213024 0 -1 7.54979e-08 33 17 7 255
0.019007206 1.2240493e-07 1.6213024 0 -1 7.54979e-08 11 8 3 255
0.039007306 1.2240493e-07 1.6213024 0 -1 7.54979e-08 5 5 5 255
0.059007287 1.2240493e-07 1.6213024 0 -1 7.54979e-08 47 47 47 255
0.07900727 1.2240493e-07 1.6213024 0 -1 7.54979e-08 19 11 3 255
0.09900725 1.2240493e-07 1.6213024 0 -1 7.54979e-08 13 9 3 255
0.11900723 1.2240493e-07 1.6213024 0 -1 7.54979e-08 34 34 34 255
0.13900721 1.2240493e-07 1.6213024 0 -1 7.54979e-08 31 31 31 255
0.15900731 1.2240493e-07 1.6213024 0 -1 7.54979e-08 31 31 31 255
0.17900729 1.2240493e-07 1.6213024 0 -1 7.54979e-08 50 50 50 255
0.19900727 1.2240493e-07 1.6213024 0 -1 7.54979e-08 80 80 80 255
0.21900725 1.2240493e-07 1.6213024 0 -1 7.54979e-08 24 21 12 255
0.23900723 1.2240493e-07 1.6213024 0 -1 7.54979e-08 6 17 3 255
0.25900722 1.2240493e-07 1.6213024 0 -1 7.54979e-08 98 95 91 255
0.2790072 1.2240493e-07 1.6213024 0 -1 7.54979e-08 174 174 174 255
0.2990073 1.2240493e-07 1.6213024 0 -1 7.54979e-08 155 155 155 255
0.31900728 1.2240493e-07 1.6213024 0 -1 7.54979e-08 152 152 152 255
0.33900726 1.2240493e-07 1.6213024 0 -1 7.54979e-08 135 135 135 255
0.35900724 1.2240493e-07 1.6213024 0 -1 7.54979e-08 136 136 136 255
0.37900722 1.2240493e-07 1.6213024 0 -1 7.54979e-08 124 124 124 255
0.3990072 1.2240493e-07 1.6213024 0 -1 7.54979e-08 115 115 115 255
0.4190073 1.2240493e-07 1.6213024 0 -1 7.54979e-08 114 114 114 255
0.43900728 1.2240493e-07 1.6213024 0 -1 7.54979e-08 113 113 113 255
0.45900726 1.2240493e-07 1.6213024 0 -1 7.54979e-08 105 105 105 255
0.47900724 1.2240493e-07 1.6213024 0 -1 7.54979e-08 82 82 82 255
0.49900723 1.2240493e-07 1.6213024 0 -1 7.54979e-08 99 99 99 255
0.5190072 1.2240493e-07 1.6213024 0 -1 7.54979e-08 99 99 99 255
0.5390072 1.2240493e-07 1.6213024 0 -1 7.54979e-08 101 101 101 255
0.5590073 1.2240493e-07 1.6213024 0 -1 7.54979e-08 88 88 88 255
0.57900727 1.2240493e-07 1.6213024 0 -1 7.54979e-08 77 77 77 255
0.59900725 1.2240493e-07 1.6213024 0 -1 7.54979e-08 65 65 65 255
0.61900723 1.2240493e-07 1.6213024 0 -1 7.54979e-08 58 58 58 255
0.6390072 1.2240493e-07 1.6213024 0 -1 7.54979e-08 57 57 57 255
0.6590072 1.2240493e-07 1.6213024 0 -1 7.54979e-08 61 61 61 255
-0.40099275 1.2391489e-07 1.6413023 0 -1 7.54979e-08 0 0 0 255
-0.3809927 1.2391489e-07 1.6413023 0 -1 7.54979e-08 30 30 30 255
-0.36099273 1.2391489e-07 1.6413023 0 -1 7.54979e-08 69 69 69 255
-0.34099275 1.2391489e-07 1.6413023 0 -1 7.54979e-08 64 64 64 255
-0.3209927 1.2391489e-07 1.6413023 0 -1 7.54979e-08 74 74 74 255
-0.30099273 1.2391489e-07 1.6413023 0 -1 7.54979e-08 83 83 83 255
-0.28099275 1.2391489e-07 1.6413023 0 -1 7.54979e-08 94 94 94 255
-0.26099277 1.2391489e-07 1.6413023 0 -1 7.54979e-08 89 89 89 255
-0.24099272 1.2391489e-07 1.6413023 0 -1 7.54979e-08 94 94 94 255
-0.22099274 1.2391489e-07 1.6413023 0 -1 7.54979e-08 100 100 100 255
-0.20099276 1.2391489e-07 1.6413023 0 -1 7.54979e-08 108 108 108 255
-0.18099272 1.2391489e-07 1.6413023 0 -1 7.54979e-08 103 103 103 255
-0.16099274 1.2391489e-07 1.6413023 0 -1 7.54979e-08 115 115 115 255
-0.14099276 1.2391489e-07 1.6413023 0 -1 7.54979e-08 115 115 115 255
-0.12099272 1.2391489e-07 1.6413023 0 -1 7.54979e-08 125 125 125 255
-0.10099274 1.2391489e-07 1.6413023 0 -1 7.54979e-08 140 140 140 255
-0.08099276 1.2391489e-07 1.6413023 0 -1 7.54979e-08 144 144 144 255
-0.060992718 1.2391489e-07 1.6413023 0 -1 7.54979e-08 155 155 155 255
-0.040992737 1.2391489e-07 1.6413023 0 -1 7.54979e-08 155 155 155 255
-0.020992756 1.2391489e-07 1.6413023 0 -1 7.54979e-08 167 167 167 255
-0.000992775 1.2391489e-07 1.6413023 0 -1 7.54979e-08 27 19 8 255
0.019007206 1.2391489e-07 1.6413023 0 -1 7.54979e-08 20 20 20 255
0.039007306 1.2391489e-07 1.6413023 0 -1 7.54979e-08 39 35 31 255
0.059007287 1.2391489e-07 1.6413023 0 -1 7.54979e-08 5 3 1 255
0.07900727 1.2391489e-07 1.6413023 0 -1 7.54979e-08 10 6 2 255
0.09900725 1.2391489e-07 1.6413023 0 -1 7.54979e-08 13 9 3 255
0.11900723 1.2391489e-07 1.6413023 0 -1 7.54979e-08 35 31 26 255
0.13900721 1.2391489e-07 1.6413023 0 -1 7.54979e-08 30 26 21 255
0.15900731 1.2391489e-07 1.6413023 0 -1 7.54979e-08 31 27 22 255
0.17900729 1.2391489e-07 1.6413023 0 -1 7.54979e-08 55 61 53 255
0.19900727 1.2391489e-07 1.6413023 0 -1 7.54979e-08 52 47 37 255
0.21900725 1.2391489e-07 1.6413023 0 -1 7.54979e-08 54 54 54 255
0.23900723 1.2391489e-07 1.6413023 0 -1 7.54979e-08 27 27 27 255
0.25900722 1.2391489e-07 1.6413023 0 -1 7.54979e-08 146 143 141 255
0.2790072 1.2391489e-07 1.6413023 0 -1 7.54979e-08 178 178 178 255
0.2990073 1.2391489e-07 1.6413023 0 -1 7.54979e-08 165 165 165 255
0.31900728 1.2391489e-07 1.6413023 0 -1 7.54979e-08 144 144 144 255
0.33900726 1.2391489e-07 1.6413023 0 -1 7.54979e-08 135 135 135 255
0.35900724 1.2391489e-07 1.6413023 0 -1 7.54979e-08 135 135 135 255
0.37900722 1.2391489e-07 1.6413023 0 -1 7.54979e-08 135 135 135 255
0.3990072 1.2391489e-07 1.6413023 0 -1 7.54979e-08 135 135 135 255
0.4190073 1.2391489e-07 1.6413023 0 -1 7.54979e-08 130 130 130 255
0.43900728 1.2391489e-07 1.6413023 0 -1 7.54979e-08 115 115 115 255
0.45900726 1.2391489e-07 1.6413023 0 -1 7.54979e-08 111 111 111 255
0.47900724 1.2391489e-07 1.6413023 0 -1 7.54979e-08 98 98 98 255
0.49900723 1.2391489e-07 1.6413023 0 -1 7.54979e-08 106 106 106 255
0.5190072 1.2391489e-07 1.6413023 0 -1 7.54979e-08 98 98 98 255
0.5390072 1.2391489e-07 1.6413023 0 -1 7.54979e-08 95 95 95 255
0.5590073 1.2391489e-07 1.6413023 0 -1 7.54979e-08 87 87 87 255
0.57900727 1.2391489e-07 1.6413023 0 -1 7.54979e-08 86 86 86 255
0.59900725 1.2391489e-07 1.6413023 0 -1 7.54979e-08 77 77 77 255
0.61900723 1.2391489e-07 1.6413023 0 -1 7.54979e-08 62 62 62 255
0.6390072 1.2391489e-07 1.6413023 0 -1 7.54979e-08 59 59 59 255
0.6590072 1.2391489e-07 1.6413023 0 -1 7.54979e-08 29 29 29 255
-0.40099275 1.2542483e-07 1.6613023 0 -1 7.54979e-08 0 0 0 255
-0.3809927 1.2542483e-07 1.6613023 0 -1 7.54979e-08 95 95 95 255
-0.36099273 1.2542483e-07 1.6613023 0 -1 7.54979e-08 82 82 82 255
-0.34099275 1.2542483e-07 1.6613023 0 -1 7.54979e-08 73 73 73 255
-0.3209927 1.2542483e-07 1.6613023 0 -1 7.54979e-08 83 83 83 255
-0.30099273 1.2542483e-07 1.6613023 0 -1 7.54979e-08 88 88 88 255
-0.28099275 1.2542483e-07 1.6613023 0 -1 7.54979e-08 83 83 83 255
-0.26099277 1.2542483e-07 1.6613023 0 -1 7.54979e-08 94 94 94 255
-0.24099272 1.2542483e-07 1.6613023 0 -1 7.54979e-08 84 84 84 255
-0.22099274 1.2542483e-07 1.6613023 0 -1 7.54979e-08 83 83 83 255
-0.20099276 1.2542483e-07 1.6613023 0 -1 7.54979e-08 84 84 84 255
-0.18099272 1.2542483e-07 1.6613023 0 -1 7.54979e-08 108 108 108 255
-0.16099274 1.2542483e-07 1.6613023 0 -1 7.54979e-08 117 117 117 255
-0.14099276 1.2542483e-07 1.6613023 0 -1 7.54979e-08 117 117 117 255
-0.12099272 1.2542483e-07 1.6613023 0 -1 7.54979e-08 117 117 117 255
-0.10099274 1.2542483e-07 1.6613023 0 -1 7.54979e-08 144 144 144 255
-0.08099276 1.2542483e-07 1.6613023 0 -1 7.54979e-08 154 154 154 255
-0.060992718 1.2542483e-07 1.6613023 0 -1 7.54979e-08 155 155 155 255
-0.040992737 1.2542483e-07 1.6613023 0 -1 7.54979e-08 156 156 156 255
-0.020992756 1.2542483e-07 1.6613023 0 -1 7.54979e-08 176 176 176 255
-0.000992775 1.2542483e-07 1.6613023 0 -1 7.54979e-08 36 29 18 255
0.019007206 1.2542483e-07 1.6613023 0 -1 7.54979e-08 0 0 0 255
0.039007306 1.2542483e-07 1.6613023 0 -1 7.54979e-08 60 60 59 255
0.059007287 1.2542483e-07 1.6613023 0 -1 7.54979e-08 30 36 27 255
0.07900727 1.2542483e-07 1.6613023 0 -1 7.54979e-08 0 0 0 255
0.09900725 1.2542483e-07 1.6613023 0 -1 7.54979e-08 6 10 2 255
0.11900723 1.2542483e-07 1.6613023 0 -1 7.54979e-08 1 1 1 255
0.13900721 1.2542483e-07 1.6613023 0 -1 7.54979e-08 1 1 1 255
0.15900731 1.2542483e-07 1.6613023 0 -1 7.54979e-08 2 1 0 255
0.17900729 1.2542483e-07 1.6613023 0 -1 7.54979e-08 85 90 83 255
0.19900727 1.2542483e-07 1.6613023 0 -1 7.54979e-08 219 219 219 255
0.21900725 1.2542483e-07 1.6613023 0 -1 7.54979e-08 43 48 40 255
0.23900723 1.2542483e-07 1.6613023 0 -1 7.54979e-08 2 2 2 255
0.25900722 1.2542483e-07 1.6613023 0 -1 7.54979e-08 199 199 199 255
0.2790072 1.2542483e-07 1.6613023 0 -1 7.54979e-08 178 178 178 255
0.2990073 1.2542483e-07 1.6613023 0 -1 7.54979e-08 176 176 176 255
0.31900728 1.2542483e-07 1.6613023 0 -1 7.54979e-08 155 155 155 255
0.33900726 1.2542483e-07 1.6613023 0 -1 7.54979e-08 154 154 154 255
0.35900724 1.2542483e-07 1.6613023 0 -1 7.54979e-08 154 154 154 255
0.37900722 1.2542483e-07 1.6613023 0 -1 7.54979e-08 125 125 125 255
0.3990072 1.2542483e-07 1.6613023 0 -1 7.54979e-08 115 115 115 255
0.4190073 1.2542483e-07 1.6613023 0 -1 7.54979e-08 115 115 115 255
0.43900728 1.2542483e-07 1.6613023 0 -1 7.54979e-08 115 115 115 255
0.45900726 1.2542483e-07 1.6613023 0 -1 7.54979e-08 99 99 99 255
0.47900724 1.2542483e-07 1.6613023 0 -1 7.54979e-08 98 98 98 255
0.49900723 1.2542483e-07 1.6613023 0 -1 7.54979e-08 83 83 83 255
0.5190072 1.2542483e-07 1.6613023 0 -1 7.54979e-08 83 83 83 255
0.5390072 1.2542483e-07 1.6613023 0 -1 7.54979e-08 89 89 89 255
0.5590073 1.2542483e-07 1.6613023 0 -1 7.54979e-08 94 94 94 255
0.57900727 1.2542483e-07 1.6613023 0 -1 7.54979e-08 94 94 94 255
0.59900725 1.2542483e-07 1.6613023 0 -1 7.54979e-08 82 82 82 255
0.61900723 1.2542483e-07 1.6613023 0 -1 7.54979e-08 77 77 77 255
0.6390072 1.2542483e-07 1.6613023 0 -1 7.54979e-08 62 62 62 255
0.6590072 1.2542483e-07 1.6613023 0 -1 7.54979e-08 91 91 91 255
0.6790073 1.2542483e-07 1.6613023 0 -1 7.54979e-08 0 0 0 255
-0.40099275 1.269348e-07 1.6813023 0 -1 7.54979e-08 0 0 0 255
-0.3809927 1.269348e-07 1.6813023 0 -1 7.54979e-08 52 52 52 255
-0.36099273 1.269348e-07 1.6813023 0 -1 7.54979e-08 82 82 82 255
-0.34099275 1.269348e-07 1.6813023 0 -1 7.54979e-08 81 81 81 255
-0.3209927 1.269348e-07 1.6813023 0 -1 7.54979e-08 94 94 94 255
-0.30099273 1.269348e-07 1.6813023 0 -1 7.54979e-08 94 94 94 255
-0.28099275 1.269348e-07 1.6813023 0 -1 7.54979e-08 98 98 98 255
-0.26099277 1.269348e-07 1.6813023 0 -1 7.54979e-08 102 102 102 255
-0.24099272 1.269348e-07 1.6813023 0 -1 7.54979e-08 118 118 118 255
-0.22099274 1.269348e-07 1.6813023 0 -1 7.54979e-08 108 108 108 255
-0.20099276 1.269348e-07 1.6813023 0 -1 7.54979e-08 115 115 115 255
-0.18099272 1.269348e-07 1.6813023 0 -1 7.54979e-08 125 125 125 255
-0.16099274 1.269348e-07 1.6813023 0 -1 7.54979e-08 135 135 135 255
-0.14099276 1.269348e-07 1.6813023 0 -1 7.54979e-08 135 135 135 255
-0.12099272 1.269348e-07 1.6813023 0 -1 7.54979e-08 135 135 135 255
-0.10099274 1.269348e-07 1.6813023 0 -1 7.54979e-08 135 135 135 255
-0.08099276 1.269348e-07 1.6813023 0 -1 7.54979e-08 135 135 135 255
-0.060992718 1.269348e-07 1.6813023 0 -1 7.54979e-08 155 155 155 255
-0.040992737 1.269348e-07 1.6813023 0 -1 7.54979e-08 174 174 174 255
-0.020992756 1.269348e-07 1.6813023 0 -1 7.54979e-08 174 174 174 255
-0.000992775 1.269348e-07 1.6813023 0 -1 7.54979e-08 186 186 186 255
0.019007206 1.269348e-07 1.6813023 0 -1 7.54979e-08 19 13 5 255
0.039007306 1.269348e-07 1.6813023 0 -1 7.54979e-08 22 14 5 255
0.059007287 1.269348e-07 1.6813023 0 -1 7.54979e-08 24 20 14 255
0.07900727 1.269348e-07 1.6813023 0 -1 7.54979e-08 5 12 2 255
0.09900725 1.269348e-07 1.6813023 0 -1 7.54979e-08 58 54 48 255
0.11900723 1.269348e-07 1.6813023 0 -1 7.54979e-08 33 33 33 255
0.13900721 1.269348e-07 1.6813023 0 -1 7.54979e-08 36 36 36 255
0.15900731 1.269348e-07 1.6813023 0 -1 7.54979e-08 46 44 37 255
0.17900729 1.269348e-07 1.6813023 0 -1 7.54979e-08 114 114 114 255
0.19900727 1.269348e-07 1.6813023 0 -1 7.54979e-08 94 84 69 255
0.21900725 1.269348e-07 1.6813023 0 -1 7.54979e-08 6 5 2 255
0.23900723 1.269348e-07 1.6813023 0 -1 7.54979e-08 125 125 125 255
0.25900722 1.269348e-07 1.6813023 0 -1 7.54979e-08 178 178 178 255
0.2790072 1.269348e-07 1.6813023 0 -1 7.54979e-08 174 174 174 255
0.2990073 1.269348e-07 1.6813023 0 -1 7.54979e-08 174 174 174 255
0.31900728 1.269348e-07 1.6813023 0 -1 7.54979e-08 155 155 155 255
0.33900726 1.269348e-07 1.6813023 0 -1 7.54979e-08 135 135 135 255
0.35900724 1.269348e-07 1.6813023 0 -1 7.54979e-08 135 135 135 255
0.37900722 1.269348e-07 1.6813023 0 -1 7.54979e-08 115 115 115 255
0.3990072 1.269348e-07 1.6813023 0 -1 7.54979e-08 115 115 115 255
0.4190073 1.269348e-07 1.6813023 0 -1 7.54979e-08 115 115 115 255
0.43900728 1.269348e-07 1.6813023 0 -1 7.54979e-08 115 115 115 255
0.45900726 1.269348e-07 1.6813023 0 -1 7.54979e-08 115 115 115 255
0.47900724 1.269348e-07 1.6813023 0 -1 7.54979e-08 98 98 98 255
0.49900723 1.269348e-07 1.6813023 0 -1 7.54979e-08 103 103 103 255
0.5190072 1.269348e-07 1.6813023 0 -1 7.54979e-08 106 106 106 255
0.5390072 1.269348e-07 1.6813023 0 -1 7.54979e-08 106 106 106 255
0.5590073 1.269348e-07 1.6813023 0 -1 7.54979e-08 95 95 95 255
0.57900727 1.269348e-07 1.6813023 0 -1 7.54979e-08 94 94 94 255
0.59900725 1.269348e-07 1.6813023 0 -1 7.54979e-08 82 82 82 255
0.61900723 1.269348e-07 1.6813023 0 -1 7.54979e-08 77 77 77 255
0.6390072 1.269348e-07 1.6813023 0 -1 7.54979e-08 62 62 62 255
0.6590072 1.269348e-07 1.6813023 0 -1 7.54979e-08 42 42 42 255
0.6790073 1.269348e-07 1.6813023 0 -1 7.54979e-08 0 0 0 255
-0.3809927 1.2844475e-07 1.7013023 0 -1 7.54979e-08 24 24 24 255
-0.36099273 1.2844475e-07 1.7013023 0 -1 7.54979e-08 71 71 71 255
-0.34099275 1.2844475e-07 1.7013023 0 -1 7.54979e-08 91 91 91 255
-0.3209927 1.2844475e-07 1.7013023 0 -1 7.54979e-08 75 75 75 255
-0.30099273 1.2844475e-07 1.7013023 0 -1 7.54979e-08 85 85 85 255
-0.28099275 1.2844475e-07 1.7013023 0 -1 7.54979e-08 95 95 95 255
-0.26099277 1.2844475e-07 1.7013023 0 -1 7.54979e-08 98 98 98 255
-0.24099272 1.2844475e-07 1.7013023 0 -1 7.54979e-08 106 106 106 255
-0.22099274 1.2844475e-07 1.7013023 0 -1 7.54979e-08 103 103 103 255
-0.20099276 1.2844475e-07 1.7013023 0 -1 7.54979e-08 109 109 109 255
-0.18099272 1.2844475e-07 1.7013023 0 -1 7.54979e-08 88 88 88 255
-0.16099274 1.2844475e-07 1.7013023 0 -1 7.54979e-08 98 98 98 255
-0.14099276 1.2844475e-07 1.7013023 0 -1 7.54979e-08 114 114 114 255
-0.12099272 1.2844475e-07 1.7013023 0 -1 7.54979e-08 111 111 111 255
-0.10099274 1.2844475e-07 1.7013023 0 -1 7.54979e-08 128 128 128 255
-0.08099276 1.2844475e-07 1.7013023 0 -1 7.54979e-08 135 135 135 255
-0.060992718 1.2844475e-07 1.7013023 0 -1 7.54979e-08 148 148 148 255
-0.040992737 1.2844475e-07 1.7013023 0 -1 7.54979e-08 150 150 150 255
-0.020992756 1.2844475e-07 1.7013023 0 -1 7.54979e-08 152 152 152 255
-0.000992775 1.2844475e-07 1.7013023 0 -1 7.54979e-08 170 170 170 255
0.019007206 1.2844475e-07 1.7013023 0 -1 7.54979e-08 120 117 112 255
0.039007306 1.2844475e-07 1.7013023 0 -1 7.54979e-08 12 19 4 255
0.059007287 1.2844475e-07 1.7013023 0 -1 7.54979e-08 0 0 0 255
0.07900727 1.2844475e-07 1.7013023 0 -1 7.54979e-08 1 4 1 255
0.09900725 1.2844475e-07 1.7013023 0 -1 7.54979e-08 46 46 46 255
0.11900723 1.2844475e-07 1.7013023 0 -1 7.54979e-08 44 38 32 255
0.13900721 1.2844475e-07 1.7013023 0 -1 7.54979e-08 65 62 58 255
0.15900731 1.2844475e-07 1.7013023 0 -1 7.54979e-08 27 21 15 255
0.17900729 1.2844475e-07 1.7013023 0 -1 7.54979e-08 22 22 22 255
0.19900727 1.2844475e-07 1.7013023 0 -1 7.54979e-08 114 114 114 255
0.21900725 1.2844475e-07 1.7013023 0 -1 7.54979e-08 146 146 146 255
0.23900723 1.2844475e-07 1.7013023 0 -1 7.54979e-08 178 178 178 255
0.25900722 1.2844475e-07 1.7013023 0 -1 7.54979e-08 173 173 173 255
0.2790072 1.2844475e-07 1.7013023 0 -1 7.54979e-08 170 170 170 255
0.2990073 1.2844475e-07 1.7013023 0 -1 7.54979e-08 155 155 155 255
0.31900728 1.2844475e-07 1.7013023 0 -1 7.54979e-08 150 150 150 255
0.33900726 1.2844475e-07 1.7013023 0 -1 7.54979e-08 125 125 125 255
0.35900724 1.2844475e-07 1.7013023 0 -1 7.54979e-08 115 115 115 255
0.37900722 1.2844475e-07 1.7013023 0 -1 7.54979e-08 115 115 115 255
0.3990072 1.2844475e-07 1.7013023 0 -1 7.54979e-08 130 130 130 255
0.4190073 1.2844475e-07 1.7013023 0 -1 7.54979e-08 115 115 115 255
0.43900728 1.2844475e-07 1.7013023 0 -1 7.54979e-08 130 130 130 255
0.45900726 1.2844475e-07 1.7013023 0 -1 7.54979e-08 113 113 113 255
0.47900724 1.2844475e-07 1.7013023 0 -1 7.54979e-08 87 87 87 255
0.49900723 1.2844475e-07 1.7013023 0 -1 7.54979e-08 95 95 95 255
0.5190072 1.2844475e-07 1.7013023 0 -1 7.54979e-08 115 115 115 255
0.5390072 1.2844475e-07 1.7013023 0 -1 7.54979e-08 100 100 100 255
0.5590073 1.2844475e-07 1.7013023 0 -1 7.54979e-08 94 94 94 255
0.57900727 1.2844475e-07 1.7013023 0 -1 7.54979e-08 90 90 90 255
0.59900725 1.2844475e-07 1.7013023 0 -1 7.54979e-08 89 89 89 255
0.61900723 1.2844475e-07 1.7013023 0 -1 7.54979e-08 75 75 75 255
0.6390072 1.2844475e-07 1.7013023 0 -1 7.54979e-08 47 47 47 255
0.6590072 1.2844475e-07 1.7013023 0 -1 7.54979e-08 0 0 0 255
-0.36099273 1.2995471e-07 1.7213023 0 -1 7.54979e-08 0 0 0 255
-0.34099275 1.2995471e-07 1.7213023 0 -1 7.54979e-08 7 7 7 255
-0.3209927 1.2995471e-07 1.7213023 0 -1 7.54979e-08 96 96 96 255
-0.30099273 1.2995471e-07 1.7213023 0 -1 7.54979e-08 85 85 85 255
-0.28099275 1.2995471e-07 1.7213023 0 -1 7.54979e-08 94 94 94 255
-0.26099277 1.2995471e-07 1.7213023 0 -1 7.54979e-08 97 97 97 255
-0.24099272 1.2995471e-07 1.7213023 0 -1 7.54979e-08 99 99 99 255
-0.22099274 1.2995471e-07 1.7213023 0 -1 7.54979e-08 107 107 107 255
-0.20099276 1.2995471e-07 1.7213023 0 -1 7.54979e-08 111 111 111 255
-0.18099272 1.2995471e-07 1.7213023 0 -1 7.54979e-08 96 96 96 255
-0.16099274 1.2995471e-07 1.7213023 0 -1 7.54979e-08 98 98 98 255
-0.14099276 1.2995471e-07 1.7213023 0 -1 7.54979e-08 99 99 99 255
-0.12099272 1.2995471e-07 1.7213023 0 -1 7.54979e-08 98 98 98 255
-0.10099274 1.2995471e-07 1.7213023 0 -1 7.54979e-08 108 108 108 255
-0.08099276 1.2995471e-07 1.7213023 0 -1 7.54979e-08 119 119 119 255
-0.060992718 1.2995471e-07 1.7213023 0 -1 7.54979e-08 134 134 134 255
-0.040992737 1.2995471e-07 1.7213023 0 -1 7.54979e-08 135 135 135 255
-0.020992756 1.2995471e-07 1.7213023 0 -1 7.54979e-08 153 153 153 255
-0.000992775 1.2995471e-07 1.7213023 0 -1 7.54979e-08 155 155 155 255
0.019007206 1.2995471e-07 1.7213023 0 -1 7.54979e-08 100 100 100 255
0.039007306 1.2995471e-07 1.7213023 0 -1 7.54979e-08 4 3 1 255
0.059007287 1.2995471e-07 1.7213023 0 -1 7.54979e-08 11 7 3 255
0.07900727 1.2995471e-07 1.7213023 0 -1 7.54979e-08 53 55 52 255
0.09900725 1.2995471e-07 1.7213023 0 -1 7.54979e-08 61 55 45 255
0.11900723 1.2995471e-07 1.7213023 0 -1 7.54979e-08 83 83 83 255
0.13900721 1.2995471e-07 1.7213023 0 -1 7.54979e-08 73 73 73 255
0.15900731 1.2995471e-07 1.7213023 0 -1 7.54979e-08 34 34 34 255
0.17900729 1.2995471e-07 1.7213023 0 -1 7.54979e-08 33 33 33 255
0.19900727 1.2995471e-07 1.7213023 0 -1 7.54979e-08 171 171 171 255
0.21900725 1.2995471e-07 1.7213023 0 -1 7.54979e-08 175 175 175 255
0.23900723 1.2995471e-07 1.7213023 0 -1 7.54979e-08 159 159 159 255
0.25900722 1.2995471e-07 1.7213023 0 -1 7.54979e-08 157 157 157 255
0.2790072 1.2995471e-07 1.7213023 0 -1 7.54979e-08 155 155 155 255
0.2990073 1.2995471e-07 1.7213023 0 -1 7.54979e-08 155 155 155 255
0.31900728 1.2995471e-07 1.7213023 0 -1 7.54979e-08 151 151 151 255
0.33900726 1.2995471e-07 1.7213023 0 -1 7.54979e-08 142 142 142 255
0.35900724 1.2995471e-07 1.7213023 0 -1 7.54979e-08 115 115 115 255
0.37900722 1.2995471e-07 1.7213023 0 -1 7.54979e-08 101 101 101 255
0.3990072 1.2995471e-07 1.7213023 0 -1 7.54979e-08 101 101 101 255
0.4190073 1.2995471e-07 1.7213023 0 -1 7.54979e-08 101 101 101 255
0.43900728 1.2995471e-07 1.7213023 0 -1 7.54979e-08 101 101 101 255
0.45900726 1.2995471e-07 1.7213023 0 -1 7.54979e-08 106 106 106 255
0.47900724 1.2995471e-07 1.7213023 0 -1 7.54979e-08 102 102 102 255
0.49900723 1.2995471e-07 1.7213023 0 -1 7.54979e-08 115 115 115 255
0.5190072 1.2995471e-07 1.7213023 0 -1 7.54979e-08 106 106 106 255
0.5390072 1.2995471e-07 1.7213023 0 -1 7.54979e-08 95 95 95 255
0.5590073 1.2995471e-07 1.7213023 0 -1 7.54979e-08 97 97 97 255
0.57900727 1.2995471e-07 1.7213023 0 -1 7.54979e-08 89 89 89 255
0.59900725 1.2995471e-07 1.7213023 0 -1 7.54979e-08 72 72 72 255
0.61900723 1.2995471e-07 1.7213023 0 -1 7.54979e-08 11 11 11 255
0.6390072 1.2995471e-07 1.7213023 0 -1 7.54979e-08 0 0 0 255
-0.34099275 1.3146466e-07 1.7413023 0 -1 7.54979e-08 0 0 0 255
-0.3209927 1.3146466e-07 1.7413023 0 -1 7.54979e-08 54 54 54 255
-0.30099273 1.3146466e-07 1.7413023 0 -1 7.54979e-08 94 94 94 255
-0.28099275 1.3146466e-07 1.7413023 0 -1 7.54979e-08 82 82 82 255
-0.26099277 1.3146466e-07 1.7413023 0 -1 7.54979e-08 82 82 82 255
-0.24099272 1.3146466e-07 1.7413023 0 -1 7.54979e-08 82 82 82 255
-0.22099274 1.3146466e-07 1.7413023 0 -1 7.54979e-08 88 88 88 255
-0.20099276 1.3146466e-07 1.7413023 0 -1 7.54979e-08 98 98 98 255
-0.18099272 1.3146466e-07 1.7413023 0 -1 7.54979e-08 113 113 113 255
-0.16099274 1.3146466e-07 1.7413023 0 -1 7.54979e-08 112 112 112 255
-0.14099276 1.3146466e-07 1.7413023 0 -1 7.54979e-08 92 92 92 255
-0.12099272 1.3146466e-07 1.7413023 0 -1 7.54979e-08 97 97 97 255
-0.10099274 1.3146466e-07 1.7413023 0 -1 7.54979e-08 114 114 114 255
-0.08099276 1.3146466e-07 1.7413023 0 -1 7.54979e-08 135 135 135 255
-0.060992718 1.3146466e-07 1.7413023 0 -1 7.54979e-08 136 136 136 255
-0.040992737 1.3146466e-07 1.7413023 0 -1 7.54979e-08 135 135 135 255
-0.020992756 1.3146466e-07 1.7413023 0 -1 7.54979e-08 141 141 141 255
-0.000992775 1.3146466e-07 1.7413023 0 -1 7.54979e-08 146 146 146 255
0.019007206 1.3146466e-07 1.7413023 0 -1 7.54979e-08 61 61 61 255
0.039007306 1.3146466e-07 1.7413023 0 -1 7.54979e-08 0 0 0 255
0.059007287 1.3146466e-07 1.7413023 0 -1 7.54979e-08 124 124 124 255
0.07900727 1.3146466e-07 1.7413023 0 -1 7.54979e-08 181 181 181 255
0.09900725 1.3146466e-07 1.7413023 0 -1 7.54979e-08 104 102 100 255
0.11900723 1.3146466e-07 1.7413023 0 -1 7.54979e-08 106 106 106 255
0.13900721 1.3146466e-07 1.7413023 0 -1 7.54979e-08 98 95 90 255
0.15900731 1.3146466e-07 1.7413023 0 -1 7.54979e-08 93 93 93 255
0.17900729 1.3146466e-07 1.7413023 0 -1 7.54979e-08 177 177 177 255
0.19900727 1.3146466e-07 1.7413023 0 -1 7.54979e-08 176 176 176 255
0.21900725 1.3146466e-07 1.7413023 0 -1 7.54979e-08 166 166 166 255
0.23900723 1.3146466e-07 1.7413023 0 -1 7.54979e-08 155 155 155 255
0.25900722 1.3146466e-07 1.7413023 0 -1 7.54979e-08 155 155 155 255
0.2790072 1.3146466e-07 1.7413023 0 -1 7.54979e-08 155 155 155 255
0.2990073 1.3146466e-07 1.7413023 0 -1 7.54979e-08 141 141 141 255
0.31900728 1.3146466e-07 1.7413023 0 -1 7.54979e-08 127 127 127 255
0.33900726 1.3146466e-07 1.7413023 0 -1 7.54979e-08 121 121 121 255
0.35900724 1.3146466e-07 1.7413023 0 -1 7.54979e-08 115 115 115 255
0.37900722 1.3146466e-07 1.7413023 0 -1 7.54979e-08 110 110 110 255
0.3990072 1.3146466e-07 1.7413023 0 -1 7.54979e-08 112 112 112 255
0.4190073 1.3146466e-07 1.7413023 0 -1 7.54979e-08 113 113 113 255
0.43900728 1.3146466e-07 1.7413023 0 -1 7.54979e-08 108 108 108 255
0.45900726 1.3146466e-07 1.7413023 0 -1 7.54979e-08 99 99 99 255
0.47900724 1.3146466e-07 1.7413023 0 -1 7.54979e-08 98 98 98 255
0.49900723 1.3146466e-07 1.7413023 0 -1 7.54979e-08 95 95 95 255
0.5190072 1.3146466e-07 1.7413023 0 -1 7.54979e-08 85 85 85 255
0.5390072 1.3146466e-07 1.7413023 0 -1 7.54979e-08 79 79 79 255
0.5590073 1.3146466e-07 1.7413023 0 -1 7.54979e-08 76 76 76 255
0.57900727 1.3146466e-07 1.7413023 0 -1 7.54979e-08 35 35 35 255
0.59900725 1.3146466e-07 1.7413023 0 -1 7.54979e-08 0 0 0 255
0.61900723 1.3146466e-07 1.7413023 0 -1 7.54979e-08 0 0 0 255
-0.3209927 1.3297462e-07 1.7613022 0 -1 7.54979e-08 0 0 0 255
-0.30099273 1.3297462e-07 1.7613022 0 -1 7.54979e-08 0 0 0 255
-0.28099275 1.3297462e-07 1.7613022 0 -1 7.54979e-08 70 70 70 255
-0.26099277 1.3297462e-07 1.7613022 0 -1 7.54979e-08 76 76 76 255
-0.24099272 1.3297462e-07 1.7613022 0 -1 7.54979e-08 94 94 94 255
-0.22099274 1.3297462e-07 1.7613022 0 -1 7.54979e-08 94 94 94 255
-0.20099276 1.3297462e-07 1.7613022 0 -1 7.54979e-08 94 94 94 255
-0.18099272 1.3297462e-07 1.7613022 0 -1 7.54979e-08 96 96 96 255
-0.16099274 1.3297462e-07 1.7613022 0 -1 7.54979e-08 106 106 106 255
-0.14099276 1.3297462e-07 1.7613022 0 -1 7.54979e-08 82 82 82 255
-0.12099272 1.3297462e-07 1.7613022 0 -1 7.54979e-08 98 98 98 255
-0.10099274 1.3297462e-07 1.7613022 0 -1 7.54979e-08 131 131 131 255
-0.08099276 1.3297462e-07 1.7613022 0 -1 7.54979e-08 127 127 127 255
-0.060992718 1.3297462e-07 1.7613022 0 -1 7.54979e-08 123 123 123 255
-0.040992737 1.3297462e-07 1.7613022 0 -1 7.54979e-08 115 115 115 255
-0.020992756 1.3297462e-07 1.7613022 0 -1 7.54979e-08 116 116 116 255
-0.000992775 1.3297462e-07 1.7613022 0 -1 7.54979e-08 135 135 135 255
0.019007206 1.3297462e-07 1.7613022 0 -1 7.54979e-08 25 25 25 255
0.039007306 1.3297462e-07 1.7613022 0 -1 7.54979e-08 1 1 1 255
0.059007287 1.3297462e-07 1.7613022 0 -1 7.54979e-08 176 176 176 255
0.07900727 1.3297462e-07 1.7613022 0 -1 7.54979e-08 178 178 178 255
0.09900725 1.3297462e-07 1.7613022 0 -1 7.54979e-08 178 178 178 255
0.11900723 1.3297462e-07 1.7613022 0 -1 7.54979e-08 210 210 210 255
0.13900721 1.3297462e-07 1.7613022 0 -1 7.54979e-08 205 205 205 255
0.15900731 1.3297462e-07 1.7613022 0 -1 7.54979e-08 178 178 178 255
0.17900729 1.3297462e-07 1.7613022 0 -1 7.54979e-08 178 178 178 255
0.19900727 1.3297462e-07 1.7613022 0 -1 7.54979e-08 174 174 174 255
0.21900725 1.3297462e-07 1.7613022 0 -1 7.54979e-08 166 166 166 255
0.23900723 1.3297462e-07 1.7613022 0 -1 7.54979e-08 155 155 155 255
0.25900722 1.3297462e-07 1.7613022 0 -1 7.54979e-08 155 155 155 255
0.2790072 1.3297462e-07 1.7613022 0 -1 7.54979e-08 135 135 135 255
0.2990073 1.3297462e-07 1.7613022 0 -1 7.54979e-08 107 107 107 255
0.31900728 1.3297462e-07 1.7613022 0 -1 7.54979e-08 118 118 118 255
0.33900726 1.3297462e-07 1.7613022 0 -1 7.54979e-08 123 123 123 255
0.35900724 1.3297462e-07 1.7613022 0 -1 7.54979e-08 135 135 135 255
0.37900722 1.3297462e-07 1.7613022 0 -1 7.54979e-08 127 127 127 255
0.3990072 1.3297462e-07 1.7613022 0 -1 7.54979e-08 98 98 98 255
0.4190073 1.3297462e-07 1.7613022 0 -1 7.54979e-08 98 98 98 255
0.43900728 1.3297462e-07 1.7613022 0 -1 7.54979e-08 106 106 106 255
0.45900726 1.3297462e-07 1.7613022 0 -1 7.54979e-08 106 106 106 255
0.47900724 1.3297462e-07 1.7613022 0 -1 7.54979e-08 98 98 98 255
0.49900723 1.3297462e-07 1.7613022 0 -1 7.54979e-08 98 98 98 255
0.5190072 1.3297462e-07 1.7613022 0 -1 7.54979e-08 98 98 98 255
0.5390072 1.3297462e-07 1.7613022 0 -1 7.54979e-08 96 96 96 255
0.5590073 1.3297462e-07 1.7613022 0 -1 7.54979e-08 76 76 76 255
0.57900727 1.3297462e-07 1.7613022 0 -1 7.54979e-08 38 38 38 255
-0.28099275 1.3448458e-07 1.7813022 0 -1 7.54979e-08 0 0 0 255
-0.26099277 1.3448458e-07 1.7813022 0 -1 7.54979e-08 40 40 40 255
-0.24099272 1.3448458e-07 1.7813022 0 -1 7.54979e-08 87 87 87 255
-0.22099274 1.3448458e-07 1.7813022 0 -1 7.54979e-08 96 96 96 255
-0.20099276 1.3448458e-07 1.7813022 0 -1 7.54979e-08 94 94 94 255
-0.18099272 1.3448458e-07 1.7813022 0 -1 7.54979e-08 105 105 105 255
-0.16099274 1.3448458e-07 1.7813022 0 -1 7.54979e-08 118 118 118 255
-0.14099276 1.3448458e-07 1.7813022 0 -1 7.54979e-08 118 118 118 255
-0.12099272 1.3448458e-07 1.7813022 0 -1 7.54979e-08 111 111 111 255
-0.10099274 1.3448458e-07 1.7813022 0 -1 7.54979e-08 101 101 101 255
-0.08099276 1.3448458e-07 1.7813022 0 -1 7.54979e-08 98 98 98 255
-0.060992718 1.3448458e-07 1.7813022 0 -1 7.54979e-08 96 96 96 255
-0.040992737 1.3448458e-07 1.7813022 0 -1 7.54979e-08 99 99 99 255
-0.020992756 1.3448458e-07 1.7813022 0 -1 7.54979e-08 119 119 119 255
-0.000992775 1.3448458e-07 1.7813022 0 -1 7.54979e-08 127 127 127 255
0.019007206 1.3448458e-07 1.7813022 0 -1 7.54979e-08 75 75 75 255
0.039007306 1.3448458e-07 1.7813022 0 -1 7.54979e-08 155 155 155 255
0.059007287 1.3448458e-07 1.7813022 0 -1 7.54979e-08 155 155 155 255
0.07900727 1.3448458e-07 1.7813022 0 -1 7.54979e-08 155 155 155 255
0.09900725 1.3448458e-07 1.7813022 0 -1 7.54979e-08 169 169 169 255
0.11900723 1.3448458e-07 1.7813022 0 -1 7.54979e-08 181 181 181 255
0.13900721 1.3448458e-07 1.7813022 0 -1 7.54979e-08 201 201 201 255
0.15900731 1.3448458e-07 1.7813022 0 -1 7.54979e-08 185 185 185 255
0.17900729 1.3448458e-07 1.7813022 0 -1 7.54979e-08 165 165 165 255
0.19900727 1.3448458e-07 1.7813022 0 -1 7.54979e-08 143 143 143 255
0.21900725 1.3448458e-07 1.7813022 0 -1 7.54979e-08 143 143 143 255
0.23900723 1.3448458e-07 1.7813022 0 -1 7.54979e-08 155 155 155 255
0.25900722 1.3448458e-07 1.7813022 0 -1 7.54979e-08 141 141 141 255
0.2790072 1.3448458e-07 1.7813022 0 -1 7.54979e-08 115 115 115 255
0.2990073 1.3448458e-07 1.7813022 0 -1 7.54979e-08 119 119 119 255
0.31900728 1.3448458e-07 1.7813022 0 -1 7.54979e-08 127 127 127 255
0.33900726 1.3448458e-07 1.7813022 0 -1 7.54979e-08 132 132 132 255
0.35900724 1.3448458e-07 1.7813022 0 -1 7.54979e-08 120 120 120 255
0.37900722 1.3448458e-07 1.7813022 0 -1 7.54979e-08 97 97 97 255
0.3990072 1.3448458e-07 1.7813022 0 -1 7.54979e-08 100 100 100 255
0.4190073 1.3448458e-07 1.7813022 0 -1 7.54979e-08 118 118 118 255
0.43900728 1.3448458e-07 1.7813022 0 -1 7.54979e-08 118 118 118 255
0.45900726 1.3448458e-07 1.7813022 0 -1 7.54979e-08 110 110 110 255
0.47900724 1.3448458e-07 1.7813022 0 -1 7.54979e-08 106 106 106 255
0.49900723 1.3448458e-07 1.7813022 0 -1 7.54979e-08 96 96 96 255
0.5190072 1.3448458e-07 1.7813022 0 -1 7.54979e-08 82 82 82 255
0.5390072 1.3448458e-07 1.7813022 0 -1 7.54979e-08 77 77 77 255
0.5590073 1.3448458e-07 1.7813022 0 -1 7.54979e-08 78 78 78 255
0.57900727 1.3448458e-07 1.7813022 0 -1 7.54979e-08 93 93 93 255
0.59900725 1.3448458e-07 1.7813022 0 -1 7.54979e-08 0 0 0 255
-0.26099277 1.3599454e-07 1.8013022 0 -1 7.54979e-08 41 41 41 255
-0.24099272 1.3599454e-07 1.8013022 0 -1 7.54979e-08 84 84 84 255
-0.22099274 1.3599454e-07 1.8013022 0 -1 7.54979e-08 78 78 78 255
-0.20099276 1.3599454e-07 1.8013022 0 -1 7.54979e-08 90 90 90 255
-0.18099272 1.3599454e-07 1.8013022 0 -1 7.54979e-08 109 109 109 255
-0.16099274 1.3599454e-07 1.8013022 0 -1 7.54979e-08 113 113 113 255
-0.14099276 1.3599454e-07 1.8013022 0 -1 7.54979e-08 105 105 105 255
-0.12099272 1.3599454e-07 1.8013022 0 -1 7.54979e-08 97 97 97 255
-0.10099274 1.3599454e-07 1.8013022 0 -1 7.54979e-08 88 88 88 255
-0.08099276 1.3599454e-07 1.8013022 0 -1 7.54979e-08 82 82 82 255
-0.060992718 1.3599454e-07 1.8013022 0 -1 7.54979e-08 84 84 84 255
-0.040992737 1.3599454e-07 1.8013022 0 -1 7.54979e-08 58 58 58 255
-0.020992756 1.3599454e-07 1.8013022 0 -1 7.54979e-08 111 111 111 255
-0.000992775 1.3599454e-07 1.8013022 0 -1 7.54979e-08 129 129 129 255
0.019007206 1.3599454e-07 1.8013022 0 -1 7.54979e-08 141 141 141 255
0.039007306 1.3599454e-07 1.8013022 0 -1 7.54979e-08 135 135 135 255
0.059007287 1.3599454e-07 1.8013022 0 -1 7.54979e-08 145 145 145 255
0.07900727 1.3599454e-07 1.8013022 0 -1 7.54979e-08 155 155 155 255
0.09900725 1.3599454e-07 1.8013022 0 -1 7.54979e-08 165 165 165 255
0.11900723 1.3599454e-07 1.8013022 0 -1 7.54979e-08 178 178 178 255
0.13900721 1.3599454e-07 1.8013022 0 -1 7.54979e-08 174 174 174 255
0.15900731 1.3599454e-07 1.8013022 0 -1 7.54979e-08 171 171 171 255
0.17900729 1.3599454e-07 1.8013022 0 -1 7.54979e-08 163 163 163 255
0.19900727 1.3599454e-07 1.8013022 0 -1 7.54979e-08 151 151 151 255
0.21900725 1.3599454e-07 1.8013022 0 -1 7.54979e-08 133 133 133 255
0.23900723 1.3599454e-07 1.8013022 0 -1 7.54979e-08 135 135 135 255
0.25900722 1.3599454e-07 1.8013022 0 -1 7.54979e-08 135 135 135 255
0.2790072 1.3599454e-07 1.8013022 0 -1 7.54979e-08 115 115 115 255
0.2990073 1.3599454e-07 1.8013022 0 -1 7.54979e-08 110 110 110 255
0.31900728 1.3599454e-07 1.8013022 0 -1 7.54979e-08 122 122 122 255
0.33900726 1.3599454e-07 1.8013022 0 -1 7.54979e-08 109 109 109 255
0.35900724 1.3599454e-07 1.8013022 0 -1 7.54979e-08 108 108 108 255
0.37900722 1.3599454e-07 1.8013022 0 -1 7.54979e-08 96 96 96 255
0.3990072 1.3599454e-07 1.8013022 0 -1 7.54979e-08 117 117 117 255
0.4190073 1.3599454e-07 1.8013022 0 -1 7.54979e-08 105 105 105 255
0.43900728 1.3599454e-07 1.8013022 0 -1 7.54979e-08 101 101 101 255
0.45900726 1.3599454e-07 1.8013022 0 -1 7.54979e-08 104 104 104 255
0.47900724 1.3599454e-07 1.8013022 0 -1 7.54979e-08 98 98 98 255
0.49900723 1.3599454e-07 1.8013022 0 -1 7.54979e-08 102 102 102 255
0.5190072 1.3599454e-07 1.8013022 0 -1 7.54979e-08 92 92 92 255
0.5390072 1.3599454e-07 1.8013022 0 -1 7.54979e-08 73 73 73 255
0.5590073 1.3599454e-07 1.8013022 0 -1 7.54979e-08 62 62 62 255
0.57900727 1.3599454e-07 1.8013022 0 -1 7.54979e-08 56 56 56 255
0.59900725 1.3599454e-07 1.8013022 0 -1 7.54979e-08 146 146 146 255
-0.26099277 1.3750449e-07 1.8213022 0 -1 7.54979e-08 41 41 41 255
-0.24099272 1.3750449e-07 1.8213022 0 -1 7.54979e-08 85 85 85 255
-0.22099274 1.3750449e-07 1.8213022 0 -1 7.54979e-08 89 89 89 255
-0.20099276 1.3750449e-07 1.8213022 0 -1 7.54979e-08 106 106 106 255
-0.18099272 1.3750449e-07 1.8213022 0 -1 7.54979e-08 105 105 105 255
-0.16099274 1.3750449e-07 1.8213022 0 -1 7.54979e-08 97 97 97 255
-0.14099276 1.3750449e-07 1.8213022 0 -1 7.54979e-08 22 22 22 255
-0.12099272 1.3750449e-07 1.8213022 0 -1 7.54979e-08 20 20 20 255
-0.10099274 1.3750449e-07 1.8213022 0 -1 7.54979e-08 19 19 19 255
-0.08099276 1.3750449e-07 1.8213022 0 -1 7.54979e-08 13 13 13 255
-0.060992718 1.3750449e-07 1.8213022 0 -1 7.54979e-08 10 10 10 255
-0.040992737 1.3750449e-07 1.8213022 0 -1 7.54979e-08 0 0 0 255
-0.020992756 1.3750449e-07 1.8213022 0 -1 7.54979e-08 75 75 75 255
-0.000992775 1.3750449e-07 1.8213022 0 -1 7.54979e-08 122 122 122 255
0.019007206 1.3750449e-07 1.8213022 0 -1 7.54979e-08 120 120 120 255
0.039007306 1.3750449e-07 1.8213022 0 -1 7.54979e-08 135 135 135 255
0.059007287 1.3750449e-07 1.8213022 0 -1 7.54979e-08 137 137 137 255
0.07900727 1.3750449e-07 1.8213022 0 -1 7.54979e-08 155 155 155 255
0.09900725 1.3750449e-07 1.8213022 0 -1 7.54979e-08 174 174 174 255
0.11900723 1.3750449e-07 1.8213022 0 -1 7.54979e-08 174 174 174 255
0.13900721 1.3750449e-07 1.8213022 0 -1 7.54979e-08 167 167 167 255
0.15900731 1.3750449e-07 1.8213022 0 -1 7.54979e-08 155 155 155 255
0.17900729 1.3750449e-07 1.8213022 0 -1 7.54979e-08 147 147 147 255
0.19900727 1.3750449e-07 1.8213022 0 -1 7.54979e-08 135 135 135 255
0.21900725 1.3750449e-07 1.8213022 0 -1 7.54979e-08 125 125 125 255
0.23900723 1.3750449e-07 1.8213022 0 -1 7.54979e-08 120 120 120 255
0.25900722 1.3750449e-07 1.8213022 0 -1 7.54979e-08 120 120 120 255
0.2790072 1.3750449e-07 1.8213022 0 -1 7.54979e-08 115 115 115 255
0.2990073 1.3750449e-07 1.8213022 0 -1 7.54979e-08 119 119 119 255
0.31900728 1.3750449e-07 1.8213022 0 -1 7.54979e-08 104 104 104 255
0.33900726 1.3750449e-07 1.8213022 0 -1 7.54979e-08 96 96 96 255
0.35900724 1.3750449e-07 1.8213022 0 -1 7.54979e-08 102 102 102 255
0.37900722 1.3750449e-07 1.8213022 0 -1 7.54979e-08 89 89 89 255
0.3990072 1.3750449e-07 1.8213022 0 -1 7.54979e-08 80 80 80 255
0.4190073 1.3750449e-07 1.8213022 0 -1 7.54979e-08 101 101 101 255
0.43900728 1.3750449e-07 1.8213022 0 -1 7.54979e-08 103 103 103 255
0.45900726 1.3750449e-07 1.8213022 0 -1 7.54979e-08 22 22 22 255
0.47900724 1.3750449e-07 1.8213022 0 -1 7.54979e-08 21 21 21 255
0.49900723 1.3750449e-07 1.8213022 0 -1 7.54979e-08 74 74 74 255
0.5190072 1.3750449e-07 1.8213022 0 -1 7.54979e-08 91 91 91 255
0.5390072 1.3750449e-07 1.8213022 0 -1 7.54979e-08 81 81 81 255
0.5590073 1.3750449e-07 1.8213022 0 -1 7.54979e-08 62 62 62 255
0.57900727 1.3750449e-07 1.8213022 0 -1 7.54979e-08 31 31 31 255
0.59900725 1.3750449e-07 1.8213022 0 -1 7.54979e-08 0 0 0 255
-0.26099277 1.3901446e-07 1.8413024 0 -1 7.54979e-08 38 38 38 255
-0.24099272 1.3901446e-07 1.8413024 0 -1 7.54979e-08 80 80 80 255
-0.22099274 1.3901446e-07 1.8413024 0 -1 7.54979e-08 60 60 60 255
-0.20099276 1.3901446e-07 1.8413024 0 -1 7.54979e-08 66 66 66 255
-0.18099272 1.3901446e-07 1.8413024 0 -1 7.54979e-08 58 58 58 255
-0.16099274 1.3901446e-07 1.8413024 0 -1 7.54979e-08 0 0 0 255
-0.14099276 1.3901446e-07 1.8413024 0 -1 7.54979e-08 0 0 0 255
-0.020992756 1.3901446e-07 1.8413024 0 -1 7.54979e-08 0 0 0 255
-0.000992775 1.3901446e-07 1.8413024 0 -1 7.54979e-08 69 69 69 255
0.019007206 1.3901446e-07 1.8413024 0 -1 7.54979e-08 123 123 123 255
0.039007306 1.3901446e-07 1.8413024 0 -1 7.54979e-08 123 123 123 255
0.059007287 1.3901446e-07 1.8413024 0 -1 7.54979e-08 135 135 135 255
0.07900727 1.3901446e-07 1.8413024 0 -1 7.54979e-08 155 155 155 255
0.09900725 1.3901446e-07 1.8413024 0 -1 7.54979e-08 175 175 175 255
0.11900723 1.3901446e-07 1.8413024 0 -1 7.54979e-08 160 160 160 255
0.13900721 1.3901446e-07 1.8413024 0 -1 7.54979e-08 118 118 118 255
0.15900731 1.3901446e-07 1.8413024 0 -1 7.54979e-08 131 131 131 255
0.17900729 1.3901446e-07 1.8413024 0 -1 7.54979e-08 113 113 113 255
0.19900727 1.3901446e-07 1.8413024 0 -1 7.54979e-08 0 0 0 255
0.21900725 1.3901446e-07 1.8413024 0 -1 7.54979e-08 83 83 83 255
0.23900723 1.3901446e-07 1.8413024 0 -1 7.54979e-08 147 147 147 255
0.25900722 1.3901446e-07 1.8413024 0 -1 7.54979e-08 131 131 131 255
0.2790072 1.3901446e-07 1.8413024 0 -1 7.54979e-08 115 115 115 255
0.2990073 1.3901446e-07 1.8413024 0 -1 7.54979e-08 91 91 91 255
0.31900728 1.3901446e-07 1.8413024 0 -1 7.54979e-08 0 0 0 255
0.33900726 1.3901446e-07 1.8413024 0 -1 7.54979e-08 50 50 50 255
0.35900724 1.3901446e-07 1.8413024 0 -1 7.54979e-08 98 98 98 255
0.37900722 1.3901446e-07 1.8413024 0 -1 7.54979e-08 98 98 98 255
0.3990072 1.3901446e-07 1.8413024 0 -1 7.54979e-08 89 89 89 255
0.4190073 1.3901446e-07 1.8413024 0 -1 7.54979e-08 94 94 94 255
0.43900728 1.3901446e-07 1.8413024 0 -1 7.54979e-08 103 103 103 255
0.45900726 1.3901446e-07 1.8413024 0 -1 7.54979e-08 0 0 0 255
0.47900724 1.3901446e-07 1.8413024 0 -1 7.54979e-08 0 0 0 255
0.49900723 1.3901446e-07 1.8413024 0 -1 7.54979e-08 41 41 41 255
0.5190072 1.3901446e-07 1.8413024 0 -1 7.54979e-08 52 52 52 255
0.5390072 1.3901446e-07 1.8413024 0 -1 7.54979e-08 77 77 77 255
0.5590073 1.3901446e-07 1.8413024 0 -1 7.54979e-08 39 39 39 255
-0.24099272 1.4052442e-07 1.8613024 0 -1 7.54979e-08 3 3 3 255
-0.22099274 1.4052442e-07 1.8613024 0 -1 7.54979e-08 0 0 0 255
-0.20099276 1.4052442e-07 1.8613024 0 -1 7.54979e-08 0 0 0 255
-0.18099272 1.4052442e-07 1.8613024 0 -1 7.54979e-08 0 0 0 255
-0.020992756 1.4052442e-07 1.8613024 0 -1 7.54979e-08 0 0 0 255
-0.000992775 1.4052442e-07 1.8613024 0 -1 7.54979e-08 236 236 236 255
0.019007206 1.4052442e-07 1.8613024 0 -1 7.54979e-08 104 104 104 255
0.039007306 1.4052442e-07 1.8613024 0 -1 7.54979e-08 107 107 107 255
0.059007287 1.4052442e-07 1.8613024 0 -1 7.54979e-08 118 118 118 255
0.07900727 1.4052442e-07 1.8613024 0 -1 7.54979e-08 136 136 136 255
0.09900725 1.4052442e-07 1.8613024 0 -1 7.54979e-08 165 165 165 255
0.11900723 1.4052442e-07 1.8613024 0 -1 7.54979e-08 135 135 135 255
0.13900721 1.4052442e-07 1.8613024 0 -1 7.54979e-08 124 124 124 255
0.15900731 1.4052442e-07 1.8613024 0 -1 7.54979e-08 242 242 242 255
0.17900729 1.4052442e-07 1.8613024 0 -1 7.54979e-08 116 116 116 255
0.19900727 1.4052442e-07 1.8613024 0 -1 7.54979e-08 0 0 0 255
0.21900725 1.4052442e-07 1.8613024 0 -1 7.54979e-08 2 2 2 255
0.23900723 1.4052442e-07 1.8613024 0 -1 7.54979e-08 5 5 5 255
0.25900722 1.4052442e-07 1.8613024 0 -1 7.54979e-08 107 107 107 255
0.2790072 1.4052442e-07 1.8613024 0 -1 7.54979e-08 117 117 117 255
0.2990073 1.4052442e-07 1.8613024 0 -1 7.54979e-08 172 172 172 255
0.31900728 1.4052442e-07 1.8613024 0 -1 7.54979e-08 236 236 236 255
0.33900726 1.4052442e-07 1.8613024 0 -1 7.54979e-08 2 2 2 255
0.37900722 1.4052442e-07 1.8613024 0 -1 7.54979e-08 51 51 51 255
0.3990072 1.4052442e-07 1.8613024 0 -1 7.54979e-08 93 93 93 255
0.4190073 1.4052442e-07 1.8613024 0 -1 7.54979e-08 83 83 83 255
0.43900728 1.4052442e-07 1.8613024 0 -1 7.54979e-08 4 4 4 255
0.45900726 1.4052442e-07 1.8613024 0 -1 7.54979e-08 0 0 0 255
0.49900723 1.4052442e-07 1.8613024 0 -1 7.54979e-08 0 0 0 255
0.5190072 1.4052442e-07 1.8613024 0 -1 7.54979e-08 236 236 236 255
0.5390072 1.4052442e-07 1.8613024 0 -1 7.54979e-08 3 3 3 255
0.5590073 1.4052442e-07 1.8613024 0 -1 7.54979e-08 0 0 0 255
-0.020992756 1.4203438e-07 1.8813024 0 -1 7.54979e-08 0 0 0 255
-0.000992775 1.4203438e-07 1.8813024 0 -1 7.54979e-08 82 82 82 255
0.019007206 1.4203438e-07 1.8813024 0 -1 7.54979e-08 103 103 103 255
0.039007306 1.4203438e-07 1.8813024 0 -1 7.54979e-08 110 110 110 255
0.059007287 1.4203438e-07 1.8813024 0 -1 7.54979e-08 118 118 118 255
0.07900727 1.4203438e-07 1.8813024 0 -1 7.54979e-08 126 126 126 255
0.09900725 1.4203438e-07 1.8813024 0 -1 7.54979e-08 123 123 123 255
0.11900723 1.4203438e-07 1.8813024 0 -1 7.54979e-08 108 108 108 255
0.13900721 1.4203438e-07 1.8813024 0 -1 7.54979e-08 157 157 157 255
0.15900731 1.4203438e-07 1.8813024 0 -1 7.54979e-08 85 85 85 255
0.17900729 1.4203438e-07 1.8813024 0 -1 7.54979e-08 67 67 67 255
0.19900727 1.4203438e-07 1.8813024 0 -1 7.54979e-08 0 0 0 255
0.21900725 1.4203438e-07 1.8813024 0 -1 7.54979e-08 0 0 0 255
0.23900723 1.4203438e-07 1.8813024 0 -1 7.54979e-08 111 111 111 255
0.25900722 1.4203438e-07 1.8813024 0 -1 7.54979e-08 94 94 94 255
0.2790072 1.4203438e-07 1.8813024 0 -1 7.54979e-08 92 92 92 255
0.2990073 1.4203438e-07 1.8813024 0 -1 7.54979e-08 92 92 92 255
0.31900728 1.4203438e-07 1.8813024 0 -1 7.54979e-08 44 44 44 255
0.33900726 1.4203438e-07 1.8813024 0 -1 7.54979e-08 0 0 0 255
0.37900722 1.4203438e-07 1.8813024 0 -1 7.54979e-08 0 0 0 255
0.3990072 1.4203438e-07 1.8813024 0 -1 7.54979e-08 0 0 0 255
0.4190073 1.4203438e-07 1.8813024 0 -1 7.54979e-08 0 0 0 255
0.43900728 1.4203438e-07 1.8813024 0 -1 7.54979e-08 0 0 0 255
0.5190072 1.4203438e-07 1.8813024 0 -1 7.54979e-08 0 0 0 255
0.5390072 1.4203438e-07 1.8813024 0 -1 7.54979e-08 0 0 0 255
-0.000992775 1.4354434e-07 1.9013023 0 -1 7.54979e-08 0 0 0 255
0.019007206 1.4354434e-07 1.9013023 0 -1 7.54979e-08 91 91 91 255
0.039007306 1.4354434e-07 1.9013023 0 -1 7.54979e-08 101 101 101 255
0.059007287 1.4354434e-07 1.9013023 0 -1 7.54979e-08 109 109 109 255
0.07900727 1.4354434e-07 1.9013023 0 -1 7.54979e-08 128 128 128 255
0.09900725 1.4354434e-07 1.9013023 0 -1 7.54979e-08 116 116 116 255
0.11900723 1.4354434e-07 1.9013023 0 -1 7.54979e-08 105 105 105 255
0.13900721 1.4354434e-07 1.9013023 0 -1 7.54979e-08 93 93 93 255
0.15900731 1.4354434e-07 1.9013023 0 -1 7.54979e-08 104 104 104 255
0.17900729 1.4354434e-07 1.9013023 0 -1 7.54979e-08 17 17 17 255
0.23900723 1.4354434e-07 1.9013023 0 -1 7.54979e-08 0 0 0 255
0.25900722 1.4354434e-07 1.9013023 0 -1 7.54979e-08 40 40 40 255
0.2790072 1.4354434e-07 1.9013023 0 -1 7.54979e-08 75 75 75 255
0.2990073 1.4354434e-07 1.9013023 0 -1 7.54979e-08 78 78 78 255
0.31900728 1.4354434e-07 1.9013023 0 -1 7.54979e-08 0 0 0 255
0.019007206 1.4505429e-07 1.9213023 0 -1 7.54979e-08 19 19 19 255
0.039007306 1.4505429e-07 1.9213023 0 -1 7.54979e-08 25 25 25 255
0.059007287 1.4505429e-07 1.9213023 0 -1 7.54979e-08 68 68 68 255
0.07900727 1.4505429e-07 1.9213023 0 -1 7.54979e-08 108 108 108 255
0.09900725 1.4505429e-07 1.9213023 0 -1 7.54979e-08 74 74 74 255
0.11900723 1.4505429e-07 1.9213023 0 -1 7.54979e-08 45 45 45 255
0.13900721 1.4505429e-07 1.9213023 0 -1 7.54979e-08 91 91 91 255
0.15900731 1.4505429e-07 1.9213023 0 -1 7.54979e-08 93 93 93 255
0.17900729 1.4505429e-07 1.9213023 0 -1 7.54979e-08 103 103 103 255
0.19900727 1.4505429e-07 1.9213023 0 -1 7.54979e-08 0 0 0 255
0.2790072 1.4505429e-07 1.9213023 0 -1 7.54979e-08 0 0 0 255
0.2990073 1.4505429e-07 1.9213023 0 -1 7.54979e-08 0 0 0 255
0.31900728 1.4505429e-07 1.9213023 0 -1 7.54979e-08 0 0 0 255
0.059007287 1.4656425e-07 1.9413023 0 -1 7.54979e-08 53 53 53 255
0.07900727 1.4656425e-07 1.9413023 0 -1 7.54979e-08 106 106 106 255
0.09900725 1.4656425e-07 1.9413023 0 -1 7.54979e-08 82 82 82 255
0.11900723 1.4656425e-07 1.9413023 0 -1 7.54979e-08 95 95 95 255
0.13900721 1.4656425e-07 1.9413023 0 -1 7.54979e-08 89 89 89 255
0.15900731 1.4656425e-07 1.9413023 0 -1 7.54979e-08 106 106 106 255
0.17900729 1.4656425e-07 1.9413023 0 -1 7.54979e-08 89 89 89 255
0.19900727 1.4656425e-07 1.9413023 0 -1 7.54979e-08 0 0 0 255
0.07900727 1.4807421e-07 1.9613023 0 -1 7.54979e-08 9 9 9 255
0.09900725 1.4807421e-07 1.9613023 0 -1 7.54979e-08 67 67 67 255
0.11900723 1.4807421e-07 1.9613023 0 -1 7.54979e-08 75 75 75 255
0.13900721 1.4807421e-07 1.9613023 0 -1 7.54979e-08 71 71 71 255
0.15900731 1.4807421e-07 1.9613023 0 -1 7.54979e-08 84 84 84 255
0.17900729 1.4807421e-07 1.9613023 0 -1 7.54979e-08 4 4 4 255
0.09900725 1.4958417e-07 1.9813023 0 -1 7.54979e-08 112 83 83 255
0.11900723 1.4958417e-07 1.9813023 0 -1 7.54979e-08 79 50 50 255
0.13900721 1.4958417e-07 1.9813023 0 -1 7.54979e-08 96 67 67 255
3 1 100 0
3 2 101 1
3 3 102 2
3 4 103 3
3 5 104 4
3 6 105 5
3 7 106 6
3 8 107 7
3 9 108 8
3 10 109 9
3 11 110 10
3 12 111 11
3 13 112 12
3 14 113 13
3 15 114 14
3 16 115 15
3 17 116 16
3 18 117 17
3 19 118 18
3 20 119 19
3 21 120 20
3 22 121 21
3 23 122 22
3 24 123 23
3 25 124 24
3 26 125 25
3 27 126 26
3 28 127 27
3 29 128 28
3 30 129 29
3 31 130 30
3 32 131 31
3 33 132 32
3 34 133 33
3 35 134 34
3 36 135 35
3 37 136 36
3 38 137 37
3 39 138 38
3 40 139 39
3 41 140 40
3 42 141 41
3 43 142 42
3 44 143 43
3 45 144 44
3 46 145 45
3 47 146 46
3 48 147 47
3 49 148 48
3 50 149 49
3 51 150 50
3 52 151 51
3 53 152 52
3 54 153 53
3 55 154 54
3 56 155 55
3 57 156 56
3 58 157 57
3 59 158 58
3 60 159 59
3 61 160 60
3 62 161 61
3 63 162 62
3 64 163 63
3 65 164 64
3 66 165 65
3 67 166 66
3 68 167 67
3 69 168 68
3 70 169 69
3 71 170 70
3 72 171 71
3 73 172 72
3 74 173 73
3 75 174 74
3 76 175 75
3 77 176 76
3 78 177 77
3 79 178 78
3 80 179 79
3 81 180 80
3 82 181 81
3 83 182 82
3 84 183 83
3 85 184 84
3 86 185 85
3 87 186 86
3 88 187 87
3 89 188 88
3 90 189 89
3 91 190 90
3 92 191 91
3 93 192 92
3 94 193 93
3 95 194 94
3 96 195 95
3 97 196 96
3 98 197 97
3 99 198 98
3 101 200 100
3 102 201 101
3 103 202 102
3 104 203 103
3 105 204 104
3 106 205 105
3 107 206 106
3 108 207 107
3 109 208 108
3 110 209 109
3 111 210 110
3 112 211 111
3 113 212 112
3 114 213 113
3 115 214 114
3 116 215 115
3 117 216 116
3 118 217 117
3 119 218 118
3 120 219 119
3 121 220 120
3 122 221 121
3 123 222 122
3 124 223 123
3 125 224 124
3 126 225 125
3 127 226 126
3 128 227 127
3 129 228 128
3 130 229 129
3 131 230 130
3 132 231 131
3 133 232 132
3 134 233 133
3 135 234 134
3 136 235 135
3 137 236 136
3 138 237 137
3 139 238 138
3 140 239 139
3 141 240 140
3 142 241 141
3 143 242 142
3 144 243 143
3 145 244 144
3 146 245 145
3 147 246 146
3 148 247 147
3 149 248 148
3 150 249 149
3 151 250 150
3 152 251 151
3 153 252 152
3 154 253 153
3 155 254 154
3 156 255 155
3 157 256 156
3 158 257 157
3 159 258 158
3 160 259 159
3 161 260 160
3 162 261 161
3 163 262 162
3 164 263 163
3 165 264 164
3 166 265 165
3 167 266 166
3 168 267 167
3 169 268 168
3 170 269 169
3 171 270 170
3 172 271 171
3 173 272 172
3 174 273 173
3 175 274 174
3 176 275 175
3 177 276 176
3 178 277 177
3 179 278 178
3 180 279 179
3 181 280 180
3 182 281 181
3 183 282 182
3 184 283 183
3 185 284 184
3 186 285 185
3 187 286 186
3 188 287 187
3 189 288 188
3 190 289 189
3 191 290 190
3 192 291 191
3 193 292 192
3 194 293 193
3 195 294 194
3 196 295 195
3 197 296 196
3 198 297 197
3 199 298 198
3 201 300 200
3 202 301 201
3 203 302 202
3 204 303 203
3 205 304 204
3 206 305 205
3 207 306 206
3 208 307 207
3 209 308 208
3 210 309 209
3 211 310 210
3 212 311 211
3 213 312 212
3 214 313 213
3 215 314 214
3 216 315 215
3 217 316 216
3 218 317 217
3 219 318 218
3 220 319 219
3 221 320 220
3 222 321 221
3 223 322 222
3 224 323 223
3 225 324 224
3 226 325 225
3 227 326 226
3 228 327 227
3 229 328 228
3 230 329 229
3 231 330 230
3 232 331 231
3 233 332 232
3 234 333 233
3 235 334 234
3 236 335 235
3 237 336 236
3 238 337 237
3 239 338 238
3 240 339 239
3 241 340 240
3 242 341 241
3 243 342 242
3 244 343 243
3 245 344 244
3 246 345 245
3 247 346 246
3 248 347 247
3 249 348 248
3 250 349 249
3 251 350 250
3 252 351 251
3 253 352 252
3 254 353 253
3 255 354 254
3 256 355 255
3 257 356 256
3 258 357 257
3 259 358 258
3 260 359 259
3 261 360 260
3 262 361 261
3 263 362 262
3 264 363 263
3 265 364 264
3 266 365 265
3 267 366 266
3 268 367 267
3 269 368 268
3 270 369 269
3 271 370 270
3 272 371 271
3 273 372 272
3 274 373 273
3 275 374 274
3 276 375 275
3 277 376 276
3 278 377 277
3 279 378 278
3 280 379 279
3 281 380 280
3 282 381 281
3 283 382 282
3 284 383 283
3 285 384 284
3 286 385 285
3 287 386 286
3 288 387 287
3 289 388 288
3 290 389 289
3 291 390 290
3 292 391 291
3 293 392 292
3 294 393 293
3 295 394 294
3 296 395 295
3 297 396 296
3 298 397 297
3 301 399 300
3 302 400 301
3 303 401 302
3 304 402 303
3 305 403 304
3 306 404 305
3 307 405 306
3 308 406 307
3 309 407 308
3 310 408 309
3 311 409 310
3 312 410 311
3 313 411 312
3 314 412 313
3 315 413 314
3 316 414 315
3 317 415 316
3 318 416 317
3 319 417 318
3 320 418 319
3 321 419 320
3 322 420 321
3 323 421 322
3 324 422 323
3 325 423 324
3 326 424 325
3 327 425 326
3 328 426 327
3 329 427 328
3 330 428 329
3 331 429 330
3 332 430 331
3 333 431 332
3 334 432 333
3 335 433 334
3 336 434 335
3 337 435 336
3 338 436 337
3 339 437 338
3 340 438 339
3 341 439 340
3 342 440 341
3 343 441 342
3 344 442 343
3 345 443 344
3 346 444 345
3 347 445 346
3 348 446 347
3 349 447 348
3 350 448 349
3 351 449 350
3 352 450 351
3 353 451 352
3 354 452 353
3 355 453 354
3 356 454 355
3 357 455 356
3 358 456 357
3 359 457 358
3 360 458 359
3 361 459 360
3 362 460 361
3 363 461 362
3 364 462 363
3 365 463 364
3 366 464 365
3 367 465 366
3 368 466 367
3 369 467 368
3 370 468 369
3 371 469 370
3 372 470 371
3 373 471 372
3 374 472 373
3 375 473 374
3 376 474 375
3 377 475 376
3 378 476 377
3 379 477 378
3 380 478 379
3 381 479 380
3 382 480 381
3 383 481 382
3 384 482 383
3 385 483 384
3 386 484 385
3 387 485 386
3 388 486 387
3 389 487 388
3 390 488 389
3 391 489 390
3 392 490 391
3 393 491 392
3 394 492 393
3 395 493 394
3 396 494 395
3 397 495 396
3 398 496 397
3 400 498 399
3 401 499 400
3 402 500 401
3 403 501 402
3 404 502 403
3 405 503 404
3 406 504 405
3 407 505 406
3 408 506 407
3 409 507 408
3 410 508 409
3 411 509 410
3 412 510 411
3 413 511 412
3 414 512 413
3 415 513 414
3 416 514 415
3 417 515 416
3 418 516 417
3 419 517 418
3 420 518 419
3 421 519 420
3 422 520 421
3 423 521 422
3 424 522 423
3 425 523 424
3 426 524 425
3 427 525 426
3 428 526 427
3 429 527 428
3 430 528 429
3 431 529 430
3 432 530 431
3 433 531 432
3 434 532 433
3 435 533 434
3 436 534 435
3 437 535 436
3 438 536 437
3 439 537 438
3 440 538 439
3 441 539 440
3 442 540 441
3 443 541 442
3 444 542 443
3 445 543 444
3 446 544 445
3 447 545 446
3 448 546 447
3 449 547 448
3 450 548 449
3 451 549 450
3 452 550 451
3 453 551 452
3 454 552 453
3 455 553 454
3 456 554 455
3 457 555 456
3 458 556 457
3 459 557 458
3 460 558 459
3 461 559 460
3 462 560 461
3 463 561 462
3 464 562 463
3 465 563 464
3 466 564 465
3 467 565 466
3 468 566 467
3 469 567 468
3 470 568 469
3 471 569 470
3 472 570 471
3 473 571 472
3 474 572 473
3 475 573 474
3 476 574 475
3 477 575 476
3 478 576 477
3 479 577 478
3 480 578 479
3 481 579 480
3 482 580 481
3 483 581 482
3 484 582 483
3 485 583 484
3 486 584 485
3 487 585 486
3 488 586 487
3 489 587 488
3 490 588 489
3 491 589 490
3 492 590 491
3 493 591 492
3 494 592 493
3 495 593 494
3 496 594 495
3 497 595 496
3 499 597 498
3 500 598 499
3 501 599 500
3 502 600 501
3 503 601 502
3 504 602 503
3 505 603 504
3 506 604 505
3 507 605 506
3 508 606 507
3 509 607 508
3 510 608 509
3 511 609 510
3 512 610 511
3 513 611 512
3 514 612 513
3 515 613 514
3 516 614 515
3 517 615 516
3 518 616 517
3 519 617 518
3 520 618 519
3 521 619 520
3 522 620 521
3 523 621 522
3 524 622 523
3 525 623 524
3 526 624 525
3 527 625 526
3 528 626 527
3 529 627 528
3 530 628 529
3 531 629 530
3 532 630 531
3 533 631 532
3 534 632 533
3 535 633 534
3 536 634 535
3 537 635 536
3 538 636 537
3 539 637 538
3 540 638 539
3 541 639 540
3 542 640 541
3 543 641 542
3 544 642 543
3 545 643 544
3 546 644 545
3 547 645 546
3 548 646 547
3 549 647 548
3 550 648 549
3 551 649 550
3 552 650 551
3 553 651 552
3 554 652 553
3 555 653 554
3 556 654 555
3 557 655 556
3 558 656 557
3 559 657 558
3 560 658 559
3 561 659 560
3 562 660 561
3 563 661 562
3 564 662 563
3 565 663 564
3 566 664 565
3 567 665 566
3 568 666 567
3 569 667 568
3 570 668 569
3 571 669 570
3 572 670 571
3 573 671 572
3 574 672 573
3 575 673 574
3 576 674 575
3 577 675 576
3 578 676 577
3 579 677 578
3 580 678 579
3 581 679 580
3 582 680 581
3 583 681 582
3 584 682 583
3 585 683 584
3 586 684 585
3 587 685 586
3 588 686 587
3 589 687 588
3 590 688 589
3 591 689 590
3 592 690 591
3 593 691 592
3 594 692 593
3 595 693 594
3 596 694 595
3 598 696 597
3 599 697 598
3 600 698 599
3 601 699 600
3 602 700 601
3 603 701 602
3 604 702 603
3 605 703 604
3 606 704 605
3 607 705 606
3 608 706 607
3 609 707 608
3 610 708 609
3 611 709 610
3 612 710 611
3 613 711 612
3 614 712 613
3 615 713 614
3 616 714 615
3 617 715 616
3 618 716 617
3 619 717 618
3 620 718 619
3 621 719 620
3 622 720 621
3 623 721 622
3 624 722 623
3 625 723 624
3 626 724 625
3 627 725 626
3 628 726 627
3 629 727 628
3 630 728 629
3 631 729 630
3 632 730 631
3 633 731 632
3 634 732 633
3 635 733 634
3 636 734 635
3 637 735 636
3 638 736 637
3 639 737 638
3 640 738 639
3 641 739 640
3 642 740 641
3 643 741 642
3 644 742 643
3 645 743 644
3 646 744 645
3 647 745 646
3 648 746 647
3 649 747 648
3 650 748 649
3 651 749 650
3 652 750 651
3 653 751 652
3 654 752 653
3 655 753 654
3 656 754 655
3 657 755 656
3 658 756 657
3 659 757 658
3 660 758 659
3 661 759 660
3 662 760 661
3 663 761 662
3 664 762 663
3 665 763 664
3 666 764 665
3 667 765 666
3 668 766 667
3 669 767 668
3 670 768 669
3 671 769 670
3 672 770 671
3 673 771 672
3 674 772 673
3 675 773 674
3 676 774 675
3 677 775 676
3 678 776 677
3 679 777 678
3 680 778 679
3 681 779 680
3 682 780 681
3 683 781 682
3 684 782 683
3 685 783 684
3 686 784 685
3 687 785 686
3 688 786 687
3 689 787 688
3 690 788 689
3 691 789 690
3 692 790 691
3 693 791 692
3 694 792 693
3 695 793 694
3 697 795 696
3 698 796 697
3 699 797 698
3 700 798 699
3 701 799 700
3 702 800 701
3 703 801 702
3 704 802 703
3 705 803 704
3 706 804 705
3 707 805 706
3 708 806 707
3 709 807 708
3 710 808 709
3 711 809 710
3 712 810 711
3 713 811 712
3 714 812 713
3 715 813 714
3 716 814 715
3 717 815 716
3 718 816 717
3 719 817 718
3 720 818 719
3 721 819 720
3 722 820 721
3 723 821 722
3 724 822 723
3 725 823 724
3 726 824 725
3 727 825 726
3 728 826 727
3 729 827 728
3 730 828 729
3 731 829 730
3 732 830 731
3 733 831 732
3 734 832 733
3 735 833 734
3 736 834 735
3 737 835 736
3 738 836 737
3 739 837 738
3 740 838 739
3 741 839 740
3 742 840 741
3 743 841 742
3 744 842 743
3 745 843 744
3 746 844 745
3 747 845 746
3 748 846 747
3 749 847 748
3 750 848 749
3 751 849 750
3 752 850 751
3 753 851 752
3 754 852 753
3 755 853 754
3 756 854 755
3 757 855 756
3 758 856 757
3 759 857 758
3 760 858 759
3 761 859 760
3 762 860 761
3 763 861 762
3 764 862 763
3 765 863 764
3 766 864 765
3 767 865 766
3 768 866 767
3 769 867 768
3 770 868 769
3 771 869 770
3 772 870 771
3 773 871 772
3 774 872 773
3 775 873 774
3 776 874 775
3 777 875 776
3 778 876 777
3 779 877 778
3 780 878 779
3 781 879 780
3 782 880 781
3 783 881 782
3 784 882 783
3 785 883 784
3 786 884 785
3 787 885 786
3 788 886 787
3 789 887 788
3 790 888 789
3 791 889 790
3 792 890 791
3 793 891 792
3 796 893 795
3 797 894 796
3 798 895 797
3 799 896 798
3 800 897 799
3 801 898 800
3 802 899 801
3 803 900 802
3 804 901 803
3 805 902 804
3 806 903 805
3 807 904 806
3 808 905 807
3 809 906 808
3 810 907 809
3 811 908 810
3 812 909 811
3 813 910 812
3 814 911 813
3 815 912 814
3 816 913 815
3 817 914 816
3 818 915 817
3 819 916 818
3 820 917 819
3 821 918 820
3 822 919 821
3 823 920 822
3 824 921 823
3 825 922 824
3 826 923 825
3 827 924 826
3 828 925 827
3 829 926 828
3 830 927 829
3 831 928 830
3 832 929 831
3 833 930 832
3 834 931 833
3 835 932 834
3 836 933 835
3 837 934 836
3 838 935 837
3 839 936 838
3 840 937 839
3 841 938 840
3 842 939 841
3 843 940 842
3 844 941 843
3 845 942 844
3 846 943 845
3 847 944 846
3 848 945 847
3 849 946 848
3 850 947 849
3 851 948 850
3 852 949 851
3 853 950 852
3 854 951 853
3 855 952 854
3 856 953 855
3 857 954 856
3 858 955 857
3 859 956 858
3 860 957 859
3 861 958 860
3 862 959 861
3 863 960 862
3 864 961 863
3 865 962 864
3 866 963 865
3 867 964 866
3 868 965 867
3 869 966 868
3 870 967 869
3 871 968 870
3 872 969 871
3 873 970 872
3 874 971 873
3 875 972 874
3 876 973 875
3 877 974 876
3 878 975 877
3 879 976 878
3 880 977 879
3 881 978 880
3 882 979 881
3 883 980 882
3 884 981 883
3 885 982 884
3 886 983 885
3 887 984 886
3 888 985 887
3 889 986 888
3 890 987 889
3 891 988 890
3 892 989 891
3 895 991 894
3 896 992 895
3 897 993 896
3 898 994 897
3 899 995 898
3 900 996 899
3 901 997 900
3 902 998 901
3 903 999 902
3 904 1000 903
3 905 1001 904
3 906 1002 905
3 907 1003 906
3 908 1004 907
3 909 1005 908
3 910 1006 909
3 911 1007 910
3 912 1008 911
3 913 1009 912
3 914 1010 913
3 915 1011 914
3 916 1012 915
3 917 1013 916
3 918 1014 917
3 919 1015 918
3 920 1016 919
3 921 1017 920
3 922 1018 921
3 923 1019 922
3 924 1020 923
3 925 1021 924
3 926 1022 925
3 927 1023 926
3 928 1024 927
3 929 1025 928
3 930 1026 929
3 931 1027 930
3 932 1028 931
3 933 1029 932
3 934 1030 933
3 935 1031 934
3 936 1032 935
3 937 1033 936
3 938 1034 937
3 939 1035 938
3 940 1036 939
3 941 1037 940
3 942 1038 941
3 943 1039 942
3 944 1040 943
3 945 1041 944
3 946 1042 945
3 947 1043 946
3 948 1044 947
3 949 1045 948
3 950 1046 949
3 951 1047 950
3 952 1048 951
3 953 1049 952
3 954 1050 953
3 955 1051 954
3 956 1052 955
3 957 1053 956
3 958 1054 957
3 959 1055 958
3 960 1056 959
3 961 1057 960
3 962 1058 961
3 963 1059 962
3 964 1060 963
3 965 1061 964
3 966 1062 965
3 967 1063 966
3 968 1064 967
3 969 1065 968
3 970 1066 969
3 971 1067 970
3 972 1068 971
3 973 1069 972
3 974 1070 973
3 975 1071 974
3 976 1072 975
3 977 1073 976
3 978 1074 977
3 979 1075 978
3 980 1076 979
3 981 1077 980
3 982 1078 981
3 983 1079 982
3 984 1080 983
3 985 1081 984
3 986 1082 985
3 987 1083 986
3 988 1084 987
3 989 1085 988
3 993 1087 992
3 994 1088 993
3 995 1089 994
3 996 1090 995
3 997 1091 996
3 998 1092 997
3 999 1093 998
3 1000 1094 999
3 1001 1095 1000
3 1002 1096 1001
3 1003 1097 1002
3 1004 1098 1003
3 1005 1099 1004
3 1006 1100 1005
3 1007 1101 1006
3 1008 1102 1007
3 1009 1103 1008
3 1010 1104 1009
3 1011 1105 1010
3 1012 1106 1011
3 1013 1107 1012
3 1014 1108 1013
3 1015 1109 1014
3 1016 1110 1015
3 1017 1111 1016
3 1018 1112 1017
3 1019 1113 1018
3 1020 1114 1019
3 1021 1115 1020
3 1022 1116 1021
3 1023 1117 1022
3 1024 1118 1023
3 1025 1119 1024
3 1026 1120 1025
3 1027 1121 1026
3 1028 1122 1027
3 1029 1123 1028
3 1030 1124 1029
3 1031 1125 1030
3 1032 1126 1031
3 1033 1127 1032
3 1034 1128 1033
3 1035 1129 1034
3 1036 1130 1035
3 1037 1131 1036
3 1038 1132 1037
3 1039 1133 1038
3 1040 1134 1039
3 1041 1135 1040
3 1042 1136 1041
3 1043 1137 1042
3 1044 1138 1043
3 1045 1139 1044
3 1046 1140 1045
3 1047 1141 1046
3 1048 1142 1047
3 1049 1143 1048
3 1050 1144 1049
3 1051 1145 1050
3 1052 1146 1051
3 1053 1147 1052
3 1054 1148 1053
3 1055 1149 1054
3 1056 1150 1055
3 1057 1151 1056
3 1058 1152 1057
3 1059 1153 1058
3 1060 1154 1059
3 1061 1155 1060
3 1062 1156 1061
3 1063 1157 1062
3 1064 1158 1063
3 1065 1159 1064
3 1066 1160 1065
3 1067 1161 1066
3 1068 1162 1067
3 1069 1163 1068
3 1070 1164 1069
3 1071 1165 1070
3 1072 1166 1071
3 1073 1167 1072
3 1074 1168 1073
3 1075 1169 1074
3 1076 1170 1075
3 1077 1171 1076
3 1078 1172 1077
3 1079 1173 1078
3 1080 1174 1079
3 1081 1175 1080
3 1082 1176 1081
3 1083 1177 1082
3 1084 1178 1083
3 1085 1179 1084
3 1086 1180 1085
3 1090 1182 1089
3 1091 1183 1090
3 1092 1184 1091
3 1093 1185 1092
3 1094 1186 1093
3 1095 1187 1094
3 1096 1188 1095
3 1097 1189 1096
3 1098 1190 1097
3 1099 1191 1098
3 1100 1192 1099
3 1101 1193 1100
3 1102 1194 1101
3 1103 1195 1102
3 1104 1196 1103
3 1105 1197 1104
3 1106 1198 1105
3 1107 1199 1106
3 1108 1200 1107
3 1109 1201 1108
3 1110 1202 1109
3 1111 1203 1110
3 1112 1204 1111
3 1113 1205 1112
3 1114 1206 1113
3 1115 1207 1114
3 1116 1208 1115
3 1117 1209 1116
3 1118 1210 1117
3 1119 1211 1118
3 1120 1212 1119
3 1121 1213 1120
3 1122 1214 1121
3 1123 1215 1122
3 1124 1216 1123
3 1125 1217 1124
3 1126 1218 1125
3 1127 1219 1126
3 1128 1220 1127
3 1129 1221 1128
3 1130 1222 1129
3 1131 1223 1130
3 1132 1224 1131
3 1133 1225 1132
3 1134 1226 1133
3 1135 1227 1134
3 1136 1228 1135
3 1137 1229 1136
3 1138 1230 1137
3 1139 1231 1138
3 1140 1232 1139
3 1141 1233 1140
3 1142 1234 1141
3 1143 1235 1142
3 1144 1236 1143
3 1145 1237 1144
3 1146 1238 1145
3 1147 1239 1146
3 1148 1240 1147
3 1149 1241 1148
3 1150 1242 1149
3 1151 1243 1150
3 1152 1244 1151
3 1153 1245 1152
3 1154 1246 1153
3 1155 1247 1154
3 1156 1248 1155
3 1157 1249 1156
3 1158 1250 1157
3 1159 1251 1158
3 1160 1252 1159
3 1161 1253 1160
3 1162 1254 1161
3 1163 1255 1162
3 1164 1256 1163
3 1165 1257 1164
3 1166 1258 1165
3 1167 1259 1166
3 1168 1260 1167
3 1169 1261 1168
3 1170 1262 1169
3 1171 1263 1170
3 1172 1264 1171
3 1173 1265 1172
3 1174 1266 1173
3 1175 1267 1174
3 1176 1268 1175
3 1177 1269 1176
3 1178 1270 1177
3 1179 1271 1178
3 1180 1272 1179
3 1181 1273 1180
3 1184 1275 1183
3 1185 1276 1184
3 1186 1277 1185
3 1187 1278 1186
3 1188 1279 1187
3 1189 1280 1188
3 1190 1281 1189
3 1191 1282 1190
3 1192 1283 1191
3 1193 1284 1192
3 1194 1285 1193
3 1195 1286 1194
3 1196 1287 1195
3 1197 1288 1196
3 1198 1289 1197
3 1199 1290 1198
3 1200 1291 1199
3 1201 1292 1200
3 1202 1293 1201
3 1203 1294 1202
3 1204 1295 1203
3 1205 1296 1204
3 1206 1297 1205
3 1207 1298 1206
3 1208 1299 1207
3 1209 1300 1208
3 1210 1301 1209
3 1211 1302 1210
3 1212 1303 1211
3 1213 1304 1212
3 1214 1305 1213
3 1215 1306 1214
3 1216 1307 1215
3 1217 1308 1216
3 1218 1309 1217
3 1219 1310 1218
3 1220 1311 1219
3 1221 1312 1220
3 1222 1313 1221
3 1223 1314 1222
3 1224 1315 1223
3 1225 1316 1224
3 1226 1317 1225
3 1227 1318 1226
3 1228 1319 1227
3 1229 1320 1228
3 1230 1321 1229
3 1231 1322 1230
3 1232 1323 1231
3 1233 1324 1232
3 1234 1325 1233
3 1235 1326 1234
3 1236 1327 1235
3 1237 1328 1236
3 1238 1329 1237
3 1239 1330 1238
3 1240 1331 1239
3 1241 1332 1240
3 1242 1333 1241
3 1243 1334 1242
3 1244 1335 1243
3 1245 1336 1244
3 1246 1337 1245
3 1247 1338 1246
3 1248 1339 1247
3 1249 1340 1248
3 1250 1341 1249
3 1251 1342 1250
3 1252 1343 1251
3 1253 1344 1252
3 1254 1345 1253
3 1255 1346 1254
3 1256 1347 1255
3 1257 1348 1256
3 1258 1349 1257
3 1259 1350 1258
3 1260 1351 1259
3 1261 1352 1260
3 1262 1353 1261
3 1263 1354 1262
3 1264 1355 1263
3 1265 1356 1264
3 1266 1357 1265
3 1267 1358 1266
3 1268 1359 1267
3 1269 1360 1268
3 1270 1361 1269
3 1271 1362 1270
3 1272 1363 1271
3 1273 1364 1272
3 1277 1366 1276
3 1278 1367 1277
3 1279 1368 1278
3 1280 1369 1279
3 1281 1370 1280
3 1282 1371 1281
3 1283 1372 1282
3 1284 1373 1283
3 1285 1374 1284
3 1286 1375 1285
3 1287 1376 1286
3 1288 1377 1287
3 1289 1378 1288
3 1290 1379 1289
3 1291 1380 1290
3 1292 1381 1291
3 1293 1382 1292
3 1294 1383 1293
3 1295 1384 1294
3 1296 1385 1295
3 1297 1386 1296
3 1298 1387 1297
3 1299 1388 1298
3 1300 1389 1299
3 1301 1390 1300
3 1302 1391 1301
3 1303 1392 1302
3 1304 1393 1303
3 1305 1394 1304
3 1306 1395 1305
3 1307 1396 1306
3 1308 1397 1307
3 1309 1398 1308
3 1310 1399 1309
3 1311 1400 1310
3 1312 1401 1311
3 1313 1402 1312
3 1314 1403 1313
3 1315 1404 1314
3 1316 1405 1315
3 1317 1406 1316
3 1318 1407 1317
3 1319 1408 1318
3 1320 1409 1319
3 1321 1410 1320
3 1322 1411 1321
3 1323 1412 1322
3 1324 1413 1323
3 1325 1414 1324
3 1326 1415 1325
3 1327 1416 1326
3 1328 1417 1327
3 1329 1418 1328
3 1330 1419 1329
3 1331 1420 1330
3 1332 1421 1331
3 1333 1422 1332
3 1334 1423 1333
3 1335 1424 1334
3 1336 1425 1335
3 1337 1426 1336
3 1338 1427 1337
3 1339 1428 1338
3 1340 1429 1339
3 1341 1430 1340
3 1342 1431 1341
3 1343 1432 1342
3 1344 1433 1343
3 1345 1434 1344
3 1346 1435 1345
3 1347 1436 1346
3 1348 1437 1347
3 1349 1438 1348
3 1350 1439 1349
3 1351 1440 1350
3 1352 1441 1351
3 1353 1442 1352
3 1354 1443 1353
3 1355 1444 1354
3 1356 1445 1355
3 1357 1446 1356
3 1358 1447 1357
3 1359 1448 1358
3 1360 1449 1359
3 1361 1450 1360
3 1362 1451 1361
3 1363 1452 1362
3 1364 1453 1363
3 1365 1454 1364
3 1369 1456 1368
3 1370 1457 1369
3 1371 1458 1370
3 1372 1459 1371
3 1373 1460 1372
3 1374 1461 1373
3 1375 1462 1374
3 1376 1463 1375
3 1377 1464 1376
3 1378 1465 1377
3 1379 1466 1378
3 1380 1467 1379
3 1381 1468 1380
3 1382 1469 1381
3 1383 1470 1382
3 1384 1471 1383
3 1385 1472 1384
3 1386 1473 1385
3 1387 1474 1386
3 1388 1475 1387
3 1389 1476 1388
3 1390 1477 1389
3 1391 1478 1390
3 1392 1479 1391
3 1393 1480 1392
3 1394 1481 1393
3 1395 1482 1394
3 1396 1483 1395
3 1397 1484 1396
3 1398 1485 1397
3 1399 1486 1398
3 1400 1487 1399
3 1401 1488 1400
3 1402 1489 1401
3 1403 1490 1402
3 1404 1491 1403
3 1405 1492 1404
3 1406 1493 1405
3 1407 1494 1406
3 1408 1495 1407
3 1409 1496 1408
3 1410 1497 1409
3 1411 1498 1410
3 1412 1499 1411
3 1413 1500 1412
3 1414 1501 1413
3 1415 1502 1414
3 1416 1503 1415
3 1417 1504 1416
3 1418 1505 1417
3 1419 1506 1418
3 1420 1507 1419
3 1421 1508 1420
3 1422 1509 1421
3 1423 1510 1422
3 1424 1511 1423
3 1425 1512 1424
3 1426 1513 1425
3 1427 1514 1426
3 1428 1515 1427
3 1429 1516 1428
3 1430 1517 1429
3 1431 1518 1430
3 1432 1519 1431
3 1433 1520 1432
3 1434 1521 1433
3 1435 1522 1434
3 1436 1523 1435
3 1437 1524 1436
3 1438 1525 1437
3 1439 1526 1438
3 1440 1527 1439
3 1441 1528 1440
3 1442 1529 1441
3 1443 1530 1442
3 1444 1531 1443
3 1445 1532 1444
3 1446 1533 1445
3 1447 1534 1446
3 1448 1535 1447
3 1449 1536 1448
3 1450 1537 1449
3 1451 1538 1450
3 1452 1539 1451
3 1453 1540 1452
3 1454 1541 1453
3 1455 1542 1454
3 1458 1544 1457
3 1459 1545 1458
3 1460 1546 1459
3 1461 1547 1460
3 1462 1548 1461
3 1463 1549 1462
3 1464 1550 1463
3 1465 1551 1464
3 1466 1552 1465
3 1467 1553 1466
3 1468 1554 1467
3 1469 1555 1468
3 1470 1556 1469
3 1471 1557 1470
3 1472 1558 1471
3 1473 1559 1472
3 1474 1560 1473
3 1475 1561 1474
3 1476 1562 1475
3 1477 1563 1476
3 1478 1564 1477
3 1479 1565 1478
3 1480 1566 1479
3 1481 1567 1480
3 1482 1568 1481
3 1483 1569 1482
3 1484 1570 1483
3 1485 1571 1484
3 1486 1572 1485
3 1487 1573 1486
3 1488 1574 1487
3 1489 1575 1488
3 1490 1576 1489
3 1491 1577 1490
3 1492 1578 1491
3 1493 1579 1492
3 1494 1580 1493
3 1495 1581 1494
3 1496 1582 1495
3 1497 1583 1496
3 1498 1584 1497
3 1499 1585 1498
3 1500 1586 1499
3 1501 1587 1500
3 1502 1588 1501
3 1503 1589 1502
3 1504 1590 1503
3 1505 1591 1504
3 1506 1592 1505
3 1507 1593 1506
3 1508 1594 1507
3 1509 1595 1508
3 1510 1596 1509
3 1511 1597 1510
3 1512 1598 1511
3 1513 1599 1512
3 1514 1600 1513
3 1515 1601 1514
3 1516 1602 1515
3 1517 1603 1516
3 1518 1604 1517
3 1519 1605 1518
3 1520 1606 1519
3 1521 1607 1520
3 1522 1608 1521
3 1523 1609 1522
3 1524 1610 1523
3 1525 1611 1524
3 1526 1612 1525
3 1527 1613 1526
3 1528 1614 1527
3 1529 1615 1528
3 1530 1616 1529
3 1531 1617 1530
3 1532 1618 1531
3 1533 1619 1532
3 1534 1620 1533
3 1535 1621 1534
3 1536 1622 1535
3 1537 1623 1536
3 1538 1624 1537
3 1539 1625 1538
3 1540 1626 1539
3 1541 1627 1540
3 1542 1628 1541
3 1546 1630 1545
3 1547 1631 1546
3 1548 1632 1547
3 1549 1633 1548
3 1550 1634 1549
3 1551 1635 1550
3 1552 1636 1551
3 1553 1637 1552
3 1554 1638 1553
3 1555 1639 1554
3 1556 1640 1555
3 1557 1641 1556
3 1558 1642 1557
3 1559 1643 1558
3 1560 1644 1559
3 1561 1645 1560
3 1562 1646 1561
3 1563 1647 1562
3 1564 1648 1563
3 1565 1649 1564
3 1566 1650 1565
3 1567 1651 1566
3 1568 1652 1567
3 1569 1653 1568
3 1570 1654 1569
3 1571 1655 1570
3 1572 1656 1571
3 1573 1657 1572
3 1574 1658 1573
3 1575 1659 1574
3 1576 1660 1575
3 1577 1661 1576
3 1578 1662 1577
3 1579 1663 1578
3 1580 1664 1579
3 1581 1665 1580
3 1582 1666 1581
3 1583 1667 1582
3 1584 1668 1583
3 1585 1669 1584
3 1586 1670 1585
3 1587 1671 1586
3 1588 1672 1587
3 1589 1673 1588
3 1590 1674 1589
3 1591 1675 1590
3 1592 1676 1591
3 1593 1677 1592
3 1594 1678 1593
3 1595 1679 1594
3 1596 1680 1595
3 1597 1681 1596
3 1598 1682 1597
3 1599 1683 1598
3 1600 1684 1599
3 1601 1685 1600
3 1602 1686 1601
3 1603 1687 1602
3 1604 1688 1603
3 1605 1689 1604
3 1606 1690 1605
3 1607 1691 1606
3 1608 1692 1607
3 1609 1693 1608
3 1610 1694 1609
3 1611 1695 1610
3 1612 1696 1611
3 1613 1697 1612
3 1614 1698 1613
3 1615 1699 1614
3 1616 1700 1615
3 1617 1701 1616
3 1618 1702 1617
3 1619 1703 1618
3 1620 1704 1619
3 1621 1705 1620
3 1622 1706 1621
3 1623 1707 1622
3 1624 1708 1623
3 1625 1709 1624
3 1626 1710 1625
3 1627 1711 1626
3 1628 1712 1627
3 1629 1713 1628
3 1633 1715 1632
3 1634 1716 1633
3 1635 1717 1634
3 1636 1718 1635
3 1637 1719 1636
3 1638 1720 1637
3 1639 1721 1638
3 1640 1722 1639
3 1641 1723 1640
3 1642 1724 1641
3 1643 1725 1642
3 1644 1726 1643
3 1645 1727 1644
3 1646 1728 1645
3 1647 1729 1646
3 1648 1730 1647
3 1649 1731 1648
3 1650 1732 1649
3 1651 1733 1650
3 1652 1734 1651
3 1653 1735 1652
3 1654 1736 1653
3 1655 1737 1654
3 1656 1738 1655
3 1657 1739 1656
3 1658 1740 1657
3 1659 1741 1658
3 1660 1742 1659
3 1661 1743 1660
3 1662 1744 1661
3 1663 1745 1662
3 1664 1746 1663
3 1665 1747 1664
3 1666 1748 1665
3 1667 1749 1666
3 1668 1750 1667
3 1669 1751 1668
3 1670 1752 1669
3 1671 1753 1670
3 1672 1754 1671
3 1673 1755 1672
3 1674 1756 1673
3 1675 1757 1674
3 1676 1758 1675
3 1677 1759 1676
3 1678 1760 1677
3 1679 1761 1678
3 1680 1762 1679
3 1681 1763 1680
3 1682 1764 1681
3 1683 1765 1682
3 1684 1766 1683
3 1685 1767 1684
3 1686 1768 1685
3 1687 1769 1686
3 1688 1770 1687
3 1689 1771 1688
3 1690 1772 1689
3 1691 1773 1690
3 1692 1774 1691
3 1693 1775 1692
3 1694 1776 1693
3 1695 1777 1694
3 1696 1778 1695
3 1697 1779 1696
3 1698 1780 1697
3 1699 1781 1698
3 1700 1782 1699
3 1701 1783 1700
3 1702 1784 1701
3 1703 1785 1702
3 1704 1786 1703
3 1705 1787 1704
3 1706 1788 1705
3 1707 1789 1706
3 1708 1790 1707
3 1709 1791 1708
3 1710 1792 1709
3 1711 1793 1710
3 1712 1794 1711
3 1713 1795 1712
3 1714 1796 1713
3 1717 1798 1716
3 1718 1799 1717
3 1719 1800 1718
3 1720 1801 1719
3 1721 1802 1720
3 1722 1803 1721
3 1723 1804 1722
3 1724 1805 1723
3 1725 1806 1724
3 1726 1807 1725
3 1727 1808 1726
3 1728 1809 1727
3 1729 1810 1728
3 1730 1811 1729
3 1731 1812 1730
3 1732 1813 1731
3 1733 1814 1732
3 1734 1815 1733
3 1735 1816 1734
3 1736 1817 1735
3 1737 1818 1736
3 1738 1819 1737
3 1739 1820 1738
3 1740 1821 1739
3 1741 1822 1740
3 1742 1823 1741
3 1743 1824 1742
3 1744 1825 1743
3 1745 1826 1744
3 1746 1827 1745
3 1747 1828 1746
3 1748 1829 1747
3 1749 1830 1748
3 1750 1831 1749
3 1751 1832 1750
3 1752 1833 1751
3 1753 1834 1752
3 1754 1835 1753
3 1755 1836 1754
3 1756 1837 1755
3 1757 1838 1756
3 1758 1839 1757
3 1759 1840 1758
3 1760 1841 1759
3 1761 1842 1760
3 1762 1843 1761
3 1763 1844 1762
3 1764 1845 1763
3 1765 1846 1764
3 1766 1847 1765
3 1767 1848 1766
3 1768 1849 1767
3 1769 1850 1768
3 1770 1851 1769
3 1771 1852 1770
3 1772 1853 1771
3 1773 1854 1772
3 1774 1855 1773
3 1775 1856 1774
3 1776 1857 1775
3 1777 1858 1776
3 1778 1859 1777
3 1779 1860 1778
3 1780 1861 1779
3 1781 1862 1780
3 1782 1863 1781
3 1783 1864 1782
3 1784 1865 1783
3 1785 1866 1784
3 1786 1867 1785
3 1787 1868 1786
3 1788 1869 1787
3 1789 1870 1788
3 1790 1871 1789
3 1791 1872 1790
3 1792 1873 1791
3 1793 1874 1792
3 1794 1875 1793
3 1795 1876 1794
3 1796 1877 1795
3 1800 1879 1799
3 1801 1880 1800
3 1802 1881 1801
3 1803 1882 1802
3 1804 1883 1803
3 1805 1884 1804
3 1806 1885 1805
3 1807 1886 1806
3 1808 1887 1807
3 1809 1888 1808
3 1810 1889 1809
3 1811 1890 1810
3 1812 1891 1811
3 1813 1892 1812
3 1814 1893 1813
3 1815 1894 1814
3 1816 1895 1815
3 1817 1896 1816
3 1818 1897 1817
3 1819 1898 1818
3 1820 1899 1819
3 1821 1900 1820
3 1822 1901 1821
3 1823 1902 1822
3 1824 1903 1823
3 1825 1904 1824
3 1826 1905 1825
3 1827 1906 1826
3 1828 1907 1827
3 1829 1908 1828
3 1830 1909 1829
3 1831 1910 1830
3 1832 1911 1831
3 1833 1912 1832
3 1834 1913 1833
3 1835 1914 1834
3 1836 1915 1835
3 1837 1916 1836
3 1838 1917 1837
3 1839 1918 1838
3 1840 1919 1839
3 1841 1920 1840
3 1842 1921 1841
3 1843 1922 1842
3 1844 1923 1843
3 1845 1924 1844
3 1846 1925 1845
3 1847 1926 1846
3 1848 1927 1847
3 1849 1928 1848
3 1850 1929 1849
3 1851 1930 1850
3 1852 1931 1851
3 1853 1932 1852
3 1854 1933 1853
3 1855 1934 1854
3 1856 1935 1855
3 1857 1936 1856
3 1858 1937 1857
3 1859 1938 1858
3 1860 1939 1859
3 1861 1940 1860
3 1862 1941 1861
3 1863 1942 1862
3 1864 1943 1863
3 1865 1944 1864
3 1866 1945 1865
3 1867 1946 1866
3 1868 1947 1867
3 1869 1948 1868
3 1870 1949 1869
3 1871 1950 1870
3 1872 1951 1871
3 1873 1952 1872
3 1874 1953 1873
3 1875 1954 1874
3 1876 1955 1875
3 1877 1956 1876
3 1878 1957 1877
3 1881 1959 1880
3 1882 1960 1881
3 1883 1961 1882
3 1884 1962 1883
3 1885 1963 1884
3 1886 1964 1885
3 1887 1965 1886
3 1888 1966 1887
3 1889 1967 1888
3 1890 1968 1889
3 1891 1969 1890
3 1892 1970 1891
3 1893 1971 1892
3 1894 1972 1893
3 1895 1973 1894
3 1896 1974 1895
3 1897 1975 1896
3 1898 1976 1897
3 1899 1977 1898
3 1900 1978 1899
3 1901 1979 1900
3 1902 1980 1901
3 1903 1981 1902
3 1904 1982 1903
3 1905 1983 1904
3 1906 1984 1905
3 1907 1985 1906
3 1908 1986 1907
3 1909 1987 1908
3 1910 1988 1909
3 1911 1989 1910
3 1912 1990 1911
3 1913 1991 1912
3 1914 1992 1913
3 1915 1993 1914
3 1916 1994 1915
3 1917 1995 1916
3 1918 1996 1917
3 1919 1997 1918
3 1920 1998 1919
3 1921 1999 1920
3 1922 2000 1921
3 1923 2001 1922
3 1924 2002 1923
3 1925 2003 1924
3 1926 2004 1925
3 1927 2005 1926
3 1928 2006 1927
3 1929 2007 1928
3 1930 2008 1929
3 1931 2009 1930
3 1932 2010 1931
3 1933 2011 1932
3 1934 2012 1933
3 1935 2013 1934
3 1936 2014 1935
3 1937 2015 1936
3 1938 2016 1937
3 1939 2017 1938
3 1940 2018 1939
3 1941 2019 1940
3 1942 2020 1941
3 1943 2021 1942
3 1944 2022 1943
3 1945 2023 1944
3 1946 2024 1945
3 1947 2025 1946
3 1948 2026 1947
3 1949 2027 1948
3 1950 2028 1949
3 1951 2029 1950
3 1952 2030 1951
3 1953 2031 1952
3 1954 2032 1953
3 1955 2033 1954
3 1956 2034 1955
3 1957 2035 1956
3 1961 2037 1960
3 1962 2038 1961
3 1963 2039 1962
3 1964 2040 1963
3 1965 2041 1964
3 1966 2042 1965
3 1967 2043 1966
3 1968 2044 1967
3 1969 2045 1968
3 1970 2046 1969
3 1971 2047 1970
3 1972 2048 1971
3 1973 2049 1972
3 1974 2050 1973
3 1975 2051 1974
3 1976 2052 1975
3 1977 2053 1976
3 1978 2054 1977
3 1979 2055 1978
3 1980 2056 1979
3 1981 2057 1980
3 1982 2058 1981
3 1983 2059 1982
3 1984 2060 1983
3 1985 2061 1984
3 1986 2062 1985
3 1987 2063 1986
3 1988 2064 1987
3 1989 2065 1988
3 1990 2066 1989
3 1991 2067 1990
3 1992 2068 1991
3 1993 2069 1992
3 1994 2070 1993
3 1995 2071 1994
3 1996 2072 1995
3 1997 2073 1996
3 1998 2074 1997
3 1999 2075 1998
3 2000 2076 1999
3 2001 2077 2000
3 2002 2078 2001
3 2003 2079 2002
3 2004 2080 2003
3 2005 2081 2004
3 2006 2082 2005
3 2007 2083 2006
3 2008 2084 2007
3 2009 2085 2008
3 2010 2086 2009
3 2011 2087 2010
3 2012 2088 2011
3 2013 2089 2012
3 2014 2090 2013
3 2015 2091 2014
3 2016 2092 2015
3 2017 2093 2016
3 2018 2094 2017
3 2019 2095 2018
3 2020 2096 2019
3 2021 2097 2020
3 2022 2098 2021
3 2023 2099 2022
3 2024 2100 2023
3 2025 2101 2024
3 2026 2102 2025
3 2027 2103 2026
3 2028 2104 2027
3 2029 2105 2028
3 2030 2106 2029
3 2031 2107 2030
3 2032 2108 2031
3 2033 2109 2032
3 2034 2110 2033
3 2035 2111 2034
3 2036 2112 2035
3 2039 2114 2038
3 2040 2115 2039
3 2041 2116 2040
3 2042 2117 2041
3 2043 2118 2042
3 2044 2119 2043
3 2045 2120 2044
3 2046 2121 2045
3 2047 2122 2046
3 2048 2123 2047
3 2049 2124 2048
3 2050 2125 2049
3 2051 2126 2050
3 2052 2127 2051
3 2053 2128 2052
3 2054 2129 2053
3 2055 2130 2054
3 2056 2131 2055
3 2057 2132 2056
3 2058 2133 2057
3 2059 2134 2058
3 2060 2135 2059
3 2061 2136 2060
3 2062 2137 2061
3 2063 2138 2062
3 2064 2139 2063
3 2065 2140 2064
3 2066 2141 2065
3 2067 2142 2066
3 2068 2143 2067
3 2069 2144 2068
3 2070 2145 2069
3 2071 2146 2070
3 2072 2147 2071
3 2073 2148 2072
3 2074 2149 2073
3 2075 2150 2074
3 2076 2151 2075
3 2077 2152 2076
3 2078 2153 2077
3 2079 2154 2078
3 2080 2155 2079
3 2081 2156 2080
3 2082 2157 2081
3 2083 2158 2082
3 2084 2159 2083
3 2085 2160 2084
3 2086 2161 2085
3 2087 2162 2086
3 2088 2163 2087
3 2089 2164 2088
3 2090 2165 2089
3 2091 2166 2090
3 2092 2167 2091
3 2093 2168 2092
3 2094 2169 2093
3 2095 2170 2094
3 2096 2171 2095
3 2097 2172 2096
3 2098 2173 2097
3 2099 2174 2098
3 2100 2175 2099
3 2101 2176 2100
3 2102 2177 2101
3 2103 2178 2102
3 2104 2179 2103
3 2105 2180 2104
3 2106 2181 2105
3 2107 2182 2106
3 2108 2183 2107
3 2109 2184 2108
3 2110 2185 2109
3 2111 2186 2110
3 2112 2187 2111
3 2113 2188 2112
3 2116 2190 2115
3 2117 2191 2116
3 2118 2192 2117
3 2119 2193 2118
3 2120 2194 2119
3 2121 2195 2120
3 2122 2196 2121
3 2123 2197 2122
3 2124 2198 2123
3 2125 2199 2124
3 2126 2200 2125
3 2127 2201 2126
3 2128 2202 2127
3 2129 2203 2128
3 2130 2204 2129
3 2131 2205 2130
3 2132 2206 2131
3 2133 2207 2132
3 2134 2208 2133
3 2135 2209 2134
3 2136 2210 2135
3 2137 2211 2136
3 2138 2212 2137
3 2139 2213 2138
3 2140 2214 2139
3 2141 2215 2140
3 2142 2216 2141
3 2143 2217 2142
3 2144 2218 2143
3 2145 2219 2144
3 2146 2220 2145
3 2147 2221 2146
3 2148 2222 2147
3 2149 2223 2148
3 2150 2224 2149
3 2151 2225 2150
3 2152 2226 2151
3 2153 2227 2152
3 2154 2228 2153
3 2155 2229 2154
3 2156 2230 2155
3 2157 2231 2156
3 2158 2232 2157
3 2159 2233 2158
3 2160 2234 2159
3 2161 2235 2160
3 2162 2236 2161
3 2163 2237 2162
3 2164 2238 2163
3 2165 2239 2164
3 2166 2240 2165
3 2167 2241 2166
3 2168 2242 2167
3 2169 2243 2168
3 2170 2244 2169
3 2171 2245 2170
3 2172 2246 2171
3 2173 2247 2172
3 2174 2248 2173
3 2175 2249 2174
3 2176 2250 2175
3 2177 2251 2176
3 2178 2252 2177
3 2179 2253 2178
3 2180 2254 2179
3 2181 2255 2180
3 2182 2256 2181
3 2183 2257 2182
3 2184 2258 2183
3 2185 2259 2184
3 2186 2260 2185
3 2187 2261 2186
3 2188 2262 2187
3 2189 2263 2188
3 2193 2265 2192
3 2194 2266 2193
3 2195 2267 2194
3 2196 2268 2195
3 2197 2269 2196
3 2198 2270 2197
3 2199 2271 2198
3 2200 2272 2199
3 2201 2273 2200
3 2202 2274 2201
3 2203 2275 2202
3 2204 2276 2203
3 2205 2277 2204
3 2206 2278 2205
3 2207 2279 2206
3 2208 2280 2207
3 2209 2281 2208
3 2210 2282 2209
3 2211 2283 2210
3 2212 2284 2211
3 2213 2285 2212
3 2214 2286 2213
3 2215 2287 2214
3 2216 2288 2215
3 2217 2289 2216
3 2218 2290 2217
3 2219 2291 2218
3 2220 2292 2219
3 2221 2293 2220
3 2222 2294 2221
3 2223 2295 2222
3 2224 2296 2223
3 2225 2297 2224
3 2226 2298 2225
3 2227 2299 2226
3 2228 2300 2227
3 2229 2301 2228
3 2230 2302 2229
3 2231 2303 2230
3 2232 2304 2231
3 2233 2305 2232
3 2234 2306 2233
3 2235 2307 2234
3 2236 2308 2235
3 2237 2309 2236
3 2238 2310 2237
3 2239 2311 2238
3 2240 2312 2239
3 2241 2313 2240
3 2242 2314 2241
3 2243 2315 2242
3 2244 2316 2243
3 2245 2317 2244
3 2246 2318 2245
3 2247 2319 2246
3 2248 2320 2247
3 2249 2321 2248
3 2250 2322 2249
3 2251 2323 2250
3 2252 2324 2251
3 2253 2325 2252
3 2254 2326 2253
3 2255 2327 2254
3 2256 2328 2255
3 2257 2329 2256
3 2258 2330 2257
3 2259 2331 2258
3 2260 2332 2259
3 2261 2333 2260
3 2262 2334 2261
3 2263 2335 2262
3 2267 2337 2266
3 2268 2338 2267
3 2269 2339 2268
3 2270 2340 2269
3 2271 2341 2270
3 2272 2342 2271
3 2273 2343 2272
3 2274 2344 2273
3 2275 2345 2274
3 2276 2346 2275
3 2277 2347 2276
3 2278 2348 2277
3 2279 2349 2278
3 2280 2350 2279
3 2281 2351 2280
3 2282 2352 2281
3 2283 2353 2282
3 2284 2354 2283
3 2285 2355 2284
3 2286 2356 2285
3 2287 2357 2286
3 2288 2358 2287
3 2289 2359 2288
3 2290 2360 2289
3 2291 2361 2290
3 2292 2362 2291
3 2293 2363 2292
3 2294 2364 2293
3 2295 2365 2294
3 2296 2366 2295
3 2297 2367 2296
3 2298 2368 2297
3 2299 2369 2298
3 2300 2370 2299
3 2301 2371 2300
3 2302 2372 2301
3 2303 2373 2302
3 2304 2374 2303
3 2305 2375 2304
3 2306 2376 2305
3 2307 2377 2306
3 2308 2378 2307
3 2309 2379 2308
3 2310 2380 2309
3 2311 2381 2310
3 2312 2382 2311
3 2313 2383 2312
3 2314 2384 2313
3 2315 2385 2314
3 2316 2386 2315
3 2317 2387 2316
3 2318 2388 2317
3 2319 2389 2318
3 2320 2390 2319
3 2321 2391 2320
3 2322 2392 2321
3 2323 2393 2322
3 2324 2394 2323
3 2325 2395 2324
3 2326 2396 2325
3 2327 2397 2326
3 2328 2398 2327
3 2329 2399 2328
3 2330 2400 2329
3 2331 2401 2330
3 2332 2402 2331
3 2333 2403 2332
3 2334 2404 2333
3 2335 2405 2334
3 2336 2406 2335
3 2340 2408 2339
3 2341 2409 2340
3 2342 2410 2341
3 2343 2411 2342
3 2344 2412 2343
3 2345 2413 2344
3 2346 2414 2345
3 2347 2415 2346
3 2348 2416 2347
3 2349 2417 2348
3 2350 2418 2349
3 2351 2419 2350
3 2352 2420 2351
3 2353 2421 2352
3 2354 2422 2353
3 2355 2423 2354
3 2356 2424 2355
3 2357 2425 2356
3 2358 2426 2357
3 2359 2427 2358
3 2360 2428 2359
3 2361 2429 2360
3 2362 2430 2361
3 2363 2431 2362
3 2364 2432 2363
3 2365 2433 2364
3 2366 2434 2365
3 2367 2435 2366
3 2368 2436 2367
3 2369 2437 2368
3 2370 2438 2369
3 2371 2439 2370
3 2372 2440 2371
3 2373 2441 2372
3 2374 2442 2373
3 2375 2443 2374
3 2376 2444 2375
3 2377 2445 2376
3 2378 2446 2377
3 2379 2447 2378
3 2380 2448 2379
3 2381 2449 2380
3 2382 2450 2381
3 2383 2451 2382
3 2384 2452 2383
3 2385 2453 2384
3 2386 2454 2385
3 2387 2455 2386
3 2388 2456 2387
3 2389 2457 2388
3 2390 2458 2389
3 2391 2459 2390
3 2392 2460 2391
3 2393 2461 2392
3 2394 2462 2393
3 2395 2463 2394
3 2396 2464 2395
3 2397 2465 2396
3 2398 2466 2397
3 2399 2467 2398
3 2400 2468 2399
3 2401 2469 2400
3 2402 2470 2401
3 2403 2471 2402
3 2404 2472 2403
3 2405 2473 2404
3 2406 2474 2405
3 2410 2476 2409
3 2411 2477 2410
3 2412 2478 2411
3 2413 2479 2412
3 2414 2480 2413
3 2415 2481 2414
3 2416 2482 2415
3 2417 2483 2416
3 2418 2484 2417
3 2419 2485 2418
3 2420 2486 2419
3 2421 2487 2420
3 2422 2488 2421
3 2423 2489 2422
3 2424 2490 2423
3 2425 2491 2424
3 2426 2492 2425
3 2427 2493 2426
3 2428 2494 2427
3 2429 2495 2428
3 2430 2496 2429
3 2431 2497 2430
3 2432 2498 2431
3 2433 2499 2432
3 2434 2500 2433
3 2435 2501 2434
3 2436 2502 2435
3 2437 2503 2436
3 2438 2504 2437
3 2439 2505 2438
3 2440 2506 2439
3 2441 2507 2440
3 2442 2508 2441
3 2443 2509 2442
3 2444 2510 2443
3 2445 2511 2444
3 2446 2512 2445
3 2447 2513 2446
3 2448 2514 2447
3 2449 2515 2448
3 2450 2516 2449
3 2451 2517 2450
3 2452 2518 2451
3 2453 2519 2452
3 2454 2520 2453
3 2455 2521 2454
3 2456 2522 2455
3 2457 2523 2456
3 2458 2524 2457
3 2459 2525 2458
3 2460 2526 2459
3 2461 2527 2460
3 2462 2528 2461
3 2463 2529 2462
3 2464 2530 2463
3 2465 2531 2464
3 2466 2532 2465
3 2467 2533 2466
3 2468 2534 2467
3 2469 2535 2468
3 2470 2536 2469
3 2471 2537 2470
3 2472 2538 2471
3 2473 2539 2472
3 2474 2540 2473
3 2475 2541 2474
3 2478 2543 2477
3 2479 2544 2478
3 2480 2545 2479
3 2481 2546 2480
3 2482 2547 2481
3 2483 2548 2482
3 2484 2549 2483
3 2485 2550 2484
3 2486 2551 2485
3 2487 2552 2486
3 2488 2553 2487
3 2489 2554 2488
3 2490 2555 2489
3 2491 2556 2490
3 2492 2557 2491
3 2493 2558 2492
3 2494 2559 2493
3 2495 2560 2494
3 2496 2561 2495
3 2497 2562 2496
3 2498 2563 2497
3 2499 2564 2498
3 2500 2565 2499
3 2501 2566 2500
3 2502 2567 2501
3 2503 2568 2502
3 2504 2569 2503
3 2505 2570 2504
3 2506 2571 2505
3 2507 2572 2506
3 2508 2573 2507
3 2509 2574 2508
3 2510 2575 2509
3 2511 2576 2510
3 2512 2577 2511
3 2513 2578 2512
3 2514 2579 2513
3 2515 2580 2514
3 2516 2581 2515
3 2517 2582 2516
3 2518 2583 2517
3 2519 2584 2518
3 2520 2585 2519
3 2521 2586 2520
3 2522 2587 2521
3 2523 2588 2522
3 2524 2589 2523
3 2525 2590 2524
3 2526 2591 2525
3 2527 2592 2526
3 2528 2593 2527
3 2529 2594 2528
3 2530 2595 2529
3 2531 2596 2530
3 2532 2597 2531
3 2533 2598 2532
3 2534 2599 2533
3 2535 2600 2534
3 2536 2601 2535
3 2537 2602 2536
3 2538 2603 2537
3 2539 2604 2538
3 2540 2605 2539
3 2541 2606 2540
3 2545 2608 2544
3 2546 2609 2545
3 2547 2610 2546
3 2548 2611 2547
3 2549 2612 2548
3 2550 2613 2549
3 2551 2614 2550
3 2552 2615 2551
3 2553 2616 2552
3 2554 2617 2553
3 2555 2618 2554
3 2556 2619 2555
3 2557 2620 2556
3 2558 2621 2557
3 2559 2622 2558
3 2560 2623 2559
3 2561 2624 2560
3 2562 2625 2561
3 2563 2626 2562
3 2564 2627 2563
3 2565 2628 2564
3 2566 2629 2565
3 2567 2630 2566
3 2568 2631 2567
3 2569 2632 2568
3 2570 2633 2569
3 2571 2634 2570
3 2572 2635 2571
3 2573 2636 2572
3 2574 2637 2573
3 2575 2638 2574
3 2576 2639 2575
3 2577 2640 2576
3 2578 2641 2577
3 2579 2642 2578
3 2580 2643 2579
3 2581 2644 2580
3 2582 2645 2581
3 2583 2646 2582
3 2584 2647 2583
3 2585 2648 2584
3 2586 2649 2585
3 2587 2650 2586
3 2588 2651 2587
3 2589 2652 2588
3 2590 2653 2589
3 2591 2654 2590
3 2592 2655 2591
3 2593 2656 2592
3 2594 2657 2593
3 2595 2658 2594
3 2596 2659 2595
3 2597 2660 2596
3 2598 2661 2597
3 2599 2662 2598
3 2600 2663 2599
3 2601 2664 2600
3 2602 2665 2601
3 2603 2666 2602
3 2604 2667 2603
3 2605 2668 2604
3 2606 2669 2605
3 2607 2670 2606
3 2610 2672 2609
3 2611 2673 2610
3 2612 2674 2611
3 2613 2675 2612
3 2614 2676 2613
3 2615 2677 2614
3 2616 2678 2615
3 2617 2679 2616
3 2618 2680 2617
3 2619 2681 2618
3 2620 2682 2619
3 2621 2683 2620
3 2622 2684 2621
3 2623 2685 2622
3 2624 2686 2623
3 2625 2687 2624
3 2626 2688 2625
3 2627 2689 2626
3 2628 2690 2627
3 2629 2691 2628
3 2630 2692 2629
3 2631 2693 2630
3 2632 2694 2631
3 2633 2695 2632
3 2634 2696 2633
3 2635 2697 2634
3 2636 2698 2635
3 2637 2699 2636
3 2638 2700 2637
3 2639 2701 2638
3 2640 2702 2639
3 2641 2703 2640
3 2642 2704 2641
3 2643 2705 2642
3 2644 2706 2643
3 2645 2707 2644
3 2646 2708 2645
3 2647 2709 2646
3 2648 2710 2647
3 2649 2711 2648
3 2650 2712 2649
3 2651 2713 2650
3 2652 2714 2651
3 2653 2715 2652
3 2654 2716 2653
3 2655 2717 2654
3 2656 2718 2655
3 2657 2719 2656
3 2658 2720 2657
3 2659 2721 2658
3 2660 2722 2659
3 2661 2723 2660
3 2662 2724 2661
3 2663 2725 2662
3 2664 2726 2663
3 2665 2727 2664
3 2666 2728 2665
3 2667 2729 2666
3 2668 2730 2667
3 2669 2731 2668
3 2670 2732 2669
3 2674 2734 2673
3 2675 2735 2674
3 2676 2736 2675
3 2677 2737 2676
3 2678 2738 2677
3 2679 2739 2678
3 2680 2740 2679
3 2681 2741 2680
3 2682 2742 2681
3 2683 2743 2682
3 2684 2744 2683
3 2685 2745 2684
3 2686 2746 2685
3 2687 2747 2686
3 2688 2748 2687
3 2689 2749 2688
3 2690 2750 2689
3 2691 2751 2690
3 2692 2752 2691
3 2693 2753 2692
3 2694 2754 2693
3 2695 2755 2694
3 2696 2756 2695
3 2697 2757 2696
3 2698 2758 2697
3 2699 2759 2698
3 2700 2760 2699
3 2701 2761 2700
3 2702 2762 2701
3 2703 2763 2702
3 2704 2764 2703
3 2705 2765 2704
3 2706 2766 2705
3 2707 2767 2706
3 2708 2768 2707
3 2709 2769 2708
3 2710 2770 2709
3 2711 2771 2710
3 2712 2772 2711
3 2713 2773 2712
3 2714 2774 2713
3 2715 2775 2714
3 2716 2776 2715
3 2717 2777 2716
3 2718 2778 2717
3 2719 2779 2718
3 2720 2780 2719
3 2721 2781 2720
3 2722 2782 2721
3 2723 2783 2722
3 2724 2784 2723
3 2725 2785 2724
3 2726 2786 2725
3 2727 2787 2726
3 2728 2788 2727
3 2729 2789 2728
3 2730 2790 2729
3 2731 2791 2730
3 2732 2792 2731
3 2733 2793 2732
3 2735 2795 2734
3 2736 2796 2735
3 2737 2797 2736
3 2738 2798 2737
3 2739 2799 2738
3 2740 2800 2739
3 2741 2801 2740
3 2742 2802 2741
3 2743 2803 2742
3 2744 2804 2743
3 2745 2805 2744
3 2746 2806 2745
3 2747 2807 2746
3 2748 2808 2747
3 2749 2809 2748
3 2750 2810 2749
3 2751 2811 2750
3 2752 2812 2751
3 2753 2813 2752
3 2754 2814 2753
3 2755 2815 2754
3 2756 2816 2755
3 2757 2817 2756
3 2758 2818 2757
3 2759 2819 2758
3 2760 2820 2759
3 2761 2821 2760
3 2762 2822 2761
3 2763 2823 2762
3 2764 2824 2763
3 2765 2825 2764
3 2766 2826 2765
3 2767 2827 2766
3 2768 2828 2767
3 2769 2829 2768
3 2770 2830 2769
3 2771 2831 2770
3 2772 2832 2771
3 2773 2833 2772
3 2774 2834 2773
3 2775 2835 2774
3 2776 2836 2775
3 2777 2837 2776
3 2778 2838 2777
3 2779 2839 2778
3 2780 2840 2779
3 2781 2841 2780
3 2782 2842 2781
3 2783 2843 2782
3 2784 2844 2783
3 2785 2845 2784
3 2786 2846 2785
3 2787 2847 2786
3 2788 2848 2787
3 2789 2849 2788
3 2790 2850 2789
3 2791 2851 2790
3 2792 2852 2791
3 2793 2853 2792
3 2794 2854 2793
3 2796 2856 2795
3 2797 2857 2796
3 2798 2858 2797
3 2799 2859 2798
3 2800 2860 2799
3 2801 2861 2800
3 2802 2862 2801
3 2803 2863 2802
3 2804 2864 2803
3 2805 2865 2804
3 2806 2866 2805
3 2807 2867 2806
3 2808 2868 2807
3 2809 2869 2808
3 2810 2870 2809
3 2811 2871 2810
3 2812 2872 2811
3 2813 2873 2812
3 2814 2874 2813
3 2815 2875 2814
3 2816 2876 2815
3 2817 2877 2816
3 2818 2878 2817
3 2819 2879 2818
3 2820 2880 2819
3 2821 2881 2820
3 2822 2882 2821
3 2823 2883 2822
3 2824 2884 2823
3 2825 2885 2824
3 2826 2886 2825
3 2827 2887 2826
3 2828 2888 2827
3 2829 2889 2828
3 2830 2890 2829
3 2831 2891 2830
3 2832 2892 2831
3 2833 2893 2832
3 2834 2894 2833
3 2835 2895 2834
3 2836 2896 2835
3 2837 2897 2836
3 2838 2898 2837
3 2839 2899 2838
3 2840 2900 2839
3 2841 2901 2840
3 2842 2902 2841
3 2843 2903 2842
3 2844 2904 2843
3 2845 2905 2844
3 2846 2906 2845
3 2847 2907 2846
3 2848 2908 2847
3 2849 2909 2848
3 2850 2910 2849
3 2851 2911 2850
3 2852 2912 2851
3 2853 2913 2852
3 2854 2914 2853
3 2855 2915 2854
3 2857 2919 2856
3 2858 2920 2857
3 2859 2921 2858
3 2860 2922 2859
3 2861 2923 2860
3 2862 2924 2861
3 2863 2925 2862
3 2864 2926 2863
3 2865 2927 2864
3 2866 2928 2865
3 2867 2929 2866
3 2868 2930 2867
3 2869 2931 2868
3 2870 2932 2869
3 2871 2933 2870
3 2872 2934 2871
3 2873 2935 2872
3 2874 2936 2873
3 2875 2937 2874
3 2876 2938 2875
3 2877 2939 2876
3 2878 2940 2877
3 2879 2941 2878
3 2880 2942 2879
3 2881 2943 2880
3 2882 2944 2881
3 2883 2945 2882
3 2884 2946 2883
3 2885 2947 2884
3 2886 2948 2885
3 2887 2949 2886
3 2888 2950 2887
3 2889 2951 2888
3 2890 2952 2889
3 2891 2953 2890
3 2892 2954 2891
3 2893 2955 2892
3 2894 2956 2893
3 2895 2957 2894
3 2896 2958 2895
3 2897 2959 2896
3 2898 2960 2897
3 2899 2961 2898
3 2900 2962 2899
3 2901 2963 2900
3 2902 2964 2901
3 2903 2965 2902
3 2904 2966 2903
3 2905 2967 2904
3 2906 2968 2905
3 2907 2969 2906
3 2908 2970 2907
3 2909 2971 2908
3 2910 2972 2909
3 2911 2973 2910
3 2912 2974 2911
3 2913 2975 2912
3 2914 2976 2913
3 2915 2977 2914
3 2916 2978 2915
3 2917 2979 2916
3 2918 2980 2917
3 2920 2983 2919
3 2921 2984 2920
3 2922 2985 2921
3 2923 2986 2922
3 2924 2987 2923
3 2925 2988 2924
3 2926 2989 2925
3 2927 2990 2926
3 2928 2991 2927
3 2929 2992 2928
3 2930 2993 2929
3 2931 2994 2930
3 2932 2995 2931
3 2933 2996 2932
3 2934 2997 2933
3 2935 2998 2934
3 2936 2999 2935
3 2937 3000 2936
3 2938 3001 2937
3 2939 3002 2938
3 2940 3003 2939
3 2941 3004 2940
3 2942 3005 2941
3 2943 3006 2942
3 2944 3007 2943
3 2945 3008 2944
3 2946 3009 2945
3 2947 3010 2946
3 2948 3011 2947
3 2949 3012 2948
3 2950 3013 2949
3 2951 3014 2950
3 2952 3015 2951
3 2953 3016 2952
3 2954 3017 2953
3 2955 3018 2954
3 2956 3019 2955
3 2957 3020 2956
3 2958 3021 2957
3 2959 3022 2958
3 2960 3023 2959
3 2961 3024 2960
3 2962 3025 2961
3 2963 3026 2962
3 2964 3027 2963
3 2965 3028 2964
3 2966 3029 2965
3 2967 3030 2966
3 2968 3031 2967
3 2969 3032 2968
3 2970 3033 2969
3 2971 3034 2970
3 2972 3035 2971
3 2973 3036 2972
3 2974 3037 2973
3 2975 3038 2974
3 2976 3039 2975
3 2977 3040 2976
3 2978 3041 2977
3 2979 3042 2978
3 2980 3043 2979
3 2981 3044 2980
3 2982 3045 2981
3 2985 3047 2984
3 2986 3048 2985
3 2987 3049 2986
3 2988 3050 2987
3 2989 3051 2988
3 2990 3052 2989
3 2991 3053 2990
3 2992 3054 2991
3 2993 3055 2992
3 2994 3056 2993
3 2995 3057 2994
3 2996 3058 2995
3 2997 3059 2996
3 2998 3060 2997
3 2999 3061 2998
3 3000 3062 2999
3 3001 3063 3000
3 3002 3064 3001
3 3003 3065 3002
3 3004 3066 3003
3 3005 3067 3004
3 3006 3068 3005
3 3007 3069 3006
3 3008 3070 3007
3 3009 3071 3008
3 3010 3072 3009
3 3011 3073 3010
3 3012 3074 3011
3 3013 3075 3012
3 3014 3076 3013
3 3015 3077 3014
3 3016 3078 3015
3 3017 3079 3016
3 3018 3080 3017
3 3019 3081 3018
3 3020 3082 3019
3 3021 3083 3020
3 3022 3084 3021
3 3023 3085 3022
3 3024 3086 3023
3 3025 3087 3024
3 3026 3088 3025
3 3027 3089 3026
3 3028 3090 3027
3 3029 3091 3028
3 3030 3092 3029
3 3031 3093 3030
3 3032 3094 3031
3 3033 3095 3032
3 3034 3096 3033
3 3035 3097 3034
3 3036 3098 3035
3 3037 3099 3036
3 3038 3100 3037
3 3039 3101 3038
3 3040 3102 3039
3 3041 3103 3040
3 3042 3104 3041
3 3043 3105 3042
3 3044 3106 3043
3 3045 3107 3044
3 3046 3108 3045
3 3049 3111 3048
3 3050 3112 3049
3 3051 3113 3050
3 3052 3114 3051
3 3053 3115 3052
3 3054 3116 3053
3 3055 3117 3054
3 3056 3118 3055
3 3057 3119 3056
3 3058 3120 3057
3 3059 3121 3058
3 3060 3122 3059
3 3061 3123 3060
3 3062 3124 3061
3 3063 3125 3062
3 3064 3126 3063
3 3065 3127 3064
3 3066 3128 3065
3 3067 3129 3066
3 3068 3130 3067
3 3069 3131 3068
3 3070 3132 3069
3 3071 3133 3070
3 3072 3134 3071
3 3073 3135 3072
3 3074 3136 3073
3 3075 3137 3074
3 3076 3138 3075
3 3077 3139 3076
3 3078 3140 3077
3 3079 3141 3078
3 3080 3142 3079
3 3081 3143 3080
3 3082 3144 3081
3 3083 3145 3082
3 3084 3146 3083
3 3085 3147 3084
3 3086 3148 3085
3 3087 3149 3086
3 3088 3150 3087
3 3089 3151 3088
3 3090 3152 3089
3 3091 3153 3090
3 3092 3154 3091
3 3093 3155 3092
3 3094 3156 3093
3 3095 3157 3094
3 3096 3158 3095
3 3097 3159 3096
3 3098 3160 3097
3 3099 3161 3098
3 3100 3162 3099
3 3101 3163 3100
3 3102 3164 3101
3 3103 3165 3102
3 3104 3166 3103
3 3105 3167 3104
3 3106 3168 3105
3 3107 3169 3106
3 3108 3170 3107
3 3109 3171 3108
3 3110 3172 3109
3 3113 3174 3112
3 3114 3175 3113
3 3115 3176 3114
3 3116 3177 3115
3 3117 3178 3116
3 3118 3179 3117
3 3119 3180 3118
3 3120 3181 3119
3 3121 3182 3120
3 3122 3183 3121
3 3123 3184 3122
3 3124 3185 3123
3 3125 3186 3124
3 3126 3187 3125
3 3127 3188 3126
3 3128 3189 3127
3 3129 3190 3128
3 3130 3191 3129
3 3131 3192 3130
3 3132 3193 3131
3 3133 3194 3132
3 3134 3195 3133
3 3135 3196 3134
3 3136 3197 3135
3 3137 3198 3136
3 3138 3199 3137
3 3139 3200 3138
3 3140 3201 3139
3 3141 3202 3140
3 3142 3203 3141
3 3143 3204 3142
3 3144 3205 3143
3 3145 3206 3144
3 3146 3207 3145
3 3147 3208 3146
3 3148 3209 3147
3 3149 3210 3148
3 3150 3211 3149
3 3151 3212 3150
3 3152 3213 3151
3 3153 3214 3152
3 3154 3215 3153
3 3155 3216 3154
3 3156 3217 3155
3 3157 3218 3156
3 3158 3219 3157
3 3159 3220 3158
3 3160 3221 3159
3 3161 3222 3160
3 3162 3223 3161
3 3163 3224 3162
3 3164 3225 3163
3 3165 3226 3164
3 3166 3227 3165
3 3167 3228 3166
3 3168 3229 3167
3 3169 3230 3168
3 3170 3231 3169
3 3171 3232 3170
3 3172 3233 3171
3 3173 3234 3172
3 3176 3236 3175
3 3177 3237 3176
3 3178 3238 3177
3 3179 3239 3178
3 3180 3240 3179
3 3181 3241 3180
3 3182 3242 3181
3 3183 3243 3182
3 3184 3244 3183
3 3185 3245 3184
3 3186 3246 3185
3 3187 3247 3186
3 3188 3248 3187
3 3189 3249 3188
3 3190 3250 3189
3 3191 3251 3190
3 3192 3252 3191
3 3193 3253 3192
3 3194 3254 3193
3 3195 3255 3194
3 3196 3256 3195
3 3197 3257 3196
3 3198 3258 3197
3 3199 3259 3198
3 3200 3260 3199
3 3201 3261 3200
3 3202 3262 3201
3 3203 3263 3202
3 3204 3264 3203
3 3205 3265 3204
3 3206 3266 3205
3 3207 3267 3206
3 3208 3268 3207
3 3209 3269 3208
3 3210 3270 3209
3 3211 3271 3210
3 3212 3272 3211
3 3213 3273 3212
3 3214 3274 3213
3 3215 3275 3214
3 3216 3276 3215
3 3217 3277 3216
3 3218 3278 3217
3 3219 3279 3218
3 3220 3280 3219
3 3221 3281 3220
3 3222 3282 3221
3 3223 3283 3222
3 3224 3284 3223
3 3225 3285 3224
3 3226 3286 3225
3 3227 3287 3226
3 3228 3288 3227
3 3229 3289 3228
3 3230 3290 3229
3 3231 3291 3230
3 3232 3292 3231
3 3233 3293 3232
3 3234 3294 3233
3 3235 3295 3234
3 3237 3298 3236
3 3238 3299 3237
3 3239 3300 3238
3 3240 3301 3239
3 3241 3302 3240
3 3242 3303 3241
3 3243 3304 3242
3 3244 3305 3243
3 3245 3306 3244
3 3246 3307 3245
3 3247 3308 3246
3 3248 3309 3247
3 3249 3310 3248
3 3250 3311 3249
3 3251 3312 3250
3 3252 3313 3251
3 3253 3314 3252
3 3254 3315 3253
3 3255 3316 3254
3 3256 3317 3255
3 3257 3318 3256
3 3258 3319 3257
3 3259 3320 3258
3 3260 3321 3259
3 3261 3322 3260
3 3262 3323 3261
3 3263 3324 3262
3 3264 3325 3263
3 3265 3326 3264
3 3266 3327 3265
3 3267 3328 3266
3 3268 3329 3267
3 3269 3330 3268
3 3270 3331 3269
3 3271 3332 3270
3 3272 3333 3271
3 3273 3334 3272
3 3274 3335 3273
3 3275 3336 3274
3 3276 3337 3275
3 3277 3338 3276
3 3278 3339 3277
3 3279 3340 3278
3 3280 3341 3279
3 3281 3342 3280
3 3282 3343 3281
3 3283 3344 3282
3 3284 3345 3283
3 3285 3346 3284
3 3286 3347 3285
3 3287 3348 3286
3 3288 3349 3287
3 3289 3350 3288
3 3290 3351 3289
3 3291 3352 3290
3 3292 3353 3291
3 3293 3354 3292
3 3294 3355 3293
3 3295 3356 3294
3 3296 3357 3295
3 3297 3358 3296
3 3299 3361 3298
3 3300 3362 3299
3 3301 3363 3300
3 3302 3364 3301
3 3303 3365 3302
3 3304 3366 3303
3 3305 3367 3304
3 3306 3368 3305
3 3307 3369 3306
3 3308 3370 3307
3 3309 3371 3308
3 3310 3372 3309
3 3311 3373 3310
3 3312 3374 3311
3 3313 3375 3312
3 3314 3376 3313
3 3315 3377 3314
3 3316 3378 3315
3 3317 3379 3316
3 3318 3380 3317
3 3319 3381 3318
3 3320 3382 3319
3 3321 3383 3320
3 3322 3384 3321
3 3323 3385 3322
3 3324 3386 3323
3 3325 3387 3324
3 3326 3388 3325
3 3327 3389 3326
3 3328 3390 3327
3 3329 3391 3328
3 3330 3392 3329
3 3331 3393 3330
3 3332 3394 3331
3 3333 3395 3332
3 3334 3396 3333
3 3335 3397 3334
3 3336 3398 3335
3 3337 3399 3336
3 3338 3400 3337
3 3339 3401 3338
3 3340 3402 3339
3 3341 3403 3340
3 3342 3404 3341
3 3343 3405 3342
3 3344 3406 3343
3 3345 3407 3344
3 3346 3408 3345
3 3347 3409 3346
3 3348 3410 3347
3 3349 3411 3348
3 3350 3412 3349
3 3351 3413 3350
3 3352 3414 3351
3 3353 3415 3352
3 3354 3416 3353
3 3355 3417 3354
3 3356 3418 3355
3 3357 3419 3356
3 3358 3420 3357
3 3359 3421 3358
3 3360 3422 3359
3 3362 3424 3361
3 3363 3425 3362
3 3364 3426 3363
3 3365 3427 3364
3 3366 3428 3365
3 3367 3429 3366
3 3368 3430 3367
3 3369 3431 3368
3 3370 3432 3369
3 3371 3433 3370
3 3372 3434 3371
3 3373 3435 3372
3 3374 3436 3373
3 3375 3437 3374
3 3376 3438 3375
3 3377 3439 3376
3 3378 3440 3377
3 3379 3441 3378
3 3380 3442 3379
3 3381 3443 3380
3 3382 3444 3381
3 3383 3445 3382
3 3384 3446 3383
3 3385 3447 3384
3 3386 3448 3385
3 3387 3449 3386
3 3388 3450 3387
3 3389 3451 3388
3 3390 3452 3389
3 3391 3453 3390
3 3392 3454 3391
3 3393 3455 3392
3 3394 3456 3393
3 3395 3457 3394
3 3396 3458 3395
3 3397 3459 3396
3 3398 3460 3397
3 3399 3461 3398
3 3400 3462 3399
3 3401 3463 3400
3 3402 3464 3401
3 3403 3465 3402
3 3404 3466 3403
3 3405 3467 3404
3 3406 3468 3405
3 3407 3469 3406
3 3408 3470 3407
3 3409 3471 3408
3 3410 3472 3409
3 3411 3473 3410
3 3412 3474 3411
3 3413 3475 3412
3 3414 3476 3413
3 3415 3477 3414
3 3416 3478 3415
3 3417 3479 3416
3 3418 3480 3417
3 3419 3481 3418
3 3420 3482 3419
3 3421 3483 3420
3 3422 3484 3421
3 3423 3485 3422
3 3425 3487 3424
3 3426 3488 3425
3 3427 3489 3426
3 3428 3490 3427
3 3429 3491 3428
3 3430 3492 3429
3 3431 3493 3430
3 3432 3494 3431
3 3433 3495 3432
3 3434 3496 3433
3 3435 3497 3434
3 3436 3498 3435
3 3437 3499 3436
3 3438 3500 3437
3 3439 3501 3438
3 3440 3502 3439
3 3441 3503 3440
3 3442 3504 3441
3 3443 3505 3442
3 3444 3506 3443
3 3445 3507 3444
3 3446 3508 3445
3 3447 3509 3446
3 3448 3510 3447
3 3449 3511 3448
3 3450 3512 3449
3 3451 3513 3450
3 3452 3514 3451
3 3453 3515 3452
3 3454 3516 3453
3 3455 3517 3454
3 3456 3518 3455
3 3457 3519 3456
3 3458 3520 3457
3 3459 3521 3458
3 3460 3522 3459
3 3461 3523 3460
3 3462 3524 3461
3 3463 3525 3462
3 3464 3526 3463
3 3465 3527 3464
3 3466 3528 3465
3 3467 3529 3466
3 3468 3530 3467
3 3469 3531 3468
3 3470 3532 3469
3 3471 3533 3470
3 3472 3534 3471
3 3473 3535 3472
3 3474 3536 3473
3 3475 3537 3474
3 3476 3538 3475
3 3477 3539 3476
3 3478 3540 3477
3 3479 3541 3478
3 3480 3542 3479
3 3481 3543 3480
3 3482 3544 3481
3 3483 3545 3482
3 3484 3546 3483
3 3485 3547 3484
3 3486 3548 3485
3 3488 3551 3487
3 3489 3552 3488
3 3490 3553 3489
3 3491 3554 3490
3 3492 3555 3491
3 3493 3556 3492
3 3494 3557 3493
3 3495 3558 3494
3 3496 3559 3495
3 3497 3560 3496
3 3498 3561 3497
3 3499 3562 3498
3 3500 3563 3499
3 3501 3564 3500
3 3502 3565 3501
3 3503 3566 3502
3 3504 3567 3503
3 3505 3568 3504
3 3506 3569 3505
3 3507 3570 3506
3 3508 3571 3507
3 3509 3572 3508
3 3510 3573 3509
3 3511 3574 3510
3 3512 3575 3511
3 3513 3576 3512
3 3514 3577 3513
3 3515 3578 3514
3 3516 3579 3515
3 3517 3580 3516
3 3518 3581 3517
3 3519 3582 3518
3 3520 3583 3519
3 3521 3584 3520
3 3522 3585 3521
3 3523 3586 3522
3 3524 3587 3523
3 3525 3588 3524
3 3526 3589 3525
3 3527 3590 3526
3 3528 3591 3527
3 3529 3592 3528
3 3530 3593 3529
3 3531 3594 3530
3 3532 3595 3531
3 3533 3596 3532
3 3534 3597 3533
3 3535 3598 3534
3 3536 3599 3535
3 3537 3600 3536
3 3538 3601 3537
3 3539 3602 3538
3 3540 3603 3539
3 3541 3604 3540
3 3542 3605 3541
3 3543 3606 3542
3 3544 3607 3543
3 3545 3608 3544
3 3546 3609 3545
3 3547 3610 3546
3 3548 3611 3547
3 3549 3612 3548
3 3550 3613 3549
3 3552 3615 3551
3 3553 3616 3552
3 3554 3617 3553
3 3555 3618 3554
3 3556 3619 3555
3 3557 3620 3556
3 3558 3621 3557
3 3559 3622 3558
3 3560 3623 3559
3 3561 3624 3560
3 3562 3625 3561
3 3563 3626 3562
3 3564 3627 3563
3 3565 3628 3564
3 3566 3629 3565
3 3567 3630 3566
3 3568 3631 3567
3 3569 3632 3568
3 3570 3633 3569
3 3571 3634 3570
3 3572 3635 3571
3 3573 3636 3572
3 3574 3637 3573
3 3575 3638 3574
3 3576 3639 3575
3 3577 3640 3576
3 3578 3641 3577
3 3579 3642 3578
3 3580 3643 3579
3 3581 3644 3580
3 3582 3645 3581
3 3583 3646 3582
3 3584 3647 3583
3 3585 3648 3584
3 3586 3649 3585
3 3587 3650 3586
3 3588 3651 3587
3 3589 3652 3588
3 3590 3653 3589
3 3591 3654 3590
3 3592 3655 3591
3 3593 3656 3592
3 3594 3657 3593
3 3595 3658 3594
3 3596 3659 3595
3 3597 3660 3596
3 3598 3661 3597
3 3599 3662 3598
3 3600 3663 3599
3 3601 3664 3600
3 3602 3665 3601
3 3603 3666 3602
3 3604 3667 3603
3 3605 3668 3604
3 3606 3669 3605
3 3607 3670 3606
3 3608 3671 3607
3 3609 3672 3608
3 3610 3673 3609
3 3611 3674 3610
3 3612 3675 3611
3 3613 3676 3612
3 3614 3677 3613
3 3617 3679 3616
3 3618 3680 3617
3 3619 3681 3618
3 3620 3682 3619
3 3621 3683 3620
3 3622 3684 3621
3 3623 3685 3622
3 3624 3686 3623
3 3625 3687 3624
3 3626 3688 3625
3 3627 3689 3626
3 3628 3690 3627
3 3629 3691 3628
3 3630 3692 3629
3 3631 3693 3630
3 3632 3694 3631
3 3633 3695 3632
3 3634 3696 3633
3 3635 3697 3634
3 3636 3698 3635
3 3637 3699 3636
3 3638 3700 3637
3 3639 3701 3638
3 3640 3702 3639
3 3641 3703 3640
3 3642 3704 3641
3 3643 3705 3642
3 3644 3706 3643
3 3645 3707 3644
3 3646 3708 3645
3 3647 3709 3646
3 3648 3710 3647
3 3649 3711 3648
3 3650 3712 3649
3 3651 3713 3650
3 3652 3714 3651
3 3653 3715 3652
3 3654 3716 3653
3 3655 3717 3654
3 3656 3718 3655
3 3657 3719 3656
3 3658 3720 3657
3 3659 3721 3658
3 3660 3722 3659
3 3661 3723 3660
3 3662 3724 3661
3 3663 3725 3662
3 3664 3726 3663
3 3665 3727 3664
3 3666 3728 3665
3 3667 3729 3666
3 3668 3730 3667
3 3669 3731 3668
3 3670 3732 3669
3 3671 3733 3670
3 3672 3734 3671
3 3673 3735 3672
3 3674 3736 3673
3 3675 3737 3674
3 3676 3738 3675
3 3677 3739 3676
3 3678 3740 3677
3 3680 3742 3679
3 3681 3743 3680
3 3682 3744 3681
3 3683 3745 3682
3 3684 3746 3683
3 3685 3747 3684
3 3686 3748 3685
3 3687 3749 3686
3 3688 3750 3687
3 3689 3751 3688
3 3690 3752 3689
3 3691 3753 3690
3 3692 3754 3691
3 3693 3755 3692
3 3694 3756 3693
3 3695 3757 3694
3 3696 3758 3695
3 3697 3759 3696
3 3698 3760 3697
3 3699 3761 3698
3 3700 3762 3699
3 3701 3763 3700
3 3702 3764 3701
3 3703 3765 3702
3 3704 3766 3703
3 3705 3767 3704
3 3706 3768 3705
3 3707 3769 3706
3 3708 3770 3707
3 3709 3771 3708
3 3710 3772 3709
3 3711 3773 3710
3 3712 3774 3711
3 3713 3775 3712
3 3714 3776 3713
3 3715 3777 3714
3 3716 3778 3715
3 3717 3779 3716
3 3718 3780 3717
3 3719 3781 3718
3 3720 3782 3719
3 3721 3783 3720
3 3722 3784 3721
3 3723 3785 3722
3 3724 3786 3723
3 3725 3787 3724
3 3726 3788 3725
3 3727 3789 3726
3 3728 3790 3727
3 3729 3791 3728
3 3730 3792 3729
3 3731 3793 3730
3 3732 3794 3731
3 3733 3795 3732
3 3734 3796 3733
3 3735 3797 3734
3 3736 3798 3735
3 3737 3799 3736
3 3738 3800 3737
3 3739 3801 3738
3 3740 3802 3739
3 3741 3803 3740
3 3743 3806 3742
3 3744 3807 3743
3 3745 3808 3744
3 3746 3809 3745
3 3747 3810 3746
3 3748 3811 3747
3 3749 3812 3748
3 3750 3813 3749
3 3751 3814 3750
3 3752 3815 3751
3 3753 3816 3752
3 3754 3817 3753
3 3755 3818 3754
3 3756 3819 3755
3 3757 3820 3756
3 3758 3821 3757
3 3759 3822 3758
3 3760 3823 3759
3 3761 3824 3760
3 3762 3825 3761
3 3763 3826 3762
3 3764 3827 3763
3 3765 3828 3764
3 3766 3829 3765
3 3767 3830 3766
3 3768 3831 3767
3 3769 3832 3768
3 3770 3833 3769
3 3771 3834 3770
3 3772 3835 3771
3 3773 3836 3772
3 3774 3837 3773
3 3775 3838 3774
3 3776 3839 3775
3 3777 3840 3776
3 3778 3841 3777
3 3779 3842 3778
3 3780 3843 3779
3 3781 3844 3780
3 3782 3845 3781
3 3783 3846 3782
3 3784 3847 3783
3 3785 3848 3784
3 3786 3849 3785
3 3787 3850 3786
3 3788 3851 3787
3 3789 3852 3788
3 3790 3853 3789
3 3791 3854 3790
3 3792 3855 3791
3 3793 3856 3792
3 3794 3857 3793
3 3795 3858 3794
3 3796 3859 3795
3 3797 3860 3796
3 3798 3861 3797
3 3799 3862 3798
3 3800 3863 3799
3 3801 3864 3800
3 3802 3865 3801
3 3803 3866 3802
3 3804 3867 3803
3 3805 3868 3804
3 3807 3870 3806
3 3808 3871 3807
3 3809 3872 3808
3 3810 3873 3809
3 3811 3874 3810
3 3812 3875 3811
3 3813 3876 3812
3 3814 3877 3813
3 3815 3878 3814
3 3816 3879 3815
3 3817 3880 3816
3 3818 3881 3817
3 3819 3882 3818
3 3820 3883 3819
3 3821 3884 3820
3 3822 3885 3821
3 3823 3886 3822
3 3824 3887 3823
3 3825 3888 3824
3 3826 3889 3825
3 3827 3890 3826
3 3828 3891 3827
3 3829 3892 3828
3 3830 3893 3829
3 3831 3894 3830
3 3832 3895 3831
3 3833 3896 3832
3 3834 3897 3833
3 3835 3898 3834
3 3836 3899 3835
3 3837 3900 3836
3 3838 3901 3837
3 3839 3902 3838
3 3840 3903 3839
3 3841 3904 3840
3 3842 3905 3841
3 3843 3906 3842
3 3844 3907 3843
3 3845 3908 3844
3 3846 3909 3845
3 3847 3910 3846
3 3848 3911 3847
3 3849 3912 3848
3 3850 3913 3849
3 3851 3914 3850
3 3852 3915 3851
3 3853 3916 3852
3 3854 3917 3853
3 3855 3918 3854
3 3856 3919 3855
3 3857 3920 3856
3 3858 3921 3857
3 3859 3922 3858
3 3860 3923 3859
3 3861 3924 3860
3 3862 3925 3861
3 3863 3926 3862
3 3864 3927 3863
3 3865 3928 3864
3 3866 3929 3865
3 3867 3930 3866
3 3868 3931 3867
3 3869 3932 3868
3 3871 3934 3870
3 3872 3935 3871
3 3873 3936 3872
3 3874 3937 3873
3 3875 3938 3874
3 3876 3939 3875
3 3877 3940 3876
3 3878 3941 3877
3 3879 3942 3878
3 3880 3943 3879
3 3881 3944 3880
3 3882 3945 3881
3 3883 3946 3882
3 3884 3947 3883
3 3885 3948 3884
3 3886 3949 3885
3 3887 3950 3886
3 3888 3951 3887
3 3889 3952 3888
3 3890 3953 3889
3 3891 3954 3890
3 3892 3955 3891
3 3893 3956 3892
3 3894 3957 3893
3 3895 3958 3894
3 3896 3959 3895
3 3897 3960 3896
3 3898 3961 3897
3 3899 3962 3898
3 3900 3963 3899
3 3901 3964 3900
3 3902 3965 3901
3 3903 3966 3902
3 3904 3967 3903
3 3905 3968 3904
3 3906 3969 3905
3 3907 3970 3906
3 3908 3971 3907
3 3909 3972 3908
3 3910 3973 3909
3 3911 3974 3910
3 3912 3975 3911
3 3913 3976 3912
3 3914 3977 3913
3 3915 3978 3914
3 3916 3979 3915
3 3917 3980 3916
3 3918 3981 3917
3 3919 3982 3918
3 3920 3983 3919
3 3921 3984 3920
3 3922 3985 3921
3 3923 3986 3922
3 3924 3987 3923
3 3925 3988 3924
3 3926 3989 3925
3 3927 3990 3926
3 3928 3991 3927
3 3929 3992 3928
3 3930 3993 3929
3 3931 3994 3930
3 3932 3995 3931
3 3933 3996 3932
3 3935 3998 3934
3 3936 3999 3935
3 3937 4000 3936
3 3938 4001 3937
3 3939 4002 3938
3 3940 4003 3939
3 3941 4004 3940
3 3942 4005 3941
3 3943 4006 3942
3 3944 4007 3943
3 3945 4008 3944
3 3946 4009 3945
3 3947 4010 3946
3 3948 4011 3947
3 3949 4012 3948
3 3950 4013 3949
3 3951 4014 3950
3 3952 4015 3951
3 3953 4016 3952
3 3954 4017 3953
3 3955 4018 3954
3 3956 4019 3955
3 3957 4020 3956
3 3958 4021 3957
3 3959 4022 3958
3 3960 4023 3959
3 3961 4024 3960
3 3962 4025 3961
3 3963 4026 3962
3 3964 4027 3963
3 3965 4028 3964
3 3966 4029 3965
3 3967 4030 3966
3 3968 4031 3967
3 3969 4032 3968
3 3970 4033 3969
3 3971 4034 3970
3 3972 4035 3971
3 3973 4036 3972
3 3974 4037 3973
3 3975 4038 3974
3 3976 4039 3975
3 3977 4040 3976
3 3978 4041 3977
3 3979 4042 3978
3 3980 4043 3979
3 3981 4044 3980
3 3982 4045 3981
3 3983 4046 3982
3 3984 4047 3983
3 3985 4048 3984
3 3986 4049 3985
3 3987 4050 3986
3 3988 4051 3987
3 3989 4052 3988
3 3990 4053 3989
3 3991 4054 3990
3 3992 4055 3991
3 3993 4056 3992
3 3994 4057 3993
3 3995 4058 3994
3 3996 4059 3995
3 3997 4060 3996
3 3999 4062 3998
3 4000 4063 3999
3 4001 4064 4000
3 4002 4065 4001
3 4003 4066 4002
3 4004 4067 4003
3 4005 4068 4004
3 4006 4069 4005
3 4007 4070 4006
3 4008 4071 4007
3 4009 4072 4008
3 4010 4073 4009
3 4011 4074 4010
3 4012 4075 4011
3 4013 4076 4012
3 4014 4077 4013
3 4015 4078 4014
3 4016 4079 4015
3 4017 4080 4016
3 4018 4081 4017
3 4019 4082 4018
3 4020 4083 4019
3 4021 4084 4020
3 4022 4085 4021
3 4023 4086 4022
3 4024 4087 4023
3 4025 4088 4024
3 4026 4089 4025
3 4027 4090 4026
3 4028 4091 4027
3 4029 4092 4028
3 4030 4093 4029
3 4031 4094 4030
3 4032 4095 4031
3 4033 4096 4032
3 4034 4097 4033
3 4035 4098 4034
3 4036 4099 4035
3 4037 4100 4036
3 4038 4101 4037
3 4039 4102 4038
3 4040 4103 4039
3 4041 4104 4040
3 4042 4105 4041
3 4043 4106 4042
3 4044 4107 4043
3 4045 4108 4044
3 4046 4109 4045
3 4047 4110 4046
3 4048 4111 4047
3 4049 4112 4048
3 4050 4113 4049
3 4051 4114 4050
3 4052 4115 4051
3 4053 4116 4052
3 4054 4117 4053
3 4055 4118 4054
3 4056 4119 4055
3 4057 4120 4056
3 4058 4121 4057
3 4059 4122 4058
3 4060 4123 4059
3 4061 4124 4060
3 4064 4126 4063
3 4065 4127 4064
3 4066 4128 4065
3 4067 4129 4066
3 4068 4130 4067
3 4069 4131 4068
3 4070 4132 4069
3 4071 4133 4070
3 4072 4134 4071
3 4073 4135 4072
3 4074 4136 4073
3 4075 4137 4074
3 4076 4138 4075
3 4077 4139 4076
3 4078 4140 4077
3 4079 4141 4078
3 4080 4142 4079
3 4081 4143 4080
3 4082 4144 4081
3 4083 4145 4082
3 4084 4146 4083
3 4085 4147 4084
3 4086 4148 4085
3 4087 4149 4086
3 4088 4150 4087
3 4089 4151 4088
3 4090 4152 4089
3 4091 4153 4090
3 4092 4154 4091
3 4093 4155 4092
3 4094 4156 4093
3 4095 4157 4094
3 4096 4158 4095
3 4097 4159 4096
3 4098 4160 4097
3 4099 4161 4098
3 4100 4162 4099
3 4101 4163 4100
3 4102 4164 4101
3 4103 4165 4102
3 4104 4166 4103
3 4105 4167 4104
3 4106 4168 4105
3 4107 4169 4106
3 4108 4170 4107
3 4109 4171 4108
3 4110 4172 4109
3 4111 4173 4110
3 4112 4174 4111
3 4113 4175 4112
3 4114 4176 4113
3 4115 4177 4114
3 4116 4178 4115
3 4117 4179 4116
3 4118 4180 4117
3 4119 4181 4118
3 4120 4182 4119
3 4121 4183 4120
3 4122 4184 4121
3 4123 4185 4122
3 4124 4186 4123
3 4125 4187 4124
3 4127 4189 4126
3 4128 4190 4127
3 4129 4191 4128
3 4130 4192 4129
3 4131 4193 4130
3 4132 4194 4131
3 4133 4195 4132
3 4134 4196 4133
3 4135 4197 4134
3 4136 4198 4135
3 4137 4199 4136
3 4138 4200 4137
3 4139 4201 4138
3 4140 4202 4139
3 4141 4203 4140
3 4142 4204 4141
3 4143 4205 4142
3 4144 4206 4143
3 4145 4207 4144
3 4146 4208 4145
3 4147 4209 4146
3 4148 4210 4147
3 4149 4211 4148
3 4150 4212 4149
3 4151 4213 4150
3 4152 4214 4151
3 4153 4215 4152
3 4154 4216 4153
3 4155 4217 4154
3 4156 4218 4155
3 4157 4219 4156
3 4158 4220 4157
3 4159 4221 4158
3 4160 4222 4159
3 4161 4223 4160
3 4162 4224 4161
3 4163 4225 4162
3 4164 4226 4163
3 4165 4227 4164
3 4166 4228 4165
3 4167 4229 4166
3 4168 4230 4167
3 4169 4231 4168
3 4170 4232 4169
3 4171 4233 4170
3 4172 4234 4171
3 4173 4235 4172
3 4174 4236 4173
3 4175 4237 4174
3 4176 4238 4175
3 4177 4239 4176
3 4178 4240 4177
3 4179 4241 4178
3 4180 4242 4179
3 4181 4243 4180
3 4182 4244 4181
3 4183 4245 4182
3 4184 4246 4183
3 4185 4247 4184
3 4186 4248 4185
3 4187 4249 4186
3 4191 4251 4190
3 4192 4252 4191
3 4193 4253 4192
3 4194 4254 4193
3 4195 4255 4194
3 4196 4256 4195
3 4197 4257 4196
3 4198 4258 4197
3 4199 4259 4198
3 4200 4260 4199
3 4201 4261 4200
3 4202 4262 4201
3 4203 4263 4202
3 4204 4264 4203
3 4205 4265 4204
3 4206 4266 4205
3 4207 4267 4206
3 4208 4268 4207
3 4209 4269 4208
3 4210 4270 4209
3 4211 4271 4210
3 4212 4272 4211
3 4213 4273 4212
3 4214 4274 4213
3 4215 4275 4214
3 4216 4276 4215
3 4217 4277 4216
3 4218 4278 4217
3 4219 4279 4218
3 4220 4280 4219
3 4221 4281 4220
3 4222 4282 4221
3 4223 4283 4222
3 4224 4284 4223
3 4225 4285 4224
3 4226 4286 4225
3 4227 4287 4226
3 4228 4288 4227
3 4229 4289 4228
3 4230 4290 4229
3 4231 4291 4230
3 4232 4292 4231
3 4233 4293 4232
3 4234 4294 4233
3 4235 4295 4234
3 4236 4296 4235
3 4237 4297 4236
3 4238 4298 4237
3 4239 4299 4238
3 4240 4300 4239
3 4241 4301 4240
3 4242 4302 4241
3 4243 4303 4242
3 4244 4304 4243
3 4245 4305 4244
3 4246 4306 4245
3 4247 4307 4246
3 4248 4308 4247
3 4249 4309 4248
3 4253 4311 4252
3 4254 4312 4253
3 4255 4313 4254
3 4256 4314 4255
3 4257 4315 4256
3 4258 4316 4257
3 4259 4317 4258
3 4260 4318 4259
3 4261 4319 4260
3 4262 4320 4261
3 4263 4321 4262
3 4264 4322 4263
3 4265 4323 4264
3 4266 4324 4265
3 4267 4325 4266
3 4268 4326 4267
3 4269 4327 4268
3 4270 4328 4269
3 4271 4329 4270
3 4272 4330 4271
3 4273 4331 4272
3 4274 4332 4273
3 4275 4333 4274
3 4276 4334 4275
3 4277 4335 4276
3 4278 4336 4277
3 4279 4337 4278
3 4280 4338 4279
3 4281 4339 4280
3 4282 4340 4281
3 4283 4341 4282
3 4284 4342 4283
3 4285 4343 4284
3 4286 4344 4285
3 4287 4345 4286
3 4288 4346 4287
3 4289 4347 4288
3 4290 4348 4289
3 4291 4349 4290
3 4292 4350 4291
3 4293 4351 4292
3 4294 4352 4293
3 4295 4353 4294
3 4296 4354 4295
3 4297 4355 4296
3 4298 4356 4297
3 4299 4357 4298
3 4300 4358 4299
3 4301 4359 4300
3 4302 4360 4301
3 4303 4361 4302
3 4304 4362 4303
3 4305 4363 4304
3 4306 4364 4305
3 4307 4365 4306
3 4308 4366 4307
3 4309 4367 4308
3 4314 4369 4313
3 4315 4370 4314
3 4316 4371 4315
3 4317 4372 4316
3 4318 4373 4317
3 4319 4374 4318
3 4320 4375 4319
3 4321 4376 4320
3 4322 4377 4321
3 4323 4378 4322
3 4324 4379 4323
3 4325 4380 4324
3 4326 4381 4325
3 4327 4382 4326
3 4328 4383 4327
3 4329 4384 4328
3 4330 4385 4329
3 4331 4386 4330
3 4332 4387 4331
3 4333 4388 4332
3 4334 4389 4333
3 4335 4390 4334
3 4336 4391 4335
3 4337 4392 4336
3 4338 4393 4337
3 4339 4394 4338
3 4340 4395 4339
3 4341 4396 4340
3 4342 4397 4341
3 4343 4398 4342
3 4344 4399 4343
3 4345 4400 4344
3 4346 4401 4345
3 4347 4402 4346
3 4348 4403 4347
3 4349 4404 4348
3 4350 4405 4349
3 4351 4406 4350
3 4352 4407 4351
3 4353 4408 4352
3 4354 4409 4353
3 4355 4410 4354
3 4356 4411 4355
3 4357 4412 4356
3 4358 4413 4357
3 4359 4414 4358
3 4360 4415 4359
3 4361 4416 4360
3 4362 4417 4361
3 4363 4418 4362
3 4364 4419 4363
3 4365 4420 4364
3 4366 4421 4365
3 4367 4422 4366
3 4371 4424 4370
3 4372 4425 4371
3 4373 4426 4372
3 4374 4427 4373
3 4375 4428 4374
3 4376 4429 4375
3 4377 4430 4376
3 4378 4431 4377
3 4379 4432 4378
3 4380 4433 4379
3 4381 4434 4380
3 4382 4435 4381
3 4383 4436 4382
3 4384 4437 4383
3 4385 4438 4384
3 4386 4439 4385
3 4387 4440 4386
3 4388 4441 4387
3 4389 4442 4388
3 4390 4443 4389
3 4391 4444 4390
3 4392 4445 4391
3 4393 4446 4392
3 4394 4447 4393
3 4395 4448 4394
3 4396 4449 4395
3 4397 4450 4396
3 4398 4451 4397
3 4399 4452 4398
3 4400 4453 4399
3 4401 4454 4400
3 4402 4455 4401
3 4403 4456 4402
3 4404 4457 4403
3 4405 4458 4404
3 4406 4459 4405
3 4407 4460 4406
3 4408 4461 4407
3 4409 4462 4408
3 4410 4463 4409
3 4411 4464 4410
3 4412 4465 4411
3 4413 4466 4412
3 4414 4467 4413
3 4415 4468 4414
3 4416 4469 4415
3 4417 4470 4416
3 4418 4471 4417
3 4419 4472 4418
3 4420 4473 4419
3 4421 4474 4420
3 4422 4475 4421
3 4423 4476 4422
3 4429 4478 4428
3 4430 4479 4429
3 4431 4480 4430
3 4432 4481 4431
3 4433 4482 4432
3 4434 4483 4433
3 4435 4484 4434
3 4436 4485 4435
3 4437 4486 4436
3 4438 4487 4437
3 4439 4488 4438
3 4440 4489 4439
3 4441 4490 4440
3 4442 4491 4441
3 4443 4492 4442
3 4444 4493 4443
3 4445 4494 4444
3 4446 4495 4445
3 4447 4496 4446
3 4448 4497 4447
3 4449 4498 4448
3 4450 4499 4449
3 4451 4500 4450
3 4452 4501 4451
3 4453 4502 4452
3 4454 4503 4453
3 4455 4504 4454
3 4456 4505 4455
3 4457 4506 4456
3 4458 4507 4457
3 4459 4508 4458
3 4460 4509 4459
3 4461 4510 4460
3 4462 4511 4461
3 4463 4512 4462
3 4464 4513 4463
3 4465 4514 4464
3 4466 4515 4465
3 4467 4516 4466
3 4468 4517 4467
3 4469 4518 4468
3 4470 4519 4469
3 4471 4520 4470
3 4472 4521 4471
3 4473 4522 4472
3 4474 4523 4473
3 4475 4524 4474
3 4476 4525 4475
3 4489 4527 4488
3 4490 4528 4489
3 4491 4529 4490
3 4492 4530 4491
3 4493 4531 4492
3 4494 4532 4493
3 4495 4533 4494
3 4496 4534 4495
3 4497 4535 4496
3 4498 4536 4497
3 4499 4537 4498
3 4500 4538 4499
3 4501 4539 4500
3 4502 4540 4501
3 4503 4541 4502
3 4504 4542 4503
3 4505 4543 4504
3 4506 4544 4505
3 4507 4545 4506
3 4508 4546 4507
3 4509 4547 4508
3 4510 4548 4509
3 4511 4549 4510
3 4512 4550 4511
3 4513 4551 4512
3 4514 4552 4513
3 4515 4553 4514
3 4516 4554 4515
3 4517 4555 4516
3 4518 4556 4517
3 4519 4557 4518
3 4520 4558 4519
3 4521 4559 4520
3 4522 4560 4521
3 4523 4561 4522
3 4524 4562 4523
3 4525 4563 4524
3 4529 4565 4528
3 4530 4566 4529
3 4531 4567 4530
3 4532 4568 4531
3 4533 4569 4532
3 4534 4570 4533
3 4535 4571 4534
3 4536 4572 4535
3 4537 4573 4536
3 4538 4574 4537
3 4539 4575 4538
3 4540 4576 4539
3 4541 4577 4540
3 4542 4578 4541
3 4543 4579 4542
3 4544 4580 4543
3 4545 4581 4544
3 4546 4582 4545
3 4547 4583 4546
3 4548 4584 4547
3 4549 4585 4548
3 4550 4586 4549
3 4551 4587 4550
3 4552 4588 4551
3 4553 4589 4552
3 4554 4590 4553
3 4555 4591 4554
3 4556 4592 4555
3 4557 4593 4556
3 4558 4594 4557
3 4559 4595 4558
3 4560 4596 4559
3 4561 4597 4560
3 4562 4598 4561
3 4566 4600 4565
3 4567 4601 4566
3 4568 4602 4567
3 4569 4603 4568
3 4570 4604 4569
3 4571 4605 4570
3 4572 4606 4571
3 4573 4607 4572
3 4574 4608 4573
3 4575 4609 4574
3 4576 4610 4575
3 4577 4611 4576
3 4578 4612 4577
3 4579 4613 4578
3 4580 4614 4579
3 4581 4615 4580
3 4582 4616 4581
3 4583 4617 4582
3 4584 4618 4583
3 4585 4619 4584
3 4586 4620 4585
3 4587 4621 4586
3 4588 4622 4587
3 4589 4623 4588
3 4590 4624 4589
3 4591 4625 4590
3 4592 4626 4591
3 4593 4627 4592
3 4594 4628 4593
3 4595 4629 4594
3 4596 4630 4595
3 4597 4631 4596
3 4598 4632 4597
3 4601 4634 4600
3 4602 4635 4601
3 4603 4636 4602
3 4604 4637 4603
3 4605 4638 4604
3 4606 4639 4605
3 4607 4640 4606
3 4608 4641 4607
3 4609 4642 4608
3 4610 4643 4609
3 4611 4644 4610
3 4612 4645 4611
3 4613 4646 4612
3 4614 4647 4613
3 4615 4648 4614
3 4616 4649 4615
3 4617 4650 4616
3 4618 4651 4617
3 4619 4652 4618
3 4620 4653 4619
3 4621 4654 4620
3 4622 4655 4621
3 4623 4656 4622
3 4624 4657 4623
3 4625 4658 4624
3 4626 4659 4625
3 4627 4660 4626
3 4628 4661 4627
3 4629 4662 4628
3 4630 4663 4629
3 4631 4664 4630
3 4632 4665 4631
3 4635 4667 4634
3 4636 4668 4635
3 4637 4669 4636
3 4638 4670 4637
3 4639 4671 4638
3 4640 4672 4639
3 4641 4673 4640
3 4642 4674 4641
3 4643 4675 4642
3 4644 4676 4643
3 4645 4677 4644
3 4646 4678 4645
3 4647 4679 4646
3 4648 4680 4647
3 4649 4681 4648
3 4650 4682 4649
3 4651 4683 4650
3 4652 4684 4651
3 4653 4685 4652
3 4654 4686 4653
3 4655 4687 4654
3 4656 4688 4655
3 4657 4689 4656
3 4658 4690 4657
3 4659 4691 4658
3 4660 4692 4659
3 4661 4693 4660
3 4662 4694 4661
3 4663 4695 4662
3 4664 4696 4663
3 4665 4697 4664
3 4668 4699 4667
3 4669 4700 4668
3 4670 4701 4669
3 4671 4702 4670
3 4672 4703 4671
3 4673 4704 4672
3 4674 4705 4673
3 4675 4706 4674
3 4676 4707 4675
3 4677 4708 4676
3 4678 4709 4677
3 4679 4710 4678
3 4680 4711 4679
3 4681 4712 4680
3 4682 4713 4681
3 4683 4714 4682
3 4684 4715 4683
3 4685 4716 4684
3 4686 4717 4685
3 4687 4718 4686
3 4688 4719 4687
3 4689 4720 4688
3 4690 4721 4689
3 4691 4722 4690
3 4692 4723 4691
3 4693 4724 4692
3 4694 4725 4693
3 4695 4726 4694
3 4696 4727 4695
3 4697 4728 4696
3 4698 4729 4697
3 4700 4731 4699
3 4701 4732 4700
3 4702 4733 4701
3 4703 4734 4702
3 4704 4735 4703
3 4705 4736 4704
3 4706 4737 4705
3 4707 4738 4706
3 4708 4739 4707
3 4709 4740 4708
3 4710 4741 4709
3 4711 4742 4710
3 4712 4743 4711
3 4713 4744 4712
3 4714 4745 4713
3 4715 4746 4714
3 4716 4747 4715
3 4717 4748 4716
3 4718 4749 4717
3 4719 4750 4718
3 4720 4751 4719
3 4721 4752 4720
3 4722 4753 4721
3 4723 4754 4722
3 4724 4755 4723
3 4725 4756 4724
3 4726 4757 4725
3 4727 4758 4726
3 4728 4759 4727
3 4729 4760 4728
3 4732 4762 4731
3 4733 4763 4732
3 4734 4764 4733
3 4735 4765 4734
3 4736 4766 4735
3 4737 4767 4736
3 4738 4768 4737
3 4739 4769 4738
3 4740 4770 4739
3 4741 4771 4740
3 4742 4772 4741
3 4743 4773 4742
3 4744 4774 4743
3 4745 4775 4744
3 4746 4776 4745
3 4747 4777 4746
3 4748 4778 4747
3 4749 4779 4748
3 4750 4780 4749
3 4751 4781 4750
3 4752 4782 4751
3 4753 4783 4752
3 4754 4784 4753
3 4755 4785 4754
3 4756 4786 4755
3 4757 4787 4756
3 4758 4788 4757
3 4759 4789 4758
3 4760 4790 4759
3 4761 4791 4760
3 4763 4793 4762
3 4764 4794 4763
3 4765 4795 4764
3 4766 4796 4765
3 4767 4797 4766
3 4768 4798 4767
3 4769 4799 4768
3 4770 4800 4769
3 4771 4801 4770
3 4772 4802 4771
3 4773 4803 4772
3 4774 4804 4773
3 4775 4805 4774
3 4776 4806 4775
3 4777 4807 4776
3 4778 4808 4777
3 4779 4809 4778
3 4780 4810 4779
3 4781 4811 4780
3 4782 4812 4781
3 4783 4813 4782
3 4784 4814 4783
3 4785 4815 4784
3 4786 4816 4785
3 4787 4817 4786
3 4788 4818 4787
3 4789 4819 4788
3 4790 4820 4789
3 4791 4821 4790
3 4794 4832 4793
3 4795 4833 4794
3 4796 4834 4795
3 4797 4835 4796
3 4798 4836 4797
3 4799 4837 4798
3 4800 4838 4799
3 4801 4839 4800
3 4802 4840 4801
3 4803 4841 4802
3 4804 4842 4803
3 4805 4843 4804
3 4806 4844 4805
3 4807 4845 4806
3 4808 4846 4807
3 4809 4847 4808
3 4810 4848 4809
3 4811 4849 4810
3 4812 4850 4811
3 4813 4851 4812
3 4814 4852 4813
3 4815 4853 4814
3 4816 4854 4815
3 4817 4855 4816
3 4818 4856 4817
3 4819 4857 4818
3 4820 4858 4819
3 4821 4859 4820
3 4824 4862 4823
3 4825 4863 4824
3 4826 4864 4825
3 4827 4865 4826
3 4829 4868 4828
3 4830 4869 4829
3 4831 4870 4830
3 4833 4873 4832
3 4834 4874 4833
3 4835 4875 4834
3 4836 4876 4835
3 4837 4877 4836
3 4838 4878 4837
3 4839 4879 4838
3 4840 4880 4839
3 4841 4881 4840
3 4842 4882 4841
3 4843 4883 4842
3 4844 4884 4843
3 4845 4885 4844
3 4846 4886 4845
3 4847 4887 4846
3 4848 4888 4847
3 4849 4889 4848
3 4850 4890 4849
3 4852 4892 4851
3 4853 4893 4852
3 4854 4894 4853
3 4855 4895 4854
3 4856 4896 4855
3 4857 4897 4856
3 4862 4899 4861
3 4863 4900 4862
3 4864 4901 4863
3 4865 4902 4864
3 4866 4903 4865
3 4867 4904 4866
3 4868 4905 4867
3 4869 4906 4868
3 4870 4907 4869
3 4871 4908 4870
3 4872 4909 4871
3 4873 4910 4872
3 4874 4911 4873
3 4875 4912 4874
3 4876 4913 4875
3 4877 4914 4876
3 4878 4915 4877
3 4879 4916 4878
3 4880 4917 4879
3 4881 4918 4880
3 4882 4919 4881
3 4883 4920 4882
3 4884 4921 4883
3 4885 4922 4884
3 4886 4923 4885
3 4887 4924 4886
3 4888 4925 4887
3 4889 4926 4888
3 4890 4927 4889
3 4895 4929 4894
3 4896 4930 4895
3 4897 4931 4896
3 4898 4932 4897
3 4901 4934 4900
3 4902 4935 4901
3 4903 4936 4902
3 4904 4937 4903
3 4905 4938 4904
3 4906 4939 4905
3 4907 4940 4906
3 4908 4941 4907
3 4909 4942 4908
3 4910 4943 4909
3 4911 4944 4910
3 4912 4945 4911
3 4913 4946 4912
3 4914 4947 4913
3 4915 4948 4914
3 4916 4949 4915
3 4917 4950 4916
3 4918 4951 4917
3 4919 4952 4918
3 4920 4953 4919
3 4921 4954 4920
3 4922 4955 4921
3 4923 4956 4922
3 4924 4957 4923
3 4925 4958 4924
3 4926 4959 4925
3 4927 4960 4926
3 4928 4961 4927
3 4935 4967 4934
3 4936 4968 4935
3 4937 4969 4936
3 4938 4970 4937
3 4939 4971 4938
3 4940 4972 4939
3 4941 4973 4940
3 4942 4974 4941
3 4943 4975 4942
3 4944 4976 4943
3 4945 4977 4944
3 4946 4978 4945
3 4947 4979 4946
3 4948 4980 4947
3 4949 4981 4948
3 4950 4982 4949
3 4951 4983 4950
3 4952 4984 4951
3 4953 4985 4952
3 4954 4986 4953
3 4955 4987 4954
3 4956 4988 4955
3 4957 4989 4956
3 4958 4990 4957
3 4959 4991 4958
3 4960 4992 4959
3 4961 4993 4960
3 4962 4994 4961
3 4964 4999 4963
3 4965 5000 4964
3 4966 5001 4965
3 4968 5012 4967
3 4969 5013 4968
3 4970 5014 4969
3 4971 5015 4970
3 4972 5016 4971
3 4973 5017 4972
3 4974 5018 4973
3 4975 5019 4974
3 4976 5020 4975
3 4977 5021 4976
3 4978 5022 4977
3 4979 5023 4978
3 4980 5024 4979
3 4981 5025 4980
3 4982 5026 4981
3 4983 5027 4982
3 4984 5028 4983
3 4985 5029 4984
3 4986 5030 4985
3 4987 5031 4986
3 4988 5032 4987
3 4989 5033 4988
3 4990 5034 4989
3 4991 5035 4990
3 4992 5036 4991
3 4993 5037 4992
3 4994 5038 4993
3 4995 5039 4994
3 4997 5041 4996
3 4998 5042 4997
3 4999 5043 4998
3 5000 5044 4999
3 5001 5045 5000
3 5002 5046 5001
3 5003 5047 5002
3 5004 5048 5003
3 5006 5050 5005
3 5008 5055 5007
3 5009 5056 5008
3 5010 5057 5009
3 5011 5058 5010
3 5012 5059 5011
3 5013 5060 5012
3 5014 5061 5013
3 5015 5062 5014
3 5016 5063 5015
3 5017 5064 5016
3 5018 5065 5017
3 5019 5066 5018
3 5020 5067 5019
3 5021 5068 5020
3 5022 5069 5021
3 5023 5070 5022
3 5024 5071 5023
3 5025 5072 5024
3 5026 5073 5025
3 5027 5074 5026
3 5028 5075 5027
3 5029 5076 5028
3 5030 5077 5029
3 5031 5078 5030
3 5032 5079 5031
3 5033 5080 5032
3 5034 5081 5033
3 5035 5082 5034
3 5036 5083 5035
3 5037 5084 5036
3 5038 5085 5037
3 5039 5086 5038
3 5040 5087 5039
3 5041 5088 5040
3 5042 5089 5041
3 5043 5090 5042
3 5044 5091 5043
3 5045 5092 5044
3 5046 5093 5045
3 5047 5094 5046
3 5048 5095 5047
3 5049 5096 5048
3 5050 5097 5049
3 5051 5098 5050
3 5052 5099 5051
3 5053 5100 5052
3 5055 5102 5054
3 5056 5103 5055
3 5057 5104 5056
3 5058 5105 5057
3 5059 5106 5058
3 5060 5107 5059
3 5061 5108 5060
3 5062 5109 5061
3 5063 5110 5062
3 5064 5111 5063
3 5065 5112 5064
3 5066 5113 5065
3 5067 5114 5066
3 5068 5115 5067
3 5069 5116 5068
3 5070 5117 5069
3 5071 5118 5070
3 5072 5119 5071
3 5073 5120 5072
3 5074 5121 5073
3 5075 5122 5074
3 5076 5123 5075
3 5077 5124 5076
3 5078 5125 5077
3 5079 5126 5078
3 5080 5127 5079
3 5081 5128 5080
3 5082 5129 5081
3 5083 5130 5082
3 5084 5131 5083
3 5085 5132 5084
3 5086 5133 5085
3 5087 5134 5086
3 5088 5135 5087
3 5089 5136 5088
3 5090 5137 5089
3 5091 5138 5090
3 5092 5139 5091
3 5093 5140 5092
3 5094 5141 5093
3 5095 5142 5094
3 5096 5143 5095
3 5097 5144 5096
3 5098 5145 5097
3 5099 5146 5098
3 5100 5147 5099
3 5101 5148 5100
3 5103 5151 5102
3 5104 5152 5103
3 5105 5153 5104
3 5106 5154 5105
3 5107 5155 5106
3 5108 5156 5107
3 5109 5157 5108
3 5110 5158 5109
3 5111 5159 5110
3 5112 5160 5111
3 5113 5161 5112
3 5114 5162 5113
3 5115 5163 5114
3 5116 5164 5115
3 5117 5165 5116
3 5118 5166 5117
3 5119 5167 5118
3 5120 5168 5119
3 5121 5169 5120
3 5122 5170 5121
3 5123 5171 5122
3 5124 5172 5123
3 5125 5173 5124
3 5126 5174 5125
3 5127 5175 5126
3 5128 5176 5127
3 5129 5177 5128
3 5130 5178 5129
3 5131 5179 5130
3 5132 5180 5131
3 5133 5181 5132
3 5134 5182 5133
3 5135 5183 5134
3 5136 5184 5135
3 5137 5185 5136
3 5138 5186 5137
3 5139 5187 5138
3 5140 5188 5139
3 5141 5189 5140
3 5142 5190 5141
3 5143 5191 5142
3 5144 5192 5143
3 5145 5193 5144
3 5146 5194 5145
3 5147 5195 5146
3 5148 5196 5147
3 5149 5197 5148
3 5151 5200 5150
3 5152 5201 5151
3 5153 5202 5152
3 5154 5203 5153
3 5155 5204 5154
3 5156 5205 5155
3 5157 5206 5156
3 5158 5207 5157
3 5159 5208 5158
3 5160 5209 5159
3 5161 5210 5160
3 5162 5211 5161
3 5163 5212 5162
3 5164 5213 5163
3 5165 5214 5164
3 5166 5215 5165
3 5167 5216 5166
3 5168 5217 5167
3 5169 5218 5168
3 5170 5219 5169
3 5171 5220 5170
3 5172 5221 5171
3 5173 5222 5172
3 5174 5223 5173
3 5175 5224 5174
3 5176 5225 5175
3 5177 5226 5176
3 5178 5227 5177
3 5179 5228 5178
3 5180 5229 5179
3 5181 5230 5180
3 5182 5231 5181
3 5183 5232 5182
3 5184 5233 5183
3 5185 5234 5184
3 5186 5235 5185
3 5187 5236 5186
3 5188 5237 5187
3 5189 5238 5188
3 5190 5239 5189
3 5191 5240 5190
3 5192 5241 5191
3 5193 5242 5192
3 5194 5243 5193
3 5195 5244 5194
3 5196 5245 5195
3 5197 5246 5196
3 5198 5247 5197
3 5200 5252 5199
3 5201 5253 5200
3 5202 5254 5201
3 5203 5255 5202
3 5204 5256 5203
3 5205 5257 5204
3 5206 5258 5205
3 5207 5259 5206
3 5208 5260 5207
3 5209 5261 5208
3 5210 5262 5209
3 5211 5263 5210
3 5212 5264 5211
3 5213 5265 5212
3 5214 5266 5213
3 5215 5267 5214
3 5216 5268 5215
3 5217 5269 5216
3 5218 5270 5217
3 5219 5271 5218
3 5220 5272 5219
3 5221 5273 5220
3 5222 5274 5221
3 5223 5275 5222
3 5224 5276 5223
3 5225 5277 5224
3 5226 5278 5225
3 5227 5279 5226
3 5228 5280 5227
3 5229 5281 5228
3 5230 5282 5229
3 5231 5283 5230
3 5232 5284 5231
3 5233 5285 5232
3 5234 5286 5233
3 5235 5287 5234
3 5236 5288 5235
3 5237 5289 5236
3 5238 5290 5237
3 5239 5291 5238
3 5240 5292 5239
3 5241 5293 5240
3 5242 5294 5241
3 5243 5295 5242
3 5244 5296 5243
3 5245 5297 5244
3 5246 5298 5245
3 5247 5299 5246
3 5248 5300 5247
3 5249 5301 5248
3 5250 5302 5249
3 5252 5304 5251
3 5253 5305 5252
3 5254 5306 5253
3 5255 5307 5254
3 5256 5308 5255
3 5257 5309 5256
3 5258 5310 5257
3 5259 5311 5258
3 5260 5312 5259
3 5261 5313 5260
3 5262 5314 5261
3 5263 5315 5262
3 5264 5316 5263
3 5265 5317 5264
3 5266 5318 5265
3 5267 5319 5266
3 5268 5320 5267
3 5269 5321 5268
3 5270 5322 5269
3 5271 5323 5270
3 5272 5324 5271
3 5273 5325 5272
3 5274 5326 5273
3 5275 5327 5274
3 5276 5328 5275
3 5277 5329 5276
3 5278 5330 5277
3 5279 5331 5278
3 5280 5332 5279
3 5281 5333 5280
3 5282 5334 5281
3 5283 5335 5282
3 5284 5336 5283
3 5285 5337 5284
3 5286 5338 5285
3 5287 5339 5286
3 5288 5340 5287
3 5289 5341 5288
3 5290 5342 5289
3 5291 5343 5290
3 5292 5344 5291
3 5293 5345 5292
3 5294 5346 5293
3 5295 5347 5294
3 5296 5348 5295
3 5297 5349 5296
3 5298 5350 5297
3 5299 5351 5298
3 5300 5352 5299
3 5301 5353 5300
3 5302 5354 5301
3 5303 5355 5302
3 5305 5358 5304
3 5306 5359 5305
3 5307 5360 5306
3 5308 5361 5307
3 5309 5362 5308
3 5310 5363 5309
3 5311 5364 5310
3 5312 5365 5311
3 5313 5366 5312
3 5314 5367 5313
3 5315 5368 5314
3 5316 5369 5315
3 5317 5370 5316
3 5318 5371 5317
3 5319 5372 5318
3 5320 5373 5319
3 5321 5374 5320
3 5322 5375 5321
3 5323 5376 5322
3 5324 5377 5323
3 5325 5378 5324
3 5326 5379 5325
3 5327 5380 5326
3 5328 5381 5327
3 5329 5382 5328
3 5330 5383 5329
3 5331 5384 5330
3 5332 5385 5331
3 5333 5386 5332
3 5334 5387 5333
3 5335 5388 5334
3 5336 5389 5335
3 5337 5390 5336
3 5338 5391 5337
3 5339 5392 5338
3 5340 5393 5339
3 5341 5394 5340
3 5342 5395 5341
3 5343 5396 5342
3 5344 5397 5343
3 5345 5398 5344
3 5346 5399 5345
3 5347 5400 5346
3 5348 5401 5347
3 5349 5402 5348
3 5350 5403 5349
3 5351 5404 5350
3 5352 5405 5351
3 5353 5406 5352
3 5354 5407 5353
3 5355 5408 5354
3 5356 5409 5355
3 5358 5411 5357
3 5359 5412 5358
3 5360 5413 5359
3 5361 5414 5360
3 5362 5415 5361
3 5363 5416 5362
3 5364 5417 5363
3 5365 5418 5364
3 5366 5419 5365
3 5367 5420 5366
3 5368 5421 5367
3 5369 5422 5368
3 5370 5423 5369
3 5371 5424 5370
3 5372 5425 5371
3 5373 5426 5372
3 5374 5427 5373
3 5375 5428 5374
3 5376 5429 5375
3 5377 5430 5376
3 5378 5431 5377
3 5379 5432 5378
3 5380 5433 5379
3 5381 5434 5380
3 5382 5435 5381
3 5383 5436 5382
3 5384 5437 5383
3 5385 5438 5384
3 5386 5439 5385
3 5387 5440 5386
3 5388 5441 5387
3 5389 5442 5388
3 5390 5443 5389
3 5391 5444 5390
3 5392 5445 5391
3 5393 5446 5392
3 5394 5447 5393
3 5395 5448 5394
3 5396 5449 5395
3 5397 5450 5396
3 5398 5451 5397
3 5399 5452 5398
3 5400 5453 5399
3 5401 5454 5400
3 5402 5455 5401
3 5403 5456 5402
3 5404 5457 5403
3 5405 5458 5404
3 5406 5459 5405
3 5407 5460 5406
3 5408 5461 5407
3 5409 5462 5408
3 5410 5463 5409
3 5412 5466 5411
3 5413 5467 5412
3 5414 5468 5413
3 5415 5469 5414
3 5416 5470 5415
3 5417 5471 5416
3 5418 5472 5417
3 5419 5473 5418
3 5420 5474 5419
3 5421 5475 5420
3 5422 5476 5421
3 5423 5477 5422
3 5424 5478 5423
3 5425 5479 5424
3 5426 5480 5425
3 5427 5481 5426
3 5428 5482 5427
3 5429 5483 5428
3 5430 5484 5429
3 5431 5485 5430
3 5432 5486 5431
3 5433 5487 5432
3 5434 5488 5433
3 5435 5489 5434
3 5436 5490 5435
3 5437 5491 5436
3 5438 5492 5437
3 5439 5493 5438
3 5440 5494 5439
3 5441 5495 5440
3 5442 5496 5441
3 5443 5497 5442
3 5444 5498 5443
3 5445 5499 5444
3 5446 5500 5445
3 5447 5501 5446
3 5448 5502 5447
3 5449 5503 5448
3 5450 5504 5449
3 5451 5505 5450
3 5452 5506 5451
3 5453 5507 5452
3 5454 5508 5453
3 5455 5509 5454
3 5456 5510 5455
3 5457 5511 5456
3 5458 5512 5457
3 5459 5513 5458
3 5460 5514 5459
3 5461 5515 5460
3 5462 5516 5461
3 5463 5517 5462
3 5464 5518 5463
3 5465 5519 5464
3 5468 5521 5467
3 5469 5522 5468
3 5470 5523 5469
3 5471 5524 5470
3 5472 5525 5471
3 5473 5526 5472
3 5474 5527 5473
3 5475 5528 5474
3 5476 5529 5475
3 5477 5530 5476
3 5478 5531 5477
3 5479 5532 5478
3 5480 5533 5479
3 5481 5534 5480
3 5482 5535 5481
3 5483 5536 5482
3 5484 5537 5483
3 5485 5538 5484
3 5486 5539 5485
3 5487 5540 5486
3 5488 5541 5487
3 5489 5542 5488
3 5490 5543 5489
3 5491 5544 5490
3 5492 5545 5491
3 5493 5546 5492
3 5494 5547 5493
3 5495 5548 5494
3 5496 5549 5495
3 5497 5550 5496
3 5498 5551 5497
3 5499 5552 5498
3 5500 5553 5499
3 5501 5554 5500
3 5502 5555 5501
3 5503 5556 5502
3 5504 5557 5503
3 5505 5558 5504
3 5506 5559 5505
3 5507 5560 5506
3 5508 5561 5507
3 5509 5562 5508
3 5510 5563 5509
3 5511 5564 5510
3 5512 5565 5511
3 5513 5566 5512
3 5514 5567 5513
3 5515 5568 5514
3 5516 5569 5515
3 5517 5570 5516
3 5518 5571 5517
3 5519 5572 5518
3 5523 5574 5522
3 5524 5575 5523
3 5525 5576 5524
3 5526 5577 5525
3 5527 5578 5526
3 5528 5579 5527
3 5529 5580 5528
3 5530 5581 5529
3 5531 5582 5530
3 5532 5583 5531
3 5533 5584 5532
3 5534 5585 5533
3 5535 5586 5534
3 5536 5587 5535
3 5537 5588 5536
3 5538 5589 5537
3 5539 5590 5538
3 5540 5591 5539
3 5541 5592 5540
3 5542 5593 5541
3 5543 5594 5542
3 5544 5595 5543
3 5545 5596 5544
3 5546 5597 5545
3 5547 5598 5546
3 5548 5599 5547
3 5549 5600 5548
3 5550 5601 5549
3 5551 5602 5550
3 5552 5603 5551
3 5553 5604 5552
3 5554 5605 5553
3 5555 5606 5554
3 5556 5607 5555
3 5557 5608 5556
3 5558 5609 5557
3 5559 5610 5558
3 5560 5611 5559
3 5561 5612 5560
3 5562 5613 5561
3 5563 5614 5562
3 5564 5615 5563
3 5565 5616 5564
3 5566 5617 5565
3 5567 5618 5566
3 5568 5619 5567
3 5569 5620 5568
3 5570 5621 5569
3 5571 5622 5570
3 5572 5623 5571
3 5576 5625 5575
3 5577 5626 5576
3 5578 5627 5577
3 5579 5628 5578
3 5580 5629 5579
3 5581 5630 5580
3 5582 5631 5581
3 5583 5632 5582
3 5584 5633 5583
3 5585 5634 5584
3 5586 5635 5585
3 5587 5636 5586
3 5588 5637 5587
3 5589 5638 5588
3 5590 5639 5589
3 5591 5640 5590
3 5592 5641 5591
3 5593 5642 5592
3 5594 5643 5593
3 5595 5644 5594
3 5596 5645 5595
3 5597 5646 5596
3 5598 5647 5597
3 5599 5648 5598
3 5600 5649 5599
3 5601 5650 5600
3 5602 5651 5601
3 5603 5652 5602
3 5604 5653 5603
3 5605 5654 5604
3 5606 5655 5605
3 5607 5656 5606
3 5608 5657 5607
3 5609 5658 5608
3 5610 5659 5609
3 5611 5660 5610
3 5612 5661 5611
3 5613 5662 5612
3 5614 5663 5613
3 5615 5664 5614
3 5616 5665 5615
3 5617 5666 5616
3 5618 5667 5617
3 5619 5668 5618
3 5620 5669 5619
3 5621 5670 5620
3 5622 5671 5621
3 5623 5672 5622
3 5627 5674 5626
3 5628 5675 5627
3 5629 5676 5628
3 5630 5677 5629
3 5631 5678 5630
3 5632 5679 5631
3 5633 5680 5632
3 5634 5681 5633
3 5635 5682 5634
3 5636 5683 5635
3 5637 5684 5636
3 5638 5685 5637
3 5639 5686 5638
3 5640 5687 5639
3 5641 5688 5640
3 5642 5689 5641
3 5643 5690 5642
3 5644 5691 5643
3 5645 5692 5644
3 5646 5693 5645
3 5647 5694 5646
3 5648 5695 5647
3 5649 5696 5648
3 5650 5697 5649
3 5651 5698 5650
3 5652 5699 5651
3 5653 5700 5652
3 5654 5701 5653
3 5655 5702 5654
3 5656 5703 5655
3 5657 5704 5656
3 5658 5705 5657
3 5659 5706 5658
3 5660 5707 5659
3 5661 5708 5660
3 5662 5709 5661
3 5663 5710 5662
3 5664 5711 5663
3 5665 5712 5664
3 5666 5713 5665
3 5667 5714 5666
3 5668 5715 5667
3 5669 5716 5668
3 5670 5717 5669
3 5671 5718 5670
3 5677 5720 5676
3 5678 5721 5677
3 5679 5722 5678
3 5680 5723 5679
3 5681 5724 5680
3 5682 5725 5681
3 5683 5726 5682
3 5684 5727 5683
3 5685 5728 5684
3 5686 5729 5685
3 5687 5730 5686
3 5688 5731 5687
3 5689 5732 5688
3 5690 5733 5689
3 5691 5734 5690
3 5692 5735 5691
3 5693 5736 5692
3 5694 5737 5693
3 5695 5738 5694
3 5696 5739 5695
3 5697 5740 5696
3 5698 5741 5697
3 5699 5742 5698
3 5700 5743 5699
3 5701 5744 5700
3 5702 5745 5701
3 5703 5746 5702
3 5704 5747 5703
3 5705 5748 5704
3 5706 5749 5705
3 5707 5750 5706
3 5708 5751 5707
3 5709 5752 5708
3 5710 5753 5709
3 5711 5754 5710
3 5712 5755 5711
3 5713 5756 5712
3 5714 5757 5713
3 5715 5758 5714
3 5716 5759 5715
3 5717 5760 5716
3 5718 5761 5717
3 5719 5762 5718
3 5722 5765 5721
3 5723 5766 5722
3 5724 5767 5723
3 5725 5768 5724
3 5726 5769 5725
3 5727 5770 5726
3 5728 5771 5727
3 5729 5772 5728
3 5730 5773 5729
3 5731 5774 5730
3 5732 5775 5731
3 5733 5776 5732
3 5734 5777 5733
3 5735 5778 5734
3 5736 5779 5735
3 5737 5780 5736
3 5738 5781 5737
3 5739 5782 5738
3 5740 5783 5739
3 5741 5784 5740
3 5742 5785 5741
3 5743 5786 5742
3 5744 5787 5743
3 5745 5788 5744
3 5746 5789 5745
3 5747 5790 5746
3 5748 5791 5747
3 5749 5792 5748
3 5750 5793 5749
3 5751 5794 5750
3 5752 5795 5751
3 5753 5796 5752
3 5754 5797 5753
3 5755 5798 5754
3 5756 5799 5755
3 5757 5800 5756
3 5758 5801 5757
3 5759 5802 5758
3 5760 5803 5759
3 5761 5804 5760
3 5762 5805 5761
3 5763 5806 5762
3 5764 5807 5763
3 5766 5809 5765
3 5767 5810 5766
3 5768 5811 5767
3 5769 5812 5768
3 5770 5813 5769
3 5771 5814 5770
3 5772 5815 5771
3 5773 5816 5772
3 5774 5817 5773
3 5775 5818 5774
3 5776 5819 5775
3 5777 5820 5776
3 5778 5821 5777
3 5779 5822 5778
3 5780 5823 5779
3 5781 5824 5780
3 5782 5825 5781
3 5783 5826 5782
3 5784 5827 5783
3 5785 5828 5784
3 5786 5829 5785
3 5787 5830 5786
3 5788 5831 5787
3 5789 5832 5788
3 5790 5833 5789
3 5791 5834 5790
3 5792 5835 5791
3 5793 5836 5792
3 5794 5837 5793
3 5795 5838 5794
3 5796 5839 5795
3 5797 5840 5796
3 5798 5841 5797
3 5799 5842 5798
3 5800 5843 5799
3 5801 5844 5800
3 5802 5845 5801
3 5803 5846 5802
3 5804 5847 5803
3 5805 5848 5804
3 5806 5849 5805
3 5807 5850 5806
3 5808 5851 5807
3 5810 5853 5809
3 5811 5854 5810
3 5812 5855 5811
3 5813 5856 5812
3 5814 5857 5813
3 5815 5858 5814
3 5822 5860 5821
3 5823 5861 5822
3 5824 5862 5823
3 5825 5863 5824
3 5826 5864 5825
3 5827 5865 5826
3 5828 5866 5827
3 5829 5867 5828
3 5830 5868 5829
3 5831 5869 5830
3 5832 5870 5831
3 5833 5871 5832
3 5834 5872 5833
3 5835 5873 5834
3 5836 5874 5835
3 5837 5875 5836
3 5838 5876 5837
3 5839 5877 5838
3 5840 5878 5839
3 5841 5879 5840
3 5842 5880 5841
3 5843 5881 5842
3 5844 5882 5843
3 5845 5883 5844
3 5847 5885 5846
3 5848 5886 5847
3 5849 5887 5848
3 5850 5888 5849
3 5855 5890 5854
3 5856 5891 5855
3 5857 5892 5856
3 5861 5894 5860
3 5862 5895 5861
3 5863 5896 5862
3 5864 5897 5863
3 5865 5898 5864
3 5866 5899 5865
3 5867 5900 5866
3 5868 5901 5867
3 5869 5902 5868
3 5870 5903 5869
3 5871 5904 5870
3 5873 5906 5872
3 5874 5907 5873
3 5875 5908 5874
3 5876 5909 5875
3 5877 5910 5876
3 5881 5913 5880
3 5882 5914 5881
3 5883 5915 5882
3 5884 5916 5883
3 5887 5918 5886
3 5888 5919 5887
3 5889 5920 5888
3 5895 5922 5894
3 5896 5923 5895
3 5897 5924 5896
3 5898 5925 5897
3 5899 5926 5898
3 5900 5927 5899
3 5901 5928 5900
3 5902 5929 5901
3 5903 5930 5902
3 5904 5931 5903
3 5905 5932 5904
3 5907 5934 5906
3 5908 5935 5907
3 5909 5936 5908
3 5910 5937 5909
3 5911 5938 5910
3 5912 5939 5911
3 5914 5941 5913
3 5915 5942 5914
3 5916 5943 5915
3 5920 5945 5919
3 5924 5947 5923
3 5925 5948 5924
3 5926 5949 5925
3 5927 5950 5926
3 5928 5951 5927
3 5929 5952 5928
3 5930 5953 5929
3 5931 5954 5930
3 5932 5955 5931
3 5936 5957 5935
3 5937 5958 5936
3 5938 5959 5937
3 5939 5960 5938
3 5949 5962 5948
3 5950 5963 5949
3 5951 5964 5950
3 5952 5965 5951
3 5953 5966 5952
3 5954 5967 5953
3 5955 5968 5954
3 5956 5969 5955
3 5960 5972 5959
3 5961 5973 5960
3 5965 5975 5964
3 5966 5976 5965
3 5967 5977 5966
3 5968 5978 5967
3 5969 5979 5968
3 5970 5980 5969
3 5971 5981 5970
3 5977 5983 5976
3 5978 5984 5977
3 5979 5985 5978
3 5980 5986 5979
3 5981 5987 5980
3 5985 5989 5984
3 5986 5990 5985
3 1 101 100
3 2 102 101
3 3 103 102
3 4 104 103
3 5 105 104
3 6 106 105
3 7 107 106
3 8 108 107
3 9 109 108
3 10 110 109
3 11 111 110
3 12 112 111
3 13 113 112
3 14 114 113
3 15 115 114
3 16 116 115
3 17 117 116
3 18 118 117
3 19 119 118
3 20 120 119
3 21 121 120
3 22 122 121
3 23 123 122
3 24 124 123
3 25 125 124
3 26 126 125
3 27 127 126
3 28 128 127
3 29 129 128
3 30 130 129
3 31 131 130
3 32 132 131
3 33 133 132
3 34 134 133
3 35 135 134
3 36 136 135
3 37 137 136
3 38 138 137
3 39 139 138
3 40 140 139
3 41 141 140
3 42 142 141
3 43 143 142
3 44 144 143
3 45 145 144
3 46 146 145
3 47 147 146
3 48 148 147
3 49 149 148
3 50 150 149
3 51 151 150
3 52 152 151
3 53 153 152
3 54 154 153
3 55 155 154
3 56 156 155
3 57 157 156
3 58 158 157
3 59 159 158
3 60 160 159
3 61 161 160
3 62 162 161
3 63 163 162
3 64 164 163
3 65 165 164
3 66 166 165
3 67 167 166
3 68 168 167
3 69 169 168
3 70 170 169
3 71 171 170
3 72 172 171
3 73 173 172
3 74 174 173
3 75 175 174
3 76 176 175
3 77 177 176
3 78 178 177
3 79 179 178
3 80 180 179
3 81 181 180
3 82 182 181
3 83 183 182
3 84 184 183
3 85 185 184
3 86 186 185
3 87 187 186
3 88 188 187
3 89 189 188
3 90 190 189
3 91 191 190
3 92 192 191
3 93 193 192
3 94 194 193
3 95 195 194
3 96 196 195
3 97 197 196
3 98 198 197
3 99 199 198
3 101 201 200
3 102 202 201
3 103 203 202
3 104 204 203
3 105 205 204
3 106 206 205
3 107 207 206
3 108 208 207
3 109 209 208
3 110 210 209
3 111 211 210
3 112 212 211
3 113 213 212
3 114 214 213
3 115 215 214
3 116 216 215
3 117 217 216
3 118 218 217
3 119 219 218
3 120 220 219
3 121 221 220
3 122 222 221
3 123 223 222
3 124 224 223
3 125 225 224
3 126 226 225
3 127 227 226
3 128 228 227
3 129 229 228
3 130 230 229
3 131 231 230
3 132 232 231
3 133 233 232
3 134 234 233
3 135 235 234
3 136 236 235
3 137 237 236
3 138 238 237
3 139 239 238
3 140 240 239
3 141 241 240
3 142 242 241
3 143 243 242
3 144 244 243
3 145 245 244
3 146 246 245
3 147 247 246
3 148 248 247
3 149 249 248
3 150 250 249
3 151 251 250
3 152 252 251
3 153 253 252
3 154 254 253
3 155 255 254
3 156 256 255
3 157 257 256
3 158 258 257
3 159 259 258
3 160 260 259
3 161 261 260
3 162 262 261
3 163 263 262
3 164 264 263
3 165 265 264
3 166 266 265
3 167 267 266
3 168 268 267
3 169 269 268
3 170 270 269
3 171 271 270
3 172 272 271
3 173 273 272
3 174 274 273
3 175 275 274
3 176 276 275
3 177 277 276
3 178 278 277
3 179 279 278
3 180 280 279
3 181 281 280
3 182 282 281
3 183 283 282
3 184 284 283
3 185 285 284
3 186 286 285
3 187 287 286
3 188 288 287
3 189 289 288
3 190 290 289
3 191 291 290
3 192 292 291
3 193 293 292
3 194 294 293
3 195 295 294
3 196 296 295
3 197 297 296
3 198 298 297
3 199 299 298
3 201 301 300
3 202 302 301
3 203 303 302
3 204 304 303
3 205 305 304
3 206 306 305
3 207 307 306
3 208 308 307
3 209 309 308
3 210 310 309
3 211 311 310
3 212 312 311
3 213 313 312
3 214 314 313
3 215 315 314
3 216 316 315
3 217 317 316
3 218 318 317
3 219 319 318
3 220 320 319
3 221 321 320
3 222 322 321
3 223 323 322
3 224 324 323
3 225 325 324
3 226 326 325
3 227 327 326
3 228 328 327
3 229 329 328
3 230 330 329
3 231 331 330
3 232 332 331
3 233 333 332
3 234 334 333
3 235 335 334
3 236 336 335
3 237 337 336
3 238 338 337
3 239 339 338
3 240 340 339
3 241 341 340
3 242 342 341
3 243 343 342
3 244 344 343
3 245 345 344
3 246 346 345
3 247 347 346
3 248 348 347
3 249 349 348
3 250 350 349
3 251 351 350
3 252 352 351
3 253 353 352
3 254 354 353
3 255 355 354
3 256 356 355
3 257 357 356
3 258 358 357
3 259 359 358
3 260 360 359
3 261 361 360
3 262 362 361
3 263 363 362
3 264 364 363
3 265 365 364
3 266 366 365
3 267 367 366
3 268 368 367
3 269 369 368
3 270 370 369
3 271 371 370
3 272 372 371
3 273 373 372
3 274 374 373
3 275 375 374
3 276 376 375
3 277 377 376
3 278 378 377
3 279 379 378
3 280 380 379
3 281 381 380
3 282 382 381
3 283 383 382
3 284 384 383
3 285 385 384
3 286 386 385
3 287 387 386
3 288 388 387
3 289 389 388
3 290 390 389
3 291 391 390
3 292 392 391
3 293 393 392
3 294 394 393
3 295 395 394
3 296 396 395
3 297 397 396
3 298 398 397
3 301 400 399
3 302 401 400
3 303 402 401
3 304 403 402
3 305 404 403
3 306 405 404
3 307 406 405
3 308 407 406
3 309 408 407
3 310 409 408
3 311 410 409
3 312 411 410
3 313 412 411
3 314 413 412
3 315 414 413
3 316 415 414
3 317 416 415
3 318 417 416
3 319 418 417
3 320 419 418
3 321 420 419
3 322 421 420
3 323 422 421
3 324 423 422
3 325 424 423
3 326 425 424
3 327 426 425
3 328 427 426
3 329 428 427
3 330 429 428
3 331 430 429
3 332 431 430
3 333 432 431
3 334 433 432
3 335 434 433
3 336 435 434
3 337 436 435
3 338 437 436
3 339 438 437
3 340 439 438
3 341 440 439
3 342 441 440
3 343 442 441
3 344 443 442
3 345 444 443
3 346 445 444
3 347 446 445
3 348 447 446
3 349 448 447
3 350 449 448
3 351 450 449
3 352 451 450
3 353 452 451
3 354 453 452
3 355 454 453
3 356 455 454
3 357 456 455
3 358 457 456
3 359 458 457
3 360 459 458
3 361 460 459
3 362 461 460
3 363 462 461
3 364 463 462
3 365 464 463
3 366 465 464
3 367 466 465
3 368 467 466
3 369 468 467
3 370 469 468
3 371 470 469
3 372 471 470
3 373 472 471
3 374 473 472
3 375 474 473
3 376 475 474
3 377 476 475
3 378 477 476
3 379 478 477
3 380 479 478
3 381 480 479
3 382 481 480
3 383 482 481
3 384 483 482
3 385 484 483
3 386 485 484
3 387 486 485
3 388 487 486
3 389 488 487
3 390 489 488
3 391 490 489
3 392 491 490
3 393 492 491
3 394 493 492
3 395 494 493
3 396 495 494
3 397 496 495
3 398 497 496
3 400 499 498
3 401 500 499
3 402 501 500
3 403 502 501
3 404 503 502
3 405 504 503
3 406 505 504
3 407 506 505
3 408 507 506
3 409 508 507
3 410 509 508
3 411 510 509
3 412 511 510
3 413 512 511
3 414 513 512
3 415 514 513
3 416 515 514
3 417 516 515
3 418 517 516
3 419 518 517
3 420 519 518
3 421 520 519
3 422 521 520
3 423 522 521
3 424 523 522
3 425 524 523
3 426 525 524
3 427 526 525
3 428 527 526
3 429 528 527
3 430 529 528
3 431 530 529
3 432 531 530
3 433 532 531
3 434 533 532
3 435 534 533
3 436 535 534
3 437 536 535
3 438 537 536
3 439 538 537
3 440 539 538
3 441 540 539
3 442 541 540
3 443 542 541
3 444 543 542
3 445 544 543
3 446 545 544
3 447 546 545
3 448 547 546
3 449 548 547
3 450 549 548
3 451 550 549
3 452 551 550
3 453 552 551
3 454 553 552
3 455 554 553
3 456 555 554
3 457 556 555
3 458 557 556
3 459 558 557
3 460 559 558
3 461 560 559
3 462 561 560
3 463 562 561
3 464 563 562
3 465 564 563
3 466 565 564
3 467 566 565
3 468 567 566
3 469 568 567
3 470 569 568
3 471 570 569
3 472 571 570
3 473 572 571
3 474 573 572
3 475 574 573
3 476 575 574
3 477 576 575
3 478 577 576
3 479 578 577
3 480 579 578
3 481 580 579
3 482 581 580
3 483 582 581
3 484 583 582
3 485 584 583
3 486 585 584
3 487 586 585
3 488 587 586
3 489 588 587
3 490 589 588
3 491 590 589
3 492 591 590
3 493 592 591
3 494 593 592
3 495 594 593
3 496 595 594
3 497 596 595
3 499 598 597
3 500 599 598
3 501 600 599
3 502 601 600
3 503 602 601
3 504 603 602
3 505 604 603
3 506 605 604
3 507 606 605
3 508 607 606
3 509 608 607
3 510 609 608
3 511 610 609
3 512 611 610
3 513 612 611
3 514 613 612
3 515 614 613
3 516 615 614
3 517 616 615
3 518 617 616
3 519 618 617
3 520 619 618
3 521 620 619
3 522 621 620
3 523 622 621
3 524 623 622
3 525 624 623
3 526 625 624
3 527 626 625
3 528 627 626
3 529 628 627
3 530 629 628
3 531 630 629
3 532 631 630
3 533 632 631
3 534 633 632
3 535 634 633
3 536 635 634
3 537 636 635
3 538 637 636
3 539 638 637
3 540 639 638
3 541 640 639
3 542 641 640
3 543 642 641
3 544 643 642
3 545 644 643
3 546 645 644
3 547 646 645
3 548 647 646
3 549 648 647
3 550 649 648
3 551 650 649
3 552 651 650
3 553 652 651
3 554 653 652
3 555 654 653
3 556 655 654
3 557 656 655
3 558 657 656
3 559 658 657
3 560 659 658
3 561 660 659
3 562 661 660
3 563 662 661
3 564 663 662
3 565 664 663
3 566 665 664
3 567 666 665
3 568 667 666
3 569 668 667
3 570 669 668
3 571 670 669
3 572 671 670
3 573 672 671
3 574 673 672
3 575 674 673
3 576 675 674
3 577 676 675
3 578 677 676
3 579 678 677
3 580 679 678
3 581 680 679
3 582 681 680
3 583 682 681
3 584 683 682
3 585 684 683
3 586 685 684
3 587 686 685
3 588 687 686
3 589 688 687
3 590 689 688
3 591 690 689
3 592 691 690
3 593 692 691
3 594 693 692
3 595 694 693
3 596 695 694
3 598 697 696
3 599 698 697
3 600 699 698
3 601 700 699
3 602 701 700
3 603 702 701
3 604 703 702
3 605 704 703
3 606 705 704
3 607 706 705
3 608 707 706
3 609 708 707
3 610 709 708
3 611 710 709
3 612 711 710
3 613 712 711
3 614 713 712
3 615 714 713
3 616 715 714
3 617 716 715
3 618 717 716
3 619 718 717
3 620 719 718
3 621 720 719
3 622 721 720
3 623 722 721
3 624 723 722
3 625 724 723
3 626 725 724
3 627 726 725
3 628 727 726
3 629 728 727
3 630 729 728
3 631 730 729
3 632 731 730
3 633 732 731
3 634 733 732
3 635 734 733
3 636 735 734
3 637 736 735
3 638 737 736
3 639 738 737
3 640 739 738
3 641 740 739
3 642 741 740
3 643 742 741
3 644 743 742
3 645 744 743
3 646 745 744
3 647 746 745
3 648 747 746
3 649 748 747
3 650 749 748
3 651 750 749
3 652 751 750
3 653 752 751
3 654 753 752
3 655 754 753
3 656 755 754
3 657 756 755
3 658 757 756
3 659 758 757
3 660 759 758
3 661 760 759
3 662 761 760
3 663 762 761
3 664 763 762
3 665 764 763
3 666 765 764
3 667 766 765
3 668 767 766
3 669 768 767
3 670 769 768
3 671 770 769
3 672 771 770
3 673 772 771
3 674 773 772
3 675 774 773
3 676 775 774
3 677 776 775
3 678 777 776
3 679 778 777
3 680 779 778
3 681 780 779
3 682 781 780
3 683 782 781
3 684 783 782
3 685 784 783
3 686 785 784
3 687 786 785
3 688 787 786
3 689 788 787
3 690 789 788
3 691 790 789
3 692 791 790
3 693 792 791
3 694 793 792
3 695 794 793
3 697 796 795
3 698 797 796
3 699 798 797
3 700 799 798
3 701 800 799
3 702 801 800
3 703 802 801
3 704 803 802
3 705 804 803
3 706 805 804
3 707 806 805
3 708 807 806
3 709 808 807
3 710 809 808
3 711 810 809
3 712 811 810
3 713 812 811
3 714 813 812
3 715 814 813
3 716 815 814
3 717 816 815
3 718 817 816
3 719 818 817
3 720 819 818
3 721 820 819
3 722 821 820
3 723 822 821
3 724 823 822
3 725 824 823
3 726 825 824
3 727 826 825
3 728 827 826
3 729 828 827
3 730 829 828
3 731 830 829
3 732 831 830
3 733 832 831
3 734 833 832
3 735 834 833
3 736 835 834
3 737 836 835
3 738 837 836
3 739 838 837
3 740 839 838
3 741 840 839
3 742 841 840
3 743 842 841
3 744 843 842
3 745 844 843
3 746 845 844
3 747 846 845
3 748 847 846
3 749 848 847
3 750 849 848
3 751 850 849
3 752 851 850
3 753 852 851
3 754 853 852
3 755 854 853
3 756 855 854
3 757 856 855
3 758 857 856
3 759 858 857
3 760 859 858
3 761 860 859
3 762 861 860
3 763 862 861
3 764 863 862
3 765 864 863
3 766 865 864
3 767 866 865
3 768 867 866
3 769 868 867
3 770 869 868
3 771 870 869
3 772 871 870
3 773 872 871
3 774 873 872
3 775 874 873
3 776 875 874
3 777 876 875
3 778 877 876
3 779 878 877
3 780 879 878
3 781 880 879
3 782 881 880
3 783 882 881
3 784 883 882
3 785 884 883
3 786 885 884
3 787 886 885
3 788 887 886
3 789 888 887
3 790 889 888
3 791 890 889
3 792 891 890
3 793 892 891
3 796 894 893
3 797 895 894
3 798 896 895
3 799 897 896
3 800 898 897
3 801 899 898
3 802 900 899
3 803 901 900
3 804 902 901
3 805 903 902
3 806 904 903
3 807 905 904
3 808 906 905
3 809 907 906
3 810 908 907
3 811 909 908
3 812 910 909
3 813 911 910
3 814 912 911
3 815 913 912
3 816 914 913
3 817 915 914
3 818 916 915
3 819 917 916
3 820 918 917
3 821 919 918
3 822 920 919
3 823 921 920
3 824 922 921
3 825 923 922
3 826 924 923
3 827 925 924
3 828 926 925
3 829 927 926
3 830 928 927
3 831 929 928
3 832 930 929
3 833 931 930
3 834 932 931
3 835 933 932
3 836 934 933
3 837 935 934
3 838 936 935
3 839 937 936
3 840 938 937
3 841 939 938
3 842 940 939
3 843 941 940
3 844 942 941
3 845 943 942
3 846 944 943
3 847 945 944
3 848 946 945
3 849 947 946
3 850 948 947
3 851 949 948
3 852 950 949
3 853 951 950
3 854 952 951
3 855 953 952
3 856 954 953
3 857 955 954
3 858 956 955
3 859 957 956
3 860 958 957
3 861 959 958
3 862 960 959
3 863 961 960
3 864 962 961
3 865 963 962
3 866 964 963
3 867 965 964
3 868 966 965
3 869 967 966
3 870 968 967
3 871 969 968
3 872 970 969
3 873 971 970
3 874 972 971
3 875 973 972
3 876 974 973
3 877 975 974
3 878 976 975
3 879 977 976
3 880 978 977
3 881 979 978
3 882 980 979
3 883 981 980
3 884 982 981
3 885 983 982
3 886 984 983
3 887 985 984
3 888 986 985
3 889 987 986
3 890 988 987
3 891 989 988
3 892 990 989
3 895 992 991
3 896 993 992
3 897 994 993
3 898 995 994
3 899 996 995
3 900 997 996
3 901 998 997
3 902 999 998
3 903 1000 999
3 904 1001 1000
3 905 1002 1001
3 906 1003 1002
3 907 1004 1003
3 908 1005 1004
3 909 1006 1005
3 910 1007 1006
3 911 1008 1007
3 912 1009 1008
3 913 1010 1009
3 914 1011 1010
3 915 1012 1011
3 916 1013 1012
3 917 1014 1013
3 918 1015 1014
3 919 1016 1015
3 920 1017 1016
3 921 1018 1017
3 922 1019 1018
3 923 1020 1019
3 924 1021 1020
3 925 1022 1021
3 926 1023 1022
3 927 1024 1023
3 928 1025 1024
3 929 1026 1025
3 930 1027 1026
3 931 1028 1027
3 932 1029 1028
3 933 1030 1029
3 934 1031 1030
3 935 1032 1031
3 936 1033 1032
3 937 1034 1033
3 938 1035 1034
3 939 1036 1035
3 940 1037 1036
3 941 1038 1037
3 942 1039 1038
3 943 1040 1039
3 944 1041 1040
3 945 1042 1041
3 946 1043 1042
3 947 1044 1043
3 948 1045 1044
3 949 1046 1045
3 950 1047 1046
3 951 1048 1047
3 952 1049 1048
3 953 1050 1049
3 954 1051 1050
3 955 1052 1051
3 956 1053 1052
3 957 1054 1053
3 958 1055 1054
3 959 1056 1055
3 960 1057 1056
3 961 1058 1057
3 962 1059 1058
3 963 1060 1059
3 964 1061 1060
3 965 1062 1061
3 966 1063 1062
3 967 1064 1063
3 968 1065 1064
3 969 1066 1065
3 970 1067 1066
3 971 1068 1067
3 972 1069 1068
3 973 1070 1069
3 974 1071 1070
3 975 1072 1071
3 976 1073 1072
3 977 1074 1073
3 978 1075 1074
3 979 1076 1075
3 980 1077 1076
3 981 1078 1077
3 982 1079 1078
3 983 1080 1079
3 984 1081 1080
3 985 1082 1081
3 986 1083 1082
3 987 1084 1083
3 988 1085 1084
3 989 1086 1085
3 993 1088 1087
3 994 1089 1088
3 995 1090 1089
3 996 1091 1090
3 997 1092 1091
3 998 1093 1092
3 999 1094 1093
3 1000 1095 1094
3 1001 1096 1095
3 1002 1097 1096
3 1003 1098 1097
3 1004 1099 1098
3 1005 1100 1099
3 1006 1101 1100
3 1007 1102 1101
3 1008 1103 1102
3 1009 1104 1103
3 1010 1105 1104
3 1011 1106 1105
3 1012 1107 1106
3 1013 1108 1107
3 1014 1109 1108
3 1015 1110 1109
3 1016 1111 1110
3 1017 1112 1111
3 1018 1113 1112
3 1019 1114 1113
3 1020 1115 1114
3 1021 1116 1115
3 1022 1117 1116
3 1023 1118 1117
3 1024 1119 1118
3 1025 1120 1119
3 1026 1121 1120
3 1027 1122 1121
3 1028 1123 1122
3 1029 1124 1123
3 1030 1125 1124
3 1031 1126 1125
3 1032 1127 1126
3 1033 1128 1127
3 1034 1129 1128
3 1035 1130 1129
3 1036 1131 1130
3 1037 1132 1131
3 1038 1133 1132
3 1039 1134 1133
3 1040 1135 1134
3 1041 1136 1135
3 1042 1137 1136
3 1043 1138 1137
3 1044 1139 1138
3 1045 1140 1139
3 1046 1141 1140
3 1047 1142 1141
3 1048 1143 1142
3 1049 1144 1143
3 1050 1145 1144
3 1051 1146 1145
3 1052 1147 1146
3 1053 1148 1147
3 1054 1149 1148
3 1055 1150 1149
3 1056 1151 1150
3 1057 1152 1151
3 1058 1153 1152
3 1059 1154 1153
3 1060 1155 1154
3 1061 1156 1155
3 1062 1157 1156
3 1063 1158 1157
3 1064 1159 1158
3 1065 1160 1159
3 1066 1161 1160
3 1067 1162 1161
3 1068 1163 1162
3 1069 1164 1163
3 1070 1165 1164
3 1071 1166 1165
3 1072 1167 1166
3 1073 1168 1167
3 1074 1169 1168
3 1075 1170 1169
3 1076 1171 1170
3 1077 1172 1171
3 1078 1173 1172
3 1079 1174 1173
3 1080 1175 1174
3 1081 1176 1175
3 1082 1177 1176
3 1083 1178 1177
3 1084 1179 1178
3 1085 1180 1179
3 1086 1181 1180
3 1090 1183 1182
3 1091 1184 1183
3 1092 1185 1184
3 1093 1186 1185
3 1094 1187 1186
3 1095 1188 1187
3 1096 1189 1188
3 1097 1190 1189
3 1098 1191 1190
3 1099 1192 1191
3 1100 1193 1192
3 1101 1194 1193
3 1102 1195 1194
3 1103 1196 1195
3 1104 1197 1196
3 1105 1198 1197
3 1106 1199 1198
3 1107 1200 1199
3 1108 1201 1200
3 1109 1202 1201
3 1110 1203 1202
3 1111 1204 1203
3 1112 1205 1204
3 1113 1206 1205
3 1114 1207 1206
3 1115 1208 1207
3 1116 1209 1208
3 1117 1210 1209
3 1118 1211 1210
3 1119 1212 1211
3 1120 1213 1212
3 1121 1214 1213
3 1122 1215 1214
3 1123 1216 1215
3 1124 1217 1216
3 1125 1218 1217
3 1126 1219 1218
3 1127 1220 1219
3 1128 1221 1220
3 1129 1222 1221
3 1130 1223 1222
3 1131 1224 1223
3 1132 1225 1224
3 1133 1226 1225
3 1134 1227 1226
3 1135 1228 1227
3 1136 1229 1228
3 1137 1230 1229
3 1138 1231 1230
3 1139 1232 1231
3 1140 1233 1232
3 1141 1234 1233
3 1142 1235 1234
3 1143 1236 1235
3 1144 1237 1236
3 1145 1238 1237
3 1146 1239 1238
3 1147 1240 1239
3 1148 1241 1240
3 1149 1242 1241
3 1150 1243 1242
3 1151 1244 1243
3 1152 1245 1244
3 1153 1246 1245
3 1154 1247 1246
3 1155 1248 1247
3 1156 1249 1248
3 1157 1250 1249
3 1158 1251 1250
3 1159 1252 1251
3 1160 1253 1252
3 1161 1254 1253
3 1162 1255 1254
3 1163 1256 1255
3 1164 1257 1256
3 1165 1258 1257
3 1166 1259 1258
3 1167 1260 1259
3 1168 1261 1260
3 1169 1262 1261
3 1170 1263 1262
3 1171 1264 1263
3 1172 1265 1264
3 1173 1266 1265
3 1174 1267 1266
3 1175 1268 1267
3 1176 1269 1268
3 1177 1270 1269
3 1178 1271 1270
3 1179 1272 1271
3 1180 1273 1272
3 1181 1274 1273
3 1184 1276 1275
3 1185 1277 1276
3 1186 1278 1277
3 1187 1279 1278
3 1188 1280 1279
3 1189 1281 1280
3 1190 1282 1281
3 1191 1283 1282
3 1192 1284 1283
3 1193 1285 1284
3 1194 1286 1285
3 1195 1287 1286
3 1196 1288 1287
3 1197 1289 1288
3 1198 1290 1289
3 1199 1291 1290
3 1200 1292 1291
3 1201 1293 1292
3 1202 1294 1293
3 1203 1295 1294
3 1204 1296 1295
3 1205 1297 1296
3 1206 1298 1297
3 1207 1299 1298
3 1208 1300 1299
3 1209 1301 1300
3 1210 1302 1301
3 1211 1303 1302
3 1212 1304 1303
3 1213 1305 1304
3 1214 1306 1305
3 1215 1307 1306
3 1216 1308 1307
3 1217 1309 1308
3 1218 1310 1309
3 1219 1311 1310
3 1220 1312 1311
3 1221 1313 1312
3 1222 1314 1313
3 1223 1315 1314
3 1224 1316 1315
3 1225 1317 1316
3 1226 1318 1317
3 1227 1319 1318
3 1228 1320 1319
3 1229 1321 1320
3 1230 1322 1321
3 1231 1323 1322
3 1232 1324 1323
3 1233 1325 1324
3 1234 1326 1325
3 1235 1327 1326
3 1236 1328 1327
3 1237 1329 1328
3 1238 1330 1329
3 1239 1331 1330
3 1240 1332 1331
3 1241 1333 1332
3 1242 1334 1333
3 1243 1335 1334
3 1244 1336 1335
3 1245 1337 1336
3 1246 1338 1337
3 1247 1339 1338
3 1248 1340 1339
3 1249 1341 1340
3 1250 1342 1341
3 1251 1343 1342
3 1252 1344 1343
3 1253 1345 1344
3 1254 1346 1345
3 1255 1347 1346
3 1256 1348 1347
3 1257 1349 1348
3 1258 1350 1349
3 1259 1351 1350
3 1260 1352 1351
3 1261 1353 1352
3 1262 1354 1353
3 1263 1355 1354
3 1264 1356 1355
3 1265 1357 1356
3 1266 1358 1357
3 1267 1359 1358
3 1268 1360 1359
3 1269 1361 1360
3 1270 1362 1361
3 1271 1363 1362
3 1272 1364 1363
3 1273 1365 1364
3 1277 1367 1366
3 1278 1368 1367
3 1279 1369 1368
3 1280 1370 1369
3 1281 1371 1370
3 1282 1372 1371
3 1283 1373 1372
3 1284 1374 1373
3 1285 1375 1374
3 1286 1376 1375
3 1287 1377 1376
3 1288 1378 1377
3 1289 1379 1378
3 1290 1380 1379
3 1291 1381 1380
3 1292 1382 1381
3 1293 1383 1382
3 1294 1384 1383
3 1295 1385 1384
3 1296 1386 1385
3 1297 1387 1386
3 1298 1388 1387
3 1299 1389 1388
3 1300 1390 1389
3 1301 1391 1390
3 1302 1392 1391
3 1303 1393 1392
3 1304 1394 1393
3 1305 1395 1394
3 1306 1396 1395
3 1307 1397 1396
3 1308 1398 1397
3 1309 1399 1398
3 1310 1400 1399
3 1311 1401 1400
3 1312 1402 1401
3 1313 1403 1402
3 1314 1404 1403
3 1315 1405 1404
3 1316 1406 1405
3 1317 1407 1406
3 1318 1408 1407
3 1319 1409 1408
3 1320 1410 1409
3 1321 1411 1410
3 1322 1412 1411
3 1323 1413 1412
3 1324 1414 1413
3 1325 1415 1414
3 1326 1416 1415
3 1327 1417 1416
3 1328 1418 1417
3 1329 1419 1418
3 1330 1420 1419
3 1331 1421 1420
3 1332 1422 1421
3 1333 1423 1422
3 1334 1424 1423
3 1335 1425 1424
3 1336 1426 1425
3 1337 1427 1426
3 1338 1428 1427
3 1339 1429 1428
3 1340 1430 1429
3 1341 1431 1430
3 1342 1432 1431
3 1343 1433 1432
3 1344 1434 1433
3 1345 1435 1434
3 1346 1436 1435
3 1347 1437 1436
3 1348 1438 1437
3 1349 1439 1438
3 1350 1440 1439
3 1351 1441 1440
3 1352 1442 1441
3 1353 1443 1442
3 1354 1444 1443
3 1355 1445 1444
3 1356 1446 1445
3 1357 1447 1446
3 1358 1448 1447
3 1359 1449 1448
3 1360 1450 1449
3 1361 1451 1450
3 1362 1452 1451
3 1363 1453 1452
3 1364 1454 1453
3 1365 1455 1454
3 1369 1457 1456
3 1370 1458 1457
3 1371 1459 1458
3 1372 1460 1459
3 1373 1461 1460
3 1374 1462 1461
3 1375 1463 1462
3 1376 1464 1463
3 1377 1465 1464
3 1378 1466 1465
3 1379 1467 1466
3 1380 1468 1467
3 1381 1469 1468
3 1382 1470 1469
3 1383 1471 1470
3 1384 1472 1471
3 1385 1473 1472
3 1386 1474 1473
3 1387 1475 1474
3 1388 1476 1475
3 1389 1477 1476
3 1390 1478 1477
3 1391 1479 1478
3 1392 1480 1479
3 1393 1481 1480
3 1394 1482 1481
3 1395 1483 1482
3 1396 1484 1483
3 1397 1485 1484
3 1398 1486 1485
3 1399 1487 1486
3 1400 1488 1487
3 1401 1489 1488
3 1402 1490 1489
3 1403 1491 1490
3 1404 1492 1491
3 1405 1493 1492
3 1406 1494 1493
3 1407 1495 1494
3 1408 1496 1495
3 1409 1497 1496
3 1410 1498 1497
3 1411 1499 1498
3 1412 1500 1499
3 1413 1501 1500
3 1414 1502 1501
3 1415 1503 1502
3 1416 1504 1503
3 1417 1505 1504
3 1418 1506 1505
3 1419 1507 1506
3 1420 1508 1507
3 1421 1509 1508
3 1422 1510 1509
3 1423 1511 1510
3 1424 1512 1511
3 1425 1513 1512
3 1426 1514 1513
3 1427 1515 1514
3 1428 1516 1515
3 1429 1517 1516
3 1430 1518 1517
3 1431 1519 1518
3 1432 1520 1519
3 1433 1521 1520
3 1434 1522 1521
3 1435 1523 1522
3 1436 1524 1523
3 1437 1525 1524
3 1438 1526 1525
3 1439 1527 1526
3 1440 1528 1527
3 1441 1529 1528
3 1442 1530 1529
3 1443 1531 1530
3 1444 1532 1531
3 1445 1533 1532
3 1446 1534 1533
3 1447 1535 1534
3 1448 1536 1535
3 1449 1537 1536
3 1450 1538 1537
3 1451 1539 1538
3 1452 1540 1539
3 1453 1541 1540
3 1454 1542 1541
3 1455 1543 1542
3 1458 1545 1544
3 1459 1546 1545
3 1460 1547 1546
3 1461 1548 1547
3 1462 1549 1548
3 1463 1550 1549
3 1464 1551 1550
3 1465 1552 1551
3 1466 1553 1552
3 1467 1554 1553
3 1468 1555 1554
3 1469 1556 1555
3 1470 1557 1556
3 1471 1558 1557
3 1472 1559 1558
3 1473 1560 1559
3 1474 1561 1560
3 1475 1562 1561
3 1476 1563 1562
3 1477 1564 1563
3 1478 1565 1564
3 1479 1566 1565
3 1480 1567 1566
3 1481 1568 1567
3 1482 1569 1568
3 1483 1570 1569
3 1484 1571 1570
3 1485 1572 1571
3 1486 1573 1572
3 1487 1574 1573
3 1488 1575 1574
3 1489 1576 1575
3 1490 1577 1576
3 1491 1578 1577
3 1492 1579 1578
3 1493 1580 1579
3 1494 1581 1580
3 1495 1582 1581
3 1496 1583 1582
3 1497 1584 1583
3 1498 1585 1584
3 1499 1586 1585
3 1500 1587 1586
3 1501 1588 1587
3 1502 1589 1588
3 1503 1590 1589
3 1504 1591 1590
3 1505 1592 1591
3 1506 1593 1592
3 1507 1594 1593
3 1508 1595 1594
3 1509 1596 1595
3 1510 1597 1596
3 1511 1598 1597
3 1512 1599 1598
3 1513 1600 1599
3 1514 1601 1600
3 1515 1602 1601
3 1516 1603 1602
3 1517 1604 1603
3 1518 1605 1604
3 1519 1606 1605
3 1520 1607 1606
3 1521 1608 1607
3 1522 1609 1608
3 1523 1610 1609
3 1524 1611 1610
3 1525 1612 1611
3 1526 1613 1612
3 1527 1614 1613
3 1528 1615 1614
3 1529 1616 1615
3 1530 1617 1616
3 1531 1618 1617
3 1532 1619 1618
3 1533 1620 1619
3 1534 1621 1620
3 1535 1622 1621
3 1536 1623 1622
3 1537 1624 1623
3 1538 1625 1624
3 1539 1626 1625
3 1540 1627 1626
3 1541 1628 1627
3 1542 1629 1628
3 1546 1631 1630
3 1547 1632 1631
3 1548 1633 1632
3 1549 1634 1633
3 1550 1635 1634
3 1551 1636 1635
3 1552 1637 1636
3 1553 1638 1637
3 1554 1639 1638
3 1555 1640 1639
3 1556 1641 1640
3 1557 1642 1641
3 1558 1643 1642
3 1559 1644 1643
3 1560 1645 1644
3 1561 1646 1645
3 1562 1647 1646
3 1563 1648 1647
3 1564 1649 1648
3 1565 1650 1649
3 1566 1651 1650
3 1567 1652 1651
3 1568 1653 1652
3 1569 1654 1653
3 1570 1655 1654
3 1571 1656 1655
3 1572 1657 1656
3 1573 1658 1657
3 1574 1659 1658
3 1575 1660 1659
3 1576 1661 1660
3 1577 1662 1661
3 1578 1663 1662
3 1579 1664 1663
3 1580 1665 1664
3 1581 1666 1665
3 1582 1667 1666
3 1583 1668 1667
3 1584 1669 1668
3 1585 1670 1669
3 1586 1671 1670
3 1587 1672 1671
3 1588 1673 1672
3 1589 1674 1673
3 1590 1675 1674
3 1591 1676 1675
3 1592 1677 1676
3 1593 1678 1677
3 1594 1679 1678
3 1595 1680 1679
3 1596 1681 1680
3 1597 1682 1681
3 1598 1683 1682
3 1599 1684 1683
3 1600 1685 1684
3 1601 1686 1685
3 1602 1687 1686
3 1603 1688 1687
3 1604 1689 1688
3 1605 1690 1689
3 1606 1691 1690
3 1607 1692 1691
3 1608 1693 1692
3 1609 1694 1693
3 1610 1695 1694
3 1611 1696 1695
3 1612 1697 1696
3 1613 1698 1697
3 1614 1699 1698
3 1615 1700 1699
3 1616 1701 1700
3 1617 1702 1701
3 1618 1703 1702
3 1619 1704 1703
3 1620 1705 1704
3 1621 1706 1705
3 1622 1707 1706
3 1623 1708 1707
3 1624 1709 1708
3 1625 1710 1709
3 1626 1711 1710
3 1627 1712 1711
3 1628 1713 1712
3 1629 1714 1713
3 1633 1716 1715
3 1634 1717 1716
3 1635 1718 1717
3 1636 1719 1718
3 1637 1720 1719
3 1638 1721 1720
3 1639 1722 1721
3 1640 1723 1722
3 1641 1724 1723
3 1642 1725 1724
3 1643 1726 1725
3 1644 1727 1726
3 1645 1728 1727
3 1646 1729 1728
3 1647 1730 1729
3 1648 1731 1730
3 1649 1732 1731
3 1650 1733 1732
3 1651 1734 1733
3 1652 1735 1734
3 1653 1736 1735
3 1654 1737 1736
3 1655 1738 1737
3 1656 1739 1738
3 1657 1740 1739
3 1658 1741 1740
3 1659 1742 1741
3 1660 1743 1742
3 1661 1744 1743
3 1662 1745 1744
3 1663 1746 1745
3 1664 1747 1746
3 1665 1748 1747
3 1666 1749 1748
3 1667 1750 1749
3 1668 1751 1750
3 1669 1752 1751
3 1670 1753 1752
3 1671 1754 1753
3 1672 1755 1754
3 1673 1756 1755
3 1674 1757 1756
3 1675 1758 1757
3 1676 1759 1758
3 1677 1760 1759
3 1678 1761 1760
3 1679 1762 1761
3 1680 1763 1762
3 1681 1764 1763
3 1682 1765 1764
3 1683 1766 1765
3 1684 1767 1766
3 1685 1768 1767
3 1686 1769 1768
3 1687 1770 1769
3 1688 1771 1770
3 1689 1772 1771
3 1690 1773 1772
3 1691 1774 1773
3 1692 1775 1774
3 1693 1776 1775
3 1694 1777 1776
3 1695 1778 1777
3 1696 1779 1778
3 1697 1780 1779
3 1698 1781 1780
3 1699 1782 1781
3 1700 1783 1782
3 1701 1784 1783
3 1702 1785 1784
3 1703 1786 1785
3 1704 1787 1786
3 1705 1788 1787
3 1706 1789 1788
3 1707 1790 1789
3 1708 1791 1790
3 1709 1792 1791
3 1710 1793 1792
3 1711 1794 1793
3 1712 1795 1794
3 1713 1796 1795
3 1714 1797 1796
3 1717 1799 1798
3 1718 1800 1799
3 1719 1801 1800
3 1720 1802 1801
3 1721 1803 1802
3 1722 1804 1803
3 1723 1805 1804
3 1724 1806 1805
3 1725 1807 1806
3 1726 1808 1807
3 1727 1809 1808
3 1728 1810 1809
3 1729 1811 1810
3 1730 1812 1811
3 1731 1813 1812
3 1732 1814 1813
3 1733 1815 1814
3 1734 1816 1815
3 1735 1817 1816
3 1736 1818 1817
3 1737 1819 1818
3 1738 1820 1819
3 1739 1821 1820
3 1740 1822 1821
3 1741 1823 1822
3 1742 1824 1823
3 1743 1825 1824
3 1744 1826 1825
3 1745 1827 1826
3 1746 1828 1827
3 1747 1829 1828
3 1748 1830 1829
3 1749 1831 1830
3 1750 1832 1831
3 1751 1833 1832
3 1752 1834 1833
3 1753 1835 1834
3 1754 1836 1835
3 1755 1837 1836
3 1756 1838 1837
3 1757 1839 1838
3 1758 1840 1839
3 1759 1841 1840
3 1760 1842 1841
3 1761 1843 1842
3 1762 1844 1843
3 1763 1845 1844
3 1764 1846 1845
3 1765 1847 1846
3 1766 1848 1847
3 1767 1849 1848
3 1768 1850 1849
3 1769 1851 1850
3 1770 1852 1851
3 1771 1853 1852
3 1772 1854 1853
3 1773 1855 1854
3 1774 1856 1855
3 1775 1857 1856
3 1776 1858 1857
3 1777 1859 1858
3 1778 1860 1859
3 1779 1861 1860
3 1780 1862 1861
3 1781 1863 1862
3 1782 1864 1863
3 1783 1865 1864
3 1784 1866 1865
3 1785 1867 1866
3 1786 1868 1867
3 1787 1869 1868
3 1788 1870 1869
3 1789 1871 1870
3 1790 1872 1871
3 1791 1873 1872
3 1792 1874 1873
3 1793 1875 1874
3 1794 1876 1875
3 1795 1877 1876
3 1796 1878 1877
3 1800 1880 1879
3 1801 1881 1880
3 1802 1882 1881
3 1803 1883 1882
3 1804 1884 1883
3 1805 1885 1884
3 1806 1886 1885
3 1807 1887 1886
3 1808 1888 1887
3 1809 1889 1888
3 1810 1890 1889
3 1811 1891 1890
3 1812 1892 1891
3 1813 1893 1892
3 1814 1894 1893
3 1815 1895 1894
3 1816 1896 1895
3 1817 1897 1896
3 1818 1898 1897
3 1819 1899 1898
3 1820 1900 1899
3 1821 1901 1900
3 1822 1902 1901
3 1823 1903 1902
3 1824 1904 1903
3 1825 1905 1904
3 1826 1906 1905
3 1827 1907 1906
3 1828 1908 1907
3 1829 1909 1908
3 1830 1910 1909
3 1831 1911 1910
3 1832 1912 1911
3 1833 1913 1912
3 1834 1914 1913
3 1835 1915 1914
3 1836 1916 1915
3 1837 1917 1916
3 1838 1918 1917
3 1839 1919 1918
3 1840 1920 1919
3 1841 1921 1920
3 1842 1922 1921
3 1843 1923 1922
3 1844 1924 1923
3 1845 1925 1924
3 1846 1926 1925
3 1847 1927 1926
3 1848 1928 1927
3 1849 1929 1928
3 1850 1930 1929
3 1851 1931 1930
3 1852 1932 1931
3 1853 1933 1932
3 1854 1934 1933
3 1855 1935 1934
3 1856 1936 1935
3 1857 1937 1936
3 1858 1938 1937
3 1859 1939 1938
3 1860 1940 1939
3 1861 1941 1940
3 1862 1942 1941
3 1863 1943 1942
3 1864 1944 1943
3 1865 1945 1944
3 1866 1946 1945
3 1867 1947 1946
3 1868 1948 1947
3 1869 1949 1948
3 1870 1950 1949
3 1871 1951 1950
3 1872 1952 1951
3 1873 1953 1952
3 1874 1954 1953
3 1875 1955 1954
3 1876 1956 1955
3 1877 1957 1956
3 1878 1958 1957
3 1881 1960 1959
3 1882 1961 1960
3 1883 1962 1961
3 1884 1963 1962
3 1885 1964 1963
3 1886 1965 1964
3 1887 1966 1965
3 1888 1967 1966
3 1889 1968 1967
3 1890 1969 1968
3 1891 1970 1969
3 1892 1971 1970
3 1893 1972 1971
3 1894 1973 1972
3 1895 1974 1973
3 1896 1975 1974
3 1897 1976 1975
3 1898 1977 1976
3 1899 1978 1977
3 1900 1979 1978
3 1901 1980 1979
3 1902 1981 1980
3 1903 1982 1981
3 1904 1983 1982
3 1905 1984 1983
3 1906 1985 1984
3 1907 1986 1985
3 1908 1987 1986
3 1909 1988 1987
3 1910 1989 1988
3 1911 1990 1989
3 1912 1991 1990
3 1913 1992 1991
3 1914 1993 1992
3 1915 1994 1993
3 1916 1995 1994
3 1917 1996 1995
3 1918 1997 1996
3 1919 1998 1997
3 1920 1999 1998
3 1921 2000 1999
3 1922 2001 2000
3 1923 2002 2001
3 1924 2003 2002
3 1925 2004 2003
3 1926 2005 2004
3 1927 2006 2005
3 1928 2007 2006
3 1929 2008 2007
3 1930 2009 2008
3 1931 2010 2009
3 1932 2011 2010
3 1933 2012 2011
3 1934 2013 2012
3 1935 2014 2013
3 1936 2015 2014
3 1937 2016 2015
3 1938 2017 2016
3 1939 2018 2017
3 1940 2019 2018
3 1941 2020 2019
3 1942 2021 2020
3 1943 2022 2021
3 1944 2023 2022
3 1945 2024 2023
3 1946 2025 2024
3 1947 2026 2025
3 1948 2027 2026
3 1949 2028 2027
3 1950 2029 2028
3 1951 2030 2029
3 1952 2031 2030
3 1953 2032 2031
3 1954 2033 2032
3 1955 2034 2033
3 1956 2035 2034
3 1957 2036 2035
3 1961 2038 2037
3 1962 2039 2038
3 1963 2040 2039
3 1964 2041 2040
3 1965 2042 2041
3 1966 2043 2042
3 1967 2044 2043
3 1968 2045 2044
3 1969 2046 2045
3 1970 2047 2046
3 1971 2048 2047
3 1972 2049 2048
3 1973 2050 2049
3 1974 2051 2050
3 1975 2052 2051
3 1976 2053 2052
3 1977 2054 2053
3 1978 2055 2054
3 1979 2056 2055
3 1980 2057 2056
3 1981 2058 2057
3 1982 2059 2058
3 1983 2060 2059
3 1984 2061 2060
3 1985 2062 2061
3 1986 2063 2062
3 1987 2064 2063
3 1988 2065 2064
3 1989 2066 2065
3 1990 2067 2066
3 1991 2068 2067
3 1992 2069 2068
3 1993 2070 2069
3 1994 2071 2070
3 1995 2072 2071
3 1996 2073 2072
3 1997 2074 2073
3 1998 2075 2074
3 1999 2076 2075
3 2000 2077 2076
3 2001 2078 2077
3 2002 2079 2078
3 2003 2080 2079
3 2004 2081 2080
3 2005 2082 2081
3 2006 2083 2082
3 2007 2084 2083
3 2008 2085 2084
3 2009 2086 2085
3 2010 2087 2086
3 2011 2088 2087
3 2012 2089 2088
3 2013 2090 2089
3 2014 2091 2090
3 2015 2092 2091
3 2016 2093 2092
3 2017 2094 2093
3 2018 2095 2094
3 2019 2096 2095
3 2020 2097 2096
3 2021 2098 2097
3 2022 2099 2098
3 2023 2100 2099
3 2024 2101 2100
3 2025 2102 2101
3 2026 2103 2102
3 2027 2104 2103
3 2028 2105 2104
3 2029 2106 2105
3 2030 2107 2106
3 2031 2108 2107
3 2032 2109 2108
3 2033 2110 2109
3 2034 2111 2110
3 2035 2112 2111
3 2036 2113 2112
3 2039 2115 2114
3 2040 2116 2115
3 2041 2117 2116
3 2042 2118 2117
3 2043 2119 2118
3 2044 2120 2119
3 2045 2121 2120
3 2046 2122 2121
3 2047 2123 2122
3 2048 2124 2123
3 2049 2125 2124
3 2050 2126 2125
3 2051 2127 2126
3 2052 2128 2127
3 2053 2129 2128
3 2054 2130 2129
3 2055 2131 2130
3 2056 2132 2131
3 2057 2133 2132
3 2058 2134 2133
3 2059 2135 2134
3 2060 2136 2135
3 2061 2137 2136
3 2062 2138 2137
3 2063 2139 2138
3 2064 2140 2139
3 2065 2141 2140
3 2066 2142 2141
3 2067 2143 2142
3 2068 2144 2143
3 2069 2145 2144
3 2070 2146 2145
3 2071 2147 2146
3 2072 2148 2147
3 2073 2149 2148
3 2074 2150 2149
3 2075 2151 2150
3 2076 2152 2151
3 2077 2153 2152
3 2078 2154 2153
3 2079 2155 2154
3 2080 2156 2155
3 2081 2157 2156
3 2082 2158 2157
3 2083 2159 2158
3 2084 2160 2159
3 2085 2161 2160
3 2086 2162 2161
3 2087 2163 2162
3 2088 2164 2163
3 2089 2165 2164
3 2090 2166 2165
3 2091 2167 2166
3 2092 2168 2167
3 2093 2169 2168
3 2094 2170 2169
3 2095 2171 2170
3 2096 2172 2171
3 2097 2173 2172
3 2098 2174 2173
3 2099 2175 2174
3 2100 2176 2175
3 2101 2177 2176
3 2102 2178 2177
3 2103 2179 2178
3 2104 2180 2179
3 2105 2181 2180
3 2106 2182 2181
3 2107 2183 2182
3 2108 2184 2183
3 2109 2185 2184
3 2110 2186 2185
3 2111 2187 2186
3 2112 2188 2187
3 2113 2189 2188
3 2116 2191 2190
3 2117 2192 2191
3 2118 2193 2192
3 2119 2194 2193
3 2120 2195 2194
3 2121 2196 2195
3 2122 2197 2196
3 2123 2198 2197
3 2124 2199 2198
3 2125 2200 2199
3 2126 2201 2200
3 2127 2202 2201
3 2128 2203 2202
3 2129 2204 2203
3 2130 2205 2204
3 2131 2206 2205
3 2132 2207 2206
3 2133 2208 2207
3 2134 2209 2208
3 2135 2210 2209
3 2136 2211 2210
3 2137 2212 2211
3 2138 2213 2212
3 2139 2214 2213
3 2140 2215 2214
3 2141 2216 2215
3 2142 2217 2216
3 2143 2218 2217
3 2144 2219 2218
3 2145 2220 2219
3 2146 2221 2220
3 2147 2222 2221
3 2148 2223 2222
3 2149 2224 2223
3 2150 2225 2224
3 2151 2226 2225
3 2152 2227 2226
3 2153 2228 2227
3 2154 2229 2228
3 2155 2230 2229
3 2156 2231 2230
3 2157 2232 2231
3 2158 2233 2232
3 2159 2234 2233
3 2160 2235 2234
3 2161 2236 2235
3 2162 2237 2236
3 2163 2238 2237
3 2164 2239 2238
3 2165 2240 2239
3 2166 2241 2240
3 2167 2242 2241
3 2168 2243 2242
3 2169 2244 2243
3 2170 2245 2244
3 2171 2246 2245
3 2172 2247 2246
3 2173 2248 2247
3 2174 2249 2248
3 2175 2250 2249
3 2176 2251 2250
3 2177 2252 2251
3 2178 2253 2252
3 2179 2254 2253
3 2180 2255 2254
3 2181 2256 2255
3 2182 2257 2256
3 2183 2258 2257
3 2184 2259 2258
3 2185 2260 2259
3 2186 2261 2260
3 2187 2262 2261
3 2188 2263 2262
3 2189 2264 2263
3 2193 2266 2265
3 2194 2267 2266
3 2195 2268 2267
3 2196 2269 2268
3 2197 2270 2269
3 2198 2271 2270
3 2199 2272 2271
3 2200 2273 2272
3 2201 2274 2273
3 2202 2275 2274
3 2203 2276 2275
3 2204 2277 2276
3 2205 2278 2277
3 2206 2279 2278
3 2207 2280 2279
3 2208 2281 2280
3 2209 2282 2281
3 2210 2283 2282
3 2211 2284 2283
3 2212 2285 2284
3 2213 2286 2285
3 2214 2287 2286
3 2215 2288 2287
3 2216 2289 2288
3 2217 2290 2289
3 2218 2291 2290
3 2219 2292 2291
3 2220 2293 2292
3 2221 2294 2293
3 2222 2295 2294
3 2223 2296 2295
3 2224 2297 2296
3 2225 2298 2297
3 2226 2299 2298
3 2227 2300 2299
3 2228 2301 2300
3 2229 2302 2301
3 2230 2303 2302
3 2231 2304 2303
3 2232 2305 2304
3 2233 2306 2305
3 2234 2307 2306
3 2235 2308 2307
3 2236 2309 2308
3 2237 2310 2309
3 2238 2311 2310
3 2239 2312 2311
3 2240 2313 2312
3 2241 2314 2313
3 2242 2315 2314
3 2243 2316 2315
3 2244 2317 2316
3 2245 2318 2317
3 2246 2319 2318
3 2247 2320 2319
3 2248 2321 2320
3 2249 2322 2321
3 2250 2323 2322
3 2251 2324 2323
3 2252 2325 2324
3 2253 2326 2325
3 2254 2327 2326
3 2255 2328 2327
3 2256 2329 2328
3 2257 2330 2329
3 2258 2331 2330
3 2259 2332 2331
3 2260 2333 2332
3 2261 2334 2333
3 2262 2335 2334
3 2263 2336 2335
3 2267 2338 2337
3 2268 2339 2338
3 2269 2340 2339
3 2270 2341 2340
3 2271 2342 2341
3 2272 2343 2342
3 2273 2344 2343
3 2274 2345 2344
3 2275 2346 2345
3 2276 2347 2346
3 2277 2348 2347
3 2278 2349 2348
3 2279 2350 2349
3 2280 2351 2350
3 2281 2352 2351
3 2282 2353 2352
3 2283 2354 2353
3 2284 2355 2354
3 2285 2356 2355
3 2286 2357 2356
3 2287 2358 2357
3 2288 2359 2358
3 2289 2360 2359
3 2290 2361 2360
3 2291 2362 2361
3 2292 2363 2362
3 2293 2364 2363
3 2294 2365 2364
3 2295 2366 2365
3 2296 2367 2366
3 2297 2368 2367
3 2298 2369 2368
3 2299 2370 2369
3 2300 2371 2370
3 2301 2372 2371
3 2302 2373 2372
3 2303 2374 2373
3 2304 2375 2374
3 2305 2376 2375
3 2306 2377 2376
3 2307 2378 2377
3 2308 2379 2378
3 2309 2380 2379
3 2310 2381 2380
3 2311 2382 2381
3 2312 2383 2382
3 2313 2384 2383
3 2314 2385 2384
3 2315 2386 2385
3 2316 2387 2386
3 2317 2388 2387
3 2318 2389 2388
3 2319 2390 2389
3 2320 2391 2390
3 2321 2392 2391
3 2322 2393 2392
3 2323 2394 2393
3 2324 2395 2394
3 2325 2396 2395
3 2326 2397 2396
3 2327 2398 2397
3 2328 2399 2398
3 2329 2400 2399
3 2330 2401 2400
3 2331 2402 2401
3 2332 2403 2402
3 2333 2404 2403
3 2334 2405 2404
3 2335 2406 2405
3 2336 2407 2406
3 2340 2409 2408
3 2341 2410 2409
3 2342 2411 2410
3 2343 2412 2411
3 2344 2413 2412
3 2345 2414 2413
3 2346 2415 2414
3 2347 2416 2415
3 2348 2417 2416
3 2349 2418 2417
3 2350 2419 2418
3 2351 2420 2419
3 2352 2421 2420
3 2353 2422 2421
3 2354 2423 2422
3 2355 2424 2423
3 2356 2425 2424
3 2357 2426 2425
3 2358 2427 2426
3 2359 2428 2427
3 2360 2429 2428
3 2361 2430 2429
3 2362 2431 2430
3 2363 2432 2431
3 2364 2433 2432
3 2365 2434 2433
3 2366 2435 2434
3 2367 2436 2435
3 2368 2437 2436
3 2369 2438 2437
3 2370 2439 2438
3 2371 2440 2439
3 2372 2441 2440
3 2373 2442 2441
3 2374 2443 2442
3 2375 2444 2443
3 2376 2445 2444
3 2377 2446 2445
3 2378 2447 2446
3 2379 2448 2447
3 2380 2449 2448
3 2381 2450 2449
3 2382 2451 2450
3 2383 2452 2451
3 2384 2453 2452
3 2385 2454 2453
3 2386 2455 2454
3 2387 2456 2455
3 2388 2457 2456
3 2389 2458 2457
3 2390 2459 2458
3 2391 2460 2459
3 2392 2461 2460
3 2393 2462 2461
3 2394 2463 2462
3 2395 2464 2463
3 2396 2465 2464
3 2397 2466 2465
3 2398 2467 2466
3 2399 2468 2467
3 2400 2469 2468
3 2401 2470 2469
3 2402 2471 2470
3 2403 2472 2471
3 2404 2473 2472
3 2405 2474 2473
3 2406 2475 2474
3 2410 2477 2476
3 2411 2478 2477
3 2412 2479 2478
3 2413 2480 2479
3 2414 2481 2480
3 2415 2482 2481
3 2416 2483 2482
3 2417 2484 2483
3 2418 2485 2484
3 2419 2486 2485
3 2420 2487 2486
3 2421 2488 2487
3 2422 2489 2488
3 2423 2490 2489
3 2424 2491 2490
3 2425 2492 2491
3 2426 2493 2492
3 2427 2494 2493
3 2428 2495 2494
3 2429 2496 2495
3 2430 2497 2496
3 2431 2498 2497
3 2432 2499 2498
3 2433 2500 2499
3 2434 2501 2500
3 2435 2502 2501
3 2436 2503 2502
3 2437 2504 2503
3 2438 2505 2504
3 2439 2506 2505
3 2440 2507 2506
3 2441 2508 2507
3 2442 2509 2508
3 2443 2510 2509
3 2444 2511 2510
3 2445 2512 2511
3 2446 2513 2512
3 2447 2514 2513
3 2448 2515 2514
3 2449 2516 2515
3 2450 2517 2516
3 2451 2518 2517
3 2452 2519 2518
3 2453 2520 2519
3 2454 2521 2520
3 2455 2522 2521
3 2456 2523 2522
3 2457 2524 2523
3 2458 2525 2524
3 2459 2526 2525
3 2460 2527 2526
3 2461 2528 2527
3 2462 2529 2528
3 2463 2530 2529
3 2464 2531 2530
3 2465 2532 2531
3 2466 2533 2532
3 2467 2534 2533
3 2468 2535 2534
3 2469 2536 2535
3 2470 2537 2536
3 2471 2538 2537
3 2472 2539 2538
3 2473 2540 2539
3 2474 2541 2540
3 2475 2542 2541
3 2478 2544 2543
3 2479 2545 2544
3 2480 2546 2545
3 2481 2547 2546
3 2482 2548 2547
3 2483 2549 2548
3 2484 2550 2549
3 2485 2551 2550
3 2486 2552 2551
3 2487 2553 2552
3 2488 2554 2553
3 2489 2555 2554
3 2490 2556 2555
3 2491 2557 2556
3 2492 2558 2557
3 2493 2559 2558
3 2494 2560 2559
3 2495 2561 2560
3 2496 2562 2561
3 2497 2563 2562
3 2498 2564 2563
3 2499 2565 2564
3 2500 2566 2565
3 2501 2567 2566
3 2502 2568 2567
3 2503 2569 2568
3 2504 2570 2569
3 2505 2571 2570
3 2506 2572 2571
3 2507 2573 2572
3 2508 2574 2573
3 2509 2575 2574
3 2510 2576 2575
3 2511 2577 2576
3 2512 2578 2577
3 2513 2579 2578
3 2514 2580 2579
3 2515 2581 2580
3 2516 2582 2581
3 2517 2583 2582
3 2518 2584 2583
3 2519 2585 2584
3 2520 2586 2585
3 2521 2587 2586
3 2522 2588 2587
3 2523 2589 2588
3 2524 2590 2589
3 2525 2591 2590
3 2526 2592 2591
3 2527 2593 2592
3 2528 2594 2593
3 2529 2595 2594
3 2530 2596 2595
3 2531 2597 2596
3 2532 2598 2597
3 2533 2599 2598
3 2534 2600 2599
3 2535 2601 2600
3 2536 2602 2601
3 2537 2603 2602
3 2538 2604 2603
3 2539 2605 2604
3 2540 2606 2605
3 2541 2607 2606
3 2545 2609 2608
3 2546 2610 2609
3 2547 2611 2610
3 2548 2612 2611
3 2549 2613 2612
3 2550 2614 2613
3 2551 2615 2614
3 2552 2616 2615
3 2553 2617 2616
3 2554 2618 2617
3 2555 2619 2618
3 2556 2620 2619
3 2557 2621 2620
3 2558 2622 2621
3 2559 2623 2622
3 2560 2624 2623
3 2561 2625 2624
3 2562 2626 2625
3 2563 2627 2626
3 2564 2628 2627
3 2565 2629 2628
3 2566 2630 2629
3 2567 2631 2630
3 2568 2632 2631
3 2569 2633 2632
3 2570 2634 2633
3 2571 2635 2634
3 2572 2636 2635
3 2573 2637 2636
3 2574 2638 2637
3 2575 2639 2638
3 2576 2640 2639
3 2577 2641 2640
3 2578 2642 2641
3 2579 2643 2642
3 2580 2644 2643
3 2581 2645 2644
3 2582 2646 2645
3 2583 2647 2646
3 2584 2648 2647
3 2585 2649 2648
3 2586 2650 2649
3 2587 2651 2650
3 2588 2652 2651
3 2589 2653 2652
3 2590 2654 2653
3 2591 2655 2654
3 2592 2656 2655
3 2593 2657 2656
3 2594 2658 2657
3 2595 2659 2658
3 2596 2660 2659
3 2597 2661 2660
3 2598 2662 2661
3 2599 2663 2662
3 2600 2664 2663
3 2601 2665 2664
3 2602 2666 2665
3 2603 2667 2666
3 2604 2668 2667
3 2605 2669 2668
3 2606 2670 2669
3 2607 2671 2670
3 2610 2673 2672
3 2611 2674 2673
3 2612 2675 2674
3 2613 2676 2675
3 2614 2677 2676
3 2615 2678 2677
3 2616 2679 2678
3 2617 2680 2679
3 2618 2681 2680
3 2619 2682 2681
3 2620 2683 2682
3 2621 2684 2683
3 2622 2685 2684
3 2623 2686 2685
3 2624 2687 2686
3 2625 2688 2687
3 2626 2689 2688
3 2627 2690 2689
3 2628 2691 2690
3 2629 2692 2691
3 2630 2693 2692
3 2631 2694 2693
3 2632 2695 2694
3 2633 2696 2695
3 2634 2697 2696
3 2635 2698 2697
3 2636 2699 2698
3 2637 2700 2699
3 2638 2701 2700
3 2639 2702 2701
3 2640 2703 2702
3 2641 2704 2703
3 2642 2705 2704
3 2643 2706 2705
3 2644 2707 2706
3 2645 2708 2707
3 2646 2709 2708
3 2647 2710 2709
3 2648 2711 2710
3 2649 2712 2711
3 2650 2713 2712
3 2651 2714 2713
3 2652 2715 2714
3 2653 2716 2715
3 2654 2717 2716
3 2655 2718 2717
3 2656 2719 2718
3 2657 2720 2719
3 2658 2721 2720
3 2659 2722 2721
3 2660 2723 2722
3 2661 2724 2723
3 2662 2725 2724
3 2663 2726 2725
3 2664 2727 2726
3 2665 2728 2727
3 2666 2729 2728
3 2667 2730 2729
3 2668 2731 2730
3 2669 2732 2731
3 2670 2733 2732
3 2674 2735 2734
3 2675 2736 2735
3 2676 2737 2736
3 2677 2738 2737
3 2678 2739 2738
3 2679 2740 2739
3 2680 2741 2740
3 2681 2742 2741
3 2682 2743 2742
3 2683 2744 2743
3 2684 2745 2744
3 2685 2746 2745
3 2686 2747 2746
3 2687 2748 2747
3 2688 2749 2748
3 2689 2750 2749
3 2690 2751 2750
3 2691 2752 2751
3 2692 2753 2752
3 2693 2754 2753
3 2694 2755 2754
3 2695 2756 2755
3 2696 2757 2756
3 2697 2758 2757
3 2698 2759 2758
3 2699 2760 2759
3 2700 2761 2760
3 2701 2762 2761
3 2702 2763 2762
3 2703 2764 2763
3 2704 2765 2764
3 2705 2766 2765
3 2706 2767 2766
3 2707 2768 2767
3 2708 2769 2768
3 2709 2770 2769
3 2710 2771 2770
3 2711 2772 2771
3 2712 2773 2772
3 2713 2774 2773
3 2714 2775 2774
3 2715 2776 2775
3 2716 2777 2776
3 2717 2778 2777
3 2718 2779 2778
3 2719 2780 2779
3 2720 2781 2780
3 2721 2782 2781
3 2722 2783 2782
3 2723 2784 2783
3 2724 2785 2784
3 2725 2786 2785
3 2726 2787 2786
3 2727 2788 2787
3 2728 2789 2788
3 2729 2790 2789
3 2730 2791 2790
3 2731 2792 2791
3 2732 2793 2792
3 2733 2794 2793
3 2735 2796 2795
3 2736 2797 2796
3 2737 2798 2797
3 2738 2799 2798
3 2739 2800 2799
3 2740 2801 2800
3 2741 2802 2801
3 2742 2803 2802
3 2743 2804 2803
3 2744 2805 2804
3 2745 2806 2805
3 2746 2807 2806
3 2747 2808 2807
3 2748 2809 2808
3 2749 2810 2809
3 2750 2811 2810
3 2751 2812 2811
3 2752 2813 2812
3 2753 2814 2813
3 2754 2815 2814
3 2755 2816 2815
3 2756 2817 2816
3 2757 2818 2817
3 2758 2819 2818
3 2759 2820 2819
3 2760 2821 2820
3 2761 2822 2821
3 2762 2823 2822
3 2763 2824 2823
3 2764 2825 2824
3 2765 2826 2825
3 2766 2827 2826
3 2767 2828 2827
3 2768 2829 2828
3 2769 2830 2829
3 2770 2831 2830
3 2771 2832 2831
3 2772 2833 2832
3 2773 2834 2833
3 2774 2835 2834
3 2775 2836 2835
3 2776 2837 2836
3 2777 2838 2837
3 2778 2839 2838
3 2779 2840 2839
3 2780 2841 2840
3 2781 2842 2841
3 2782 2843 2842
3 2783 2844 2843
3 2784 2845 2844
3 2785 2846 2845
3 2786 2847 2846
3 2787 2848 2847
3 2788 2849 2848
3 2789 2850 2849
3 2790 2851 2850
3 2791 2852 2851
3 2792 2853 2852
3 2793 2854 2853
3 2794 2855 2854
3 2796 2857 2856
3 2797 2858 2857
3 2798 2859 2858
3 2799 2860 2859
3 2800 2861 2860
3 2801 2862 2861
3 2802 2863 2862
3 2803 2864 2863
3 2804 2865 2864
3 2805 2866 2865
3 2806 2867 2866
3 2807 2868 2867
3 2808 2869 2868
3 2809 2870 2869
3 2810 2871 2870
3 2811 2872 2871
3 2812 2873 2872
3 2813 2874 2873
3 2814 2875 2874
3 2815 2876 2875
3 2816 2877 2876
3 2817 2878 2877
3 2818 2879 2878
3 2819 2880 2879
3 2820 2881 2880
3 2821 2882 2881
3 2822 2883 2882
3 2823 2884 2883
3 2824 2885 2884
3 2825 2886 2885
3 2826 2887 2886
3 2827 2888 2887
3 2828 2889 2888
3 2829 2890 2889
3 2830 2891 2890
3 2831 2892 2891
3 2832 2893 2892
3 2833 2894 2893
3 2834 2895 2894
3 2835 2896 2895
3 2836 2897 2896
3 2837 2898 2897
3 2838 2899 2898
3 2839 2900 2899
3 2840 2901 2900
3 2841 2902 2901
3 2842 2903 2902
3 2843 2904 2903
3 2844 2905 2904
3 2845 2906 2905
3 2846 2907 2906
3 2847 2908 2907
3 2848 2909 2908
3 2849 2910 2909
3 2850 2911 2910
3 2851 2912 2911
3 2852 2913 2912
3 2853 2914 2913
3 2854 2915 2914
3 2855 2916 2915
3 2857 2920 2919
3 2858 2921 2920
3 2859 2922 2921
3 2860 2923 2922
3 2861 2924 2923
3 2862 2925 2924
3 2863 2926 2925
3 2864 2927 2926
3 2865 2928 2927
3 2866 2929 2928
3 2867 2930 2929
3 2868 2931 2930
3 2869 2932 2931
3 2870 2933 2932
3 2871 2934 2933
3 2872 2935 2934
3 2873 2936 2935
3 2874 2937 2936
3 2875 2938 2937
3 2876 2939 2938
3 2877 2940 2939
3 2878 2941 2940
3 2879 2942 2941
3 2880 2943 2942
3 2881 2944 2943
3 2882 2945 2944
3 2883 2946 2945
3 2884 2947 2946
3 2885 2948 2947
3 2886 2949 2948
3 2887 2950 2949
3 2888 2951 2950
3 2889 2952 2951
3 2890 2953 2952
3 2891 2954 2953
3 2892 2955 2954
3 2893 2956 2955
3 2894 2957 2956
3 2895 2958 2957
3 2896 2959 2958
3 2897 2960 2959
3 2898 2961 2960
3 2899 2962 2961
3 2900 2963 2962
3 2901 2964 2963
3 2902 2965 2964
3 2903 2966 2965
3 2904 2967 2966
3 2905 2968 2967
3 2906 2969 2968
3 2907 2970 2969
3 2908 2971 2970
3 2909 2972 2971
3 2910 2973 2972
3 2911 2974 2973
3 2912 2975 2974
3 2913 2976 2975
3 2914 2977 2976
3 2915 2978 2977
3 2916 2979 2978
3 2917 2980 2979
3 2918 2981 2980
3 2920 2984 2983
3 2921 2985 2984
3 2922 2986 2985
3 2923 2987 2986
3 2924 2988 2987
3 2925 2989 2988
3 2926 2990 2989
3 2927 2991 2990
3 2928 2992 2991
3 2929 2993 2992
3 2930 2994 2993
3 2931 2995 2994
3 2932 2996 2995
3 2933 2997 2996
3 2934 2998 2997
3 2935 2999 2998
3 2936 3000 2999
3 2937 3001 3000
3 2938 3002 3001
3 2939 3003 3002
3 2940 3004 3003
3 2941 3005 3004
3 2942 3006 3005
3 2943 3007 3006
3 2944 3008 3007
3 2945 3009 3008
3 2946 3010 3009
3 2947 3011 3010
3 2948 3012 3011
3 2949 3013 3012
3 2950 3014 3013
3 2951 3015 3014
3 2952 3016 3015
3 2953 3017 3016
3 2954 3018 3017
3 2955 3019 3018
3 2956 3020 3019
3 2957 3021 3020
3 2958 3022 3021
3 2959 3023 3022
3 2960 3024 3023
3 2961 3025 3024
3 2962 3026 3025
3 2963 3027 3026
3 2964 3028 3027
3 2965 3029 3028
3 2966 3030 3029
3 2967 3031 3030
3 2968 3032 3031
3 2969 3033 3032
3 2970 3034 3033
3 2971 3035 3034
3 2972 3036 3035
3 2973 3037 3036
3 2974 3038 3037
3 2975 3039 3038
3 2976 3040 3039
3 2977 3041 3040
3 2978 3042 3041
3 2979 3043 3042
3 2980 3044 3043
3 2981 3045 3044
3 2982 3046 3045
3 2985 3048 3047
3 2986 3049 3048
3 2987 3050 3049
3 2988 3051 3050
3 2989 3052 3051
3 2990 3053 3052
3 2991 3054 3053
3 2992 3055 3054
3 2993 3056 3055
3 2994 3057 3056
3 2995 3058 3057
3 2996 3059 3058
3 2997 3060 3059
3 2998 3061 3060
3 2999 3062 3061
3 3000 3063 3062
3 3001 3064 3063
3 3002 3065 3064
3 3003 3066 3065
3 3004 3067 3066
3 3005 3068 3067
3 3006 3069 3068
3 3007 3070 3069
3 3008 3071 3070
3 3009 3072 3071
3 3010 3073 3072
3 3011 3074 3073
3 3012 3075 3074
3 3013 3076 3075
3 3014 3077 3076
3 3015 3078 3077
3 3016 3079 3078
3 3017 3080 3079
3 3018 3081 3080
3 3019 3082 3081
3 3020 3083 3082
3 3021 3084 3083
3 3022 3085 3084
3 3023 3086 3085
3 3024 3087 3086
3 3025 3088 3087
3 3026 3089 3088
3 3027 3090 3089
3 3028 3091 3090
3 3029 3092 3091
3 3030 3093 3092
3 3031 3094 3093
3 3032 3095 3094
3 3033 3096 3095
3 3034 3097 3096
3 3035 3098 3097
3 3036 3099 3098
3 3037 3100 3099
3 3038 3101 3100
3 3039 3102 3101
3 3040 3103 3102
3 3041 3104 3103
3 3042 3105 3104
3 3043 3106 3105
3 3044 3107 3106
3 3045 3108 3107
3 3046 3109 3108
3 3049 3112 3111
3 3050 3113 3112
3 3051 3114 3113
3 3052 3115 3114
3 3053 3116 3115
3 3054 3117 3116
3 3055 3118 3117
3 3056 3119 3118
3 3057 3120 3119
3 3058 3121 3120
3 3059 3122 3121
3 3060 3123 3122
3 3061 3124 3123
3 3062 3125 3124
3 3063 3126 3125
3 3064 3127 3126
3 3065 3128 3127
3 3066 3129 3128
3 3067 3130 3129
3 3068 3131 3130
3 3069 3132 3131
3 3070 3133 3132
3 3071 3134 3133
3 3072 3135 3134
3 3073 3136 3135
3 3074 3137 3136
3 3075 3138 3137
3 3076 3139 3138
3 3077 3140 3139
3 3078 3141 3140
3 3079 3142 3141
3 3080 3143 3142
3 3081 3144 3143
3 3082 3145 3144
3 3083 3146 3145
3 3084 3147 3146
3 3085 3148 3147
3 3086 3149 3148
3 3087 3150 3149
3 3088 3151 3150
3 3089 3152 3151
3 3090 3153 3152
3 3091 3154 3153
3 3092 3155 3154
3 3093 3156 3155
3 3094 3157 3156
3 3095 3158 3157
3 3096 3159 3158
3 3097 3160 3159
3 3098 3161 3160
3 3099 3162 3161
3 3100 3163 3162
3 3101 3164 3163
3 3102 3165 3164
3 3103 3166 3165
3 3104 3167 3166
3 3105 3168 3167
3 3106 3169 3168
3 3107 3170 3169
3 3108 3171 3170
3 3109 3172 3171
3 3110 3173 3172
3 3113 3175 3174
3 3114 3176 3175
3 3115 3177 3176
3 3116 3178 3177
3 3117 3179 3178
3 3118 3180 3179
3 3119 3181 3180
3 3120 3182 3181
3 3121 3183 3182
3 3122 3184 3183
3 3123 3185 3184
3 3124 3186 3185
3 3125 3187 3186
3 3126 3188 3187
3 3127 3189 3188
3 3128 3190 3189
3 3129 3191 3190
3 3130 3192 3191
3 3131 3193 3192
3 3132 3194 3193
3 3133 3195 3194
3 3134 3196 3195
3 3135 3197 3196
3 3136 3198 3197
3 3137 3199 3198
3 3138 3200 3199
3 3139 3201 3200
3 3140 3202 3201
3 3141 3203 3202
3 3142 3204 3203
3 3143 3205 3204
3 3144 3206 3205
3 3145 3207 3206
3 3146 3208 3207
3 3147 3209 3208
3 3148 3210 3209
3 3149 3211 3210
3 3150 3212 3211
3 3151 3213 3212
3 3152 3214 3213
3 3153 3215 3214
3 3154 3216 3215
3 3155 3217 3216
3 3156 3218 3217
3 3157 3219 3218
3 3158 3220 3219
3 3159 3221 3220
3 3160 3222 3221
3 3161 3223 3222
3 3162 3224 3223
3 3163 3225 3224
3 3164 3226 3225
3 3165 3227 3226
3 3166 3228 3227
3 3167 3229 3228
3 3168 3230 3229
3 3169 3231 3230
3 3170 3232 3231
3 3171 3233 3232
3 3172 3234 3233
3 3173 3235 3234
3 3176 3237 3236
3 3177 3238 3237
3 3178 3239 3238
3 3179 3240 3239
3 3180 3241 3240
3 3181 3242 3241
3 3182 3243 3242
3 3183 3244 3243
3 3184 3245 3244
3 3185 3246 3245
3 3186 3247 3246
3 3187 3248 3247
3 3188 3249 3248
3 3189 3250 3249
3 3190 3251 3250
3 3191 3252 3251
3 3192 3253 3252
3 3193 3254 3253
3 3194 3255 3254
3 3195 3256 3255
3 3196 3257 3256
3 3197 3258 3257
3 3198 3259 3258
3 3199 3260 3259
3 3200 3261 3260
3 3201 3262 3261
3 3202 3263 3262
3 3203 3264 3263
3 3204 3265 3264
3 3205 3266 3265
3 3206 3267 3266
3 3207 3268 3267
3 3208 3269 3268
3 3209 3270 3269
3 3210 3271 3270
3 3211 3272 3271
3 3212 3273 3272
3 3213 3274 3273
3 3214 3275 3274
3 3215 3276 3275
3 3216 3277 3276
3 3217 3278 3277
3 3218 3279 3278
3 3219 3280 3279
3 3220 3281 3280
3 3221 3282 3281
3 3222 3283 3282
3 3223 3284 3283
3 3224 3285 3284
3 3225 3286 3285
3 3226 3287 3286
3 3227 3288 3287
3 3228 3289 3288
3 3229 3290 3289
3 3230 3291 3290
3 3231 3292 3291
3 3232 3293 3292
3 3233 3294 3293
3 3234 3295 3294
3 3235 3296 3295
3 3237 3299 3298
3 3238 3300 3299
3 3239 3301 3300
3 3240 3302 3301
3 3241 3303 3302
3 3242 3304 3303
3 3243 3305 3304
3 3244 3306 3305
3 3245 3307 3306
3 3246 3308 3307
3 3247 3309 3308
3 3248 3310 3309
3 3249 3311 3310
3 3250 3312 3311
3 3251 3313 3312
3 3252 3314 3313
3 3253 3315 3314
3 3254 3316 3315
3 3255 3317 3316
3 3256 3318 3317
3 3257 3319 3318
3 3258 3320 3319
3 3259 3321 3320
3 3260 3322 3321
3 3261 3323 3322
3 3262 3324 3323
3 3263 3325 3324
3 3264 3326 3325
3 3265 3327 3326
3 3266 3328 3327
3 3267 3329 3328
3 3268 3330 3329
3 3269 3331 3330
3 3270 3332 3331
3 3271 3333 3332
3 3272 3334 3333
3 3273 3335 3334
3 3274 3336 3335
3 3275 3337 3336
3 3276 3338 3337
3 3277 3339 3338
3 3278 3340 3339
3 3279 3341 3340
3 3280 3342 3341
3 3281 3343 3342
3 3282 3344 3343
3 3283 3345 3344
3 3284 3346 3345
3 3285 3347 3346
3 3286 3348 3347
3 3287 3349 3348
3 3288 3350 3349
3 3289 3351 3350
3 3290 3352 3351
3 3291 3353 3352
3 3292 3354 3353
3 3293 3355 3354
3 3294 3356 3355
3 3295 3357 3356
3 3296 3358 3357
3 3297 3359 3358
3 3299 3362 3361
3 3300 3363 3362
3 3301 3364 3363
3 3302 3365 3364
3 3303 3366 3365
3 3304 3367 3366
3 3305 3368 3367
3 3306 3369 3368
3 3307 3370 3369
3 3308 3371 3370
3 3309 3372 3371
3 3310 3373 3372
3 3311 3374 3373
3 3312 3375 3374
3 3313 3376 3375
3 3314 3377 3376
3 3315 3378 3377
3 3316 3379 3378
3 3317 3380 3379
3 3318 3381 3380
3 3319 3382 3381
3 3320 3383 3382
3 3321 3384 3383
3 3322 3385 3384
3 3323 3386 3385
3 3324 3387 3386
3 3325 3388 3387
3 3326 3389 3388
3 3327 3390 3389
3 3328 3391 3390
3 3329 3392 3391
3 3330 3393 3392
3 3331 3394 3393
3 3332 3395 3394
3 3333 3396 3395
3 3334 3397 3396
3 3335 3398 3397
3 3336 3399 3398
3 3337 3400 3399
3 3338 3401 3400
3 3339 3402 3401
3 3340 3403 3402
3 3341 3404 3403
3 3342 3405 3404
3 3343 3406 3405
3 3344 3407 3406
3 3345 3408 3407
3 3346 3409 3408
3 3347 3410 3409
3 3348 3411 3410
3 3349 3412 3411
3 3350 3413 3412
3 3351 3414 3413
3 3352 3415 3414
3 3353 3416 3415
3 3354 3417 3416
3 3355 3418 3417
3 3356 3419 3418
3 3357 3420 3419
3 3358 3421 3420
3 3359 3422 3421
3 3360 3423 3422
3 3362 3425 3424
3 3363 3426 3425
3 3364 3427 3426
3 3365 3428 3427
3 3366 3429 3428
3 3367 3430 3429
3 3368 3431 3430
3 3369 3432 3431
3 3370 3433 3432
3 3371 3434 3433
3 3372 3435 3434
3 3373 3436 3435
3 3374 3437 3436
3 3375 3438 3437
3 3376 3439 3438
3 3377 3440 3439
3 3378 3441 3440
3 3379 3442 3441
3 3380 3443 3442
3 3381 3444 3443
3 3382 3445 3444
3 3383 3446 3445
3 3384 3447 3446
3 3385 3448 3447
3 3386 3449 3448
3 3387 3450 3449
3 3388 3451 3450
3 3389 3452 3451
3 3390 3453 3452
3 3391 3454 3453
3 3392 3455 3454
3 3393 3456 3455
3 3394 3457 3456
3 3395 3458 3457
3 3396 3459 3458
3 3397 3460 3459
3 3398 3461 3460
3 3399 3462 3461
3 3400 3463 3462
3 3401 3464 3463
3 3402 3465 3464
3 3403 3466 3465
3 3404 3467 3466
3 3405 3468 3467
3 3406 3469 3468
3 3407 3470 3469
3 3408 3471 3470
3 3409 3472 3471
3 3410 3473 3472
3 3411 3474 3473
3 3412 3475 3474
3 3413 3476 3475
3 3414 3477 3476
3 3415 3478 3477
3 3416 3479 3478
3 3417 3480 3479
3 3418 3481 3480
3 3419 3482 3481
3 3420 3483 3482
3 3421 3484 3483
3 3422 3485 3484
3 3423 3486 3485
3 3425 3488 3487
3 3426 3489 3488
3 3427 3490 3489
3 3428 3491 3490
3 3429 3492 3491
3 3430 3493 3492
3 3431 3494 3493
3 3432 3495 3494
3 3433 3496 3495
3 3434 3497 3496
3 3435 3498 3497
3 3436 3499 3498
3 3437 3500 3499
3 3438 3501 3500
3 3439 3502 3501
3 3440 3503 3502
3 3441 3504 3503
3 3442 3505 3504
3 3443 3506 3505
3 3444 3507 3506
3 3445 3508 3507
3 3446 3509 3508
3 3447 3510 3509
3 3448 3511 3510
3 3449 3512 3511
3 3450 3513 3512
3 3451 3514 3513
3 3452 3515 3514
3 3453 3516 3515
3 3454 3517 3516
3 3455 3518 3517
3 3456 3519 3518
3 3457 3520 3519
3 3458 3521 3520
3 3459 3522 3521
3 3460 3523 3522
3 3461 3524 3523
3 3462 3525 3524
3 3463 3526 3525
3 3464 3527 3526
3 3465 3528 3527
3 3466 3529 3528
3 3467 3530 3529
3 3468 3531 3530
3 3469 3532 3531
3 3470 3533 3532
3 3471 3534 3533
3 3472 3535 3534
3 3473 3536 3535
3 3474 3537 3536
3 3475 3538 3537
3 3476 3539 3538
3 3477 3540 3539
3 3478 3541 3540
3 3479 3542 3541
3 3480 3543 3542
3 3481 3544 3543
3 3482 3545 3544
3 3483 3546 3545
3 3484 3547 3546
3 3485 3548 3547
3 3486 3549 3548
3 3488 3552 3551
3 3489 3553 3552
3 3490 3554 3553
3 3491 3555 3554
3 3492 3556 3555
3 3493 3557 3556
3 3494 3558 3557
3 3495 3559 3558
3 3496 3560 3559
3 3497 3561 3560
3 3498 3562 3561
3 3499 3563 3562
3 3500 3564 3563
3 3501 3565 3564
3 3502 3566 3565
3 3503 3567 3566
3 3504 3568 3567
3 3505 3569 3568
3 3506 3570 3569
3 3507 3571 3570
3 3508 3572 3571
3 3509 3573 3572
3 3510 3574 3573
3 3511 3575 3574
3 3512 3576 3575
3 3513 3577 3576
3 3514 3578 3577
3 3515 3579 3578
3 3516 3580 3579
3 3517 3581 3580
3 3518 3582 3581
3 3519 3583 3582
3 3520 3584 3583
3 3521 3585 3584
3 3522 3586 3585
3 3523 3587 3586
3 3524 3588 3587
3 3525 3589 3588
3 3526 3590 3589
3 3527 3591 3590
3 3528 3592 3591
3 3529 3593 3592
3 3530 3594 3593
3 3531 3595 3594
3 3532 3596 3595
3 3533 3597 3596
3 3534 3598 3597
3 3535 3599 3598
3 3536 3600 3599
3 3537 3601 3600
3 3538 3602 3601
3 3539 3603 3602
3 3540 3604 3603
3 3541 3605 3604
3 3542 3606 3605
3 3543 3607 3606
3 3544 3608 3607
3 3545 3609 3608
3 3546 3610 3609
3 3547 3611 3610
3 3548 3612 3611
3 3549 3613 3612
3 3550 3614 3613
3 3552 3616 3615
3 3553 3617 3616
3 3554 3618 3617
3 3555 3619 3618
3 3556 3620 3619
3 3557 3621 3620
3 3558 3622 3621
3 3559 3623 3622
3 3560 3624 3623
3 3561 3625 3624
3 3562 3626 3625
3 3563 3627 3626
3 3564 3628 3627
3 3565 3629 3628
3 3566 3630 3629
3 3567 3631 3630
3 3568 3632 3631
3 3569 3633 3632
3 3570 3634 3633
3 3571 3635 3634
3 3572 3636 3635
3 3573 3637 3636
3 3574 3638 3637
3 3575 3639 3638
3 3576 3640 3639
3 3577 3641 3640
3 3578 3642 3641
3 3579 3643 3642
3 3580 3644 3643
3 3581 3645 3644
3 3582 3646 3645
3 3583 3647 3646
3 3584 3648 3647
3 3585 3649 3648
3 3586 3650 3649
3 3587 3651 3650
3 3588 3652 3651
3 3589 3653 3652
3 3590 3654 3653
3 3591 3655 3654
3 3592 3656 3655
3 3593 3657 3656
3 3594 3658 3657
3 3595 3659 3658
3 3596 3660 3659
3 3597 3661 3660
3 3598 3662 3661
3 3599 3663 3662
3 3600 3664 3663
3 3601 3665 3664
3 3602 3666 3665
3 3603 3667 3666
3 3604 3668 3667
3 3605 3669 3668
3 3606 3670 3669
3 3607 3671 3670
3 3608 3672 3671
3 3609 3673 3672
3 3610 3674 3673
3 3611 3675 3674
3 3612 3676 3675
3 3613 3677 3676
3 3614 3678 3677
3 3617 3680 3679
3 3618 3681 3680
3 3619 3682 3681
3 3620 3683 3682
3 3621 3684 3683
3 3622 3685 3684
3 3623 3686 3685
3 3624 3687 3686
3 3625 3688 3687
3 3626 3689 3688
3 3627 3690 3689
3 3628 3691 3690
3 3629 3692 3691
3 3630 3693 3692
3 3631 3694 3693
3 3632 3695 3694
3 3633 3696 3695
3 3634 3697 3696
3 3635 3698 3697
3 3636 3699 3698
3 3637 3700 3699
3 3638 3701 3700
3 3639 3702 3701
3 3640 3703 3702
3 3641 3704 3703
3 3642 3705 3704
3 3643 3706 3705
3 3644 3707 3706
3 3645 3708 3707
3 3646 3709 3708
3 3647 3710 3709
3 3648 3711 3710
3 3649 3712 3711
3 3650 3713 3712
3 3651 3714 3713
3 3652 3715 3714
3 3653 3716 3715
3 3654 3717 3716
3 3655 3718 3717
3 3656 3719 3718
3 3657 3720 3719
3 3658 3721 3720
3 3659 3722 3721
3 3660 3723 3722
3 3661 3724 3723
3 3662 3725 3724
3 3663 3726 3725
3 3664 3727 3726
3 3665 3728 3727
3 3666 3729 3728
3 3667 3730 3729
3 3668 3731 3730
3 3669 3732 3731
3 3670 3733 3732
3 3671 3734 3733
3 3672 3735 3734
3 3673 3736 3735
3 3674 3737 3736
3 3675 3738 3737
3 3676 3739 3738
3 3677 3740 3739
3 3678 3741 3740
3 3680 3743 3742
3 3681 3744 3743
3 3682 3745 3744
3 3683 3746 3745
3 3684 3747 3746
3 3685 3748 3747
3 3686 3749 3748
3 3687 3750 3749
3 3688 3751 3750
3 3689 3752 3751
3 3690 3753 3752
3 3691 3754 3753
3 3692 3755 3754
3 3693 3756 3755
3 3694 3757 3756
3 3695 3758 3757
3 3696 3759 3758
3 3697 3760 3759
3 3698 3761 3760
3 3699 3762 3761
3 3700 3763 3762
3 3701 3764 3763
3 3702 3765 3764
3 3703 3766 3765
3 3704 3767 3766
3 3705 3768 3767
3 3706 3769 3768
3 3707 3770 3769
3 3708 3771 3770
3 3709 3772 3771
3 3710 3773 3772
3 3711 3774 3773
3 3712 3775 3774
3 3713 3776 3775
3 3714 3777 3776
3 3715 3778 3777
3 3716 3779 3778
3 3717 3780 3779
3 3718 3781 3780
3 3719 3782 3781
3 3720 3783 3782
3 3721 3784 3783
3 3722 3785 3784
3 3723 3786 3785
3 3724 3787 3786
3 3725 3788 3787
3 3726 3789 3788
3 3727 3790 3789
3 3728 3791 3790
3 3729 3792 3791
3 3730 3793 3792
3 3731 3794 3793
3 3732 3795 3794
3 3733 3796 3795
3 3734 3797 3796
3 3735 3798 3797
3 3736 3799 3798
3 3737 3800 3799
3 3738 3801 3800
3 3739 3802 3801
3 3740 3803 3802
3 3741 3804 3803
3 3743 3807 3806
3 3744 3808 3807
3 3745 3809 3808
3 3746 3810 3809
3 3747 3811 3810
3 3748 3812 3811
3 3749 3813 3812
3 3750 3814 3813
3 3751 3815 3814
3 3752 3816 3815
3 3753 3817 3816
3 3754 3818 3817
3 3755 3819 3818
3 3756 3820 3819
3 3757 3821 3820
3 3758 3822 3821
3 3759 3823 3822
3 3760 3824 3823
3 3761 3825 3824
3 3762 3826 3825
3 3763 3827 3826
3 3764 3828 3827
3 3765 3829 3828
3 3766 3830 3829
3 3767 3831 3830
3 3768 3832 3831
3 3769 3833 3832
3 3770 3834 3833
3 3771 3835 3834
3 3772 3836 3835
3 3773 3837 3836
3 3774 3838 3837
3 3775 3839 3838
3 3776 3840 3839
3 3777 3841 3840
3 3778 3842 3841
3 3779 3843 3842
3 3780 3844 3843
3 3781 3845 3844
3 3782 3846 3845
3 3783 3847 3846
3 3784 3848 3847
3 3785 3849 3848
3 3786 3850 3849
3 3787 3851 3850
3 3788 3852 3851
3 3789 3853 3852
3 3790 3854 3853
3 3791 3855 3854
3 3792 3856 3855
3 3793 3857 3856
3 3794 3858 3857
3 3795 3859 3858
3 3796 3860 3859
3 3797 3861 3860
3 3798 3862 3861
3 3799 3863 3862
3 3800 3864 3863
3 3801 3865 3864
3 3802 3866 3865
3 3803 3867 3866
3 3804 3868 3867
3 3805 3869 3868
3 3807 3871 3870
3 3808 3872 3871
3 3809 3873 3872
3 3810 3874 3873
3 3811 3875 3874
3 3812 3876 3875
3 3813 3877 3876
3 3814 3878 3877
3 3815 3879 3878
3 3816 3880 3879
3 3817 3881 3880
3 3818 3882 3881
3 3819 3883 3882
3 3820 3884 3883
3 3821 3885 3884
3 3822 3886 3885
3 3823 3887 3886
3 3824 3888 3887
3 3825 3889 3888
3 3826 3890 3889
3 3827 3891 3890
3 3828 3892 3891
3 3829 3893 3892
3 3830 3894 3893
3 3831 3895 3894
3 3832 3896 3895
3 3833 3897 3896
3 3834 3898 3897
3 3835 3899 3898
3 3836 3900 3899
3 3837 3901 3900
3 3838 3902 3901
3 3839 3903 3902
3 3840 3904 3903
3 3841 3905 3904
3 3842 3906 3905
3 3843 3907 3906
3 3844 3908 3907
3 3845 3909 3908
3 3846 3910 3909
3 3847 3911 3910
3 3848 3912 3911
3 3849 3913 3912
3 3850 3914 3913
3 3851 3915 3914
3 3852 3916 3915
3 3853 3917 3916
3 3854 3918 3917
3 3855 3919 3918
3 3856 3920 3919
3 3857 3921 3920
3 3858 3922 3921
3 3859 3923 3922
3 3860 3924 3923
3 3861 3925 3924
3 3862 3926 3925
3 3863 3927 3926
3 3864 3928 3927
3 3865 3929 3928
3 3866 3930 3929
3 3867 3931 3930
3 3868 3932 3931
3 3869 3933 3932
3 3871 3935 3934
3 3872 3936 3935
3 3873 3937 3936
3 3874 3938 3937
3 3875 3939 3938
3 3876 3940 3939
3 3877 3941 3940
3 3878 3942 3941
3 3879 3943 3942
3 3880 3944 3943
3 3881 3945 3944
3 3882 3946 3945
3 3883 3947 3946
3 3884 3948 3947
3 3885 3949 3948
3 3886 3950 3949
3 3887 3951 3950
3 3888 3952 3951
3 3889 3953 3952
3 3890 3954 3953
3 3891 3955 3954
3 3892 3956 3955
3 3893 3957 3956
3 3894 3958 3957
3 3895 3959 3958
3 3896 3960 3959
3 3897 3961 3960
3 3898 3962 3961
3 3899 3963 3962
3 3900 3964 3963
3 3901 3965 3964
3 3902 3966 3965
3 3903 3967 3966
3 3904 3968 3967
3 3905 3969 3968
3 3906 3970 3969
3 3907 3971 3970
3 3908 3972 3971
3 3909 3973 3972
3 3910 3974 3973
3 3911 3975 3974
3 3912 3976 3975
3 3913 3977 3976
3 3914 3978 3977
3 3915 3979 3978
3 3916 3980 3979
3 3917 3981 3980
3 3918 3982 3981
3 3919 3983 3982
3 3920 3984 3983
3 3921 3985 3984
3 3922 3986 3985
3 3923 3987 3986
3 3924 3988 3987
3 3925 3989 3988
3 3926 3990 3989
3 3927 3991 3990
3 3928 3992 3991
3 3929 3993 3992
3 3930 3994 3993
3 3931 3995 3994
3 3932 3996 3995
3 3933 3997 3996
3 3935 3999 3998
3 3936 4000 3999
3 3937 4001 4000
3 3938 4002 4001
3 3939 4003 4002
3 3940 4004 4003
3 3941 4005 4004
3 3942 4006 4005
3 3943 4007 4006
3 3944 4008 4007
3 3945 4009 4008
3 3946 4010 4009
3 3947 4011 4010
3 3948 4012 4011
3 3949 4013 4012
3 3950 4014 4013
3 3951 4015 4014
3 3952 4016 4015
3 3953 4017 4016
3 3954 4018 4017
3 3955 4019 4018
3 3956 4020 4019
3 3957 4021 4020
3 3958 4022 4021
3 3959 4023 4022
3 3960 4024 4023
3 3961 4025 4024
3 3962 4026 4025
3 3963 4027 4026
3 3964 4028 4027
3 3965 4029 4028
3 3966 4030 4029
3 3967 4031 4030
3 3968 4032 4031
3 3969 4033 4032
3 3970 4034 4033
3 3971 4035 4034
3 3972 4036 4035
3 3973 4037 4036
3 3974 4038 4037
3 3975 4039 4038
3 3976 4040 4039
3 3977 4041 4040
3 3978 4042 4041
3 3979 4043 4042
3 3980 4044 4043
3 3981 4045 4044
3 3982 4046 4045
3 3983 4047 4046
3 3984 4048 4047
3 3985 4049 4048
3 3986 4050 4049
3 3987 4051 4050
3 3988 4052 4051
3 3989 4053 4052
3 3990 4054 4053
3 3991 4055 4054
3 3992 4056 4055
3 3993 4057 4056
3 3994 4058 4057
3 3995 4059 4058
3 3996 4060 4059
3 3997 4061 4060
3 3999 4063 4062
3 4000 4064 4063
3 4001 4065 4064
3 4002 4066 4065
3 4003 4067 4066
3 4004 4068 4067
3 4005 4069 4068
3 4006 4070 4069
3 4007 4071 4070
3 4008 4072 4071
3 4009 4073 4072
3 4010 4074 4073
3 4011 4075 4074
3 4012 4076 4075
3 4013 4077 4076
3 4014 4078 4077
3 4015 4079 4078
3 4016 4080 4079
3 4017 4081 4080
3 4018 4082 4081
3 4019 4083 4082
3 4020 4084 4083
3 4021 4085 4084
3 4022 4086 4085
3 4023 4087 4086
3 4024 4088 4087
3 4025 4089 4088
3 4026 4090 4089
3 4027 4091 4090
3 4028 4092 4091
3 4029 4093 4092
3 4030 4094 4093
3 4031 4095 4094
3 4032 4096 4095
3 4033 4097 4096
3 4034 4098 4097
3 4035 4099 4098
3 4036 4100 4099
3 4037 4101 4100
3 4038 4102 4101
3 4039 4103 4102
3 4040 4104 4103
3 4041 4105 4104
3 4042 4106 4105
3 4043 4107 4106
3 4044 4108 4107
3 4045 4109 4108
3 4046 4110 4109
3 4047 4111 4110
3 4048 4112 4111
3 4049 4113 4112
3 4050 4114 4113
3 4051 4115 4114
3 4052 4116 4115
3 4053 4117 4116
3 4054 4118 4117
3 4055 4119 4118
3 4056 4120 4119
3 4057 4121 4120
3 4058 4122 4121
3 4059 4123 4122
3 4060 4124 4123
3 4061 4125 4124
3 4064 4127 4126
3 4065 4128 4127
3 4066 4129 4128
3 4067 4130 4129
3 4068 4131 4130
3 4069 4132 4131
3 4070 4133 4132
3 4071 4134 4133
3 4072 4135 4134
3 4073 4136 4135
3 4074 4137 4136
3 4075 4138 4137
3 4076 4139 4138
3 4077 4140 4139
3 4078 4141 4140
3 4079 4142 4141
3 4080 4143 4142
3 4081 4144 4143
3 4082 4145 4144
3 4083 4146 4145
3 4084 4147 4146
3 4085 4148 4147
3 4086 4149 4148
3 4087 4150 4149
3 4088 4151 4150
3 4089 4152 4151
3 4090 4153 4152
3 4091 4154 4153
3 4092 4155 4154
3 4093 4156 4155
3 4094 4157 4156
3 4095 4158 4157
3 4096 4159 4158
3 4097 4160 4159
3 4098 4161 4160
3 4099 4162 4161
3 4100 4163 4162
3 4101 4164 4163
3 4102 4165 4164
3 4103 4166 4165
3 4104 4167 4166
3 4105 4168 4167
3 4106 4169 4168
3 4107 4170 4169
3 4108 4171 4170
3 4109 4172 4171
3 4110 4173 4172
3 4111 4174 4173
3 4112 4175 4174
3 4113 4176 4175
3 4114 4177 4176
3 4115 4178 4177
3 4116 4179 4178
3 4117 4180 4179
3 4118 4181 4180
3 4119 4182 4181
3 4120 4183 4182
3 4121 4184 4183
3 4122 4185 4184
3 4123 4186 4185
3 4124 4187 4186
3 4125 4188 4187
3 4127 4190 4189
3 4128 4191 4190
3 4129 4192 4191
3 4130 4193 4192
3 4131 4194 4193
3 4132 4195 4194
3 4133 4196 4195
3 4134 4197 4196
3 4135 4198 4197
3 4136 4199 4198
3 4137 4200 4199
3 4138 4201 4200
3 4139 4202 4201
3 4140 4203 4202
3 4141 4204 4203
3 4142 4205 4204
3 4143 4206 4205
3 4144 4207 4206
3 4145 4208 4207
3 4146 4209 4208
3 4147 4210 4209
3 4148 4211 4210
3 4149 4212 4211
3 4150 4213 4212
3 4151 4214 4213
3 4152 4215 4214
3 4153 4216 4215
3 4154 4217 4216
3 4155 4218 4217
3 4156 4219 4218
3 4157 4220 4219
3 4158 4221 4220
3 4159 4222 4221
3 4160 4223 4222
3 4161 4224 4223
3 4162 4225 4224
3 4163 4226 4225
3 4164 4227 4226
3 4165 4228 4227
3 4166 4229 4228
3 4167 4230 4229
3 4168 4231 4230
3 4169 4232 4231
3 4170 4233 4232
3 4171 4234 4233
3 4172 4235 4234
3 4173 4236 4235
3 4174 4237 4236
3 4175 4238 4237
3 4176 4239 4238
3 4177 4240 4239
3 4178 4241 4240
3 4179 4242 4241
3 4180 4243 4242
3 4181 4244 4243
3 4182 4245 4244
3 4183 4246 4245
3 4184 4247 4246
3 4185 4248 4247
3 4186 4249 4248
3 4187 4250 4249
3 4191 4252 4251
3 4192 4253 4252
3 4193 4254 4253
3 4194 4255 4254
3 4195 4256 4255
3 4196 4257 4256
3 4197 4258 4257
3 4198 4259 4258
3 4199 4260 4259
3 4200 4261 4260
3 4201 4262 4261
3 4202 4263 4262
3 4203 4264 4263
3 4204 4265 4264
3 4205 4266 4265
3 4206 4267 4266
3 4207 4268 4267
3 4208 4269 4268
3 4209 4270 4269
3 4210 4271 4270
3 4211 4272 4271
3 4212 4273 4272
3 4213 4274 4273
3 4214 4275 4274
3 4215 4276 4275
3 4216 4277 4276
3 4217 4278 4277
3 4218 4279 4278
3 4219 4280 4279
3 4220 4281 4280
3 4221 4282 4281
3 4222 4283 4282
3 4223 4284 4283
3 4224 4285 4284
3 4225 4286 4285
3 4226 4287 4286
3 4227 4288 4287
3 4228 4289 4288
3 4229 4290 4289
3 4230 4291 4290
3 4231 4292 4291
3 4232 4293 4292
3 4233 4294 4293
3 4234 4295 4294
3 4235 4296 4295
3 4236 4297 4296
3 4237 4298 4297
3 4238 4299 4298
3 4239 4300 4299
3 4240 4301 4300
3 4241 4302 4301
3 4242 4303 4302
3 4243 4304 4303
3 4244 4305 4304
3 4245 4306 4305
3 4246 4307 4306
3 4247 4308 4307
3 4248 4309 4308
3 4249 4310 4309
3 4253 4312 4311
3 4254 4313 4312
3 4255 4314 4313
3 4256 4315 4314
3 4257 4316 4315
3 4258 4317 4316
3 4259 4318 4317
3 4260 4319 4318
3 4261 4320 4319
3 4262 4321 4320
3 4263 4322 4321
3 4264 4323 4322
3 4265 4324 4323
3 4266 4325 4324
3 4267 4326 4325
3 4268 4327 4326
3 4269 4328 4327
3 4270 4329 4328
3 4271 4330 4329
3 4272 4331 4330
3 4273 4332 4331
3 4274 4333 4332
3 4275 4334 4333
3 4276 4335 4334
3 4277 4336 4335
3 4278 4337 4336
3 4279 4338 4337
3 4280 4339 4338
3 4281 4340 4339
3 4282 4341 4340
3 4283 4342 4341
3 4284 4343 4342
3 4285 4344 4343
3 4286 4345 4344
3 4287 4346 4345
3 4288 4347 4346
3 4289 4348 4347
3 4290 4349 4348
3 4291 4350 4349
3 4292 4351 4350
3 4293 4352 4351
3 4294 4353 4352
3 4295 4354 4353
3 4296 4355 4354
3 4297 4356 4355
3 4298 4357 4356
3 4299 4358 4357
3 4300 4359 4358
3 4301 4360 4359
3 4302 4361 4360
3 4303 4362 4361
3 4304 4363 4362
3 4305 4364 4363
3 4306 4365 4364
3 4307 4366 4365
3 4308 4367 4366
3 4309 4368 4367
3 4314 4370 4369
3 4315 4371 4370
3 4316 4372 4371
3 4317 4373 4372
3 4318 4374 4373
3 4319 4375 4374
3 4320 4376 4375
3 4321 4377 4376
3 4322 4378 4377
3 4323 4379 4378
3 4324 4380 4379
3 4325 4381 4380
3 4326 4382 4381
3 4327 4383 4382
3 4328 4384 4383
3 4329 4385 4384
3 4330 4386 4385
3 4331 4387 4386
3 4332 4388 4387
3 4333 4389 4388
3 4334 4390 4389
3 4335 4391 4390
3 4336 4392 4391
3 4337 4393 4392
3 4338 4394 4393
3 4339 4395 4394
3 4340 4396 4395
3 4341 4397 4396
3 4342 4398 4397
3 4343 4399 4398
3 4344 4400 4399
3 4345 4401 4400
3 4346 4402 4401
3 4347 4403 4402
3 4348 4404 4403
3 4349 4405 4404
3 4350 4406 4405
3 4351 4407 4406
3 4352 4408 4407
3 4353 4409 4408
3 4354 4410 4409
3 4355 4411 4410
3 4356 4412 4411
3 4357 4413 4412
3 4358 4414 4413
3 4359 4415 4414
3 4360 4416 4415
3 4361 4417 4416
3 4362 4418 4417
3 4363 4419 4418
3 4364 4420 4419
3 4365 4421 4420
3 4366 4422 4421
3 4367 4423 4422
3 4371 4425 4424
3 4372 4426 4425
3 4373 4427 4426
3 4374 4428 4427
3 4375 4429 4428
3 4376 4430 4429
3 4377 4431 4430
3 4378 4432 4431
3 4379 4433 4432
3 4380 4434 4433
3 4381 4435 4434
3 4382 4436 4435
3 4383 4437 4436
3 4384 4438 4437
3 4385 4439 4438
3 4386 4440 4439
3 4387 4441 4440
3 4388 4442 4441
3 4389 4443 4442
3 4390 4444 4443
3 4391 4445 4444
3 4392 4446 4445
3 4393 4447 4446
3 4394 4448 4447
3 4395 4449 4448
3 4396 4450 4449
3 4397 4451 4450
3 4398 4452 4451
3 4399 4453 4452
3 4400 4454 4453
3 4401 4455 4454
3 4402 4456 4455
3 4403 4457 4456
3 4404 4458 4457
3 4405 4459 4458
3 4406 4460 4459
3 4407 4461 4460
3 4408 4462 4461
3 4409 4463 4462
3 4410 4464 4463
3 4411 4465 4464
3 4412 4466 4465
3 4413 4467 4466
3 4414 4468 4467
3 4415 4469 4468
3 4416 4470 4469
3 4417 4471 4470
3 4418 4472 4471
3 4419 4473 4472
3 4420 4474 4473
3 4421 4475 4474
3 4422 4476 4475
3 4423 4477 4476
3 4429 4479 4478
3 4430 4480 4479
3 4431 4481 4480
3 4432 4482 4481
3 4433 4483 4482
3 4434 4484 4483
3 4435 4485 4484
3 4436 4486 4485
3 4437 4487 4486
3 4438 4488 4487
3 4439 4489 4488
3 4440 4490 4489
3 4441 4491 4490
3 4442 4492 4491
3 4443 4493 4492
3 4444 4494 4493
3 4445 4495 4494
3 4446 4496 4495
3 4447 4497 4496
3 4448 4498 4497
3 4449 4499 4498
3 4450 4500 4499
3 4451 4501 4500
3 4452 4502 4501
3 4453 4503 4502
3 4454 4504 4503
3 4455 4505 4504
3 4456 4506 4505
3 4457 4507 4506
3 4458 4508 4507
3 4459 4509 4508
3 4460 4510 4509
3 4461 4511 4510
3 4462 4512 4511
3 4463 4513 4512
3 4464 4514 4513
3 4465 4515 4514
3 4466 4516 4515
3 4467 4517 4516
3 4468 4518 4517
3 4469 4519 4518
3 4470 4520 4519
3 4471 4521 4520
3 4472 4522 4521
3 4473 4523 4522
3 4474 4524 4523
3 4475 4525 4524
3 4476 4526 4525
3 4489 4528 4527
3 4490 4529 4528
3 4491 4530 4529
3 4492 4531 4530
3 4493 4532 4531
3 4494 4533 4532
3 4495 4534 4533
3 4496 4535 4534
3 4497 4536 4535
3 4498 4537 4536
3 4499 4538 4537
3 4500 4539 4538
3 4501 4540 4539
3 4502 4541 4540
3 4503 4542 4541
3 4504 4543 4542
3 4505 4544 4543
3 4506 4545 4544
3 4507 4546 4545
3 4508 4547 4546
3 4509 4548 4547
3 4510 4549 4548
3 4511 4550 4549
3 4512 4551 4550
3 4513 4552 4551
3 4514 4553 4552
3 4515 4554 4553
3 4516 4555 4554
3 4517 4556 4555
3 4518 4557 4556
3 4519 4558 4557
3 4520 4559 4558
3 4521 4560 4559
3 4522 4561 4560
3 4523 4562 4561
3 4524 4563 4562
3 4525 4564 4563
3 4529 4566 4565
3 4530 4567 4566
3 4531 4568 4567
3 4532 4569 4568
3 4533 4570 4569
3 4534 4571 4570
3 4535 4572 4571
3 4536 4573 4572
3 4537 4574 4573
3 4538 4575 4574
3 4539 4576 4575
3 4540 4577 4576
3 4541 4578 4577
3 4542 4579 4578
3 4543 4580 4579
3 4544 4581 4580
3 4545 4582 4581
3 4546 4583 4582
3 4547 4584 4583
3 4548 4585 4584
3 4549 4586 4585
3 4550 4587 4586
3 4551 4588 4587
3 4552 4589 4588
3 4553 4590 4589
3 4554 4591 4590
3 4555 4592 4591
3 4556 4593 4592
3 4557 4594 4593
3 4558 4595 4594
3 4559 4596 4595
3 4560 4597 4596
3 4561 4598 4597
3 4562 4599 4598
3 4566 4601 4600
3 4567 4602 4601
3 4568 4603 4602
3 4569 4604 4603
3 4570 4605 4604
3 4571 4606 4605
3 4572 4607 4606
3 4573 4608 4607
3 4574 4609 4608
3 4575 4610 4609
3 4576 4611 4610
3 4577 4612 4611
3 4578 4613 4612
3 4579 4614 4613
3 4580 4615 4614
3 4581 4616 4615
3 4582 4617 4616
3 4583 4618 4617
3 4584 4619 4618
3 4585 4620 4619
3 4586 4621 4620
3 4587 4622 4621
3 4588 4623 4622
3 4589 4624 4623
3 4590 4625 4624
3 4591 4626 4625
3 4592 4627 4626
3 4593 4628 4627
3 4594 4629 4628
3 4595 4630 4629
3 4596 4631 4630
3 4597 4632 4631
3 4598 4633 4632
3 4601 4635 4634
3 4602 4636 4635
3 4603 4637 4636
3 4604 4638 4637
3 4605 4639 4638
3 4606 4640 4639
3 4607 4641 4640
3 4608 4642 4641
3 4609 4643 4642
3 4610 4644 4643
3 4611 4645 4644
3 4612 4646 4645
3 4613 4647 4646
3 4614 4648 4647
3 4615 4649 4648
3 4616 4650 4649
3 4617 4651 4650
3 4618 4652 4651
3 4619 4653 4652
3 4620 4654 4653
3 4621 4655 4654
3 4622 4656 4655
3 4623 4657 4656
3 4624 4658 4657
3 4625 4659 4658
3 4626 4660 4659
3 4627 4661 4660
3 4628 4662 4661
3 4629 4663 4662
3 4630 4664 4663
3 4631 4665 4664
3 4632 4666 4665
3 4635 4668 4667
3 4636 4669 4668
3 4637 4670 4669
3 4638 4671 4670
3 4639 4672 4671
3 4640 4673 4672
3 4641 4674 4673
3 4642 4675 4674
3 4643 4676 4675
3 4644 4677 4676
3 4645 4678 4677
3 4646 4679 4678
3 4647 4680 4679
3 4648 4681 4680
3 4649 4682 4681
3 4650 4683 4682
3 4651 4684 4683
3 4652 4685 4684
3 4653 4686 4685
3 4654 4687 4686
3 4655 4688 4687
3 4656 4689 4688
3 4657 4690 4689
3 4658 4691 4690
3 4659 4692 4691
3 4660 4693 4692
3 4661 4694 4693
3 4662 4695 4694
3 4663 4696 4695
3 4664 4697 4696
3 4665 4698 4697
3 4668 4700 4699
3 4669 4701 4700
3 4670 4702 4701
3 4671 4703 4702
3 4672 4704 4703
3 4673 4705 4704
3 4674 4706 4705
3 4675 4707 4706
3 4676 4708 4707
3 4677 4709 4708
3 4678 4710 4709
3 4679 4711 4710
3 4680 4712 4711
3 4681 4713 4712
3 4682 4714 4713
3 4683 4715 4714
3 4684 4716 4715
3 4685 4717 4716
3 4686 4718 4717
3 4687 4719 4718
3 4688 4720 4719
3 4689 4721 4720
3 4690 4722 4721
3 4691 4723 4722
3 4692 4724 4723
3 4693 4725 4724
3 4694 4726 4725
3 4695 4727 4726
3 4696 4728 4727
3 4697 4729 4728
3 4698 4730 4729
3 4700 4732 4731
3 4701 4733 4732
3 4702 4734 4733
3 4703 4735 4734
3 4704 4736 4735
3 4705 4737 4736
3 4706 4738 4737
3 4707 4739 4738
3 4708 4740 4739
3 4709 4741 4740
3 4710 4742 4741
3 4711 4743 4742
3 4712 4744 4743
3 4713 4745 4744
3 4714 4746 4745
3 4715 4747 4746
3 4716 4748 4747
3 4717 4749 4748
3 4718 4750 4749
3 4719 4751 4750
3 4720 4752 4751
3 4721 4753 4752
3 4722 4754 4753
3 4723 4755 4754
3 4724 4756 4755
3 4725 4757 4756
3 4726 4758 4757
3 4727 4759 4758
3 4728 4760 4759
3 4729 4761 4760
3 4732 4763 4762
3 4733 4764 4763
3 4734 4765 4764
3 4735 4766 4765
3 4736 4767 4766
3 4737 4768 4767
3 4738 4769 4768
3 4739 4770 4769
3 4740 4771 4770
3 4741 4772 4771
3 4742 4773 4772
3 4743 4774 4773
3 4744 4775 4774
3 4745 4776 4775
3 4746 4777 4776
3 4747 4778 4777
3 4748 4779 4778
3 4749 4780 4779
3 4750 4781 4780
3 4751 4782 4781
3 4752 4783 4782
3 4753 4784 4783
3 4754 4785 4784
3 4755 4786 4785
3 4756 4787 4786
3 4757 4788 4787
3 4758 4789 4788
3 4759 4790 4789
3 4760 4791 4790
3 4761 4792 4791
3 4763 4794 4793
3 4764 4795 4794
3 4765 4796 4795
3 4766 4797 4796
3 4767 4798 4797
3 4768 4799 4798
3 4769 4800 4799
3 4770 4801 4800
3 4771 4802 4801
3 4772 4803 4802
3 4773 4804 4803
3 4774 4805 4804
3 4775 4806 4805
3 4776 4807 4806
3 4777 4808 4807
3 4778 4809 4808
3 4779 4810 4809
3 4780 4811 4810
3 4781 4812 4811
3 4782 4813 4812
3 4783 4814 4813
3 4784 4815 4814
3 4785 4816 4815
3 4786 4817 4816
3 4787 4818 4817
3 4788 4819 4818
3 4789 4820 4819
3 4790 4821 4820
3 4791 4822 4821
3 4794 4833 4832
3 4795 4834 4833
3 4796 4835 4834
3 4797 4836 4835
3 4798 4837 4836
3 4799 4838 4837
3 4800 4839 4838
3 4801 4840 4839
3 4802 4841 4840
3 4803 4842 4841
3 4804 4843 4842
3 4805 4844 4843
3 4806 4845 4844
3 4807 4846 4845
3 4808 4847 4846
3 4809 4848 4847
3 4810 4849 4848
3 4811 4850 4849
3 4812 4851 4850
3 4813 4852 4851
3 4814 4853 4852
3 4815 4854 4853
3 4816 4855 4854
3 4817 4856 4855
3 4818 4857 4856
3 4819 4858 4857
3 4820 4859 4858
3 4821 4860 4859
3 4824 4863 4862
3 4825 4864 4863
3 4826 4865 4864
3 4827 4866 4865
3 4829 4869 4868
3 4830 4870 4869
3 4831 4871 4870
3 4833 4874 4873
3 4834 4875 4874
3 4835 4876 4875
3 4836 4877 4876
3 4837 4878 4877
3 4838 4879 4878
3 4839 4880 4879
3 4840 4881 4880
3 4841 4882 4881
3 4842 4883 4882
3 4843 4884 4883
3 4844 4885 4884
3 4845 4886 4885
3 4846 4887 4886
3 4847 4888 4887
3 4848 4889 4888
3 4849 4890 4889
3 4850 4891 4890
3 4852 4893 4892
3 4853 4894 4893
3 4854 4895 4894
3 4855 4896 4895
3 4856 4897 4896
3 4857 4898 4897
3 4862 4900 4899
3 4863 4901 4900
3 4864 4902 4901
3 4865 4903 4902
3 4866 4904 4903
3 4867 4905 4904
3 4868 4906 4905
3 4869 4907 4906
3 4870 4908 4907
3 4871 4909 4908
3 4872 4910 4909
3 4873 4911 4910
3 4874 4912 4911
3 4875 4913 4912
3 4876 4914 4913
3 4877 4915 4914
3 4878 4916 4915
3 4879 4917 4916
3 4880 4918 4917
3 4881 4919 4918
3 4882 4920 4919
3 4883 4921 4920
3 4884 4922 4921
3 4885 4923 4922
3 4886 4924 4923
3 4887 4925 4924
3 4888 4926 4925
3 4889 4927 4926
3 4890 4928 4927
3 4895 4930 4929
3 4896 4931 4930
3 4897 4932 4931
3 4898 4933 4932
3 4901 4935 4934
3 4902 4936 4935
3 4903 4937 4936
3 4904 4938 4937
3 4905 4939 4938
3 4906 4940 4939
3 4907 4941 4940
3 4908 4942 4941
3 4909 4943 4942
3 4910 4944 4943
3 4911 4945 4944
3 4912 4946 4945
3 4913 4947 4946
3 4914 4948 4947
3 4915 4949 4948
3 4916 4950 4949
3 4917 4951 4950
3 4918 4952 4951
3 4919 4953 4952
3 4920 4954 4953
3 4921 4955 4954
3 4922 4956 4955
3 4923 4957 4956
3 4924 4958 4957
3 4925 4959 4958
3 4926 4960 4959
3 4927 4961 4960
3 4928 4962 4961
3 4935 4968 4967
3 4936 4969 4968
3 4937 4970 4969
3 4938 4971 4970
3 4939 4972 4971
3 4940 4973 4972
3 4941 4974 4973
3 4942 4975 4974
3 4943 4976 4975
3 4944 4977 4976
3 4945 4978 4977
3 4946 4979 4978
3 4947 4980 4979
3 4948 4981 4980
3 4949 4982 4981
3 4950 4983 4982
3 4951 4984 4983
3 4952 4985 4984
3 4953 4986 4985
3 4954 4987 4986
3 4955 4988 4987
3 4956 4989 4988
3 4957 4990 4989
3 4958 4991 4990
3 4959 4992 4991
3 4960 4993 4992
3 4961 4994 4993
3 4962 4995 4994
3 4964 5000 4999
3 4965 5001 5000
3 4966 5002 5001
3 4968 5013 5012
3 4969 5014 5013
3 4970 5015 5014
3 4971 5016 5015
3 4972 5017 5016
3 4973 5018 5017
3 4974 5019 5018
3 4975 5020 5019
3 4976 5021 5020
3 4977 5022 5021
3 4978 5023 5022
3 4979 5024 5023
3 4980 5025 5024
3 4981 5026 5025
3 4982 5027 5026
3 4983 5028 5027
3 4984 5029 5028
3 4985 5030 5029
3 4986 5031 5030
3 4987 5032 5031
3 4988 5033 5032
3 4989 5034 5033
3 4990 5035 5034
3 4991 5036 5035
3 4992 5037 5036
3 4993 5038 5037
3 4994 5039 5038
3 4995 5040 5039
3 4997 5042 5041
3 4998 5043 5042
3 4999 5044 5043
3 5000 5045 5044
3 5001 5046 5045
3 5002 5047 5046
3 5003 5048 5047
3 5004 5049 5048
3 5006 5051 5050
3 5008 5056 5055
3 5009 5057 5056
3 5010 5058 5057
3 5011 5059 5058
3 5012 5060 5059
3 5013 5061 5060
3 5014 5062 5061
3 5015 5063 5062
3 5016 5064 5063
3 5017 5065 5064
3 5018 5066 5065
3 5019 5067 5066
3 5020 5068 5067
3 5021 5069 5068
3 5022 5070 5069
3 5023 5071 5070
3 5024 5072 5071
3 5025 5073 5072
3 5026 5074 5073
3 5027 5075 5074
3 5028 5076 5075
3 5029 5077 5076
3 5030 5078 5077
3 5031 5079 5078
3 5032 5080 5079
3 5033 5081 5080
3 5034 5082 5081
3 5035 5083 5082
3 5036 5084 5083
3 5037 5085 5084
3 5038 5086 5085
3 5039 5087 5086
3 5040 5088 5087
3 5041 5089 5088
3 5042 5090 5089
3 5043 5091 5090
3 5044 5092 5091
3 5045 5093 5092
3 5046 5094 5093
3 5047 5095 5094
3 5048 5096 5095
3 5049 5097 5096
3 5050 5098 5097
3 5051 5099 5098
3 5052 5100 5099
3 5053 5101 5100
3 5055 5103 5102
3 5056 5104 5103
3 5057 5105 5104
3 5058 5106 5105
3 5059 5107 5106
3 5060 5108 5107
3 5061 5109 5108
3 5062 5110 5109
3 5063 5111 5110
3 5064 5112 5111
3 5065 5113 5112
3 5066 5114 5113
3 5067 5115 5114
3 5068 5116 5115
3 5069 5117 5116
3 5070 5118 5117
3 5071 5119 5118
3 5072 5120 5119
3 5073 5121 5120
3 5074 5122 5121
3 5075 5123 5122
3 5076 5124 5123
3 5077 5125 5124
3 5078 5126 5125
3 5079 5127 5126
3 5080 5128 5127
3 5081 5129 5128
3 5082 5130 5129
3 5083 5131 5130
3 5084 5132 5131
3 5085 5133 5132
3 5086 5134 5133
3 5087 5135 5134
3 5088 5136 5135
3 5089 5137 5136
3 5090 5138 5137
3 5091 5139 5138
3 5092 5140 5139
3 5093 5141 5140
3 5094 5142 5141
3 5095 5143 5142
3 5096 5144 5143
3 5097 5145 5144
3 5098 5146 5145
3 5099 5147 5146
3 5100 5148 5147
3 5101 5149 5148
3 5103 5152 5151
3 5104 5153 5152
3 5105 5154 5153
3 5106 5155 5154
3 5107 5156 5155
3 5108 5157 5156
3 5109 5158 5157
3 5110 5159 5158
3 5111 5160 5159
3 5112 5161 5160
3 5113 5162 5161
3 5114 5163 5162
3 5115 5164 5163
3 5116 5165 5164
3 5117 5166 5165
3 5118 5167 5166
3 5119 5168 5167
3 5120 5169 5168
3 5121 5170 5169
3 5122 5171 5170
3 5123 5172 5171
3 5124 5173 5172
3 5125 5174 5173
3 5126 5175 5174
3 5127 5176 5175
3 5128 5177 5176
3 5129 5178 5177
3 5130 5179 5178
3 5131 5180 5179
3 5132 5181 5180
3 5133 5182 5181
3 5134 5183 5182
3 5135 5184 5183
3 5136 5185 5184
3 5137 5186 5185
3 5138 5187 5186
3 5139 5188 5187
3 5140 5189 5188
3 5141 5190 5189
3 5142 5191 5190
3 5143 5192 5191
3 5144 5193 5192
3 5145 5194 5193
3 5146 5195 5194
3 5147 5196 5195
3 5148 5197 5196
3 5149 5198 5197
3 5151 5201 5200
3 5152 5202 5201
3 5153 5203 5202
3 5154 5204 5203
3 5155 5205 5204
3 5156 5206 5205
3 5157 5207 5206
3 5158 5208 5207
3 5159 5209 5208
3 5160 5210 5209
3 5161 5211 5210
3 5162 5212 5211
3 5163 5213 5212
3 5164 5214 5213
3 5165 5215 5214
3 5166 5216 5215
3 5167 5217 5216
3 5168 5218 5217
3 5169 5219 5218
3 5170 5220 5219
3 5171 5221 5220
3 5172 5222 5221
3 5173 5223 5222
3 5174 5224 5223
3 5175 5225 5224
3 5176 5226 5225
3 5177 5227 5226
3 5178 5228 5227
3 5179 5229 5228
3 5180 5230 5229
3 5181 5231 5230
3 5182 5232 5231
3 5183 5233 5232
3 5184 5234 5233
3 5185 5235 5234
3 5186 5236 5235
3 5187 5237 5236
3 5188 5238 5237
3 5189 5239 5238
3 5190 5240 5239
3 5191 5241 5240
3 5192 5242 5241
3 5193 5243 5242
3 5194 5244 5243
3 5195 5245 5244
3 5196 5246 5245
3 5197 5247 5246
3 5198 5248 5247
3 5200 5253 5252
3 5201 5254 5253
3 5202 5255 5254
3 5203 5256 5255
3 5204 5257 5256
3 5205 5258 5257
3 5206 5259 5258
3 5207 5260 5259
3 5208 5261 5260
3 5209 5262 5261
3 5210 5263 5262
3 5211 5264 5263
3 5212 5265 5264
3 5213 5266 5265
3 5214 5267 5266
3 5215 5268 5267
3 5216 5269 5268
3 5217 5270 5269
3 5218 5271 5270
3 5219 5272 5271
3 5220 5273 5272
3 5221 5274 5273
3 5222 5275 5274
3 5223 5276 5275
3 5224 5277 5276
3 5225 5278 5277
3 5226 5279 5278
3 5227 5280 5279
3 5228 5281 5280
3 5229 5282 5281
3 5230 5283 5282
3 5231 5284 5283
3 5232 5285 5284
3 5233 5286 5285
3 5234 5287 5286
3 5235 5288 5287
3 5236 5289 5288
3 5237 5290 5289
3 5238 5291 5290
3 5239 5292 5291
3 5240 5293 5292
3 5241 5294 5293
3 5242 5295 5294
3 5243 5296 5295
3 5244 5297 5296
3 5245 5298 5297
3 5246 5299 5298
3 5247 5300 5299
3 5248 5301 5300
3 5249 5302 5301
3 5250 5303 5302
3 5252 5305 5304
3 5253 5306 5305
3 5254 5307 5306
3 5255 5308 5307
3 5256 5309 5308
3 5257 5310 5309
3 5258 5311 5310
3 5259 5312 5311
3 5260 5313 5312
3 5261 5314 5313
3 5262 5315 5314
3 5263 5316 5315
3 5264 5317 5316
3 5265 5318 5317
3 5266 5319 5318
3 5267 5320 5319
3 5268 5321 5320
3 5269 5322 5321
3 5270 5323 5322
3 5271 5324 5323
3 5272 5325 5324
3 5273 5326 5325
3 5274 5327 5326
3 5275 5328 5327
3 5276 5329 5328
3 5277 5330 5329
3 5278 5331 5330
3 5279 5332 5331
3 5280 5333 5332
3 5281 5334 5333
3 5282 5335 5334
3 5283 5336 5335
3 5284 5337 5336
3 5285 5338 5337
3 5286 5339 5338
3 5287 5340 5339
3 5288 5341 5340
3 5289 5342 5341
3 5290 5343 5342
3 5291 5344 5343
3 5292 5345 5344
3 5293 5346 5345
3 5294 5347 5346
3 5295 5348 5347
3 5296 5349 5348
3 5297 5350 5349
3 5298 5351 5350
3 5299 5352 5351
3 5300 5353 5352
3 5301 5354 5353
3 5302 5355 5354
3 5303 5356 5355
3 5305 5359 5358
3 5306 5360 5359
3 5307 5361 5360
3 5308 5362 5361
3 5309 5363 5362
3 5310 5364 5363
3 5311 5365 5364
3 5312 5366 5365
3 5313 5367 5366
3 5314 5368 5367
3 5315 5369 5368
3 5316 5370 5369
3 5317 5371 5370
3 5318 5372 5371
3 5319 5373 5372
3 5320 5374 5373
3 5321 5375 5374
3 5322 5376 5375
3 5323 5377 5376
3 5324 5378 5377
3 5325 5379 5378
3 5326 5380 5379
3 5327 5381 5380
3 5328 5382 5381
3 5329 5383 5382
3 5330 5384 5383
3 5331 5385 5384
3 5332 5386 5385
3 5333 5387 5386
3 5334 5388 5387
3 5335 5389 5388
3 5336 5390 5389
3 5337 5391 5390
3 5338 5392 5391
3 5339 5393 5392
3 5340 5394 5393
3 5341 5395 5394
3 5342 5396 5395
3 5343 5397 5396
3 5344 5398 5397
3 5345 5399 5398
3 5346 5400 5399
3 5347 5401 5400
3 5348 5402 5401
3 5349 5403 5402
3 5350 5404 5403
3 5351 5405 5404
3 5352 5406 5405
3 5353 5407 5406
3 5354 5408 5407
3 5355 5409 5408
3 5356 5410 5409
3 5358 5412 5411
3 5359 5413 5412
3 5360 5414 5413
3 5361 5415 5414
3 5362 5416 5415
3 5363 5417 5416
3 5364 5418 5417
3 5365 5419 5418
3 5366 5420 5419
3 5367 5421 5420
3 5368 5422 5421
3 5369 5423 5422
3 5370 5424 5423
3 5371 5425 5424
3 5372 5426 5425
3 5373 5427 5426
3 5374 5428 5427
3 5375 5429 5428
3 5376 5430 5429
3 5377 5431 5430
3 5378 5432 5431
3 5379 5433 5432
3 5380 5434 5433
3 5381 5435 5434
3 5382 5436 5435
3 5383 5437 5436
3 5384 5438 5437
3 5385 5439 5438
3 5386 5440 5439
3 5387 5441 5440
3 5388 5442 5441
3 5389 5443 5442
3 5390 5444 5443
3 5391 5445 5444
3 5392 5446 5445
3 5393 5447 5446
3 5394 5448 5447
3 5395 5449 5448
3 5396 5450 5449
3 5397 5451 5450
3 5398 5452 5451
3 5399 5453 5452
3 5400 5454 5453
3 5401 5455 5454
3 5402 5456 5455
3 5403 5457 5456
3 5404 5458 5457
3 5405 5459 5458
3 5406 5460 5459
3 5407 5461 5460
3 5408 5462 5461
3 5409 5463 5462
3 5410 5464 5463
3 5412 5467 5466
3 5413 5468 5467
3 5414 5469 5468
3 5415 5470 5469
3 5416 5471 5470
3 5417 5472 5471
3 5418 5473 5472
3 5419 5474 5473
3 5420 5475 5474
3 5421 5476 5475
3 5422 5477 5476
3 5423 5478 5477
3 5424 5479 5478
3 5425 5480 5479
3 5426 5481 5480
3 5427 5482 5481
3 5428 5483 5482
3 5429 5484 5483
3 5430 5485 5484
3 5431 5486 5485
3 5432 5487 5486
3 5433 5488 5487
3 5434 5489 5488
3 5435 5490 5489
3 5436 5491 5490
3 5437 5492 5491
3 5438 5493 5492
3 5439 5494 5493
3 5440 5495 5494
3 5441 5496 5495
3 5442 5497 5496
3 5443 5498 5497
3 5444 5499 5498
3 5445 5500 5499
3 5446 5501 5500
3 5447 5502 5501
3 5448 5503 5502
3 5449 5504 5503
3 5450 5505 5504
3 5451 5506 5505
3 5452 5507 5506
3 5453 5508 5507
3 5454 5509 5508
3 5455 5510 5509
3 5456 5511 5510
3 5457 5512 5511
3 5458 5513 5512
3 5459 5514 5513
3 5460 5515 5514
3 5461 5516 5515
3 5462 5517 5516
3 5463 5518 5517
3 5464 5519 5518
3 5465 5520 5519
3 5468 5522 5521
3 5469 5523 5522
3 5470 5524 5523
3 5471 5525 5524
3 5472 5526 5525
3 5473 5527 5526
3 5474 5528 5527
3 5475 5529 5528
3 5476 5530 5529
3 5477 5531 5530
3 5478 5532 5531
3 5479 5533 5532
3 5480 5534 5533
3 5481 5535 5534
3 5482 5536 5535
3 5483 5537 5536
3 5484 5538 5537
3 5485 5539 5538
3 5486 5540 5539
3 5487 5541 5540
3 5488 5542 5541
3 5489 5543 5542
3 5490 5544 5543
3 5491 5545 5544
3 5492 5546 5545
3 5493 5547 5546
3 5494 5548 5547
3 5495 5549 5548
3 5496 5550 5549
3 5497 5551 5550
3 5498 5552 5551
3 5499 5553 5552
3 5500 5554 5553
3 5501 5555 5554
3 5502 5556 5555
3 5503 5557 5556
3 5504 5558 5557
3 5505 5559 5558
3 5506 5560 5559
3 5507 5561 5560
3 5508 5562 5561
3 5509 5563 5562
3 5510 5564 5563
3 5511 5565 5564
3 5512 5566 5565
3 5513 5567 5566
3 5514 5568 5567
3 5515 5569 5568
3 5516 5570 5569
3 5517 5571 5570
3 5518 5572 5571
3 5519 5573 5572
3 5523 5575 5574
3 5524 5576 5575
3 5525 5577 5576
3 5526 5578 5577
3 5527 5579 5578
3 5528 5580 5579
3 5529 5581 5580
3 5530 5582 5581
3 5531 5583 5582
3 5532 5584 5583
3 5533 5585 5584
3 5534 5586 5585
3 5535 5587 5586
3 5536 5588 5587
3 5537 5589 5588
3 5538 5590 5589
3 5539 5591 5590
3 5540 5592 5591
3 5541 5593 5592
3 5542 5594 5593
3 5543 5595 5594
3 5544 5596 5595
3 5545 5597 5596
3 5546 5598 5597
3 5547 5599 5598
3 5548 5600 5599
3 5549 5601 5600
3 5550 5602 5601
3 5551 5603 5602
3 5552 5604 5603
3 5553 5605 5604
3 5554 5606 5605
3 5555 5607 5606
3 5556 5608 5607
3 5557 5609 5608
3 5558 5610 5609
3 5559 5611 5610
3 5560 5612 5611
3 5561 5613 5612
3 5562 5614 5613
3 5563 5615 5614
3 5564 5616 5615
3 5565 5617 5616
3 5566 5618 5617
3 5567 5619 5618
3 5568 5620 5619
3 5569 5621 5620
3 5570 5622 5621
3 5571 5623 5622
3 5572 5624 5623
3 5576 5626 5625
3 5577 5627 5626
3 5578 5628 5627
3 5579 5629 5628
3 5580 5630 5629
3 5581 5631 5630
3 5582 5632 5631
3 5583 5633 5632
3 5584 5634 5633
3 5585 5635 5634
3 5586 5636 5635
3 5587 5637 5636
3 5588 5638 5637
3 5589 5639 5638
3 5590 5640 5639
3 5591 5641 5640
3 5592 5642 5641
3 5593 5643 5642
3 5594 5644 5643
3 5595 5645 5644
3 5596 5646 5645
3 5597 5647 5646
3 5598 5648 5647
3 5599 5649 5648
3 5600 5650 5649
3 5601 5651 5650
3 5602 5652 5651
3 5603 5653 5652
3 5604 5654 5653
3 5605 5655 5654
3 5606 5656 5655
3 5607 5657 5656
3 5608 5658 5657
3 5609 5659 5658
3 5610 5660 5659
3 5611 5661 5660
3 5612 5662 5661
3 5613 5663 5662
3 5614 5664 5663
3 5615 5665 5664
3 5616 5666 5665
3 5617 5667 5666
3 5618 5668 5667
3 5619 5669 5668
3 5620 5670 5669
3 5621 5671 5670
3 5622 5672 5671
3 5623 5673 5672
3 5627 5675 5674
3 5628 5676 5675
3 5629 5677 5676
3 5630 5678 5677
3 5631 5679 5678
3 5632 5680 5679
3 5633 5681 5680
3 5634 5682 5681
3 5635 5683 5682
3 5636 5684 5683
3 5637 5685 5684
3 5638 5686 5685
3 5639 5687 5686
3 5640 5688 5687
3 5641 5689 5688
3 5642 5690 5689
3 5643 5691 5690
3 5644 5692 5691
3 5645 5693 5692
3 5646 5694 5693
3 5647 5695 5694
3 5648 5696 5695
3 5649 5697 5696
3 5650 5698 5697
3 5651 5699 5698
3 5652 5700 5699
3 5653 5701 5700
3 5654 5702 5701
3 5655 5703 5702
3 5656 5704 5703
3 5657 5705 5704
3 5658 5706 5705
3 5659 5707 5706
3 5660 5708 5707
3 5661 5709 5708
3 5662 5710 5709
3 5663 5711 5710
3 5664 5712 5711
3 5665 5713 5712
3 5666 5714 5713
3 5667 5715 5714
3 5668 5716 5715
3 5669 5717 5716
3 5670 5718 5717
3 5671 5719 5718
3 5677 5721 5720
3 5678 5722 5721
3 5679 5723 5722
3 5680 5724 5723
3 5681 5725 5724
3 5682 5726 5725
3 5683 5727 5726
3 5684 5728 5727
3 5685 5729 5728
3 5686 5730 5729
3 5687 5731 5730
3 5688 5732 5731
3 5689 5733 5732
3 5690 5734 5733
3 5691 5735 5734
3 5692 5736 5735
3 5693 5737 5736
3 5694 5738 5737
3 5695 5739 5738
3 5696 5740 5739
3 5697 5741 5740
3 5698 5742 5741
3 5699 5743 5742
3 5700 5744 5743
3 5701 5745 5744
3 5702 5746 5745
3 5703 5747 5746
3 5704 5748 5747
3 5705 5749 5748
3 5706 5750 5749
3 5707 5751 5750
3 5708 5752 5751
3 5709 5753 5752
3 5710 5754 5753
3 5711 5755 5754
3 5712 5756 5755
3 5713 5757 5756
3 5714 5758 5757
3 5715 5759 5758
3 5716 5760 5759
3 5717 5761 5760
3 5718 5762 5761
3 5719 5763 5762
3 5722 5766 5765
3 5723 5767 5766
3 5724 5768 5767
3 5725 5769 5768
3 5726 5770 5769
3 5727 5771 5770
3 5728 5772 5771
3 5729 5773 5772
3 5730 5774 5773
3 5731 5775 5774
3 5732 5776 5775
3 5733 5777 5776
3 5734 5778 5777
3 5735 5779 5778
3 5736 5780 5779
3 5737 5781 5780
3 5738 5782 5781
3 5739 5783 5782
3 5740 5784 5783
3 5741 5785 5784
3 5742 5786 5785
3 5743 5787 5786
3 5744 5788 5787
3 5745 5789 5788
3 5746 5790 5789
3 5747 5791 5790
3 5748 5792 5791
3 5749 5793 5792
3 5750 5794 5793
3 5751 5795 5794
3 5752 5796 5795
3 5753 5797 5796
3 5754 5798 5797
3 5755 5799 5798
3 5756 5800 5799
3 5757 5801 5800
3 5758 5802 5801
3 5759 5803 5802
3 5760 5804 5803
3 5761 5805 5804
3 5762 5806 5805
3 5763 5807 5806
3 5764 5808 5807
3 5766 5810 5809
3 5767 5811 5810
3 5768 5812 5811
3 5769 5813 5812
3 5770 5814 5813
3 5771 5815 5814
3 5772 5816 5815
3 5773 5817 5816
3 5774 5818 5817
3 5775 5819 5818
3 5776 5820 5819
3 5777 5821 5820
3 5778 5822 5821
3 5779 5823 5822
3 5780 5824 5823
3 5781 5825 5824
3 5782 5826 5825
3 5783 5827 5826
3 5784 5828 5827
3 5785 5829 5828
3 5786 5830 5829
3 5787 5831 5830
3 5788 5832 5831
3 5789 5833 5832
3 5790 5834 5833
3 5791 5835 5834
3 5792 5836 5835
3 5793 5837 5836
3 5794 5838 5837
3 5795 5839 5838
3 5796 5840 5839
3 5797 5841 5840
3 5798 5842 5841
3 5799 5843 5842
3 5800 5844 5843
3 5801 5845 5844
3 5802 5846 5845
3 5803 5847 5846
3 5804 5848 5847
3 5805 5849 5848
3 5806 5850 5849
3 5807 5851 5850
3 5808 5852 5851
3 5810 5854 5853
3 5811 5855 5854
3 5812 5856 5855
3 5813 5857 5856
3 5814 5858 5857
3 5815 5859 5858
3 5822 5861 5860
3 5823 5862 5861
3 5824 5863 5862
3 5825 5864 5863
3 5826 5865 5864
3 5827 5866 5865
3 5828 5867 5866
3 5829 5868 5867
3 5830 5869 5868
3 5831 5870 5869
3 5832 5871 5870
3 5833 5872 5871
3 5834 5873 5872
3 5835 5874 5873
3 5836 5875 5874
3 5837 5876 5875
3 5838 5877 5876
3 5839 5878 5877
3 5840 5879 5878
3 5841 5880 5879
3 5842 5881 5880
3 5843 5882 5881
3 5844 5883 5882
3 5845 5884 5883
3 5847 5886 5885
3 5848 5887 5886
3 5849 5888 5887
3 5850 5889 5888
3 5855 5891 5890
3 5856 5892 5891
3 5857 5893 5892
3 5861 5895 5894
3 5862 5896 5895
3 5863 5897 5896
3 5864 5898 5897
3 5865 5899 5898
3 5866 5900 5899
3 5867 5901 5900
3 5868 5902 5901
3 5869 5903 5902
3 5870 5904 5903
3 5871 5905 5904
3 5873 5907 5906
3 5874 5908 5907
3 5875 5909 5908
3 5876 5910 5909
3 5877 5911 5910
3 5881 5914 5913
3 5882 5915 5914
3 5883 5916 5915
3 5884 5917 5916
3 5887 5919 5918
3 5888 5920 5919
3 5889 5921 5920
3 5895 5923 5922
3 5896 5924 5923
3 5897 5925 5924
3 5898 5926 5925
3 5899 5927 5926
3 5900 5928 5927
3 5901 5929 5928
3 5902 5930 5929
3 5903 5931 5930
3 5904 5932 5931
3 5905 5933 5932
3 5907 5935 5934
3 5908 5936 5935
3 5909 5937 5936
3 5910 5938 5937
3 5911 5939 5938
3 5912 5940 5939
3 5914 5942 5941
3 5915 5943 5942
3 5916 5944 5943
3 5920 5946 5945
3 5924 5948 5947
3 5925 5949 5948
3 5926 5950 5949
3 5927 5951 5950
3 5928 5952 5951
3 5929 5953 5952
3 5930 5954 5953
3 5931 5955 5954
3 5932 5956 5955
3 5936 5958 5957
3 5937 5959 5958
3 5938 5960 5959
3 5939 5961 5960
3 5949 5963 5962
3 5950 5964 5963
3 5951 5965 5964
3 5952 5966 5965
3 5953 5967 5966
3 5954 5968 5967
3 5955 5969 5968
3 5956 5970 5969
3 5960 5973 5972
3 5961 5974 5973
3 5965 5976 5975
3 5966 5977 5976
3 5967 5978 5977
3 5968 5979 5978
3 5969 5980 5979
3 5970 5981 5980
3 5971 5982 5981
3 5977 5984 5983
3 5978 5985 5984
3 5979 5986 5985
3 5980 5987 5986
3 5981 5988 5987
3 5985 5990 5989
3 5986 5991 5990
