ply
format ascii 1.0
comment Created in Blender version 4.2.0 Alpha
element vertex 5056
property float x
property float y
property float z
property float nx
property float ny
property float nz
property uchar red
property uchar green
property uchar blue
property uchar alpha
element face 10108
property list uchar uint vertex_indices
end_header
0.079734504 -0.14779621 0.95799625 -0.4715276 0.37122577 0.79990816 195 195 195 255
0.1015819 -0.12967844 0.95914346 -0.32758126 0.4905991 0.807467 189 189 189 255
0.1259557 -0.115252644 0.956975 -0.16699722 0.58565146 0.79317343 193 193 193 255
0.15191896 -0.10507344 0.9515741 0.004069697 0.65271693 0.75759095 187 187 187 255
0.1784741 -0.099531814 0.9431483 0.1790328 0.6892239 0.7020811 197 197 197 255
0.20460063 -0.09884086 0.93202156 0.35117218 0.6937813 0.62876505 195 195 195 255
0.22929452 -0.10302703 0.9186213 0.51387113 0.6662002 0.5404754 204 204 204 255
0.25160694 -0.11192958 0.9034625 0.6608799 0.6075412 0.4406035 203 203 203 255
0.2706802 -0.12520616 0.8871279 0.7865479 0.52006376 0.33298057 207 207 207 255
0.28578126 -0.14234689 0.870245 0.8860451 0.40712982 0.22174156 194 194 194 255
0.2963301 -0.16269292 0.8534625 0.9555461 0.27308264 0.11116477 186 186 186 255
0.30192107 -0.18546218 0.8374257 0.9923837 0.12306173 0.005505351 177 177 177 255
0.3023395 -0.20977983 0.8227507 0.9951409 -0.03716303 -0.09117901 173 173 173 255
0.2975692 -0.23471132 0.8100015 0.9637111 -0.20142442 -0.17518297 169 169 169 255
0.28779358 -0.25929856 0.79966795 0.89930135 -0.36342308 -0.2432706 157 157 157 255
0.27338815 -0.28259683 0.79214716 0.8043904 -0.5169283 -0.29281592 150 150 150 255
0.2549067 -0.30371055 0.78772825 0.682622 -0.65604043 -0.32192868 147 147 147 255
0.23305932 -0.3218283 0.786581 0.53867656 -0.7754122 -0.32948983 148 148 148 255
0.20868553 -0.33625412 0.7887495 0.37808585 -0.87045664 -0.31520835 140 140 140 255
0.18272224 -0.34643334 0.7941504 0.20702033 -0.93752575 -0.27962115 138 138 138 255
0.15616709 -0.35197493 0.8025762 0.0320608 -0.97403806 -0.22410242 143 143 143 255
0.13004057 -0.3526659 0.81370294 -0.14008167 -0.97858953 -0.15079693 147 147 147 255
0.10534668 -0.34847975 0.82710314 -0.3027822 -0.9510077 -0.06250748 150 150 150 255
0.08303429 -0.33957717 0.842262 -0.4497877 -0.8923532 0.037372578 152 152 152 255
0.063961014 -0.32630062 0.8585967 -0.57545274 -0.80487883 0.14499694 159 159 159 255
0.048859954 -0.30915987 0.8754796 -0.67495143 -0.6919428 0.25623396 170 170 170 255
0.038311124 -0.28881383 0.892262 -0.7444567 -0.5578891 0.36680222 173 173 173 255
0.03272015 -0.2660446 0.90829873 -0.7812942 -0.40787056 0.4724625 177 177 177 255
0.032301694 -0.24172692 0.92297375 -0.7840463 -0.24765037 0.56915784 193 193 193 255
0.037072018 -0.21679546 0.93572295 -0.7526209 -0.08338397 0.653153 202 202 202 255
0.04684767 -0.1922082 0.9460565 -0.688213 0.07861663 0.7212366 208 208 208 255
0.06125307 -0.16890992 0.9535773 -0.5932969 0.23211527 0.77079254 197 197 197 255
0.08652511 -0.1569349 0.9732071 -0.11327535 -0.024479888 0.993262 198 198 198 255
0.10835981 -0.13882765 0.9743537 -0.01694947 0.055399638 0.99832034 195 195 195 255
0.13271928 -0.12441032 0.97218645 0.09051482 0.11899856 0.98876005 190 190 190 255
0.1586676 -0.114236936 0.96678865 0.20498754 0.1638807 0.9649472 193 193 193 255
0.18520723 -0.10869849 0.9583679 0.32206503 0.18832393 0.92779744 192 192 192 255
0.21131854 -0.10800803 0.9472475 0.43725768 0.1913597 0.87874174 199 199 199 255
0.23599817 -0.11219177 0.93385506 0.5461357 0.17290083 0.8196591 206 206 206 255
0.25829747 -0.121089116 0.9187051 0.6445107 0.1336552 0.75282294 212 212 212 255
0.2773596 -0.13435803 0.90237993 0.7286041 0.07511921 0.68080324 206 206 206 255
0.29245192 -0.15148874 0.88550687 0.79518515 -0.00045390252 0.6063665 202 202 202 255
0.30299455 -0.17182277 0.86873436 0.84169185 -0.09016442 0.5323769 190 190 190 255
0.30858237 -0.19457896 0.85270673 0.8663437 -0.1905541 0.46166852 188 188 188 255
0.3090006 -0.2188824 0.8380403 0.86819375 -0.2977641 0.39695862 172 172 172 255
0.304233 -0.24379936 0.82529855 0.84715647 -0.40768957 0.34075662 165 165 165 255
0.294463 -0.26837245 0.81497097 0.8040546 -0.5160952 0.295198 155 155 155 255
0.280066 -0.29165703 0.8074546 0.7405434 -0.61881626 0.26203403 152 152 152 255
0.2615953 -0.31275842 0.80303824 0.6590589 -0.71190625 0.24255063 150 150 150 255
0.23976064 -0.33086568 0.8018917 0.56273395 -0.79178756 0.23749296 145 145 145 255
0.21540117 -0.34528303 0.8040589 0.45527017 -0.85538924 0.24705927 148 148 148 255
0.18945286 -0.35545638 0.8094567 0.34079826 -0.90027 0.27086988 141 141 141 255
0.16291319 -0.36099482 0.8178774 0.22371507 -0.9247068 0.3080081 144 144 144 255
0.13680191 -0.36168528 0.82899773 0.10852755 -0.9277486 0.35707748 149 149 149 255
0.11212225 -0.35750157 0.8423903 -0.00034691422 -0.9092911 0.41616052 149 149 149 255
0.08982299 -0.3486042 0.85754013 -0.09872774 -0.8700429 0.48298874 153 153 153 255
0.07076086 -0.3353353 0.87386537 -0.18282096 -0.8115057 0.5550088 159 159 159 255
0.055668533 -0.31820458 0.8907384 -0.24939944 -0.73593277 0.6294464 168 168 168 255
0.045125857 -0.29787055 0.907511 -0.29590467 -0.64622796 0.70344144 175 175 175 255
0.0395381 -0.27511436 0.9235385 -0.3205561 -0.5458374 0.77414817 183 183 183 255
0.039119825 -0.25081092 0.938205 -0.32241288 -0.43861753 0.8388472 186 186 186 255
0.043887436 -0.22589396 0.9509468 -0.30136988 -0.32869947 0.89506024 199 199 199 255
0.053657442 -0.2013209 0.9612744 -0.2582668 -0.22029585 0.9406211 207 207 207 255
0.06805444 -0.1780363 0.96879077 -0.19475941 -0.11757126 0.9737791 196 196 196 255
0.20850605 -0.10127789 0.9404606 0.25727722 0.8758561 0.40827003 198 198 198 255
0.2335945 -0.10553093 0.92684627 0.42769808 0.84696466 0.31579313 203 203 203 255
0.18627802 -0.35282722 0.80038613 0.10628969 -0.83284116 -0.54321086 140 140 140 255
0.15929833 -0.3584573 0.80894667 -0.07697584 -0.87108296 -0.48506606 143 143 143 255
0.25626332 -0.11457588 0.91144526 0.58168113 0.7855256 0.211179 208 208 208 255
0.13275415 -0.3591594 0.8202512 -0.2572806 -0.87585324 -0.40827414 148 148 148 255
0.27564138 -0.12806468 0.8948495 0.7133093 0.6939 0.098450646 205 205 205 255
0.10766566 -0.35490638 0.8338655 -0.4276997 -0.84696287 -0.31579557 150 150 150 255
0.29098386 -0.14547932 0.87769675 0.8175255 0.57560915 -0.01806249 200 200 200 255
0.08499688 -0.34586146 0.8492666 -0.58168155 -0.78552496 -0.21117991 154 154 154 255
0.30170137 -0.16615032 0.8606462 0.8903242 0.435199 -0.1338831 190 190 190 255
0.0656188 -0.33237267 0.86586237 -0.7133082 -0.6939014 -0.09844835 159 159 159 255
0.30738166 -0.18928343 0.84435314 0.9289096 0.2780609 -0.24455893 185 185 185 255
0.050276354 -0.31495804 0.88301504 -0.8175256 -0.5756089 0.018061563 169 169 169 255
0.30780664 -0.21398985 0.82944363 0.93179643 0.11024054 -0.3458358 174 174 174 255
0.039558813 -0.29428697 0.90006566 -0.8903261 -0.43519604 0.13388003 172 172 172 255
0.30296022 -0.23931989 0.81649053 0.89887685 -0.06181997 -0.4338186 164 164 164 255
0.033878535 -0.27115387 0.9163587 -0.92891157 -0.27805918 0.24455346 183 183 183 255
0.2930284 -0.2643 0.8059918 0.83141226 -0.23150438 -0.505133 157 157 157 255
0.08164433 -0.1510157 0.9668504 -0.604452 0.53800017 0.5875316 194 194 194 255
0.10384092 -0.13260835 0.9680159 -0.45367745 0.663038 0.5954471 190 190 190 255
0.03345354 -0.24644749 0.9312683 -0.9318002 -0.110234745 0.34582752 192 192 192 255
0.27839267 -0.28797045 0.798351 0.7319975 -0.39229012 -0.55703515 154 154 154 255
0.12860402 -0.11795193 0.9658129 -0.2854727 0.7625928 0.5804804 193 193 193 255
0.038299978 -0.22111742 0.9442213 -0.8988773 0.061824135 0.43381718 204 204 204 255
0.25961587 -0.3094216 0.79386145 0.6044539 -0.53800267 -0.5875275 150 150 150 255
0.15498218 -0.10761009 0.9603257 -0.10629365 0.8328421 0.5432086 189 189 189 255
0.04823178 -0.19613731 0.95472 -0.8314133 0.23150495 0.50513095 207 207 207 255
0.23741929 -0.32782897 0.7926959 0.45367908 -0.6630357 -0.5954485 140 140 140 255
0.18196185 -0.101980045 0.95176524 0.0769712 0.87108815 0.48505756 195 195 195 255
0.06286752 -0.17246687 0.96236086 -0.73199826 0.39229044 0.55703384 199 199 199 255
0.21265616 -0.34248537 0.7948989 0.28547037 -0.7625915 -0.5804833 149 149 149 255
0.09125599 -0.16114566 0.9686087 0.67210627 -0.71709037 0.18453875 196 196 196 255
0.11191049 -0.14401697 0.96969336 0.56903243 -0.80256784 0.1791284 197 197 197 255
0.13495353 -0.13037883 0.9676432 0.4540401 -0.87062633 0.18936044 193 193 193 255
0.15949947 -0.12075521 0.96253717 0.33154935 -0.91865003 0.21484193 195 195 195 255
0.1846048 -0.11551617 0.9545715 0.20626165 -0.94479513 0.25459453 197 197 197 255
0.20930493 -0.11486292 0.9440522 0.082999706 -0.9480544 0.30708963 200 200 200 255
0.23265073 -0.11882065 0.93138343 -0.03350034 -0.92830455 0.3703085 206 206 206 255
0.25374493 -0.12723711 0.91705227 -0.13876623 -0.88630265 0.44182742 210 210 210 255
0.27177674 -0.13978897 0.9016094 -0.22875313 -0.82366514 0.51889074 203 203 203 255
0.28605348 -0.15599374 0.88564825 -0.29999527 -0.7427968 0.59854466 197 197 197 255
0.2960263 -0.17522891 0.86978215 -0.34976536 -0.646809 0.67771846 191 191 191 255
0.30131218 -0.19675519 0.8546208 -0.37614208 -0.5393855 0.7533792 180 180 180 255
0.30170774 -0.21974519 0.840747 -0.3781159 -0.42465898 0.8226136 171 171 171 255
0.2971979 -0.24331552 0.8286938 -0.35560903 -0.30703175 0.88276476 161 161 161 255
0.28795582 -0.26656052 0.8189244 -0.30949098 -0.19103117 0.9315162 162 162 162 255
0.27433693 -0.28858677 0.81181425 -0.24152555 -0.08111421 0.9669984 161 161 161 255
0.25686443 -0.30854765 0.8076367 -0.15433562 0.018499427 0.9878453 153 153 153 255
0.23620994 -0.32567635 0.806552 -0.051259078 0.10397392 0.99325824 145 145 145 255
0.21316689 -0.3393145 0.8086021 0.063732624 0.17203365 0.9830272 149 149 149 255
0.18862098 -0.3489381 0.8137081 0.18622395 0.220056 0.9575469 141 141 141 255
0.16351563 -0.35417715 0.82167387 0.31151056 0.24620144 0.91779417 148 148 148 255
0.13881552 -0.35483038 0.83219314 0.4347723 0.24946126 0.8652988 153 153 153 255
0.115469694 -0.35087264 0.84486187 0.55127394 0.22971368 0.8020778 150 150 150 255
0.09437549 -0.34245622 0.859193 0.65653926 0.18770675 0.73056304 161 161 161 255
0.0763437 -0.32990438 0.87463593 0.746525 0.12507139 0.65349656 163 163 163 255
0.062066942 -0.3136996 0.89059705 0.81776994 0.04420332 0.5738452 170 170 170 255
0.05209413 -0.2944644 0.90646315 0.86753833 -0.051786248 0.49466684 179 179 179 255
0.046808273 -0.27293813 0.92162454 0.8939154 -0.15920839 0.4190082 187 187 187 255
0.046412677 -0.24994813 0.93549836 0.8958889 -0.27393547 0.3497746 194 194 194 255
0.050922543 -0.2263778 0.9475515 0.8733825 -0.39156216 0.28962395 201 201 201 255
0.0601646 -0.2031328 0.95732087 0.82726276 -0.50756055 0.24087033 206 206 206 255
0.07378349 -0.18110655 0.9644311 0.75929916 -0.61747867 0.20538944 199 199 199 255
0.08598736 -0.15403709 0.95667905 0.6832056 -0.7197767 0.12309118 181 187 191 255
0.10664186 -0.1369084 0.95776373 0.5734597 -0.81078863 0.11732652 182 188 192 255
0.1296849 -0.12327026 0.95571357 0.4510238 -0.88325363 0.12822042 179 185 188 255
0.15423083 -0.11364664 0.95060754 0.32060125 -0.93438816 0.15534955 183 189 193 255
0.17933616 -0.1084076 0.94264185 0.18720512 -0.962226 0.19767496 187 192 195 255
0.2040363 -0.10775435 0.9321226 0.055963352 -0.96569794 0.25356552 190 195 199 255
0.2273821 -0.11171208 0.9194538 -0.06808079 -0.9446694 0.3208808 193 199 202 255
0.2484763 -0.12012854 0.90512264 -0.18016405 -0.89995027 0.39702696 203 208 211 255
0.2665081 -0.1326804 0.8896798 -0.27597532 -0.83325595 0.4790847 199 204 207 255
0.28078485 -0.14888518 0.8737186 -0.35183513 -0.74715364 0.56389135 193 199 201 255
0.29075766 -0.16812034 0.8578525 -0.40482435 -0.644949 0.64819586 190 196 199 255
0.29604355 -0.18964662 0.8426912 -0.43291312 -0.5305687 0.7287544 181 188 191 255
0.2964391 -0.21263662 0.82881737 -0.43501258 -0.40841615 0.80247134 176 182 187 255
0.29192927 -0.23620695 0.8167642 -0.4110505 -0.2831758 0.86651546 168 175 179 255
0.2826872 -0.25945196 0.8069948 -0.361943 -0.15966699 0.9184246 163 170 173 255
0.2690683 -0.2814782 0.7998846 -0.289583 -0.042631634 0.95620304 156 164 168 255
0.2515958 -0.30143908 0.79570705 -0.19674228 0.063427895 0.9784015 156 163 167 255
0.23094131 -0.31856778 0.79462236 -0.08699804 0.15444088 0.98416424 152 160 164 255
0.20789826 -0.33220592 0.79667246 0.03543977 0.22690569 0.97327167 150 156 161 255
0.18335235 -0.34182954 0.8017785 0.16586092 0.27804023 0.9461415 150 156 161 255
0.158247 -0.34706858 0.80974424 0.29925793 0.30587775 0.9038161 151 157 161 255
0.13354689 -0.34772182 0.8202635 0.43049756 0.3093514 0.84792304 151 158 162 255
0.11020106 -0.34376407 0.83293223 0.5545455 0.28831974 0.78060937 151 157 161 255
0.08910686 -0.33534765 0.8472634 0.66662943 0.2435994 0.7044603 155 161 165 255
0.07107507 -0.3227958 0.8627063 0.76244164 0.17690396 0.6224049 157 163 168 255
0.05679831 -0.30659103 0.8786674 0.83829826 0.09080552 0.5375968 159 165 170 255
0.0468255 -0.28735584 0.8945335 0.89128816 -0.011401553 0.45329392 163 169 174 255
0.04153964 -0.26582956 0.9096949 0.91937435 -0.1257775 0.37273434 165 171 176 255
0.041144043 -0.24283956 0.9235687 0.9214753 -0.24793111 0.2990206 171 177 182 255
0.04565391 -0.21926923 0.93562186 0.8975127 -0.3731719 0.23497571 179 184 189 255
0.054895967 -0.19602422 0.94539124 0.8484058 -0.49668264 0.18306758 184 190 194 255
0.06851485 -0.17399798 0.9525015 0.77604413 -0.61371565 0.1452877 180 187 190 255
0.16453117 -0.22394602 0.880334 0.35472497 -0.47860274 0.8031872 96 106 112 255
0.16559389 -0.22306474 0.8803898 0.35472268 -0.47860086 0.8031893 107 119 127 255
0.16677946 -0.22236307 0.8802843 0.35471702 -0.47859597 0.8031947 162 177 188 255
0.16804233 -0.2218678 0.8800217 0.35440466 -0.47831807 0.803498 153 167 176 255
0.16933405 -0.22159828 0.8796118 0.3547211 -0.4785999 0.8031905 160 174 184 255
0.17060494 -0.22156465 0.8790706 0.35470715 -0.4785876 0.803204 136 146 150 255
0.17180605 -0.22176841 0.8784187 0.35485905 -0.47872287 0.80305636 151 164 172 255
0.17289136 -0.22220139 0.8776814 0.35470447 -0.47858536 0.80320656 153 166 174 255
0.17381914 -0.22284721 0.87688684 0.35472056 -0.4785997 0.8031909 155 168 177 255
0.17455368 -0.22368094 0.8760656 0.35482684 -0.47869426 0.80308765 159 173 182 255
0.17506674 -0.22467063 0.87524927 0.3546345 -0.47852302 0.8032746 138 151 158 255
0.17533885 -0.22577812 0.87446916 0.35473412 -0.47861162 0.8031777 153 166 173 255
0.17535917 -0.22696102 0.87375534 0.35472035 -0.47859925 0.8031912 155 167 175 255
0.17512716 -0.22817375 0.8731352 0.3550368 -0.47888076 0.80288357 138 149 155 255
0.17465153 -0.2293697 0.8726326 0.35472336 -0.4786016 0.80318856 154 166 173 255
0.17395085 -0.23050296 0.87226677 0.35440105 -0.4783146 0.8035018 135 145 151 255
0.17305188 -0.23152998 0.87205184 0.35471714 -0.47859576 0.8031947 144 157 164 255
0.17198917 -0.23241127 0.87199605 0.35440123 -0.47831443 0.8035018 148 161 169 255
0.1708036 -0.23311293 0.87210155 0.3547237 -0.4786013 0.8031886 150 165 175 255
0.16954072 -0.2336082 0.87236416 0.3550373 -0.47888032 0.8028836 134 145 150 255
0.168249 -0.23387772 0.872774 0.354721 -0.47859862 0.80319136 154 169 180 255
0.1669781 -0.23391135 0.8733152 0.35473493 -0.4786109 0.8031779 154 168 176 255
0.165777 -0.23370759 0.8739671 0.35458356 -0.47847605 0.803325 154 167 175 255
0.1646917 -0.23327461 0.8747045 0.35472256 -0.4785998 0.80319 153 167 177 255
0.16376393 -0.2326288 0.875499 0.3546433 -0.47852919 0.80326706 152 165 174 255
0.16302939 -0.23179506 0.87632024 0.35479656 -0.4786656 0.8031181 153 167 176 255
0.16251631 -0.23080537 0.8771365 0.35478002 -0.47865096 0.80313414 157 171 180 255
0.1622442 -0.22969788 0.87791663 0.35470796 -0.47858688 0.8032042 129 140 146 255
0.16222388 -0.22851498 0.87863046 0.35472172 -0.47859925 0.8031907 133 145 153 255
0.16245589 -0.22730225 0.87925065 0.35440516 -0.47831765 0.8034981 167 180 188 255
0.16293153 -0.2261063 0.87975323 0.35471877 -0.47859693 0.80319333 154 169 178 255
0.16363221 -0.22497304 0.8801191 0.3550409 -0.47888383 0.8028799 116 125 128 255
0.037715822 -0.10206607 0.94012064 -0.5489481 0.46583855 0.69401026 193 193 193 255
0.04849592 -0.11497134 0.95297396 -0.33181632 0.21063502 0.9195274 180 180 180 255
0.07540795 -0.092653364 0.9543872 -0.2030362 0.3174334 0.9262896 175 175 175 255
0.06551865 -0.07900953 0.94158053 -0.39965513 0.58964795 0.7018482 192 192 192 255
0.105432004 -0.07488339 0.95171607 -0.059361503 0.40246764 0.9135076 178 178 178 255
0.09653637 -0.060651407 0.93882096 -0.23309581 0.6882273 0.6870296 192 192 192 255
0.1374143 -0.062344283 0.94506305 0.09368307 0.4624715 0.88167095 177 177 177 255
0.12957692 -0.04769744 0.9319479 -0.05567621 0.7577867 0.6501225 193 193 193 255
0.17012557 -0.055517986 0.9346841 0.2502149 0.4951378 0.83200425 179 179 179 255
0.16337088 -0.040645227 0.92122537 0.12578782 0.7956558 0.5925447 192 192 192 255
0.20230883 -0.05466689 0.92097783 0.4042221 0.49920997 0.7664163 187 187 187 255
0.19661936 -0.039765894 0.90706545 0.30432504 0.80037665 0.5165108 194 194 194 255
0.23272744 -0.059823558 0.90447104 0.54978466 0.47453383 0.6874259 190 190 190 255
0.2280445 -0.045093194 0.8900125 0.473074 0.77176946 0.42493853 199 199 199 255
0.26021218 -0.0707899 0.88579816 0.6813072 0.42205605 0.59807116 203 203 203 255
0.2564389 -0.056422487 0.8707216 0.6255441 0.71093464 0.32135084 202 202 202 255
0.28370696 -0.08714445 0.8656767 0.79373616 0.34379596 0.5017841 209 209 209 255
0.28071135 -0.07331824 0.8499342 0.7558817 0.6202068 0.2097292 208 208 208 255
0.30230892 -0.10825865 0.84488 0.8827506 0.24275923 0.4022676 204 204 204 255
0.2999289 -0.09513134 0.82844913 0.8590752 0.50307703 0.09435679 205 205 205 255
0.3153032 -0.1333212 0.8242071 0.9449326 0.12282649 0.30334133 189 189 189 255
0.31335324 -0.12102335 0.8070921 0.9311606 0.36404234 -0.0203238 200 200 200 255
0.3221904 -0.16136904 0.80445254 0.97789013 -0.011390777 0.20880857 178 178 178 255
0.3204683 -0.14999928 0.7866838 0.96936685 0.20844768 -0.12991278 194 194 194 255
0.32270584 -0.19132406 0.7863755 0.98035663 -0.15473434 0.12230371 164 164 164 255
0.32100075 -0.18094578 0.76800853 0.97222567 0.042273574 -0.23019612 189 189 189 255
0.31682962 -0.22203527 0.77067065 0.9522373 -0.30169642 0.047153205 161 161 161 255
0.31493014 -0.2126735 0.75178385 0.93962806 -0.12809807 -0.31731674 185 185 185 255
0.3047877 -0.25232252 0.7579416 0.894613 -0.44662973 -0.013759006 153 153 153 255
0.30248973 -0.24396291 0.7386336 0.8728256 -0.2961163 -0.38793108 183 183 183 255
0.2870428 -0.2810217 0.7486774 0.8096985 -0.5839637 -0.058091316 141 141 141 255
0.2841575 -0.27361193 0.72906274 0.7743859 -0.4553244 -0.43932447 179 179 179 255
0.26427686 -0.30703 0.7432341 0.7007573 -0.70842063 -0.08413792 139 139 139 255
0.26063818 -0.30048105 0.7234393 0.64809287 -0.5996059 -0.4695193 178 178 178 255
0.23736484 -0.32934797 0.7418209 0.57197595 -0.8152179 -0.090901904 137 137 137 255
0.2328354 -0.32353762 0.7219793 0.4987978 -0.7234135 -0.47736108 177 177 177 255
0.20734078 -0.34711793 0.74449205 0.4283021 -0.9002525 -0.078119166 134 134 134 255
0.20181766 -0.34189573 0.7247389 0.3322393 -0.82199275 -0.46254182 176 176 176 255
0.17535849 -0.35965705 0.751145 0.2752576 -0.9602557 -0.04628297 137 137 137 255
0.16877712 -0.35484976 0.73161197 0.15481815 -0.8915526 -0.42563513 176 176 176 255
0.14264724 -0.36648333 0.76152396 0.11872462 -0.9929215 0.0033823315 134 134 134 255
0.13498315 -0.3619019 0.74233454 -0.02664806 -0.9294204 -0.3680592 177 177 177 255
0.11046398 -0.36733443 0.77523017 -0.03528161 -0.9969945 0.06897143 136 136 136 255
0.10173467 -0.36278123 0.75649434 -0.20518266 -0.9341428 -0.29202273 178 178 178 255
0.08004537 -0.36217776 0.791737 -0.18084423 -0.97231805 0.14796242 142 142 142 255
0.07030952 -0.35745394 0.7735474 -0.3739303 -0.90553606 -0.20045072 177 177 177 255
0.052560613 -0.35121143 0.8104099 -0.31236735 -0.9198406 0.23731811 146 146 146 255
0.041915134 -0.34612465 0.7928383 -0.52640206 -0.84470004 -0.09686345 181 181 181 255
0.029065847 -0.33485687 0.83053136 -0.42479512 -0.84158045 0.33360368 153 153 153 255
0.017642692 -0.32922894 0.8136257 -0.6567376 -0.7539746 0.014761381 183 183 183 255
0.010463893 -0.31374267 0.8513281 -0.513811 -0.7405428 0.433122 164 164 164 255
-0.001574859 -0.30741578 0.8351107 -0.7599332 -0.6368421 0.13012992 190 190 190 255
-0.002530396 -0.28868014 0.87200093 -0.5759928 -0.62061125 0.53204685 171 171 171 255
-0.014999211 -0.28152376 0.85646784 -0.83201766 -0.4978088 0.24481171 192 192 192 255
-0.009417579 -0.26063228 0.8917555 -0.6089497 -0.48639375 0.62657905 184 184 184 255
-0.022114277 -0.25254786 0.876876 -0.8702242 -0.34221378 0.35440016 198 198 198 255
-0.00993301 -0.23067726 0.90983254 -0.61141676 -0.3430495 0.71308243 195 195 195 255
-0.022646725 -0.22160135 0.8955514 -0.87308407 -0.1760371 0.45468137 198 198 198 255
-0.004056841 -0.19996604 0.92553735 -0.5832969 -0.19608824 0.7882347 201 201 201 255
-0.016576082 -0.18987368 0.91177595 -0.84048533 -0.0056671486 0.54180443 207 207 207 255
0.007985085 -0.16967879 0.9382665 -0.52567255 -0.051154837 0.8491475 199 199 199 255
-0.004135698 -0.15858422 0.9249263 -0.7736833 0.16234916 0.61241883 206 206 206 255
0.025730014 -0.14097962 0.9475307 -0.44075802 0.0861797 0.89347935 183 183 183 255
0.014196515 -0.12893522 0.9344971 -0.67524314 0.32155958 0.6638119 196 196 196 255
-0.2585799 0.30302206 0.23173988 -0.53558886 0.6303076 -0.56201154 200 200 200 255
-0.23366603 0.32368296 0.23304817 -0.4854347 0.6719005 -0.5593773 209 209 209 255
-0.2058714 0.34013355 0.2305754 -0.42948133 0.70501745 -0.56435466 194 194 194 255
-0.17626381 0.35174146 0.22441636 -0.36987692 0.7283855 -0.5767544 178 178 178 255
-0.1459813 0.3580609 0.21480797 -0.3089153 0.74110705 -0.596097 170 170 170 255
-0.116187565 0.35884884 0.2021194 -0.24893808 0.7426931 -0.62164044 162 162 162 255
-0.08802754 0.35407516 0.1868383 -0.19224761 0.7330841 -0.6524022 147 147 147 255
-0.06258364 0.34392303 0.1695519 -0.1410266 0.71264577 -0.6872027 149 149 149 255
-0.04083328 0.3287828 0.15092443 -0.09724077 0.6821671 -0.7247016 145 145 145 255
-0.023612484 0.30923626 0.1316718 -0.06257382 0.6428178 -0.763459 144 144 144 255
-0.011583015 0.2860347 0.11253396 -0.038356043 0.59611034 -0.80198586 138 138 138 255
-0.005207345 0.26006943 0.09424621 -0.02552195 0.5438391 -0.8388013 143 143 143 255
-0.0047302097 0.23233852 0.077511385 -0.024561848 0.4880137 -0.87249035 150 150 150 255
-0.010170057 0.20390753 0.062972605 -0.03551227 0.43077958 -0.9017582 149 149 149 255
-0.021317758 0.17586917 0.05118859 -0.057953123 0.37433457 -0.92548096 163 163 163 255
-0.037745103 0.14930098 0.042612314 -0.0910243 0.3208499 -0.94274586 173 173 173 255
-0.058820687 0.12522373 0.03757316 -0.13345169 0.2723801 -0.95289016 185 185 185 255
-0.083734594 0.10456284 0.03626488 -0.18360576 0.23078756 -0.9555239 203 203 203 255
-0.111529246 0.08811228 0.038737673 -0.23955946 0.19766967 -0.95054615 212 212 212 255
-0.14113681 0.07650433 0.04489669 -0.29916346 0.1743022 -0.9381471 194 194 194 255
-0.17141934 0.070184916 0.054505095 -0.36012495 0.16158104 -0.91880447 179 179 179 255
-0.20121306 0.06939694 0.06719366 -0.42010298 0.15999445 -0.8932611 168 168 168 255
-0.22937307 0.07417065 0.08247475 -0.4767926 0.16960391 -0.86249834 159 159 159 255
-0.25481698 0.08432276 0.09976116 -0.528014 0.19004212 -0.8276987 151 151 151 255
-0.27656734 0.09946298 0.11838862 -0.57179964 0.22052087 -0.79019976 152 152 152 255
-0.29378814 0.11900955 0.13764125 -0.6064668 0.2598702 -0.75144225 148 148 148 255
-0.3058176 0.1422111 0.1567791 -0.6306843 0.30657673 -0.7129151 145 145 145 255
-0.31219327 0.16817635 0.17506686 -0.6435186 0.35884893 -0.6760999 147 147 147 255
-0.3126704 0.19590731 0.19180167 -0.6444794 0.41467357 -0.64241123 155 155 155 255
-0.30723056 0.22433826 0.20634043 -0.63352853 0.47190785 -0.61314327 155 155 155 255
-0.29608288 0.25237668 0.21812448 -0.6110873 0.52835286 -0.58941966 167 167 167 255
-0.27965552 0.27894482 0.22670074 -0.57801616 0.58183813 -0.5721553 183 183 183 255
-0.24212009 0.28881317 0.21262982 -0.6811862 0.71946096 -0.1355037 201 201 201 255
-0.2215517 0.30587023 0.21370982 -0.5727477 0.80938876 -0.12980708 215 215 215 255
-0.19860493 0.3194515 0.21166834 -0.45177597 0.88098705 -0.14057064 200 200 200 255
-0.17416158 0.3290349 0.20658366 -0.32290715 0.93151283 -0.16737638 191 191 191 255
-0.14916104 0.33425212 0.19865122 -0.19110203 0.9590184 -0.20919769 174 174 174 255
-0.12456404 0.33490258 0.1881758 -0.06142362 0.96244836 -0.2644245 168 168 168 255
-0.1013158 0.3309614 0.17556003 0.061143104 0.9416701 -0.3309363 161 161 161 255
-0.08030975 0.32257998 0.16128866 0.1718868 0.89748466 -0.40617278 152 152 152 255
-0.062353104 0.31008068 0.14591031 0.26655325 0.83158666 -0.48725057 152 152 152 255
-0.048136145 0.29394346 0.1300158 0.34150946 0.74651104 -0.5710451 151 151 151 255
-0.03820482 0.27478868 0.11421591 0.3938651 0.6455277 -0.6543425 150 150 150 255
-0.03294106 0.25335234 0.099117935 0.42161667 0.5325137 -0.7339405 152 152 152 255
-0.032547086 0.23045833 0.085302025 0.42369327 0.41181406 -0.8067795 157 157 157 255
-0.037038162 0.20698637 0.07329918 0.40001652 0.2880679 -0.8700596 166 166 166 255
-0.046241574 0.18383852 0.0635706 0.35149494 0.1660311 -0.9213495 171 171 171 255
-0.05980372 0.1619043 0.056490187 0.27999824 0.05039405 -0.95867693 178 178 178 255
-0.07720312 0.14202665 0.052329913 0.18826447 -0.0544005 -0.98061055 193 193 193 255
-0.0977715 0.1249696 0.051249903 0.079829395 -0.14432885 -0.98630446 203 203 203 255
-0.12071828 0.11138829 0.053291388 -0.041146535 -0.21592763 -0.975542 209 209 209 255
-0.14516161 0.10180492 0.05837607 -0.17001313 -0.26645252 -0.9487353 196 196 196 255
-0.17016217 0.0965877 0.06630851 -0.30181807 -0.2939579 -0.9069149 186 186 186 255
-0.19475919 0.09593724 0.07678394 -0.43149635 -0.29738823 -0.8516872 176 176 176 255
-0.21800745 0.0998784 0.08939971 -0.5540624 -0.27660778 -0.78517705 172 172 172 255
-0.23901348 0.10825983 0.103671074 -0.66480565 -0.23242448 -0.7099383 166 166 166 255
-0.2569701 0.120759115 0.11904943 -0.75947374 -0.16652563 -0.62886316 161 161 161 255
-0.27118707 0.13689636 0.13494393 -0.8344277 -0.08145136 -0.54506516 157 157 157 255
-0.28111842 0.15605114 0.15074383 -0.8867848 0.019533822 -0.46176937 156 156 156 255
-0.28638217 0.17748746 0.1658418 -0.9145361 0.13254689 -0.3821714 153 153 153 255
-0.28677613 0.20038149 0.17965771 -0.9166129 0.2532462 -0.30933332 161 161 161 255
-0.28228503 0.22385344 0.19166055 -0.89293635 0.37699163 -0.24605274 161 161 161 255
-0.27308163 0.2470013 0.20138913 -0.84441495 0.49902958 -0.1947634 174 174 174 255
-0.2595195 0.26893553 0.20846954 -0.77291685 0.61466604 -0.1574333 188 188 188 255
-0.24830814 0.29716223 0.19861832 -0.68320185 0.7197799 -0.123093344 203 203 203 255
-0.22773975 0.3142193 0.1996983 -0.57345575 0.81079066 -0.117332496 206 206 206 255
-0.20479298 0.3278006 0.19765684 -0.45101953 0.88325524 -0.12822497 204 204 204 255
-0.18034963 0.337384 0.19257215 -0.3205993 0.93438786 -0.15535551 189 189 189 255
-0.15534909 0.34260118 0.18463972 -0.18720365 0.9622252 -0.19768022 178 178 178 255
-0.13075209 0.34325165 0.1741643 -0.05596154 0.96569574 -0.25357467 174 174 174 255
-0.10750384 0.33931047 0.16154853 0.068083495 0.9446668 -0.320888 163 163 163 255
-0.08649779 0.33092907 0.14727715 0.18016289 0.89994675 -0.39703548 157 157 157 255
-0.06854115 0.31842977 0.13189879 0.27597523 0.833254 -0.4790881 154 154 154 255
-0.054324187 0.30229253 0.11600429 0.35183012 0.74715066 -0.5638984 155 155 155 255
-0.04439286 0.28313774 0.1002044 0.40482116 0.64494807 -0.64819896 154 154 154 255
-0.0391291 0.26170143 0.085106425 0.4329062 0.5305715 -0.7287566 157 157 157 255
-0.03873513 0.23880741 0.071290515 0.43500865 0.40841436 -0.8024744 157 157 157 255
-0.043226205 0.21533546 0.05928766 0.41104525 0.28317502 -0.8665182 170 170 170 255
-0.052429616 0.19218758 0.049559087 0.36193863 0.15966523 -0.91842663 169 169 169 255
-0.06599176 0.17025337 0.042478673 0.28957522 0.042633865 -0.95620525 180 180 180 255
-0.08339116 0.15037572 0.0383184 0.1967391 -0.063428 -0.97840214 191 191 191 255
-0.103959545 0.13331866 0.03723839 0.08699076 -0.15443835 -0.9841653 200 200 200 255
-0.12690632 0.11973736 0.039279874 -0.035442732 -0.22690235 -0.9732723 213 213 213 255
-0.15134965 0.11015399 0.044364557 -0.16586469 -0.27803618 -0.9461421 199 199 199 255
-0.1763502 0.10493678 0.052296996 -0.29926077 -0.3058739 -0.9038164 184 184 184 255
-0.20094723 0.10428631 0.06277242 -0.43050376 -0.30934379 -0.84792274 177 177 177 255
-0.22419548 0.10822748 0.07538819 -0.5545503 -0.28831664 -0.78060716 170 170 170 255
-0.24520153 0.1166089 0.089659564 -0.66662854 -0.24359423 -0.70446306 162 162 162 255
-0.26315817 0.12910819 0.10503792 -0.76243937 -0.17690244 -0.6224081 160 160 160 255
-0.27737513 0.14524543 0.12093242 -0.83829665 -0.09079808 -0.5376007 160 160 160 255
-0.28730646 0.16440022 0.13673231 -0.8912858 0.011402604 -0.4532986 159 159 159 255
-0.2925702 0.18583654 0.15183029 -0.91937137 0.1257809 -0.37274057 161 161 161 255
-0.29296416 0.20873056 0.1656462 -0.9214732 0.24793734 -0.29902196 163 163 163 255
-0.28847307 0.23220252 0.17764905 -0.8975097 0.3731774 -0.2349788 170 170 170 255
-0.27926967 0.25535038 0.18737763 -0.8484025 0.49668765 -0.18306975 181 181 181 255
-0.26570752 0.2772846 0.19445802 -0.77603996 0.6137198 -0.14529268 192 192 192 255
-0.21166784 0.26331696 0.17033456 -0.3547221 0.4786002 -0.80318993 209 209 209 255
-0.19974135 0.27320755 0.17096087 -0.35472187 0.47860044 -0.80318993 209 209 209 255
-0.18643571 0.28108248 0.16977704 -0.3547216 0.47860065 -0.8031898 204 204 204 255
-0.17226225 0.28663948 0.16682874 -0.35472122 0.47860068 -0.80319 194 194 194 255
-0.1577658 0.2896646 0.1622291 -0.35472092 0.47860083 -0.8031901 188 188 188 255
-0.14350308 0.29004183 0.15615492 -0.3547206 0.47860077 -0.80319023 186 186 186 255
-0.13002269 0.2877566 0.14883971 -0.35472044 0.47860086 -0.80319023 173 173 173 255
-0.11784226 0.2828967 0.14056449 -0.35471985 0.4786005 -0.8031907 181 181 181 255
-0.107430205 0.27564892 0.13164735 -0.35471976 0.4786005 -0.80319077 182 182 182 255
-0.099186406 0.26629183 0.122430936 -0.35472 0.47860065 -0.8031905 175 175 175 255
-0.09342782 0.25518486 0.113269374 -0.3547194 0.47859997 -0.80319124 175 175 175 255
-0.09037566 0.24275509 0.10451487 -0.35471943 0.4785998 -0.8031914 172 172 172 255
-0.09014733 0.22947988 0.09650369 -0.35471946 0.4785995 -0.8031915 182 182 182 255
-0.092751384 0.21586978 0.08954388 -0.35471946 0.47859916 -0.8031917 178 178 178 255
-0.09808804 0.20244746 0.08390276 -0.3547195 0.47859877 -0.80319196 184 184 184 255
-0.10595186 0.18972899 0.07979715 -0.35471973 0.47859854 -0.80319196 195 195 195 255
-0.11604096 0.178203 0.077384874 -0.35471997 0.4785983 -0.80319196 199 199 199 255
-0.12796757 0.16831233 0.07675856 -0.35472023 0.4785981 -0.80319196 203 203 203 255
-0.14127319 0.16043738 0.077942386 -0.3547206 0.47859794 -0.8031919 212 212 212 255
-0.15544668 0.15488039 0.08089072 -0.35472083 0.47859773 -0.8031919 205 205 205 255
-0.16994314 0.15185528 0.08549033 -0.35472122 0.47859773 -0.80319184 200 200 200 255
-0.18420571 0.15147813 0.09156452 -0.35472164 0.47859785 -0.8031915 195 195 195 255
-0.19768623 0.15376328 0.09887971 -0.35472172 0.4785977 -0.8031916 188 188 188 255
-0.20986652 0.15862328 0.107154965 -0.35472205 0.47859785 -0.80319136 185 185 185 255
-0.2202786 0.16587107 0.1160721 -0.35472205 0.47859773 -0.8031914 182 182 182 255
-0.22852238 0.17522815 0.12528852 -0.35472232 0.4785981 -0.8031911 183 183 183 255
-0.2342811 0.18633501 0.13445005 -0.35472232 0.47859827 -0.803191 180 180 180 255
-0.23733312 0.19876488 0.14320457 -0.35472253 0.47859865 -0.8031907 187 187 187 255
-0.23756161 0.21203998 0.15121575 -0.35472265 0.478599 -0.8031904 184 184 184 255
-0.23495755 0.22565009 0.15817559 -0.35472268 0.4785994 -0.8031902 187 187 187 255
-0.22962086 0.23907238 0.16381666 -0.35472244 0.4785996 -0.8031902 196 196 196 255
-0.22175705 0.25179088 0.16792229 -0.35472235 0.47859997 -0.80319 201 201 201 255
-0.16978386 0.22603758 0.12962317 -0.3547006 0.47858104 -0.80321085 210 210 210 255
-0.16830494 0.22726405 0.12970084 -0.35472116 0.47859934 -0.8031909 211 211 211 255
-0.16665483 0.2282407 0.12955405 -0.35471004 0.47858945 -0.8032017 209 209 209 255
-0.16489707 0.22892976 0.12918834 -0.35473213 0.47860914 -0.80318016 210 210 210 255
-0.16309944 0.22930497 0.12861802 -0.35472035 0.47859865 -0.8031916 207 207 207 255
-0.1613306 0.22935168 0.12786466 -0.35472116 0.47859937 -0.8031909 204 204 204 255
-0.15965891 0.22906826 0.1269575 -0.3547313 0.47860837 -0.80318105 205 205 205 255
-0.15814847 0.22846562 0.12593132 -0.35472578 0.47860345 -0.80318636 206 206 206 255
-0.15685722 0.22756678 0.12482548 -0.35472104 0.47859925 -0.80319095 203 203 203 255
-0.15583485 0.22640637 0.12368251 -0.354714 0.47859296 -0.8031978 205 205 205 255
-0.15512079 0.22502905 0.12254643 -0.35471007 0.4785895 -0.8032016 206 206 206 255
-0.15474226 0.22348763 0.12146077 -0.35472092 0.47859913 -0.803191 202 202 202 255
-0.15471396 0.22184137 0.12046729 -0.35472172 0.47859985 -0.8031903 205 205 205 255
-0.15503687 0.22015354 0.119604185 -0.35470995 0.47858936 -0.80320174 206 206 206 255
-0.15569858 0.21848896 0.118904546 -0.3547416 0.47861758 -0.8031709 207 207 207 255
-0.15667386 0.21691167 0.1183954 -0.35472134 0.47859955 -0.80319065 207 207 207 255
-0.15792495 0.2154824 0.11809628 -0.35474148 0.47861746 -0.80317104 206 206 206 255
-0.159404 0.21425581 0.11801859 -0.35472128 0.47859946 -0.8031907 208 208 208 255
-0.16105409 0.21327916 0.11816539 -0.35473084 0.47860798 -0.8031814 209 209 209 255
-0.16281185 0.2125901 0.11853109 -0.35471043 0.47858986 -0.80320126 210 210 210 255
-0.16460958 0.21221498 0.11910151 -0.35472122 0.4785994 -0.80319077 211 211 211 255
-0.16637832 0.21216819 0.11985478 -0.35472146 0.4785996 -0.8031905 213 213 213 255
-0.16805002 0.2124516 0.120761946 -0.35472122 0.47859937 -0.80319077 211 211 211 255
-0.16956045 0.21305424 0.121788114 -0.35472265 0.47860068 -0.80318934 213 213 213 255
-0.17085171 0.21395308 0.12289397 -0.354725 0.47860277 -0.80318713 214 214 214 255
-0.17187405 0.21511349 0.12403694 -0.35472292 0.4786009 -0.8031891 210 210 210 255
-0.17258814 0.21649082 0.12517302 -0.35473084 0.47860798 -0.8031814 213 213 213 255
-0.17296666 0.21803224 0.12625867 -0.35472065 0.4785989 -0.80319136 214 214 214 255
-0.17299506 0.21967858 0.12725224 -0.3547209 0.4785991 -0.8031911 212 212 212 255
-0.17267205 0.22136632 0.12811525 -0.35473165 0.4786087 -0.80318063 210 210 210 255
-0.17201033 0.2230309 0.12881489 -0.35472152 0.4785997 -0.80319047 210 210 210 255
-0.17103507 0.22460818 0.12932402 -0.3547208 0.47859904 -0.8031912 210 210 210 255
-0.26406044 0.3064484 0.2472986 -0.69569725 0.7180463 -0.020369096 196 196 196 255
-0.2617304 0.30195493 0.26208764 -0.65239435 0.6060811 0.45502454 187 191 204 255
-0.23392758 0.3250115 0.2635476 -0.5034647 0.7295868 0.46284592 210 210 210 255
-0.2369909 0.32889694 0.24872005 -0.57585394 0.81743133 -0.014074919 210 210 210 255
-0.20290986 0.3433696 0.260788 -0.33731744 0.8279224 0.448064 202 202 202 255
-0.20679125 0.34677088 0.24603328 -0.44215104 0.8965646 -0.02596838 191 191 191 255
-0.1698693 0.3563236 0.25391492 -0.1603322 0.8973126 0.4112465 194 194 194 255
-0.17462192 0.35938323 0.2393414 -0.29972953 0.9524027 -0.055598423 185 185 185 255
-0.13607538 0.36337578 0.24319237 0.020688405 0.93508756 0.3538123 189 189 189 255
-0.14171927 0.36624947 0.22890167 -0.15406057 0.98280144 -0.10181673 168 168 168 255
-0.10282686 0.36425513 0.22903249 0.19878507 0.939799 0.2779609 183 183 183 255
-0.10934767 0.3671056 0.21511522 -0.010742946 0.9865916 -0.1628541 158 158 158 255
-0.07140173 0.35892782 0.21197951 0.36711824 0.911262 0.18661666 180 180 180 255
-0.07875118 0.3619188 0.19851193 0.12471681 0.9636285 -0.23635972 149 149 149 255
-0.04300733 0.34759852 0.1926886 0.5192147 0.85057616 0.08328378 178 178 178 255
-0.051105633 0.35088828 0.17972977 0.24711141 0.9147935 -0.3195134 145 145 145 255
-0.018734887 0.33070278 0.17190121 0.64923215 0.76007235 -0.028065037 177 177 177 255
-0.02747336 0.3344381 0.15949062 0.351737 0.84196407 -0.4091179 143 143 143 255
0.0004826635 0.3088897 0.15041617 0.75217247 0.6432293 -0.14315228 177 177 177 255
-0.008762598 0.3132003 0.1385722 0.43457574 0.7479388 -0.50172853 140 140 140 255
0.013907 0.28299767 0.1290591 0.8240808 0.5045371 -0.25755212 175 175 175 255
0.0043076873 0.28799117 0.117778406 0.49244118 0.6363312 -0.59378815 141 141 141 255
0.021022081 0.25402176 0.108650856 0.86219287 0.3493247 -0.3668726 177 177 177 255
0.011235096 0.2597793 0.09790832 0.52310896 0.5114294 -0.68176025 139 139 139 255
0.021554507 0.22307524 0.08997554 0.8650463 0.18355668 -0.46690646 178 178 178 255
0.011753537 0.22964899 0.07972553 0.52540505 0.37803474 -0.76225924 142 142 142 255
0.015483893 0.19134754 0.07375091 0.8325275 0.013606632 -0.5538165 180 180 180 255
0.0058429763 0.19875807 0.06392883 0.49923676 0.2412731 -0.8321958 152 152 152 255
0.0030435026 0.1600581 0.06060057 0.76589 -0.15400001 -0.6242566 186 186 186 255
-0.0062693283 0.16829368 0.05112522 0.4456139 0.10639745 -0.88888 165 165 165 255
-0.015288703 0.13040909 0.05102977 0.6676927 -0.31281725 -0.67552346 190 190 190 255
-0.024118043 0.13942665 0.04180685 0.3665923 -0.021404509 -0.9301354 170 170 170 255
-0.03880804 0.10353995 0.04540628 0.541709 -0.45674327 -0.7056465 197 197 197 255
-0.04701712 0.113266155 0.03633168 0.2652115 -0.13722315 -0.9543755 183 183 183 255
-0.06661084 0.08048339 0.043946333 0.39278144 -0.5802484 -0.7134665 202 202 202 255
-0.074086666 0.090817645 0.034910224 0.14536814 -0.23660922 -0.96066856 202 202 202 255
-0.09762856 0.062125273 0.0467059 0.22663298 -0.6785846 -0.69868475 207 207 207 255
-0.10428632 0.072943695 0.037597 0.011666377 -0.3157425 -0.94877315 204 204 204 255
-0.13066912 0.049171284 0.053578995 0.0496467 -0.74797314 -0.6618696 202 202 202 255
-0.13645564 0.06033134 0.044288896 -0.13075742 -0.3715793 -0.919147 194 194 194 255
-0.16446307 0.042119116 0.06430155 -0.13137236 -0.7857501 -0.60443205 193 193 193 255
-0.16935831 0.053465113 0.054728627 -0.2764256 -0.40197846 -0.87292737 174 174 174 255
-0.19771157 0.04123976 0.07846142 -0.30947 -0.79045904 -0.52858555 190 190 190 255
-0.2017299 0.052609 0.06851507 -0.41974285 -0.4057679 -0.81189185 170 170 170 255
-0.2291367 0.046567075 0.09551442 -0.47780213 -0.76192397 -0.437238 184 184 184 255
-0.23232642 0.05779578 0.08511837 -0.5552023 -0.38280594 -0.73838335 156 156 156 255
-0.2575311 0.05789637 0.114805326 -0.6298994 -0.70123774 -0.33390477 180 180 180 255
-0.25997192 0.06882629 0.10390051 -0.6775966 -0.33397147 -0.65522957 146 146 146 255
-0.28180355 0.07479211 0.1355927 -0.7599161 -0.61073405 -0.22255626 178 178 178 255
-0.2836042 0.085276455 0.12413965 -0.7822228 -0.26114166 -0.5656258 138 138 138 255
-0.3010211 0.09660522 0.15707776 -0.8628568 -0.49389136 -0.10746874 178 178 178 255
-0.30231497 0.10651426 0.14505808 -0.86506057 -0.1671163 -0.47301415 143 143 143 255
-0.31444544 0.12249723 0.17843482 -0.93476504 -0.35519907 0.0069313827 177 177 177 255
-0.31538528 0.1317234 0.16585189 -0.9229261 -0.055508856 -0.3809541 135 135 135 255
-0.3215605 0.15147313 0.19884306 -0.9728783 -0.19998462 0.11624914 179 179 179 255
-0.32231265 0.15993528 0.18572196 -0.9535953 0.06939395 -0.29298538 145 145 145 255
-0.32209295 0.18241966 0.21751839 -0.97573 -0.03421885 0.21628664 140 152 183 255
-0.32283112 0.19006559 0.20390476 -0.9558906 0.20278905 -0.21248473 144 144 144 255
-0.31602234 0.21414734 0.23374301 -0.94321287 0.1357325 0.30319312 142 153 184 255
-0.31692055 0.22095649 0.21970145 -0.92972285 0.33955133 -0.1425494 155 155 155 255
-0.30358192 0.24543679 0.24689333 -0.87657404 0.30333787 0.37363625 151 161 190 255
-0.30480826 0.2514209 0.23250505 -0.87609905 0.47442392 -0.085861854 163 163 163 255
-0.2852497 0.2750858 0.25646415 -0.7783764 0.46215543 0.42490283 163 173 200 255
-0.28695953 0.28028795 0.24182343 -0.7970776 0.60222703 -0.044607814 182 182 182 255
-0.19657674 0.1093632 0.07193315 -0.10875582 0.9257054 -0.36227292 184 184 184 255
-0.17364427 0.109969765 0.062166695 -0.22473025 0.9211669 -0.31772313 191 191 191 255
-0.0731313 0.30901444 0.13638137 -0.72436786 -0.068512164 -0.6860009 161 161 161 255
-0.089872666 0.32066798 0.15071906 -0.64199096 -0.13078326 -0.7554756 161 161 161 255
-0.21825162 0.113037735 0.08369518 0.0022702229 0.9088048 -0.41721538 175 175 175 255
-0.059876315 0.29396933 0.121562496 -0.788682 0.009619275 -0.6147262 154 154 154 255
-0.23783612 0.120851725 0.097000636 0.103998646 0.8707689 -0.4805683 163 163 163 255
-0.05061719 0.2761109 0.10683194 -0.8328554 0.10047885 -0.54429394 157 157 157 255
-0.25457752 0.1325053 0.111338325 0.1922657 0.81272084 -0.550017 164 164 164 255
-0.045709684 0.25612524 0.0927557 -0.85556746 0.20059791 -0.47724706 160 160 160 255
-0.2678325 0.14755037 0.1261572 0.26334044 0.73666 -0.62288344 157 157 157 255
-0.04534252 0.23478046 0.07987479 -0.8562569 0.3062875 -0.41594714 164 164 164 255
-0.2770915 0.16540895 0.14088777 0.31410575 0.64539945 -0.69627357 166 166 166 255
-0.049529627 0.21289703 0.06868425 -0.83510447 0.41375655 -0.36249977 169 169 169 255
-0.2819991 0.18539448 0.154964 0.34226674 0.54247624 -0.7671851 167 167 167 255
-0.058110066 0.19131577 0.05961403 -0.7929817 0.5192241 -0.31872612 173 173 173 255
-0.2215561 0.30508894 0.19959256 0.0315513 -0.073911875 -0.99676555 213 213 213 255
-0.24073246 0.2891863 0.19858566 0.13185363 0.0063134613 -0.9912491 203 203 203 255
-0.28236628 0.20673922 0.1678449 0.34639695 0.43200082 -0.8326971 169 169 169 255
-0.070754394 0.17086591 0.053012766 -0.73139596 0.6190105 -0.28615716 185 185 185 255
-0.2001622 0.3177511 0.19768922 -0.08001942 -0.1363832 -0.98741907 203 203 203 255
-0.27817917 0.22862267 0.17903545 0.32617703 0.31849992 -0.89003724 172 172 172 255
-0.08697633 0.15233363 0.049134143 -0.6524912 0.70960367 -0.26592836 193 193 193 255
-0.17737314 0.32668582 0.19294861 -0.19821195 -0.17867415 -0.9637363 190 190 190 255
-0.26959872 0.25020394 0.18810564 0.28232995 0.20666166 -0.9367928 179 179 179 255
-0.10615271 0.13643077 0.04812712 -0.5589487 0.7877704 -0.25883204 201 201 201 255
-0.15406454 0.33154994 0.185553 -0.31816342 -0.19933505 -0.9268428 179 179 179 255
-0.2569544 0.27065378 0.19470692 0.21663275 0.101150945 -0.9709988 192 192 192 255
-0.1275466 0.123768575 0.050030455 -0.45397708 0.8506261 -0.26521716 207 207 207 255
-0.13113205 0.33215654 0.17578655 -0.43507454 -0.19783759 -0.87839085 171 171 171 255
-0.15033567 0.11483389 0.054771088 -0.34122956 0.8957217 -0.28503513 200 200 200 255
-0.109457076 0.3284821 0.16402453 -0.5443878 -0.17456645 -0.8204684 160 160 160 255
-0.17576276 0.111584924 0.055999 -0.24499504 0.8964782 -0.3691939 184 184 184 255
-0.090937085 0.32493412 0.1456655 -0.63027704 -0.07369632 -0.77286464 159 159 159 255
-0.24369498 0.29305625 0.1941343 0.088244766 0.049342234 -0.9948759 202 202 202 255
-0.1989837 0.11097081 0.06588835 -0.1379302 0.9016599 -0.40985915 178 178 178 255
-0.07398512 0.3131339 0.13114741 -0.70550126 -0.015498473 -0.7085391 157 157 157 255
-0.22093132 0.11469144 0.07779832 -0.03501623 0.88709164 -0.4602633 178 178 178 255
-0.060563333 0.29789957 0.1161421 -0.76390696 0.057028335 -0.64280164 152 152 152 255
-0.24076222 0.12260383 0.09127121 0.05968947 0.8528928 -0.51866263 169 169 169 255
-0.051187746 0.27981636 0.10122619 -0.8037374 0.14094692 -0.5780485 156 156 156 255
-0.25771418 0.13440403 0.10578929 0.14226243 0.79995817 -0.582948 162 162 162 255
-0.046218537 0.2595793 0.08697288 -0.82391006 0.23308183 -0.5165705 159 159 159 255
-0.271136 0.1496384 0.12079461 0.20910484 0.7300109 -0.65066046 160 160 160 255
-0.04584664 0.23796606 0.07392991 -0.8240268 0.33008865 -0.46045762 160 160 160 255
-0.28051156 0.16772161 0.13571054 0.257167 0.64558405 -0.71908724 163 163 163 255
-0.050086416 0.21580724 0.06259853 -0.8043247 0.4285761 -0.41156325 166 166 166 255
-0.28548077 0.18795866 0.14996383 0.28414008 0.5499458 -0.7853815 163 163 163 255
-0.058774896 0.19395441 0.053414207 -0.76561725 0.52518016 -0.37150484 176 176 176 255
-0.22427733 0.30915916 0.195154 -0.0056913183 -0.025225954 -0.99966556 209 209 209 255
-0.28585267 0.2095719 0.1630068 0.2885595 0.44696167 -0.84673417 163 163 163 255
-0.07157819 0.17324728 0.046729844 -0.70926315 0.6166308 -0.3416318 183 183 183 255
-0.2026143 0.32198054 0.19322665 -0.110001676 -0.082946345 -0.99046427 198 198 198 255
-0.28161287 0.23173073 0.17433819 0.27002096 0.34094194 -0.9004706 171 171 171 255
-0.08800434 0.15448174 0.042802427 -0.63715583 0.69980776 -0.3229574 195 195 195 255
-0.17953847 0.33102775 0.1884264 -0.22021529 -0.12159977 -0.96784234 186 186 186 255
-0.2729244 0.25358355 0.18352251 0.22917412 0.23638576 -0.9442463 180 180 180 255
-0.107421964 0.1383788 0.04178272 -0.5516568 0.77180845 -0.31620649 200 200 200 255
-0.15593654 0.33595306 0.1809377 -0.33170033 -0.13992713 -0.9329497 176 176 176 255
-0.2601211 0.27429068 0.19020687 0.16768178 0.13779859 -0.976163 195 195 195 255
-0.12908499 0.12555741 0.043710064 -0.45558572 0.8300197 -0.32172805 209 209 209 255
-0.13271561 0.33656716 0.17104836 -0.43993914 -0.13757557 -0.88742685 172 172 172 255
-0.15216082 0.11651023 0.048510306 -0.3521685 0.8721772 -0.33953553 200 200 200 255
-0.11076798 0.33284652 0.15913841 -0.54071116 -0.11505808 -0.83330244 164 164 164 255
-0.11202356 0.09996639 0.6010673 -0.6044524 0.5380014 0.58753026 177 184 207 255
-0.08422074 0.12302293 0.60252726 -0.45367917 0.6630363 0.59544766 13 15 17 255
-0.079429865 -0.1554215 0.43449405 -0.427698 -0.84696424 -0.31579414 140 160 208 255
-0.10782426 -0.1440922 0.45378497 -0.5816805 -0.7855259 -0.21117994 96 112 142 255
0.1501895 0.106901124 0.4893958 0.81752616 0.57560813 -0.018063039 139 160 214 255
0.16361384 0.08100911 0.46803874 0.8903256 0.43519667 -0.1338815 139 160 214 255
-0.13209671 -0.12719645 0.47457236 -0.7133091 -0.6939002 -0.0984503 141 160 217 255
0.17072892 0.0520332 0.4476305 0.92891085 0.27805915 -0.24455614 140 161 215 255
-0.15131426 -0.10538335 0.4960574 -0.8175263 -0.57560796 0.018063197 140 161 215 255
0.17126137 0.021086685 0.4289552 0.9317983 0.11023733 -0.3458317 140 161 215 255
-0.1647386 -0.07949133 0.51741445 -0.89032537 -0.4351972 0.13388109 140 161 215 255
0.16519074 -0.0106410235 0.41273054 0.89887744 -0.06182085 -0.43381727 140 161 215 255
-0.17185366 -0.050515413 0.5378227 -0.92891085 -0.27805892 0.24455631 140 161 215 255
0.15275034 -0.04193046 0.39958018 0.831413 -0.23150417 -0.50513184 140 161 215 255
-0.13554288 0.073097244 0.5954438 -0.7319974 0.3922911 0.55703443 178 188 210 255
-0.17238611 -0.01956889 0.556498 -0.9317982 -0.11023615 0.34583244 140 161 215 255
0.13441814 -0.07157947 0.3900094 0.7319981 -0.39229023 -0.55703425 140 161 215 255
-0.053203017 0.14138106 0.5997676 -0.28546983 0.7625923 0.5804824 23 23 23 255
-0.16631548 0.012158796 0.5727227 -0.8988773 0.06182149 0.43381757 140 161 215 255
0.1108988 -0.0984486 0.38438594 0.6044526 -0.5380011 -0.5875302 140 161 215 255
-0.020162463 0.15433504 0.59289455 -0.10629007 0.8328421 0.54320943 18 18 16 255
-0.15387508 0.04344824 0.585873 -0.83141273 0.23150475 0.50513214 140 161 215 255
0.083096 -0.121505156 0.38292596 0.45367846 -0.6630369 -0.5954477 140 161 215 255
0.013631493 0.16138723 0.58217204 0.07697287 0.87108576 0.48506156 64 71 94 255
0.052078284 -0.13986328 0.38568556 0.2854704 -0.7625921 -0.58048254 140 161 215 255
0.046879977 0.16226658 0.5680121 0.25727978 0.87585425 0.40827233 142 164 216 255
0.019037724 -0.15281726 0.39255863 0.10628959 -0.8328423 -0.54320925 140 161 215 255
0.07830511 0.15693927 0.5509591 0.42769864 0.84696406 0.31579372 139 160 214 255
-0.014756225 -0.15986943 0.40328118 -0.076973364 -0.8710858 -0.48506138 140 162 215 255
0.10669951 0.14560997 0.53166825 0.58168054 0.78552586 0.21117988 140 161 216 255
-0.048004724 -0.1607488 0.41744107 -0.25727937 -0.8758543 -0.4082725 26 27 23 255
0.13097195 0.12871422 0.5108808 0.71330935 0.6939001 0.098450094 145 165 220 255
-0.03715387 -0.0010498464 0.770594 -0.60445285 0.5380008 0.58753014 178 187 212 255
-0.009351045 0.02200669 0.7720539 -0.45368037 0.6630356 0.5954477 34 32 33 255
-0.0045601726 -0.25643772 0.6040207 -0.42769736 -0.8469644 -0.3157945 39 39 39 255
-0.032954566 -0.24510843 0.62331164 -0.5816802 -0.785526 -0.21118008 45 45 45 255
0.2250592 0.005884886 0.6589225 0.81752586 0.57560843 -0.018062746 142 162 216 255
0.23848353 -0.020007126 0.6375654 0.8903256 0.43519646 -0.13388158 210 209 209 255
-0.057227008 -0.2282127 0.644099 -0.7133088 -0.69390047 -0.09845059 44 44 44 255
0.24559861 -0.048983037 0.61715716 0.9289108 0.27805963 -0.24455583 208 208 208 255
-0.07644456 -0.20639957 0.6655841 -0.8175259 -0.5756084 0.018062785 47 47 47 255
0.24613106 -0.07992955 0.59848183 0.93179834 0.11023838 -0.34583113 208 208 208 255
-0.0898689 -0.18050756 0.68694115 -0.89032525 -0.43519732 0.13388094 36 36 36 255
0.24006043 -0.11165726 0.5822573 0.89887744 -0.06182093 -0.4338173 208 208 208 255
-0.09698397 -0.15153164 0.70734936 -0.9289107 -0.27805987 0.24455567 48 48 48 255
0.22762004 -0.14294669 0.5691069 0.83141285 -0.2315045 -0.505132 208 208 208 255
-0.060673192 -0.027918994 0.7649704 -0.73199797 0.39229035 0.5570343 208 208 208 255
-0.09751642 -0.12058513 0.7260247 -0.9317983 -0.110237196 0.34583184 44 44 44 255
0.20928784 -0.17259571 0.5595361 0.7319979 -0.39229038 -0.5570343 208 208 208 255
0.021666676 0.040364817 0.76929426 -0.28547052 0.762592 0.58048254 32 32 32 255
-0.09144579 -0.08885746 0.7422493 -0.8988772 0.061821815 0.43381774 211 211 211 255
0.18576849 -0.19946483 0.5539126 0.60445285 -0.53800094 -0.58753014 208 208 208 255
0.05470723 0.0533188 0.76242125 -0.10629077 0.8328418 0.54320955 34 34 34 255
-0.079005376 -0.057568 0.75539964 -0.83141273 0.2315045 0.50513196 45 45 45 255
0.15796569 -0.2225214 0.5524526 0.45367894 -0.6630365 -0.5954477 208 208 208 255
0.088501185 0.060370997 0.7516987 0.076971404 0.8710856 0.48506212 35 35 35 255
0.12694798 -0.2408795 0.5552122 0.28547093 -0.7625918 -0.5804826 42 42 42 255
0.12174967 0.061250344 0.7375388 0.25727832 0.87585443 0.40827307 36 36 36 255
0.093907416 -0.25383353 0.5620853 0.10629053 -0.8328419 -0.5432095 44 44 44 255
0.1531748 0.05592303 0.7204858 0.42769837 0.84696406 0.31579384 36 36 36 255
0.06011346 -0.2608857 0.57280785 -0.07697248 -0.87108576 -0.48506173 209 209 209 255
0.1815692 0.044593737 0.70119494 0.58168036 0.7855259 0.21118 37 37 37 255
0.026864976 -0.261765 0.5869677 -0.25727844 -0.87585443 -0.40827298 46 46 46 255
0.20584165 0.02769798 0.6804075 0.71330893 0.69390035 0.09845043 33 37 38 255
0.0002809763 -0.05155793 0.8553572 -0.604453 0.5380007 0.58753014 208 208 208 255
0.028083801 -0.028501391 0.8568171 -0.45367992 0.66303587 0.5954477 208 208 208 255
0.032874674 -0.3069458 0.688784 -0.42769754 -0.8469644 -0.3157944 209 209 209 255
0.0044802874 -0.2956165 0.70807487 -0.58168054 -0.78552586 -0.21117982 209 209 209 255
0.26249403 -0.044623196 0.7436857 0.81752557 0.575609 -0.018062286 208 208 208 255
0.27591836 -0.07051521 0.72232866 0.8903253 0.4351972 -0.133881 208 208 208 255
-0.019792154 -0.2787208 0.7288623 -0.71330917 -0.69390017 -0.098450236 209 209 209 255
0.28303346 -0.09949112 0.7019204 0.92891085 0.27805912 -0.24455614 208 208 208 255
-0.039009705 -0.25690764 0.7503473 -0.81752586 -0.57560855 0.018062677 210 210 210 255
0.28356588 -0.13043764 0.6832451 0.93179834 0.110237785 -0.34583145 208 208 208 255
-0.052434057 -0.23101564 0.77170444 -0.8903252 -0.43519768 0.1338807 209 209 209 255
0.27749527 -0.16216534 0.66702044 0.8988777 -0.06181989 -0.4338168 208 208 208 255
-0.059549123 -0.20203972 0.7921126 -0.92891085 -0.27805907 0.24455616 210 210 210 255
0.26505488 -0.19345477 0.65387017 0.831413 -0.23150413 -0.50513184 208 208 208 255
-0.023238331 -0.07842708 0.8497337 -0.731998 0.3922903 0.55703425 209 209 209 255
-0.06008157 -0.17109321 0.810788 -0.93179834 -0.1102377 0.34583148 209 209 209 255
0.24672268 -0.22310379 0.6442993 0.73199826 -0.39228988 -0.55703413 208 208 208 255
0.059101522 -0.010143265 0.85405755 -0.2854704 0.7625921 0.58048254 208 208 208 255
-0.054010943 -0.13936554 0.82701254 -0.8988778 0.06181985 0.4338168 209 209 209 255
0.22320333 -0.24997291 0.63867587 0.6044531 -0.53800064 -0.58753014 208 208 208 255
0.092142075 0.0028107166 0.8471845 -0.106290966 0.8328418 0.54320955 208 208 208 255
-0.04157053 -0.10807608 0.8401629 -0.831413 0.23150417 0.5051319 209 209 209 255
0.19540055 -0.27302948 0.6372159 0.45367908 -0.66303635 -0.59544766 208 208 208 255
0.125936 0.009862915 0.83646196 0.07697208 0.87108564 0.48506188 40 40 40 255
0.16438283 -0.2913876 0.6399755 0.2854702 -0.76259214 -0.5804825 208 208 208 255
0.15918452 0.010742262 0.82230204 0.2572791 0.8758543 0.40827262 40 40 40 255
0.13134226 -0.3043416 0.64684856 0.10629037 -0.832842 -0.54320943 209 209 209 255
0.19060965 0.005414948 0.8052491 0.42769888 0.846964 0.31579357 41 41 41 255
0.097548306 -0.31139377 0.65757114 -0.076973714 -0.8710858 -0.48506123 209 209 209 255
0.21900405 -0.0059143454 0.7859582 0.58168006 0.78552616 0.21118025 41 41 41 255
0.06429982 -0.3122731 0.67173094 -0.25727898 -0.8758543 -0.40827268 210 210 210 255
0.24327649 -0.022810102 0.7651708 0.7133091 0.6939002 0.0984503 42 42 42 255
-0.18873273 0.2034645 0.42737553 -0.60445285 0.5380009 0.58753014 180 188 213 255
-0.16092992 0.22652103 0.42883545 -0.45367974 0.663036 0.5954477 13 13 13 255
-0.15613905 -0.051923387 0.26080227 -0.42769822 -0.8469642 -0.31579396 58 63 78 255
-0.18453343 -0.040594086 0.2800932 -0.58168054 -0.78552586 -0.21117984 128 145 194 255
0.07348032 0.21039923 0.31570405 0.8175261 0.5756082 -0.018063027 15 15 14 255
0.08690466 0.18450722 0.294347 0.89032567 0.43519646 -0.13388163 49 56 73 255
-0.20880587 -0.023698345 0.30088055 -0.7133091 -0.6939002 -0.0984503 11 9 4 255
0.09401974 0.1555313 0.27393872 0.92891085 0.27805933 -0.24455601 137 160 213 255
-0.22802342 -0.0018852353 0.32236564 -0.8175261 -0.5756082 0.018063007 130 149 189 255
0.09455219 0.12458479 0.25526342 0.9317983 0.110237196 -0.34583184 137 160 213 255
-0.24144778 0.024006769 0.3437227 -0.89032525 -0.4351972 0.13388102 36 41 53 255
0.08848156 0.09285708 0.23903878 0.89887756 -0.061820615 -0.43381718 139 160 214 255
-0.24856284 0.052982688 0.3641309 -0.92891085 -0.27805918 0.24455613 138 160 213 255
0.07604118 0.06156764 0.22588845 0.8314127 -0.23150481 -0.50513214 139 160 214 255
-0.21225205 0.17659535 0.42175204 -0.7319977 0.39229068 0.5570344 139 160 214 255
-0.24909528 0.08392921 0.38280624 -0.9317982 -0.110236205 0.34583238 139 160 214 255
0.05770897 0.03191863 0.21631765 0.7319979 -0.39229035 -0.5570343 139 160 214 255
-0.12991218 0.24487916 0.42607588 -0.2854706 0.762592 0.58048254 13 13 13 255
-0.24302465 0.11565689 0.39903086 -0.8988773 0.06182149 0.43381757 139 160 214 255
0.034189634 0.0050495006 0.21069415 0.60445255 -0.5380012 -0.58753014 139 160 214 255
-0.096871644 0.25783312 0.4192028 -0.10629174 0.8328416 0.54320985 210 210 210 255
-0.23058425 0.14694634 0.4121812 -0.83141273 0.23150457 0.50513196 139 160 214 255
0.0063868314 -0.018007055 0.20923421 0.4536784 -0.6630369 -0.59544766 139 160 214 255
-0.06307769 0.26488534 0.40848023 0.07697299 0.87108576 0.48506153 15 15 15 255
-0.02463089 -0.03636518 0.21199377 0.28547007 -0.7625922 -0.5804824 139 160 214 255
-0.029829204 0.26576468 0.39432037 0.25727937 0.8758543 0.4082725 15 15 15 255
-0.057671446 -0.04931917 0.21886687 0.10629018 -0.83284205 -0.54320943 139 160 214 255
0.0015959293 0.26043737 0.37726736 0.4276988 0.846964 0.31579357 83 84 83 255
-0.0914654 -0.05637134 0.22958943 -0.07697353 -0.8710859 -0.48506138 139 160 214 255
0.02999033 0.24910808 0.3579765 0.5816806 0.7855258 0.21117985 137 160 211 255
-0.1247139 -0.057250693 0.24374929 -0.2572793 -0.8758543 -0.4082725 139 160 214 255
0.054262772 0.23221232 0.33718908 0.7133093 0.6939001 0.098450154 137 160 213 255
-0.22523156 0.25270972 0.3447316 -0.60445297 0.53800076 0.58753014 177 186 211 255
-0.19742873 0.27576625 0.34619153 -0.45367917 0.66303635 0.5954477 208 208 208 255
-0.19263786 -0.002678156 0.17815836 -0.42769784 -0.8469643 -0.3157942 137 160 213 255
-0.22103226 0.008651137 0.19744927 -0.5816803 -0.7855259 -0.21118002 144 164 219 255
0.036981493 0.25964445 0.2330601 0.81752604 0.5756083 -0.018062916 208 208 208 255
0.05040583 0.23375243 0.21170303 0.89032555 0.43519658 -0.13388152 208 208 208 255
-0.2453047 0.025546879 0.21823664 -0.71330893 -0.69390035 -0.09845042 99 110 146 255
0.05752091 0.20477653 0.19129479 0.92891085 0.27805933 -0.24455601 208 208 208 255
-0.26452225 0.047359988 0.2397217 -0.8175261 -0.5756082 0.018062988 137 160 213 255
0.058053344 0.17383 0.17261949 0.93179834 0.110237546 -0.34583163 208 208 208 255
-0.2779466 0.073252 0.26107877 -0.89032537 -0.43519711 0.13388112 9 13 17 255
0.05198273 0.1421023 0.15639485 0.89887744 -0.06182089 -0.43381727 208 208 208 255
-0.28506166 0.10222791 0.281487 -0.92891085 -0.2780591 0.24455617 137 160 213 255
0.039542347 0.110812865 0.1432445 0.83141285 -0.23150446 -0.505132 208 208 208 255
-0.24875088 0.22584057 0.3391081 -0.7319973 0.39229122 0.5570345 137 160 213 255
-0.2855941 0.13317443 0.30016232 -0.9317982 -0.11023654 0.34583217 137 160 213 255
0.021210141 0.08116385 0.13367371 0.7319979 -0.39229038 -0.5570343 208 208 208 255
-0.16641101 0.29412436 0.34343195 -0.28547028 0.76259214 0.5804825 214 214 214 255
-0.2795235 0.16490212 0.31638694 -0.8988772 0.06182153 0.43381757 137 160 213 255
-0.0023091957 0.054294724 0.12805022 0.6044526 -0.5380012 -0.5875302 208 208 208 255
-0.13337047 0.30707836 0.33655888 -0.10629134 0.83284175 0.54320973 208 208 208 255
-0.26708308 0.19619156 0.32953727 -0.83141285 0.23150441 0.50513196 137 160 213 255
-0.030112002 0.031238167 0.12659028 0.45367858 -0.66303676 -0.59544766 145 167 205 255
-0.09957653 0.31413054 0.3258363 0.07697233 0.87108576 0.4850618 208 208 208 255
-0.06112972 0.012880046 0.12934984 0.28547043 -0.762592 -0.5804825 137 160 213 255
-0.066328034 0.3150099 0.31167644 0.25727883 0.8758543 0.4082728 208 208 208 255
-0.09417028 -7.394701e-05 0.13622293 0.10629063 -0.832842 -0.54320955 137 160 213 255
-0.0349029 0.3096826 0.29462343 0.42769888 0.846964 0.31579357 208 208 208 255
-0.12796423 -0.0071261153 0.14694549 -0.07697312 -0.87108576 -0.4850615 137 160 213 255
-0.0065084994 0.2983533 0.27533254 0.5816803 0.7855259 0.21118002 208 208 208 255
-0.16121273 -0.00800547 0.16110536 -0.25727847 -0.87585443 -0.40827298 137 160 213 255
0.017763942 0.28145754 0.25454515 0.71330917 0.69390017 0.098450266 208 208 208 255
-0.15038723 0.15172769 0.51420087 -0.60445255 0.5380012 0.58753014 140 162 216 255
-0.1225844 0.17478423 0.51566076 -0.45367905 0.6630364 0.59544766 18 18 18 255
-0.11779353 -0.10366019 0.3476276 -0.42769766 -0.8469643 -0.3157943 124 141 187 255
-0.14618793 -0.09233089 0.36691853 -0.5816804 -0.78552586 -0.21117991 144 166 225 255
0.11182584 0.15866242 0.40252936 0.8175261 0.5756083 -0.01806291 21 21 21 255
0.12525018 0.13277042 0.3811723 0.89032567 0.43519634 -0.1338817 47 54 69 255
-0.17046037 -0.07543515 0.38770592 -0.7133091 -0.6939002 -0.0984503 139 160 215 255
0.13236526 0.1037945 0.36076406 0.92891085 0.278059 -0.24455623 139 160 214 255
-0.18967792 -0.053622037 0.40919095 -0.8175261 -0.57560825 0.018062945 146 169 224 255
0.13289769 0.072847985 0.34208873 0.9317983 0.11023695 -0.34583196 139 160 214 255
-0.20310226 -0.027730033 0.430548 -0.8903254 -0.4351969 0.13388127 139 161 214 255
0.12682708 0.041120276 0.3258641 0.89887744 -0.06182085 -0.43381727 139 160 214 255
-0.21021733 0.0012458861 0.45095626 -0.92891085 -0.27805918 0.24455613 139 160 214 255
0.11438668 0.00983084 0.31271377 0.83141273 -0.23150462 -0.50513196 139 160 214 255
-0.17390653 0.12485854 0.50857735 -0.73199755 0.39229083 0.55703443 140 161 215 255
-0.21074978 0.03219241 0.46963158 -0.9317982 -0.11023642 0.3458322 140 161 215 255
0.09605448 -0.019818172 0.30314296 0.7319978 -0.39229056 -0.5570343 139 160 214 255
-0.09156668 0.19314235 0.5129012 -0.28546998 0.76259226 0.5804824 12 12 9 255
-0.20467915 0.063920096 0.4858562 -0.8988773 0.06182113 0.43381742 140 161 215 255
0.072535135 -0.046687298 0.29751948 0.60445255 -0.5380012 -0.58753014 139 160 214 255
-0.05852613 0.20609634 0.5060281 -0.10629118 0.83284175 0.54320973 138 160 212 255
-0.19223875 0.09520954 0.4990065 -0.83141285 0.23150441 0.50513196 140 161 215 255
0.04473234 -0.06974386 0.29605952 0.45367846 -0.6630368 -0.59544766 139 160 214 255
-0.024732187 0.21314853 0.49530557 0.07697204 0.87108564 0.48506188 19 19 19 255
0.013714619 -0.088101976 0.2988191 0.28546995 -0.7625923 -0.5804825 139 160 214 255
0.008516312 0.21402788 0.48114568 0.2572785 0.8758543 0.40827295 22 23 28 255
-0.019325942 -0.101055965 0.3056922 0.10629015 -0.8328421 -0.54320943 139 160 214 255
0.039941445 0.20870057 0.4640927 0.42769855 0.84696406 0.31579375 139 160 214 255
-0.05311989 -0.10810814 0.31641474 -0.076972835 -0.87108576 -0.48506156 139 160 214 255
0.068335846 0.19737127 0.4448018 0.58168036 0.7855259 0.21118 20 20 20 255
-0.08636839 -0.108987495 0.33057463 -0.25727877 -0.87585443 -0.40827283 138 160 214 255
0.09260829 0.18047552 0.4240144 0.7133093 0.69390017 0.098450184 20 20 20 255
-0.074588716 0.049458295 0.6858306 -0.6044522 0.5380015 0.58753026 178 187 211 255
-0.046785906 0.07251483 0.68729055 -0.45367917 0.6630363 0.59544766 139 160 214 255
-0.041995034 -0.20592958 0.5192573 -0.42769808 -0.84696424 -0.31579408 208 208 208 255
-0.07038943 -0.19460028 0.53854823 -0.5816805 -0.7855259 -0.21117991 208 208 208 255
0.18762435 0.056393027 0.5741591 0.81752616 0.575608 -0.018063126 140 161 215 255
0.20104869 0.030501015 0.552802 0.8903258 0.43519616 -0.13388185 140 161 215 255
-0.09466187 -0.17770456 0.55933565 -0.71330905 -0.69390035 -0.09845039 208 208 208 255
0.20816374 0.001525104 0.53239375 0.9289108 0.27805927 -0.24455604 140 161 215 255
-0.11387942 -0.15589143 0.5808207 -0.81752616 -0.57560813 0.018063078 208 208 208 255
0.20869619 -0.029421411 0.5137185 0.9317984 0.11023732 -0.34583178 140 161 215 255
-0.12730376 -0.12999941 0.60217774 -0.8903254 -0.435197 0.13388124 208 208 208 255
0.20262559 -0.06114912 0.49749383 0.8988774 -0.06182101 -0.43381733 141 162 216 255
-0.13441885 -0.101023495 0.622586 -0.92891085 -0.27805918 0.24455613 208 208 208 255
0.19018519 -0.092438556 0.48434347 0.83141273 -0.23150459 -0.50513196 141 162 216 255
-0.09810805 0.022589147 0.6802071 -0.7319971 0.3922915 0.55703455 208 208 208 255
-0.13495126 -0.07007699 0.6412613 -0.9317982 -0.11023634 0.34583223 208 208 208 255
0.17185298 -0.12208757 0.4747727 0.7319979 -0.39229038 -0.5570343 141 162 216 255
-0.01576817 0.09087296 0.6845309 -0.28546953 0.7625925 0.58048236 140 161 215 255
-0.12888065 -0.038349316 0.65748596 -0.89887714 0.06182193 0.43381777 208 208 208 255
0.14833364 -0.14895669 0.46914923 0.6044526 -0.5380012 -0.5875302 141 162 216 255
0.017272383 0.10382694 0.67765784 -0.10629053 0.8328419 0.54320943 145 167 223 255
-0.11644024 -0.0070598572 0.6706363 -0.83141243 0.23150526 0.50513226 208 208 208 255
0.12053083 -0.17201325 0.46768925 0.45367873 -0.6630366 -0.59544766 141 162 216 255
0.05106631 0.11087914 0.6669353 0.07697135 0.8710856 0.48506212 29 29 29 255
0.08951312 -0.19037136 0.47044885 0.2854703 -0.7625921 -0.5804825 141 162 216 255
0.08431479 0.111758485 0.6527754 0.25727797 0.87585443 0.4082732 140 161 215 255
0.056472555 -0.20332538 0.47732192 0.10629007 -0.8328421 -0.54320943 141 162 216 255
0.11573996 0.10643117 0.6357224 0.42769903 0.84696394 0.31579345 140 161 215 255
0.022678606 -0.21037754 0.48804447 -0.0769734 -0.8710858 -0.48506138 140 161 216 255
0.14413436 0.09510188 0.61643153 0.5816804 0.7855259 0.21117996 141 162 218 255
-0.010569893 -0.21125688 0.50220436 -0.25727835 -0.87585443 -0.40827307 209 207 208 255
0.16840677 0.07820612 0.5956441 0.7133091 0.6939002 0.09845033 32 32 32 255
-0.01750058 -0.027566582 0.81509465 -0.60445267 0.53800106 0.58753014 179 187 212 255
0.010302246 -0.004510045 0.81655455 -0.45367897 0.66303647 0.59544766 140 161 215 255
0.015093103 -0.28295445 0.6485214 -0.427698 -0.84696424 -0.31579408 95 95 95 255
-0.013301298 -0.27162516 0.6678123 -0.58168083 -0.7855256 -0.21117958 212 212 212 255
0.24471249 -0.02063185 0.70342314 0.81752616 0.575608 -0.018063147 208 208 208 255
0.2581368 -0.04652386 0.6820661 0.8903258 0.43519604 -0.13388191 208 208 208 255
-0.03757374 -0.25472945 0.6885997 -0.7133093 -0.6939001 -0.098450124 160 160 160 255
0.26525187 -0.07549977 0.6616578 0.92891085 0.27805927 -0.24455607 208 208 208 255
-0.05679129 -0.23291631 0.71008474 -0.81752616 -0.57560813 0.018063076 176 176 176 255
0.26578432 -0.10644629 0.64298254 0.9317982 0.11023618 -0.34583235 208 208 208 255
-0.07021563 -0.20702429 0.73144186 -0.8903254 -0.435197 0.13388124 206 206 206 255
0.2597137 -0.138174 0.62675786 0.8988774 -0.06182134 -0.43381754 208 208 208 255
-0.07733071 -0.17804837 0.75185 -0.92891085 -0.27805918 0.24455613 84 84 84 255
0.24727333 -0.16946343 0.6136076 0.83141255 -0.23150492 -0.50513214 208 208 208 255
-0.041019917 -0.05443573 0.80947113 -0.73199755 0.39229092 0.55703443 209 209 209 255
-0.07786313 -0.14710186 0.7705254 -0.9317982 -0.11023574 0.3458326 113 113 113 255
0.22894113 -0.19911245 0.60403675 0.731998 -0.3922903 -0.55703425 208 208 208 255
0.041319966 0.013848081 0.813795 -0.2854692 0.7625926 0.5804823 141 162 216 255
-0.07179251 -0.11537419 0.78674996 -0.8988772 0.061821647 0.43381763 217 217 217 255
0.20542178 -0.22598156 0.5984133 0.6044525 -0.5380013 -0.58753026 213 213 213 255
0.07436052 0.026802063 0.8069219 -0.10629059 0.832842 0.5432096 125 144 188 255
-0.0593521 -0.084084734 0.7999003 -0.8314129 0.23150423 0.50513184 97 97 97 255
0.17761897 -0.24903813 0.59695333 0.4536784 -0.6630369 -0.59544766 219 219 219 255
0.108154446 0.03385426 0.7961994 0.07697361 0.8710859 0.48506138 37 37 37 255
0.14660126 -0.26739624 0.5997129 0.28546962 -0.76259243 -0.58048236 79 79 79 255
0.14140293 0.03473361 0.78203946 0.25727868 0.87585443 0.40827286 208 208 208 255
0.11356069 -0.28035027 0.606586 0.10628966 -0.83284223 -0.54320925 60 60 60 255
0.1728281 0.029406294 0.7649865 0.42769915 0.84696394 0.3157934 208 208 208 255
0.07976675 -0.28740242 0.61730856 -0.076973796 -0.8710858 -0.4850612 144 144 144 255
0.2012225 0.018077001 0.7456956 0.58168054 0.78552586 0.21117984 209 209 209 255
0.046518236 -0.28828174 0.63146836 -0.2572783 -0.87585443 -0.40827307 89 89 89 255
0.2254949 0.0011812449 0.72490823 0.7133094 0.6939 0.09845001 41 41 41 255
0.019433647 -0.077399254 0.8987245 -0.6044529 0.5380008 0.58753014 208 208 208 255
0.047236472 -0.054342717 0.9001844 -0.45367974 0.663036 0.5954477 208 208 208 255
0.052027345 -0.33278713 0.73215127 -0.42769775 -0.8469643 -0.31579426 210 210 210 255
0.023632959 -0.32145783 0.75144213 -0.5816803 -0.7855259 -0.21118002 209 209 209 255
0.28164673 -0.07046452 0.787053 0.81752604 0.5756083 -0.018062927 208 208 208 255
0.29507107 -0.09635653 0.7656959 0.8903254 0.43519706 -0.1338812 208 208 208 255
-0.00063948333 -0.3045621 0.77222955 -0.7133091 -0.6939002 -0.098450296 200 200 200 255
0.30218613 -0.12533244 0.74528766 0.92891085 0.27805933 -0.24455601 208 208 208 255
-0.019857034 -0.282749 0.7937146 -0.81752634 -0.5756077 0.018063406 200 200 200 255
0.30271858 -0.15627897 0.7266124 0.93179834 0.110238105 -0.34583133 208 208 208 255
-0.033281386 -0.25685698 0.8150717 -0.8903251 -0.43519783 0.13388054 210 210 210 255
0.29664797 -0.18800665 0.7103877 0.8988777 -0.061820056 -0.4338169 208 208 208 255
-0.040396452 -0.22788107 0.83547986 -0.9289109 -0.27805904 0.24455626 66 66 66 255
0.28420755 -0.2192961 0.69723743 0.8314129 -0.23150423 -0.50513184 209 209 209 255
-0.00408566 -0.1042684 0.893101 -0.7319979 0.39229047 0.5570344 209 209 209 255
-0.0409289 -0.19693454 0.85415524 -0.93179834 -0.110237986 0.34583136 217 217 217 255
0.26587534 -0.24894512 0.6876666 0.7319981 -0.39229023 -0.55703425 209 209 209 255
0.07825419 -0.03598459 0.8974248 -0.28547055 0.762592 0.58048254 208 208 208 255
-0.03485827 -0.16520686 0.8703798 -0.8988776 0.06182037 0.43381706 216 216 216 255
0.242356 -0.27581424 0.68204314 0.6044526 -0.53800106 -0.58753014 209 209 209 255
0.11129475 -0.023030594 0.89055175 -0.10629085 0.8328418 0.54320955 208 208 208 255
-0.022417873 -0.1339174 0.88353014 -0.8314129 0.23150422 0.50513184 217 217 217 255
0.21455322 -0.2988708 0.6805832 0.4536787 -0.66303676 -0.5954477 209 209 209 255
0.1450887 -0.01597841 0.8798292 0.07697348 0.8710858 0.48506138 208 208 208 255
0.18353549 -0.3172289 0.68334275 0.28547004 -0.76259226 -0.5804824 216 216 216 255
0.17833719 -0.0150990635 0.8656693 0.25727987 0.8758543 0.40827227 208 208 208 255
0.15049493 -0.3301829 0.6902158 0.10629001 -0.83284205 -0.5432094 210 210 210 255
0.20976232 -0.020426378 0.84861636 0.42769855 0.8469641 0.3157938 208 208 208 255
0.11670098 -0.3372351 0.7009384 -0.07697385 -0.8710859 -0.48506126 224 224 224 255
0.23815672 -0.03175567 0.82932544 0.5816808 0.7855257 0.21117966 208 208 208 255
0.08345249 -0.33811444 0.7150982 -0.25727966 -0.8758543 -0.40827236 109 109 109 255
0.26242918 -0.048651427 0.8085381 0.7133094 0.6939 0.09845001 208 208 208 255
-0.055871278 0.024204224 0.7282123 -0.6044527 0.53800094 0.58753014 178 186 211 255
-0.028068483 0.04726076 0.7296722 -0.45367986 0.66303587 0.5954477 140 161 215 255
-0.023277596 -0.23118365 0.5616391 -0.4276971 -0.8469645 -0.31579462 208 208 208 255
-0.05167199 -0.21985435 0.58093 -0.58168024 -0.7855259 -0.21118003 208 208 208 255
0.20634176 0.031138957 0.6165408 0.81752616 0.57560813 -0.018063087 141 162 216 255
0.2197661 0.0052469447 0.59518373 0.8903258 0.43519616 -0.13388185 141 162 216 255
-0.07594443 -0.20295863 0.60171735 -0.7133088 -0.69390047 -0.098450586 208 208 208 255
0.2268812 -0.023728967 0.57477546 0.92891085 0.27805904 -0.24455619 141 162 216 255
-0.09516198 -0.1811455 0.6232024 -0.81752616 -0.57560813 0.018063057 208 208 208 255
0.22741362 -0.054675482 0.5561002 0.93179834 0.11023806 -0.34583133 141 162 216 255
-0.108586326 -0.15525348 0.64455944 -0.89032555 -0.43519676 0.13388138 208 208 208 255
0.221343 -0.08640319 0.5398755 0.8988773 -0.06182129 -0.43381745 141 162 216 255
-0.1157014 -0.12627757 0.66496766 -0.92891085 -0.278059 0.24455623 208 208 208 255
0.20890263 -0.11769263 0.5267252 0.83141273 -0.23150459 -0.50513196 141 162 215 255
-0.079390615 -0.0026649237 0.7225888 -0.73199725 0.3922914 0.55703455 208 208 208 255
-0.116233826 -0.09533106 0.683643 -0.9317982 -0.110235825 0.34583256 208 208 208 255
0.1905704 -0.14734164 0.5171544 0.73199797 -0.3922904 -0.5570343 176 188 209 255
0.0029492676 0.06561889 0.7269126 -0.28547066 0.76259196 0.58048254 140 161 215 255
-0.11016321 -0.06360339 0.6998676 -0.89887714 0.061821852 0.43381774 208 208 208 255
0.16705108 -0.17421076 0.51153094 0.6044527 -0.53800094 -0.58753014 208 208 208 255
0.03598979 0.07857287 0.72003955 -0.1062907 0.8328419 0.5432096 140 161 215 255
-0.0977228 -0.032313928 0.71301794 -0.8314127 0.2315047 0.505132 208 208 208 255
0.13924827 -0.19726732 0.510071 0.4536787 -0.66303676 -0.5954477 208 208 208 255
0.06978375 0.08562507 0.709317 0.076970436 0.8710855 0.48506245 27 27 24 255
0.10823056 -0.21562544 0.51283056 0.28547093 -0.7625918 -0.58048254 208 208 208 255
0.10303226 0.086504415 0.6951571 0.2572779 0.87585443 0.4082732 32 32 32 255
0.07518999 -0.22857945 0.5197036 0.10629003 -0.8328421 -0.54320943 208 208 208 255
0.13445736 0.0811771 0.67810416 0.42769834 0.8469642 0.3157939 34 34 34 255
0.04139605 -0.23563161 0.53042614 -0.07697199 -0.8710856 -0.48506188 208 208 208 255
0.16285177 0.06984781 0.65881324 0.58168006 0.7855261 0.21118021 34 34 34 255
0.008147545 -0.23651095 0.54458606 -0.257278 -0.8758545 -0.40827328 208 208 208 255
0.18712424 0.05295205 0.6380258 0.71330905 0.69390035 0.09845036 34 36 35 255
-0.09378606 0.075359866 0.64236224 -0.60445297 0.5380007 0.58753014 178 186 211 255
-0.06598325 0.0984164 0.6438222 -0.45367977 0.663036 0.5954477 139 160 214 255
-0.06119238 -0.18002802 0.475789 -0.42769736 -0.8469645 -0.31579453 141 162 216 255
-0.08958677 -0.16869873 0.49507993 -0.5816803 -0.7855259 -0.21118002 141 162 216 255
0.168427 0.0822946 0.5306908 0.8175259 0.5756084 -0.018062836 140 161 215 255
0.18185134 0.056402586 0.5093337 0.89032555 0.43519676 -0.13388138 140 161 215 255
-0.113859214 -0.15180297 0.5158673 -0.71330893 -0.6939004 -0.098450474 141 162 216 255
0.1889664 0.027426675 0.48892546 0.92891085 0.2780594 -0.244556 140 161 215 255
-0.13307676 -0.12998988 0.5373524 -0.81752604 -0.5756083 0.018062897 141 163 214 255
0.18949884 -0.0035198405 0.47025016 0.93179834 0.11023742 -0.3458317 140 161 215 255
-0.14650111 -0.10409786 0.5587094 -0.8903252 -0.43519756 0.13388078 208 207 210 255
0.18342824 -0.03524755 0.4540255 0.8988776 -0.06182037 -0.43381706 140 161 215 255
-0.15361619 -0.07512194 0.57911766 -0.9289108 -0.27805927 0.24455604 208 208 208 255
0.17098784 -0.066536985 0.44087517 0.831413 -0.23150429 -0.50513196 140 161 215 255
-0.1173054 0.048490718 0.6367388 -0.7319978 0.39229062 0.5570344 208 208 208 255
-0.15414861 -0.0441754 0.597793 -0.9317982 -0.110236704 0.34583205 208 208 208 255
0.15265563 -0.096186 0.43130437 0.73199815 -0.39229012 -0.5570342 140 161 215 255
-0.034965515 0.11677453 0.6410626 -0.285471 0.7625918 0.58048254 140 161 216 255
-0.148078 -0.01244773 0.6140176 -0.89887744 0.06182073 0.43381718 208 208 208 255
0.1291363 -0.12305512 0.42568088 0.6044528 -0.53800094 -0.58753014 140 161 215 255
-0.0019249618 0.12972851 0.6341895 -0.10629165 0.8328416 0.5432098 24 25 28 255
-0.13563758 0.018841714 0.62716794 -0.8314133 0.23150356 0.5051316 208 208 208 255
0.101333484 -0.14611168 0.42422092 0.453679 -0.66303647 -0.5954477 140 161 215 255
0.031868964 0.13678071 0.62346697 0.076971956 0.8710856 0.48506188 27 27 27 255
0.07031578 -0.16446981 0.4269805 0.28547138 -0.76259154 -0.58048266 42 50 60 255
0.06511745 0.13766006 0.60930705 0.25727856 0.87585443 0.40827295 27 28 28 255
0.03727521 -0.17742379 0.4338536 0.10629018 -0.83284205 -0.54320943 141 162 216 255
0.09654261 0.13233274 0.5922541 0.4276988 0.84696406 0.31579363 29 29 29 255
0.0034812614 -0.18447596 0.44457614 -0.07697319 -0.87108576 -0.48506144 141 162 216 255
0.12493701 0.12100345 0.5729632 0.5816803 0.78552586 0.21118 29 29 29 255
-0.029767238 -0.18535532 0.45873603 -0.25727862 -0.8758543 -0.40827286 141 162 216 255
0.14920942 0.10410769 0.5521758 0.71330893 0.6939004 0.098450474 29 29 29 255
-0.1312054 0.12584706 0.5576341 -0.6044526 0.5380012 0.5875302 141 163 217 255
-0.103402585 0.1489036 0.559094 -0.45367953 0.66303617 0.5954477 20 20 20 255
-0.098611705 -0.12954083 0.39106083 -0.427698 -0.84696424 -0.31579408 140 161 215 255
-0.1270061 -0.11821151 0.41035175 -0.58168036 -0.7855259 -0.21117997 140 161 215 255
0.13100766 0.13278179 0.44596258 0.8175259 0.5756085 -0.018062778 139 160 209 255
0.144432 0.10688978 0.42460552 0.8903254 0.43519682 -0.1338813 139 160 214 255
-0.15127854 -0.10131578 0.4311391 -0.71330905 -0.69390035 -0.0984504 140 161 215 255
0.15154707 0.077913865 0.40419728 0.92891085 0.27805933 -0.24455602 139 160 214 255
-0.17049609 -0.07950266 0.4526242 -0.8175259 -0.5756084 0.018062785 140 161 215 255
0.15207952 0.04696735 0.38552198 0.93179834 0.110237904 -0.3458314 139 160 214 255
-0.18392044 -0.053610668 0.47398123 -0.89032525 -0.4351975 0.13388082 93 106 136 255
0.1460089 0.015239641 0.36929733 0.8988776 -0.06182061 -0.43381715 139 160 214 255
-0.19103551 -0.024634749 0.49438947 -0.9289108 -0.27805975 0.24455573 26 27 25 255
0.13356851 -0.016049795 0.356147 0.8314129 -0.23150435 -0.505132 139 160 214 255
-0.15472472 0.09897791 0.55201054 -0.7319977 0.39229068 0.5570344 140 162 216 255
-0.19156794 0.0063117743 0.5130648 -0.9317983 -0.11023703 0.3458319 72 82 98 255
0.1152363 -0.045698807 0.34657618 0.731998 -0.39229026 -0.55703425 139 160 214 255
-0.07238485 0.16726172 0.5563344 -0.28547037 0.7625921 0.5804825 25 27 33 255
-0.18549731 0.03803946 0.5292894 -0.8988774 0.061821055 0.43381742 152 175 226 255
0.09171697 -0.07256793 0.3409527 0.60445267 -0.53800106 -0.58753014 128 141 185 255
-0.03934431 0.1802157 0.54946136 -0.10629093 0.8328418 0.54320955 133 150 199 255
-0.17305692 0.069328904 0.54243976 -0.8314133 0.23150349 0.5051316 139 161 213 255
0.063914165 -0.09562449 0.33949274 0.45367858 -0.6630367 -0.59544766 99 114 149 255
-0.0055503547 0.1872679 0.5387388 0.076972395 0.87108564 0.48506173 22 22 22 255
0.032896444 -0.11398261 0.3422523 0.28547004 -0.76259226 -0.5804825 68 77 101 255
0.02769813 0.18814725 0.5245789 0.2572791 0.8758543 0.40827262 22 22 22 255
-0.00014410913 -0.1269366 0.34912542 0.10628981 -0.8328421 -0.5432093 23 26 29 255
0.059123263 0.18281993 0.5075259 0.42769873 0.84696406 0.31579363 42 47 59 255
-0.033938065 -0.13398877 0.35984796 -0.07697361 -0.8710859 -0.48506138 140 161 215 255
0.087517664 0.17149064 0.488235 0.5816804 0.7855259 0.21117996 107 122 155 255
-0.067186564 -0.13486813 0.37400785 -0.2572793 -0.8758543 -0.4082725 140 161 215 255
0.111790106 0.15459488 0.46744764 0.7133091 0.6939002 0.09845028 142 165 217 255
-0.16955997 0.17759609 0.47078818 -0.6044526 0.5380012 0.5875302 181 189 213 255
-0.14175716 0.20065263 0.47224814 -0.45367905 0.66303647 0.5954477 15 15 15 255
-0.13696629 -0.07779177 0.30421495 -0.4276979 -0.84696424 -0.31579414 139 160 214 255
-0.16536067 -0.06646249 0.32350588 -0.5816807 -0.7855257 -0.21117967 139 160 214 255
0.09265308 0.18453082 0.3591167 0.8175261 0.575608 -0.018063104 16 16 16 255
0.10607742 0.1586388 0.33775964 0.89032567 0.4351962 -0.1338818 52 58 77 255
-0.18963312 -0.049566746 0.34429324 -0.7133093 -0.6939001 -0.09845016 139 160 214 255
0.1131925 0.1296629 0.3173514 0.92891085 0.27805907 -0.24455616 139 160 214 255
-0.20885067 -0.027753636 0.36577833 -0.81752616 -0.57560813 0.018063048 139 160 214 255
0.11372495 0.098716386 0.29867607 0.9317983 0.11023707 -0.34583187 139 160 214 255
-0.22227502 -0.001861617 0.38713536 -0.8903254 -0.43519688 0.13388129 15 18 20 255
0.10765432 0.06698868 0.28245145 0.89887744 -0.06182089 -0.43381727 139 160 214 255
-0.22939008 0.027114287 0.4075436 -0.92891085 -0.27805918 0.24455613 119 138 185 255
0.095213935 0.03569924 0.26930112 0.8314126 -0.23150487 -0.5051321 139 160 214 255
-0.1930793 0.15072694 0.4651647 -0.7319977 0.3922907 0.55703443 142 163 219 255
-0.22992252 0.05806081 0.42621893 -0.9317982 -0.11023599 0.34583247 13 11 9 255
0.07688172 0.006050229 0.2597303 0.73199797 -0.39229026 -0.55703425 139 160 214 255
-0.110739425 0.21901076 0.46948856 -0.2854706 0.76259196 0.58048254 16 16 16 255
-0.22385189 0.08978848 0.44244355 -0.8988772 0.06182153 0.43381757 100 111 149 255
0.053362392 -0.020818897 0.25410682 0.6044524 -0.5380014 -0.58753026 139 160 214 255
-0.07769889 0.23196474 0.46261546 -0.10629107 0.8328418 0.5432097 137 160 213 255
-0.21141149 0.12107794 0.45559388 -0.8314125 0.23150516 0.50513226 24 18 17 255
0.02555959 -0.043875456 0.25264686 0.45367834 -0.66303694 -0.59544766 124 138 185 255
-0.04390493 0.23901694 0.4518929 0.07697332 0.8710858 0.4850614 137 160 213 255
-0.0054581314 -0.062233575 0.25540644 0.2854702 -0.76259214 -0.5804825 51 62 86 255
-0.010656446 0.23989628 0.43773302 0.25727904 0.8758543 0.40827268 61 73 92 255
-0.03849869 -0.07518758 0.26227954 0.10629003 -0.8328421 -0.54320943 142 163 212 255
0.020768687 0.23456897 0.42068005 0.4276988 0.846964 0.31579357 17 17 17 255
-0.07229264 -0.08223974 0.2730021 -0.07697348 -0.8710858 -0.48506138 85 95 120 255
0.04916309 0.22323968 0.40138912 0.58168054 0.78552574 0.2111798 18 18 17 255
-0.10554114 -0.083119094 0.28716198 -0.25727886 -0.8758543 -0.40827274 139 160 214 255
0.07343553 0.20634392 0.38060176 0.7133093 0.6939001 0.09845013 139 160 214 255
-0.20698215 0.2280871 0.38605356 -0.60445255 0.5380012 0.58753014 179 187 212 255
-0.17917933 0.25114363 0.3875135 -0.45367968 0.663036 0.5954477 12 12 12 255
-0.17438845 -0.027300768 0.2194803 -0.42769784 -0.8469643 -0.31579417 139 160 214 255
-0.20278285 -0.015971467 0.23877123 -0.5816805 -0.7855259 -0.21117994 140 161 213 255
0.055230916 0.23502184 0.27438205 0.8175261 0.57560825 -0.018062958 12 12 12 255
0.06865525 0.20912984 0.253025 0.8903256 0.43519634 -0.13388166 70 70 73 255
-0.2270553 0.0009242743 0.25955862 -0.7133091 -0.6939002 -0.0984503 139 160 214 255
0.07577033 0.18015392 0.23261675 0.92891085 0.27805933 -0.24455605 208 207 208 255
-0.24627285 0.022737384 0.28104365 -0.8175261 -0.575608 0.018063134 139 160 214 255
0.07630277 0.14920741 0.21394144 0.9317983 0.110237196 -0.34583184 134 159 210 255
-0.2596972 0.04862939 0.3024007 -0.8903254 -0.43519682 0.1338813 139 160 214 255
0.07023215 0.1174797 0.1977168 0.89887744 -0.06182081 -0.4338172 137 160 213 255
-0.26681226 0.07760531 0.32280895 -0.9289108 -0.27805942 0.24455592 139 160 214 255
0.057791755 0.08619025 0.18456647 0.83141273 -0.23150468 -0.505132 137 160 213 255
-0.23050147 0.20121795 0.38043004 -0.73199713 0.39229158 0.5570346 111 127 166 255
-0.26734468 0.10855183 0.34148428 -0.9317982 -0.1102363 0.34583223 78 90 120 255
0.039459556 0.056541245 0.17499568 0.7319979 -0.39229044 -0.5570343 137 160 213 255
-0.1481616 0.26950178 0.3847539 -0.28546992 0.76259226 0.5804824 13 13 13 255
-0.26127407 0.1402795 0.3577089 -0.89887744 0.061821062 0.43381742 74 83 110 255
0.015940212 0.029672116 0.16937217 0.6044526 -0.5380012 -0.5875302 137 160 213 255
-0.11512105 0.28245574 0.3778808 -0.10629122 0.83284175 0.54320973 12 12 12 255
-0.24883367 0.17156896 0.37085924 -0.83141273 0.23150453 0.50513196 13 16 16 255
-0.011862587 0.006615557 0.16791224 0.4536784 -0.6630369 -0.59544766 139 160 213 255
-0.08132711 0.28950796 0.36715826 0.07697229 0.87108576 0.4850618 12 12 12 255
-0.042880304 -0.011742562 0.17067179 0.28547034 -0.762592 -0.5804825 140 154 204 255
-0.04807861 0.2903873 0.35299838 0.25727862 0.8758543 0.40827286 211 211 211 255
-0.075920865 -0.024696559 0.17754489 0.10629037 -0.832842 -0.54320943 92 110 140 255
-0.016653478 0.28506 0.3359454 0.4276989 0.846964 0.31579354 208 208 208 255
-0.10971482 -0.03174872 0.18826745 -0.07697332 -0.8710858 -0.4850614 61 72 97 255
0.011740923 0.2737307 0.3166545 0.58168024 0.7855259 0.21118003 208 208 208 255
-0.14296332 -0.032628074 0.20242733 -0.2572786 -0.87585443 -0.40827292 26 33 42 255
0.036013365 0.25683492 0.29586712 0.71330917 0.69390017 0.098450236 208 208 208 255
-0.24348098 0.27733234 0.3034096 -0.6044523 0.5380015 0.58753026 177 186 211 255
-0.21567817 0.30038887 0.30486953 -0.45367974 0.663036 0.5954477 208 208 208 255
-0.2108873 0.02194447 0.13683636 -0.4276979 -0.84696424 -0.31579414 192 196 217 255
-0.23928168 0.033273764 0.15612729 -0.5816805 -0.7855259 -0.21117991 137 160 213 255
0.01873207 0.28426707 0.19173813 0.81752616 0.57560813 -0.018063078 208 208 208 255
0.032156408 0.25837505 0.17038105 0.89032567 0.4351963 -0.13388173 208 208 208 255
-0.26355413 0.050169505 0.17691466 -0.71330917 -0.69390017 -0.09845024 137 160 213 255
0.03927149 0.22939914 0.14997281 0.92891085 0.278059 -0.24455623 208 208 208 255
-0.28277168 0.071982615 0.19839972 -0.81752616 -0.57560796 0.018063167 137 160 213 255
0.039803922 0.19845264 0.1312975 0.93179834 0.1102375 -0.34583163 208 208 208 255
-0.29619604 0.09787463 0.21975677 -0.8903254 -0.4351969 0.13388124 137 160 213 255
0.03373331 0.16672492 0.11507287 0.8988773 -0.061821252 -0.43381745 208 208 208 255
-0.3033111 0.12685055 0.24016501 -0.92891085 -0.27805933 0.24455602 137 160 213 255
0.021292917 0.13543549 0.10192253 0.83141273 -0.23150468 -0.505132 208 208 208 255
-0.26700032 0.2504632 0.29778612 -0.7319974 0.39229116 0.5570345 137 160 213 255
-0.30384353 0.15779707 0.25884035 -0.9317982 -0.11023622 0.3458323 138 160 212 255
0.0029607117 0.10578647 0.09235173 0.7319979 -0.39229047 -0.5570343 208 208 208 255
-0.18466043 0.318747 0.30210996 -0.2854702 0.7625922 0.5804825 208 208 208 255
-0.2977729 0.18952474 0.27506498 -0.89887714 0.061821852 0.43381774 137 154 202 255
-0.020558625 0.07891735 0.08672823 0.6044525 -0.5380013 -0.58753026 208 208 208 255
-0.1516199 0.33170098 0.2952369 -0.10629018 0.83284205 0.54320943 208 208 208 255
-0.2853325 0.22081418 0.28821528 -0.83141285 0.23150438 0.50513196 9 10 8 255
-0.048361428 0.05586079 0.08526829 0.4536784 -0.6630369 -0.59544766 208 208 208 255
-0.117825955 0.3387532 0.28451434 0.076972485 0.87108576 0.48506173 208 208 208 255
-0.07937915 0.03750267 0.08802786 0.28547025 -0.76259214 -0.5804824 208 208 208 255
-0.084577456 0.3396325 0.27035445 0.25727877 0.87585443 0.40827283 208 208 208 255
-0.11241971 0.024548676 0.09490095 0.10629015 -0.8328421 -0.54320943 208 208 208 255
-0.053152323 0.33430523 0.25330144 0.4276988 0.84696406 0.31579363 208 208 208 255
-0.14621365 0.017496511 0.105623506 -0.0769734 -0.8710858 -0.48506138 208 208 208 255
-0.024757922 0.32297593 0.23401056 0.58168036 0.78552586 0.21117991 208 208 208 255
-0.17946216 0.016617157 0.11978338 -0.25727877 -0.87585443 -0.40827283 210 208 206 255
-0.00048547983 0.30608016 0.21322317 0.7133093 0.6939001 0.09845013 208 208 208 255
0.028574735 -0.08973265 0.91942257 -0.6044529 0.5380008 0.58753014 208 208 208 255
0.05637756 -0.06667611 0.92088246 -0.45367956 0.66303605 0.59544766 208 208 208 255
0.061168432 -0.34512052 0.75284934 -0.42769837 -0.84696406 -0.31579384 115 115 115 255
0.032774046 -0.33379123 0.7721402 -0.58168054 -0.78552586 -0.21117984 128 128 128 255
0.29078782 -0.082797915 0.80775106 0.8175258 0.5756087 -0.018062547 208 208 208 255
0.30421215 -0.10868993 0.786394 0.89032537 0.43519711 -0.13388109 208 208 208 255
0.008501604 -0.31689548 0.7929276 -0.71330893 -0.6939004 -0.09845046 159 159 159 255
0.31132722 -0.13766584 0.7659857 0.9289107 0.27806014 -0.24455553 208 208 208 255
-0.010715947 -0.2950824 0.81441265 -0.8175261 -0.5756081 0.018063106 177 177 177 255
0.31185967 -0.16861236 0.74731046 0.93179834 0.1102377 -0.34583148 208 208 208 255
-0.024140298 -0.26919037 0.8357698 -0.8903251 -0.43519783 0.13388059 212 212 212 255
0.30578905 -0.20034005 0.7310858 0.8988781 -0.06181881 -0.43381634 209 209 209 255
-0.031255364 -0.24021447 0.8561779 -0.9289108 -0.27805978 0.24455571 74 74 74 255
0.29334864 -0.23162949 0.7179355 0.83141273 -0.2315045 -0.50513196 209 209 209 255
0.0050554276 -0.116601795 0.91379905 -0.7319977 0.39229062 0.5570343 209 209 209 255
-0.031787813 -0.20926793 0.8748533 -0.93179834 -0.110237986 0.34583136 99 99 99 255
0.27501643 -0.2612785 0.70836467 0.731998 -0.39229026 -0.55703425 209 209 209 255
0.08739528 -0.048317984 0.9181229 -0.28546932 0.7625927 0.5804824 208 208 208 255
-0.025717184 -0.17754026 0.8910779 -0.89887786 0.06181945 0.4338166 50 50 50 255
0.2514971 -0.28814763 0.7027412 0.6044526 -0.5380012 -0.5875302 209 209 209 255
0.120435834 -0.035363987 0.9112498 -0.10629015 0.8328421 0.54320943 208 208 208 255
-0.013276786 -0.1462508 0.9042282 -0.8314127 0.23150486 0.50513214 174 174 174 255
0.22369431 -0.3112042 0.70128125 0.45367822 -0.663037 -0.5954476 209 209 209 255
0.15422979 -0.028311804 0.9005273 0.07697349 0.8710859 0.48506132 208 208 208 255
0.19267657 -0.3295623 0.7040408 0.28546947 -0.76259255 -0.58048236 146 146 146 255
0.18747827 -0.027432457 0.8863674 0.2572799 0.87585425 0.40827224 208 208 208 255
0.15963602 -0.3425163 0.7109139 0.10628937 -0.8328423 -0.5432092 73 73 73 255
0.21890341 -0.03275977 0.86931443 0.42769906 0.84696394 0.31579342 208 208 208 255
0.12584206 -0.3495685 0.7216365 -0.07697348 -0.8710858 -0.48506138 79 79 79 255
0.24729781 -0.044089064 0.8500235 0.58168083 0.7855256 0.21117955 208 208 208 255
0.09259358 -0.35044783 0.7357963 -0.25728026 -0.8758543 -0.40827215 124 124 124 255
0.27157027 -0.06098482 0.82923615 0.71330917 0.69390017 0.098450236 208 208 208 255
0.009857327 -0.064478606 0.8770409 -0.60445267 0.53800106 0.58753014 208 208 208 255
0.03766015 -0.04142207 0.8785008 -0.45367974 0.6630359 0.59544766 208 208 208 255
0.042451024 -0.31986648 0.7104677 -0.4276972 -0.8469645 -0.31579456 210 210 210 255
0.014056638 -0.3085372 0.72975856 -0.58168054 -0.78552586 -0.21117984 203 203 203 255
0.2720704 -0.057543874 0.7653694 0.8175261 0.57560825 -0.018062966 208 208 208 255
0.28549474 -0.083435886 0.74401236 0.89032555 0.43519658 -0.13388152 208 208 208 255
-0.010215804 -0.29164147 0.750546 -0.71330905 -0.69390035 -0.098450385 196 196 196 255
0.2926098 -0.1124118 0.7236041 0.92891085 0.27805918 -0.24455613 208 208 208 255
-0.029433355 -0.26982832 0.772031 -0.81752616 -0.57560796 0.018063167 209 209 209 255
0.29314226 -0.14335832 0.7049288 0.93179834 0.11023742 -0.3458317 208 208 208 255
-0.042857707 -0.24393632 0.7933881 -0.8903253 -0.43519726 0.13388096 209 209 209 255
0.28707165 -0.17508602 0.68870413 0.8988778 -0.06181957 -0.43381667 208 208 208 255
-0.049972773 -0.2149604 0.8137963 -0.92891085 -0.27805915 0.24455614 209 209 209 255
0.27463123 -0.20637545 0.67555386 0.83141255 -0.2315051 -0.50513226 208 208 208 255
-0.013661981 -0.091347754 0.8714174 -0.7319977 0.3922907 0.55703443 209 209 209 255
-0.05050522 -0.18401389 0.83247167 -0.93179834 -0.1102375 0.34583163 209 209 209 255
0.25629902 -0.23602447 0.665983 0.7319979 -0.39229044 -0.5570343 208 208 208 255
0.06867787 -0.023063943 0.87574124 -0.2854698 0.7625924 0.5804824 208 208 208 255
-0.044434592 -0.15228622 0.84869623 -0.89887786 0.06181965 0.43381673 209 209 209 255
0.23277968 -0.2628936 0.66035956 0.60445267 -0.53800106 -0.58753014 209 209 209 255
0.101718426 -0.010109961 0.8688682 -0.10629113 0.83284175 0.5432097 208 208 208 255
-0.03199418 -0.12099676 0.86184657 -0.83141243 0.23150526 0.50513226 209 209 209 255
0.2049769 -0.28595015 0.6588996 0.45367888 -0.6630366 -0.5954477 209 209 209 255
0.13551238 -0.003057763 0.85814565 0.07697319 0.87108576 0.48506144 68 68 68 255
0.17395918 -0.30430827 0.6616592 0.28547016 -0.7625922 -0.5804825 209 209 209 255
0.16876087 -0.0021784157 0.84398574 0.25727814 0.87585443 0.4082731 41 41 41 255
0.14091861 -0.3172623 0.66853225 0.10629107 -0.8328418 -0.5432097 209 209 209 255
0.200186 -0.00750573 0.8269328 0.42769814 0.84696424 0.31579402 42 42 42 255
0.10712466 -0.32431445 0.67925483 -0.076972395 -0.87108564 -0.48506173 209 209 209 255
0.2285804 -0.018835023 0.80764186 0.5816804 0.7855259 0.21117996 43 43 43 255
0.07387617 -0.32519376 0.6934146 -0.2572783 -0.87585443 -0.4082731 209 209 209 255
0.25285286 -0.03573078 0.7868545 0.7133091 0.6939002 0.098450296 38 38 38 255
-0.0086098015 -0.039562285 0.835226 -0.604452 0.5380017 0.5875303 179 187 212 255
0.019193023 -0.016505748 0.8366859 -0.45367894 0.66303647 0.59544766 140 161 216 255
0.023983896 -0.29495016 0.6686528 -0.42769736 -0.8469644 -0.3157945 150 150 150 255
-0.0044104904 -0.28362086 0.68794364 -0.58168006 -0.7855261 -0.2111802 209 209 209 255
0.25360328 -0.032627553 0.7235545 0.8175261 0.5756082 -0.018063027 208 208 208 255
0.26702762 -0.058519565 0.70219743 0.89032567 0.43519634 -0.13388172 208 208 208 255
-0.028682932 -0.26672512 0.70873106 -0.7133089 -0.6939004 -0.09845053 50 50 50 255
0.27414268 -0.087495476 0.68178916 0.9289108 0.27805945 -0.24455597 208 208 208 255
-0.047900483 -0.24491201 0.7302161 -0.81752616 -0.57560796 0.018063186 157 157 157 255
0.27467513 -0.11844199 0.6631139 0.93179834 0.110237904 -0.3458314 208 208 208 255
-0.061324835 -0.21902 0.7515732 -0.8903254 -0.4351969 0.13388123 103 103 103 255
0.26860452 -0.1501697 0.6468892 0.8988772 -0.061821647 -0.43381763 208 208 208 255
-0.0684399 -0.1900441 0.77198136 -0.92891085 -0.27805933 0.24455605 32 32 32 255
0.2561641 -0.18145913 0.63373893 0.8314125 -0.2315051 -0.50513226 208 208 208 255
-0.03212911 -0.06643143 0.8296025 -0.7319974 0.39229104 0.55703443 209 209 209 255
-0.06897235 -0.15909757 0.79065675 -0.9317982 -0.11023622 0.3458323 52 52 52 255
0.2378319 -0.21110815 0.6241681 0.73199797 -0.3922904 -0.5570343 208 208 208 255
0.050210744 0.0018523782 0.8339263 -0.28547022 0.7625922 0.58048254 209 208 208 255
-0.06290172 -0.1273699 0.8068813 -0.89887697 0.061822493 0.433818 140 140 140 255
0.21431255 -0.23797727 0.61854464 0.6044525 -0.5380012 -0.5875302 208 208 208 255
0.0832513 0.01480636 0.82705325 -0.10629174 0.8328416 0.54320985 217 217 217 255
-0.050461307 -0.09608044 0.82003164 -0.83141226 0.2315055 0.5051323 206 206 206 255
0.18650977 -0.26103383 0.6170847 0.453679 -0.6630364 -0.59544766 126 126 126 255
0.11704525 0.021858558 0.81633073 0.07697212 0.87108564 0.48506185 38 38 38 255
0.15549205 -0.27939194 0.61984426 0.28547063 -0.76259196 -0.58048254 43 43 43 255
0.15029374 0.022737905 0.8021708 0.2572785 0.8758543 0.40827295 208 208 208 255
0.122451484 -0.29234594 0.6267173 0.10629059 -0.832842 -0.5432096 48 48 48 255
0.18171887 0.017410591 0.78511786 0.42769858 0.84696406 0.31579378 208 208 208 255
0.08865753 -0.29939812 0.6374399 -0.07697292 -0.87108576 -0.48506153 145 145 145 255
0.21011327 0.006081298 0.76582694 0.58168024 0.7855259 0.21118005 212 212 212 255
0.055409044 -0.30027747 0.6515997 -0.2572785 -0.8758543 -0.40827295 209 209 209 255
0.23438571 -0.010814458 0.7450396 0.7133089 0.6939004 0.098450504 42 42 42 255
-0.02732721 -0.014308214 0.7928443 -0.60445267 0.53800106 0.58753014 179 187 212 255
0.00047558546 0.008748323 0.79430425 -0.45367905 0.6630364 0.59544766 140 161 215 255
0.0052664727 -0.2696961 0.626271 -0.42769736 -0.8469644 -0.3157945 208 208 208 255
-0.023127928 -0.2583668 0.64556193 -0.58168024 -0.7855259 -0.21118008 215 215 215 255
0.23488583 -0.007373482 0.6811728 0.81752616 0.57560813 -0.018063039 208 208 208 255
0.24831016 -0.033265494 0.6598157 0.89032584 0.43519595 -0.13388202 208 208 208 255
-0.04740037 -0.24147104 0.66634935 -0.71330917 -0.69390017 -0.09845022 208 208 208 255
0.25542527 -0.062241405 0.63940746 0.92891085 0.27805912 -0.24455613 208 208 208 255
-0.06661792 -0.21965794 0.6878344 -0.8175261 -0.5756082 0.018062996 208 208 208 255
0.2559577 -0.09318792 0.6207322 0.9317983 0.11023707 -0.34583187 208 208 208 255
-0.08004226 -0.19376592 0.70919144 -0.8903258 -0.43519628 0.13388178 208 208 208 255
0.24988706 -0.12491563 0.60450757 0.8988772 -0.06182161 -0.43381763 208 208 208 255
-0.08715734 -0.16479003 0.7295997 -0.92891085 -0.27805942 0.244556 208 208 208 255
0.2374467 -0.15620506 0.59135723 0.83141243 -0.23150532 -0.5051323 208 208 208 255
-0.050846547 -0.041177362 0.78722084 -0.73199797 0.39229038 0.5570343 209 209 209 255
-0.08768976 -0.1338435 0.74827504 -0.9317982 -0.1102361 0.34583244 208 208 208 255
0.21911447 -0.18585408 0.5817864 0.7319978 -0.3922905 -0.5570343 208 208 208 255
0.031493336 0.027106449 0.7915447 -0.28547025 0.7625922 0.5804825 140 161 215 255
-0.08161914 -0.102115825 0.7644996 -0.89887697 0.06182241 0.43381798 75 75 75 255
0.19559515 -0.2127232 0.57616293 0.60445267 -0.53800106 -0.58753014 208 208 208 255
0.06453386 0.04006043 0.78467155 -0.10629149 0.83284163 0.54320973 75 85 108 255
-0.06917873 -0.07082637 0.77765 -0.8314124 0.2315054 0.5051323 69 69 69 255
0.16779234 -0.23577976 0.574703 0.45367885 -0.6630365 -0.59544766 208 208 208 255
0.098327816 0.04711263 0.773949 0.07697179 0.8710856 0.4850619 36 36 36 255
0.13677463 -0.25413787 0.57746255 0.2854706 -0.762592 -0.58048254 64 64 64 255
0.13157633 0.047991976 0.7597891 0.25727868 0.87585443 0.40827286 38 42 45 255
0.10373406 -0.26709187 0.58433557 0.10629074 -0.8328419 -0.5432096 208 208 208 255
0.16300143 0.042664662 0.7427361 0.42769867 0.84696406 0.3157937 36 36 38 255
0.06994012 -0.27414405 0.5950582 -0.076972716 -0.87108576 -0.48506162 208 208 208 255
0.19139583 0.03133537 0.72344524 0.58168024 0.7855259 0.21118008 38 38 38 255
0.036691606 -0.2750234 0.60921806 -0.25727835 -0.87585443 -0.40827304 208 208 208 255
0.2156683 0.014439613 0.7026579 0.7133091 0.6939002 0.0984503 40 40 40 255
-0.046512574 0.011577219 0.7494031 -0.60445267 0.53800106 0.58753014 179 187 213 255
-0.018709779 0.034633756 0.7508631 -0.45367992 0.66303575 0.59544766 29 31 31 255
-0.013918892 -0.24381065 0.58282983 -0.4276971 -0.8469645 -0.31579462 35 35 35 255
-0.042313285 -0.23248136 0.60212076 -0.58168006 -0.7855261 -0.21118018 42 42 42 255
0.21570046 0.018511951 0.6377316 0.81752616 0.57560813 -0.018063087 141 162 216 255
0.2291248 -0.007380061 0.61637455 0.89032567 0.43519616 -0.13388182 141 162 216 255
-0.06658573 -0.21558563 0.6229082 -0.7133089 -0.69390047 -0.09845053 208 208 208 255
0.23623991 -0.036355972 0.5959663 0.9289109 0.27805877 -0.24455643 140 163 216 255
-0.08580328 -0.19377251 0.6443932 -0.8175261 -0.5756081 0.018063117 45 45 45 255
0.23677233 -0.06730249 0.577291 0.93179834 0.11023767 -0.3458315 140 161 214 255
-0.09922762 -0.16788049 0.66575027 -0.89032555 -0.43519676 0.13388138 125 125 125 255
0.2307017 -0.0990302 0.5610664 0.8988772 -0.06182153 -0.43381757 206 209 209 255
-0.1063427 -0.13890457 0.68615854 -0.9289109 -0.27805865 0.24455647 213 213 213 255
0.21826133 -0.13031963 0.547916 0.8314125 -0.2315051 -0.5051322 208 208 208 255
-0.07003191 -0.015291929 0.7437796 -0.73199755 0.39229086 0.55703443 208 208 208 255
-0.10687512 -0.10795806 0.7048338 -0.9317983 -0.11023682 0.34583205 216 216 216 255
0.1999291 -0.15996864 0.5383452 0.73199785 -0.3922905 -0.5570343 208 208 208 255
0.012307972 0.052991882 0.74810344 -0.28547058 0.76259196 0.58048254 32 32 32 255
-0.10080451 -0.07623039 0.7210585 -0.8988771 0.061822176 0.4338179 208 208 208 255
0.17640978 -0.18683776 0.53272176 0.60445267 -0.53800106 -0.58753014 208 208 208 255
0.045348495 0.06594586 0.74123037 -0.10629102 0.8328418 0.5432096 33 33 33 255
-0.088364094 -0.044940934 0.7342088 -0.83141243 0.23150523 0.50513226 43 43 43 255
0.14860697 -0.20989433 0.5312618 0.45367885 -0.66303664 -0.5954477 205 205 205 255
0.07914245 0.07299806 0.73050785 0.07697128 0.8710856 0.48506212 31 31 30 255
0.117589265 -0.22825244 0.5340214 0.28547087 -0.76259184 -0.5804826 41 41 41 255
0.112390965 0.07387741 0.71634793 0.2572783 0.87585443 0.40827307 69 77 100 255
0.0845487 -0.24120645 0.54089445 0.10629029 -0.832842 -0.54320943 216 216 216 255
0.14381607 0.068550095 0.6992949 0.42769834 0.8469642 0.3157939 144 168 220 255
0.050754756 -0.24825862 0.55161697 -0.07697172 -0.8710856 -0.48506197 220 220 220 255
0.17221047 0.0572208 0.68000406 0.5816802 0.785526 0.21118012 141 163 217 255
0.017506242 -0.24913795 0.5657769 -0.25727835 -0.87585443 -0.40827304 197 197 197 255
0.19648294 0.040325046 0.65921664 0.71330905 0.69390035 0.09845036 141 162 216 255
-0.06523001 0.03683126 0.7070215 -0.60445267 0.53800106 0.58753014 178 187 211 255
-0.037427187 0.059887797 0.70848143 -0.45367986 0.66303587 0.5954477 140 161 215 255
-0.032636315 -0.21855661 0.5404482 -0.42769814 -0.84696424 -0.31579402 208 208 208 255
-0.06103071 -0.20722732 0.5597391 -0.5816802 -0.785526 -0.21118008 208 208 208 255
0.19698305 0.043765992 0.59534997 0.81752616 0.57560813 -0.018063087 141 162 216 255
0.21040739 0.01787398 0.5739929 0.89032567 0.43519622 -0.13388176 140 161 215 255
-0.08530315 -0.19033156 0.58052653 -0.7133089 -0.6939004 -0.098450504 208 208 208 255
0.21752247 -0.011101931 0.55358464 0.9289108 0.2780595 -0.2445559 141 162 216 255
-0.1045207 -0.16851847 0.60201156 -0.8175261 -0.5756081 0.018063117 208 208 208 255
0.21805489 -0.042048447 0.53490937 0.93179834 0.11023767 -0.3458315 141 162 216 255
-0.117945045 -0.14262645 0.6233686 -0.8903254 -0.435197 0.13388121 208 208 208 255
0.21198429 -0.073776156 0.51868474 0.8988772 -0.06182169 -0.43381765 141 162 216 255
-0.12506011 -0.11365056 0.6437769 -0.92891085 -0.27805942 0.244556 208 208 208 255
0.1995439 -0.10506559 0.50553435 0.83141273 -0.2315047 -0.505132 141 162 216 255
-0.088749334 0.009962112 0.70139796 -0.7319977 0.3922907 0.55703443 208 208 208 255
-0.12559256 -0.08270402 0.66245216 -0.9317981 -0.110235624 0.34583268 208 208 208 255
0.1812117 -0.1347146 0.49596357 0.7319981 -0.39229023 -0.55703425 141 162 216 255
-0.0064094663 0.07824592 0.7057218 -0.28547102 0.7625917 0.58048254 140 161 215 255
-0.11952193 -0.05097635 0.67867684 -0.8988771 0.061822336 0.43381798 208 208 208 255
0.15769234 -0.16158372 0.4903401 0.6044526 -0.5380012 -0.5875302 141 162 216 255
0.026631087 0.091199905 0.6988487 -0.1062907 0.8328419 0.5432096 140 161 215 255
-0.10708152 -0.019686893 0.6918272 -0.8314127 0.23150481 0.50513214 208 208 208 255
0.12988955 -0.18464029 0.48888013 0.45367897 -0.6630364 -0.59544766 141 163 216 255
0.060425013 0.0982521 0.6881262 0.07697128 0.8710856 0.48506212 31 31 31 255
0.09887184 -0.2029984 0.49163973 0.28547075 -0.7625919 -0.5804826 211 210 207 255
0.09367353 0.09913145 0.6739663 0.25727835 0.87585443 0.40827307 31 31 31 255
0.065831274 -0.21595241 0.4985128 0.10629003 -0.8328421 -0.54320943 208 208 208 255
0.12509866 0.093804136 0.6569133 0.42769903 0.846964 0.31579348 32 32 32 255
0.032037318 -0.22300458 0.5092353 -0.07697299 -0.87108576 -0.48506153 208 208 208 255
0.15349306 0.08247484 0.6376224 0.5816802 0.785526 0.21118012 32 32 32 255
-0.0012111738 -0.22388394 0.52339524 -0.25727838 -0.87585443 -0.40827298 208 208 208 255
0.1777655 0.06557909 0.616835 0.71330905 0.69390035 0.09845036 34 34 34 255
-0.08418739 0.062409088 0.6640965 -0.60445267 0.53800106 0.58753014 179 187 212 255
-0.05638458 0.085465625 0.6655564 -0.45367944 0.66303617 0.5954477 139 160 214 255
-0.051593706 -0.1929788 0.4975232 -0.42769784 -0.8469643 -0.31579417 140 163 216 255
-0.0799881 -0.1816495 0.5168141 -0.58168054 -0.78552586 -0.21117984 160 176 209 255
0.17802568 0.06934382 0.5524249 0.8175259 0.5756083 -0.018062865 140 161 215 255
0.19145001 0.04345181 0.53106785 0.8903258 0.43519598 -0.13388197 140 161 215 255
-0.10426054 -0.16475375 0.5376015 -0.7133091 -0.6939002 -0.09845034 208 208 208 255
0.19856507 0.014475897 0.51065964 0.9289108 0.2780597 -0.2445558 140 161 215 255
-0.12347809 -0.14294066 0.55908656 -0.81752616 -0.57560813 0.018063057 208 208 208 255
0.19909751 -0.016470619 0.49198434 0.93179834 0.110237904 -0.34583145 140 161 215 255
-0.13690244 -0.117048636 0.5804436 -0.89032537 -0.43519714 0.13388106 208 208 208 255
0.19302692 -0.048198327 0.47575969 0.8988773 -0.06182129 -0.43381745 140 161 215 255
-0.14401752 -0.08807272 0.60085183 -0.9289108 -0.27805924 0.24455602 208 208 208 255
0.18058652 -0.07948776 0.46260935 0.83141285 -0.23150446 -0.50513196 140 161 215 255
-0.107706726 0.03553994 0.6584729 -0.73199755 0.39229086 0.55703443 208 208 208 255
-0.14454994 -0.05712618 0.61952716 -0.9317982 -0.110236384 0.34583223 208 208 208 255
0.1622543 -0.109136775 0.45303854 0.7319979 -0.39229047 -0.5570343 140 161 215 255
-0.025366843 0.10382375 0.66279674 -0.28546992 0.76259226 0.5804824 139 160 214 255
-0.13847932 -0.025398508 0.6357518 -0.8988771 0.061822295 0.43381798 208 208 208 255
0.13873497 -0.13600591 0.44741505 0.60445267 -0.53800106 -0.58753014 140 161 215 255
0.0076737106 0.11677773 0.6559237 -0.10629077 0.8328418 0.54320955 115 131 175 255
-0.12603891 0.0058909357 0.6489021 -0.83141285 0.23150441 0.50513196 208 208 208 255
0.11093216 -0.15906246 0.4459551 0.45367858 -0.66303676 -0.59544766 141 162 216 255
0.041467637 0.12382993 0.64520115 0.07697245 0.87108576 0.4850618 29 29 29 255
0.07991445 -0.17742059 0.44871467 0.28547013 -0.7625922 -0.5804825 141 162 216 255
0.07471612 0.12470928 0.6310413 0.25727737 0.8758545 0.40827352 140 161 215 255
0.046873882 -0.19037457 0.45558777 0.10628981 -0.8328421 -0.5432093 141 162 216 255
0.106141284 0.119381964 0.6139883 0.42769915 0.8469639 0.31579342 140 161 215 255
0.013079934 -0.19742674 0.46631032 -0.07697348 -0.8710858 -0.48506138 141 162 216 255
0.13453569 0.10805267 0.59469736 0.5816802 0.785526 0.21118012 144 165 222 255
-0.020168565 -0.1983061 0.4804702 -0.25727782 -0.87585443 -0.40827322 140 162 216 255
0.1588081 0.091156915 0.57391 0.71330905 0.69390035 0.09845036 30 30 30 255
-0.1029048 0.08766313 0.62171483 -0.6044527 0.53800094 0.58753014 178 186 211 255
-0.07510199 0.110719666 0.6231747 -0.45367992 0.66303575 0.59544766 23 24 23 255
-0.070311114 -0.16772476 0.45514154 -0.42769736 -0.8469644 -0.3157945 140 161 215 255
-0.09870551 -0.15639544 0.47443247 -0.5816806 -0.78552574 -0.2111798 140 161 215 255
0.15930827 0.09459786 0.51004326 0.8175259 0.5756084 -0.018062796 140 161 215 255
0.1727326 0.06870585 0.48868623 0.89032555 0.4351967 -0.13388143 140 161 215 255
-0.12297795 -0.13949971 0.49521983 -0.71330893 -0.69390035 -0.09845042 140 161 215 255
0.17984766 0.039729938 0.468278 0.9289109 0.27805877 -0.24455643 140 161 215 255
-0.1421955 -0.117686585 0.5167049 -0.8175261 -0.5756083 0.01806294 141 162 216 255
0.1803801 0.008783422 0.4496027 0.93179834 0.110237956 -0.3458314 140 161 215 255
-0.15561984 -0.091794595 0.538062 -0.8903252 -0.4351976 0.13388073 141 162 216 255
0.1743095 -0.022944286 0.43337804 0.8988773 -0.06182113 -0.43381742 140 161 215 255
-0.16273493 -0.062818676 0.5584702 -0.92891085 -0.27805877 0.24455638 141 162 216 255
0.16186911 -0.054233722 0.4202277 0.8314127 -0.23150471 -0.505132 140 161 215 255
-0.12642413 0.06079398 0.61609125 -0.7319974 0.39229107 0.55703443 208 208 208 255
-0.16326734 -0.03187214 0.5771455 -0.9317982 -0.1102365 0.3458321 138 161 217 255
0.1435369 -0.083882734 0.4106569 0.7319982 -0.39229003 -0.5570342 140 161 215 255
-0.04408425 0.12907779 0.6204151 -0.28547004 0.7625922 0.5804824 24 24 24 255
-0.15719673 -0.00014446676 0.59337014 -0.89887697 0.061822493 0.433818 208 208 208 255
0.120017566 -0.11075186 0.4050334 0.6044527 -0.53800094 -0.58753014 140 161 215 255
-0.011043698 0.14203177 0.6135421 -0.10629042 0.832842 0.5432095 25 25 25 255
-0.14475632 0.031144977 0.6065205 -0.8314126 0.23150495 0.50513214 208 208 208 255
0.09221475 -0.13380842 0.40357345 0.4536785 -0.66303676 -0.59544766 139 162 217 255
0.022750229 0.14908397 0.6028195 0.07697204 0.87108564 0.48506188 25 25 25 255
0.061197042 -0.15216655 0.40633303 0.28547016 -0.7625922 -0.5804825 68 81 103 255
0.055998713 0.14996332 0.58865964 0.25727937 0.8758543 0.4082725 26 26 26 255
0.028156474 -0.16512053 0.41320613 0.10629001 -0.83284205 -0.5432094 142 164 217 255
0.087423876 0.144636 0.57160664 0.427698 0.84696424 0.31579408 26 26 26 255
-0.0056374744 -0.1721727 0.42392868 -0.07697312 -0.87108576 -0.4850615 131 148 186 255
0.11581828 0.13330671 0.5523157 0.58168024 0.7855259 0.21118008 27 27 27 255
-0.038885973 -0.17305206 0.43808857 -0.25727937 -0.8758543 -0.4082725 126 142 187 255
0.14009069 0.116410956 0.53152835 0.71330893 0.69390035 0.09845042 72 81 104 255
-0.121614486 0.112906724 0.5793507 -0.6044527 0.538001 0.58753014 139 161 215 255
-0.09381166 0.13596326 0.5808106 -0.45367917 0.66303635 0.5954477 21 21 20 255
-0.08902079 -0.14248115 0.41277742 -0.42769808 -0.84696424 -0.31579405 140 161 215 255
-0.11741518 -0.13115185 0.43206835 -0.58168024 -0.7855259 -0.21118008 142 162 214 255
0.14059858 0.11984146 0.46767917 0.81752586 0.57560843 -0.018062737 139 160 214 255
0.15402292 0.093949445 0.4463221 0.8903254 0.43519682 -0.13388132 139 160 214 255
-0.14168763 -0.11425613 0.4528557 -0.71330905 -0.69390035 -0.09845039 75 83 107 255
0.161138 0.06497353 0.42591387 0.9289108 0.27805975 -0.24455573 139 160 214 255
-0.16090518 -0.092443004 0.4743408 -0.8175258 -0.5756087 0.018062586 38 39 50 255
0.16167045 0.034027018 0.40723857 0.93179834 0.11023818 -0.34583125 139 160 214 255
-0.17432952 -0.066550985 0.49569783 -0.89032525 -0.43519735 0.13388093 142 163 216 255
0.15559982 0.0022993088 0.39101392 0.8988776 -0.06182017 -0.43381697 139 160 214 255
-0.18144459 -0.03757508 0.51610607 -0.9289107 -0.27806005 0.24455556 140 161 215 255
0.14315942 -0.028990127 0.3778636 0.83141315 -0.23150387 -0.5051318 139 160 214 255
-0.14513381 0.086037576 0.57372713 -0.73199797 0.39229032 0.5570343 140 161 215 255
-0.18197703 -0.006628558 0.5347814 -0.9317983 -0.110237174 0.34583178 140 161 215 255
0.12482722 -0.05863914 0.36829278 0.731998 -0.39229023 -0.5570342 140 161 215 255
-0.06279394 0.15432139 0.578051 -0.28546953 0.7625925 0.58048236 109 123 159 255
-0.1759064 0.025099114 0.551006 -0.89887744 0.061821062 0.43381742 140 161 215 255
0.10130788 -0.085508265 0.3626693 0.6044526 -0.53800106 -0.58753014 140 161 215 255
-0.029753387 0.16727537 0.57117796 -0.10629011 0.8328421 0.54320943 139 160 214 255
-0.163466 0.05638857 0.56415635 -0.8314132 0.23150375 0.5051317 140 161 215 255
0.073505074 -0.108564824 0.36120933 0.45367834 -0.663037 -0.5954477 140 162 216 255
0.004040569 0.17432757 0.5604554 0.076972514 0.87108576 0.48506173 141 162 218 255
0.04248736 -0.12692294 0.3639689 0.28547004 -0.76259226 -0.5804825 140 161 215 255
0.037289053 0.17520691 0.5462955 0.25727972 0.8758543 0.40827236 22 22 23 255
0.0094468 -0.13987695 0.370842 0.106289126 -0.8328423 -0.5432092 140 161 215 255
0.06871419 0.1698796 0.5292425 0.42769894 0.84696394 0.31579348 140 161 214 255
-0.024347149 -0.14692912 0.38156456 -0.0769734 -0.8710858 -0.48506138 140 161 215 255
0.09710859 0.1585503 0.5099516 0.5816805 0.78552574 0.21117984 25 25 25 255
-0.057595648 -0.14780846 0.39572445 -0.25727937 -0.8758543 -0.40827248 140 161 215 255
0.12138103 0.14165455 0.48916423 0.71330917 0.69390017 0.09845021 26 25 25 255
-0.1407963 0.13878736 0.5359175 -0.6044526 0.53800106 0.58753014 141 162 217 255
-0.11299348 0.1618439 0.5373774 -0.4536792 0.6630362 0.59544766 19 19 19 255
-0.10820261 -0.116600506 0.36934423 -0.42769772 -0.8469643 -0.31579426 70 76 100 255
-0.13659701 -0.10527122 0.38863516 -0.58168024 -0.7855259 -0.21118002 80 86 111 255
0.12141676 0.14572209 0.42424598 0.81752604 0.57560825 -0.018062936 23 23 23 255
0.1348411 0.11983008 0.40288892 0.89032555 0.43519658 -0.13388152 54 62 78 255
-0.16086945 -0.08837548 0.40942252 -0.71330893 -0.6939004 -0.098450445 140 162 217 255
0.14195618 0.09085417 0.38248068 0.9289108 0.27805954 -0.24455586 139 160 214 255
-0.180087 -0.06656237 0.4309076 -0.81752604 -0.5756083 0.018062897 140 161 215 255
0.14248861 0.059907652 0.36380538 0.9317982 0.110236906 -0.34583196 139 160 214 255
-0.19351134 -0.04067035 0.45226464 -0.89032537 -0.43519711 0.13388109 140 161 215 255
0.136418 0.028179944 0.34758073 0.8988776 -0.06182037 -0.43381706 139 160 214 255
-0.2006264 -0.011694446 0.47267288 -0.9289108 -0.2780598 0.24455567 140 161 215 255
0.1239776 -0.0031094924 0.3344304 0.83141285 -0.23150441 -0.50513196 139 160 214 255
-0.16431561 0.11191821 0.53029394 -0.73199785 0.39229065 0.5570344 140 161 215 255
-0.20115885 0.019252077 0.4913482 -0.9317982 -0.11023642 0.3458322 140 161 215 255
0.1056454 -0.032758504 0.3248596 0.73199797 -0.39229035 -0.5570343 139 160 214 255
-0.08197576 0.18020202 0.5346178 -0.2854694 0.76259255 0.5804823 10 9 9 255
-0.19508822 0.05097975 0.5075728 -0.8988774 0.06182133 0.4338175 145 167 220 255
0.08212606 -0.05962763 0.3192361 0.6044527 -0.538001 -0.58753014 139 160 214 255
-0.048935205 0.193156 0.52774477 -0.10629115 0.8328418 0.54320973 17 17 16 255
-0.18264782 0.08226921 0.52072316 -0.831413 0.23150429 0.50513196 22 25 20 255
0.054323263 -0.08268419 0.31777614 0.4536785 -0.66303676 -0.59544766 139 160 214 255
-0.015141264 0.2002082 0.5170222 0.07697224 0.87108564 0.4850618 20 20 20 255
0.023305543 -0.10104231 0.32053572 0.28547004 -0.7625922 -0.5804824 139 160 214 255
0.018107235 0.20108755 0.50286233 0.2572792 0.87585443 0.40827262 21 21 21 255
-0.009735018 -0.11399631 0.32740882 0.10629018 -0.83284205 -0.54320943 87 102 129 255
0.04953237 0.19576024 0.48580933 0.42769867 0.84696406 0.3157937 53 63 79 255
-0.043528967 -0.12104847 0.33813137 -0.076973364 -0.8710858 -0.4850614 130 147 188 255
0.07792677 0.18443094 0.4665184 0.5816805 0.78552586 0.2111799 141 163 218 255
-0.076777466 -0.12192783 0.35229126 -0.25727886 -0.8758543 -0.40827274 77 89 115 255
0.10219921 0.16753519 0.44573104 0.7133091 0.6939002 0.09845028 22 22 22 255
-0.16050452 0.16537824 0.49129233 -0.6044527 0.53800094 0.58753014 139 161 216 255
-0.13270171 0.18843478 0.49275225 -0.45367962 0.6630361 0.5954477 17 17 17 255
-0.12791084 -0.09000962 0.32471907 -0.4276973 -0.8469645 -0.31579453 139 160 214 255
-0.15630522 -0.07868034 0.34401 -0.5816799 -0.7855261 -0.21118028 139 160 214 255
0.10170855 0.17231297 0.37962085 0.81752586 0.57560855 -0.018062688 20 20 20 255
0.11513287 0.14642096 0.3582638 0.89032555 0.43519676 -0.1338814 54 60 80 255
-0.18057767 -0.061784595 0.36479735 -0.7133089 -0.69390047 -0.098450564 136 161 213 255
0.12224795 0.11744505 0.33785552 0.9289108 0.27805945 -0.24455597 139 160 214 255
-0.19979522 -0.039971486 0.38628244 -0.81752586 -0.5756086 0.018062646 53 63 85 255
0.12278038 0.086498536 0.31918022 0.93179834 0.11023771 -0.3458315 139 160 214 255
-0.21321957 -0.014079466 0.4076395 -0.89032525 -0.43519726 0.13388097 101 114 146 255
0.11670977 0.054770827 0.30295557 0.89887744 -0.06182069 -0.43381718 139 160 214 255
-0.22033465 0.0148964375 0.42804772 -0.9289108 -0.27805963 0.24455583 20 18 20 255
0.104269385 0.023481391 0.28980523 0.83141273 -0.2315045 -0.50513196 139 160 214 255
-0.18402386 0.1385091 0.48566884 -0.7319973 0.39229128 0.55703455 139 160 214 255
-0.22086707 0.04584296 0.44672304 -0.9317983 -0.11023733 0.3458317 142 163 218 255
0.08593717 -0.0061676204 0.28023446 0.7319983 -0.39228994 -0.5570342 139 160 214 255
-0.101683974 0.2067929 0.48999268 -0.28547096 0.7625918 0.5804826 15 16 14 255
-0.21479645 0.07757063 0.46294767 -0.8988772 0.06182169 0.43381765 142 161 215 255
0.062417842 -0.033036746 0.27461094 0.604453 -0.5380007 -0.58753014 139 160 214 255
-0.068643436 0.21974689 0.4831196 -0.10629145 0.83284163 0.54320973 139 160 214 255
-0.20235604 0.10886009 0.476098 -0.83141273 0.23150468 0.505132 139 160 214 255
0.034615032 -0.056093305 0.273151 0.45367897 -0.6630364 -0.59544766 139 160 214 255
-0.034849495 0.22679909 0.47239703 0.07697137 0.8710856 0.48506212 139 160 214 255
0.0035973117 -0.074451424 0.27591056 0.2854707 -0.76259196 -0.58048254 141 164 219 255
-0.0016009957 0.22767843 0.45823717 0.2572784 0.87585443 0.40827298 139 160 214 255
-0.029443245 -0.08740543 0.2827837 0.10629074 -0.8328419 -0.5432096 139 160 214 255
0.029824138 0.22235112 0.44118416 0.42769834 0.8469642 0.3157939 18 19 17 255
-0.0632372 -0.09445759 0.29350623 -0.076972716 -0.87108576 -0.48506156 139 160 214 255
0.058218554 0.21102183 0.4218933 0.58168006 0.7855261 0.2111802 18 18 18 255
-0.0964857 -0.095336944 0.3076661 -0.25727838 -0.87585443 -0.40827298 139 160 214 255
0.082490966 0.19412607 0.40110588 0.7133089 0.69390047 0.09845057 20 20 20 255
-0.17967728 0.19124664 0.44787967 -0.6044527 0.538001 0.58753014 181 189 213 255
-0.15187447 0.2143032 0.4493396 -0.4536795 0.6630361 0.5954477 14 14 14 255
-0.1470836 -0.06414122 0.28130642 -0.42769742 -0.8469645 -0.3157945 48 52 67 255
-0.17547798 -0.05281192 0.30059734 -0.58168006 -0.7855261 -0.21118018 58 64 82 255
0.08253577 0.19818139 0.33620816 0.81752586 0.57560855 -0.018062688 17 16 15 255
0.09596011 0.17228937 0.3148511 0.8903254 0.43519682 -0.13388133 50 57 72 255
-0.19975042 -0.035916194 0.32138473 -0.7133088 -0.69390047 -0.098450586 45 50 70 255
0.10307519 0.14331347 0.29444286 0.9289108 0.27805972 -0.24455577 139 160 214 255
-0.21896797 -0.01410307 0.34286976 -0.81752586 -0.57560855 0.018062696 139 161 213 255
0.103607625 0.112366945 0.27576753 0.9317984 0.11023764 -0.34583157 139 160 214 255
-0.23239233 0.0117889345 0.36422682 -0.89032525 -0.43519732 0.13388094 139 160 214 255
0.09753701 0.080639236 0.2595429 0.89887756 -0.06182053 -0.4338171 139 160 214 255
-0.2395074 0.04076484 0.38463506 -0.9289108 -0.2780598 0.24455567 139 160 214 255
0.08509663 0.0493498 0.24639258 0.831413 -0.23150425 -0.5051319 139 160 214 255
-0.20319661 0.16437751 0.44225615 -0.7319975 0.39229104 0.5570345 139 160 214 255
-0.24003983 0.07171138 0.4033104 -0.9317984 -0.110237285 0.34583178 139 160 214 255
0.066764414 0.019700788 0.23682177 0.73199826 -0.39229 -0.5570342 139 160 214 255
-0.12085673 0.2326613 0.44658 -0.28547072 0.7625919 0.58048254 15 15 15 255
-0.23396921 0.10343905 0.419535 -0.8988773 0.06182145 0.43381754 139 160 213 255
0.043245077 -0.007168345 0.23119828 0.6044531 -0.53800064 -0.58753014 139 160 214 255
-0.08781619 0.2456153 0.43970692 -0.10629129 0.83284163 0.5432097 209 208 208 255
-0.2215288 0.13472849 0.43268532 -0.83141285 0.23150444 0.50513196 140 160 212 255
0.0154422745 -0.030224897 0.22973832 0.45367897 -0.66303647 -0.59544766 139 160 214 255
-0.054022253 0.2526675 0.42898437 0.076971635 0.8710856 0.48506197 159 171 216 255
-0.015575446 -0.048583023 0.2324979 0.28547066 -0.76259196 -0.58048254 139 160 214 255
-0.020773754 0.25354683 0.4148245 0.25727832 0.87585443 0.40827307 16 16 16 255
-0.048616003 -0.061537012 0.239371 0.10629066 -0.8328419 -0.5432096 139 160 214 255
0.01065138 0.24821952 0.3977715 0.4276986 0.8469641 0.31579378 16 16 16 255
-0.082409956 -0.06858917 0.25009355 -0.07697307 -0.87108576 -0.48506144 93 109 145 255
0.03904578 0.23689023 0.3784806 0.58168006 0.7855261 0.21118023 138 160 214 255
-0.115658455 -0.06946854 0.26425344 -0.25727835 -0.87585443 -0.40827307 49 56 72 255
0.06331822 0.21999449 0.3576932 0.7133088 0.69390047 0.09845059 138 160 213 255
-0.19785744 0.2157758 0.40671453 -0.6044524 0.5380014 0.58753026 180 188 213 255
-0.17005461 0.23883235 0.40817446 -0.45367953 0.6630361 0.5954477 12 12 12 255
-0.16526374 -0.039612062 0.24014129 -0.4276979 -0.84696424 -0.31579414 139 160 214 255
-0.19365814 -0.028282762 0.2594322 -0.5816805 -0.78552586 -0.2111799 139 160 214 255
0.06435563 0.22271055 0.29504305 0.81752616 0.57560813 -0.018063087 13 13 13 255
0.07777996 0.19681853 0.273686 0.89032567 0.43519646 -0.13388163 48 56 74 255
-0.21793059 -0.011387035 0.28021958 -0.71330905 -0.69390035 -0.098450385 139 160 214 255
0.084895045 0.16784263 0.25327772 0.92891085 0.27805915 -0.24455614 137 160 213 255
-0.23714814 0.010426089 0.30170465 -0.81752616 -0.57560796 0.018063186 140 161 214 255
0.08542746 0.1368961 0.23460242 0.9317983 0.110237464 -0.34583163 137 160 213 255
-0.25057247 0.036318094 0.3230617 -0.8903254 -0.43519682 0.13388132 51 56 73 255
0.079356864 0.105168395 0.21837778 0.8988773 -0.06182117 -0.43381742 137 160 213 255
-0.25768757 0.065294 0.34346992 -0.92891085 -0.27805918 0.24455613 104 120 152 255
0.066916466 0.07387896 0.20522745 0.8314127 -0.23150474 -0.505132 137 160 213 255
-0.22137676 0.18890667 0.40109104 -0.73199755 0.39229095 0.55703443 139 160 214 255
-0.25822 0.096240535 0.36214525 -0.9317982 -0.110236466 0.3458322 139 160 214 255
0.04858426 0.044229947 0.19565666 0.731998 -0.39229035 -0.55703425 137 160 213 255
-0.1390369 0.25719047 0.40541488 -0.28546995 0.7625923 0.5804825 12 12 12 255
-0.25214937 0.1279682 0.37836987 -0.89887714 0.0618221 0.4338179 10 8 7 255
0.025064923 0.017360818 0.19003315 0.6044526 -0.53800106 -0.58753014 137 160 213 255
-0.10599634 0.27014446 0.3985418 -0.10629081 0.8328418 0.54320955 13 13 13 255
-0.23970896 0.15925765 0.3915202 -0.83141285 0.2315044 0.50513196 139 160 214 255
-0.0027378798 -0.005695738 0.18857321 0.45367858 -0.6630367 -0.59544766 32 36 45 255
-0.072202414 0.27719665 0.38781923 0.07697241 0.87108576 0.48506176 13 13 13 255
-0.0337556 -0.024053864 0.19133277 0.2854702 -0.76259214 -0.5804825 113 129 174 255
-0.0389539 0.278076 0.37365937 0.25727847 0.87585443 0.40827295 14 14 14 255
-0.066796154 -0.037007853 0.19820587 0.10629041 -0.832842 -0.5432095 144 166 220 255
-0.007528767 0.27274868 0.35660636 0.4276988 0.846964 0.3157936 208 208 208 255
-0.10059011 -0.044060014 0.20892844 -0.07697351 -0.8710858 -0.48506132 139 160 214 255
0.020865634 0.2614194 0.3373155 0.5816803 0.78552586 0.21117996 208 208 208 255
-0.13383861 -0.044939384 0.2230883 -0.25727865 -0.8758543 -0.40827286 139 160 214 255
0.045138076 0.24452364 0.31652808 0.7133093 0.6939001 0.09845015 208 208 208 255
-0.21610686 0.2403984 0.36539257 -0.604452 0.53800166 0.58753026 178 186 211 255
-0.18830404 0.26345494 0.36685252 -0.45367953 0.6630361 0.5954477 11 11 11 255
-0.18351316 -0.014989458 0.19881934 -0.42769787 -0.84696424 -0.31579417 149 172 226 255
-0.21190757 -0.0036601722 0.21811025 -0.5816805 -0.78552586 -0.21117988 140 165 222 255
0.046106204 0.24733314 0.2537211 0.81752616 0.57560813 -0.018063087 216 216 216 255
0.05953054 0.22144112 0.23236403 0.89032567 0.43519646 -0.13388163 208 208 208 255
-0.23618001 0.013235569 0.23889762 -0.71330905 -0.69390035 -0.09845034 135 158 213 255
0.06664562 0.19246522 0.21195579 0.92891085 0.27805927 -0.24455607 208 208 208 255
-0.25539756 0.03504868 0.26038268 -0.8175261 -0.5756082 0.018062988 139 161 216 255
0.067178056 0.1615187 0.19328046 0.9317983 0.110237464 -0.34583163 208 208 208 255
-0.2688219 0.060940698 0.28173974 -0.8903254 -0.43519703 0.1338812 137 160 213 255
0.06110744 0.12979099 0.17705584 0.8988774 -0.061821055 -0.43381742 208 208 208 255
-0.27593696 0.0899166 0.30214798 -0.9289108 -0.27805957 0.24455583 137 160 213 255
0.04866705 0.09850156 0.1639055 0.83141273 -0.23150465 -0.505132 208 210 209 255
-0.23962617 0.21352926 0.35976908 -0.73199755 0.392291 0.5570345 139 160 214 255
-0.2764694 0.12086313 0.3208233 -0.9317982 -0.11023642 0.3458322 137 160 213 255
0.030334845 0.068852544 0.1543347 0.731998 -0.39229026 -0.55703425 137 160 213 255
-0.15728632 0.28181309 0.36409292 -0.28546956 0.7625925 0.58048236 10 10 10 255
-0.27039877 0.15259081 0.33704793 -0.8988773 0.06182149 0.43381757 137 159 214 255
0.006815508 0.04198342 0.1487112 0.6044525 -0.5380013 -0.58753026 137 160 213 255
-0.12424576 0.29476705 0.35721985 -0.10629045 0.832842 0.5432095 10 10 10 255
-0.25795838 0.18388025 0.35019824 -0.8314127 0.23150483 0.50513214 138 159 215 255
-0.020987295 0.018926859 0.14725125 0.45367858 -0.66303676 -0.59544766 137 160 213 255
-0.09045182 0.30181926 0.3464973 0.07697236 0.87108576 0.48506173 209 209 209 255
-0.052005015 0.00056874007 0.15001082 0.28547016 -0.7625922 -0.5804825 137 160 213 255
-0.057203323 0.3026986 0.3323374 0.2572787 0.8758543 0.40827283 208 208 208 255
-0.085045576 -0.012385249 0.15688393 0.10629037 -0.832842 -0.54320943 137 160 213 255
-0.02577819 0.29737127 0.31528443 0.4276989 0.846964 0.31579354 208 208 208 255
-0.118839525 -0.019437417 0.16760647 -0.07697319 -0.87108576 -0.48506144 137 160 212 255
0.0026162118 0.28604198 0.2959935 0.58168036 0.78552586 0.21117994 208 208 208 255
-0.15208802 -0.02031678 0.18176633 -0.2572785 -0.8758543 -0.40827295 53 59 76 255
0.026888654 0.26914623 0.27520615 0.7133093 0.6939001 0.09845016 208 208 208 255
-0.23435628 0.26502103 0.32407057 -0.60445255 0.5380012 0.5875302 177 186 211 255
-0.20655346 0.28807756 0.32553053 -0.45367956 0.6630361 0.5954477 208 208 208 255
-0.20176259 0.009633161 0.15749735 -0.42769784 -0.8469643 -0.3157942 137 160 213 255
-0.23015699 0.020962462 0.17678827 -0.58168054 -0.78552586 -0.21117988 137 160 213 255
0.027856782 0.2719558 0.2123991 0.81752616 0.57560813 -0.018063057 208 208 208 255
0.04128112 0.24606377 0.19104204 0.8903256 0.43519643 -0.13388166 208 208 208 255
-0.25442943 0.037858203 0.19757563 -0.7133091 -0.6939002 -0.098450296 137 160 213 255
0.0483962 0.21708785 0.1706338 0.92891085 0.27805912 -0.24455614 208 208 208 255
-0.27364698 0.059671313 0.21906069 -0.81752616 -0.57560813 0.018063087 137 160 212 255
0.048928633 0.18614134 0.15195847 0.9317983 0.110236995 -0.34583196 208 208 208 255
-0.28707132 0.08556332 0.24041775 -0.8903254 -0.4351969 0.13388123 129 149 196 255
0.04285802 0.15441363 0.13573384 0.8988774 -0.061821092 -0.43381742 208 208 208 255
-0.29418638 0.114539236 0.260826 -0.92891085 -0.27805933 0.24455602 110 126 159 255
0.030417621 0.12312418 0.12258351 0.8314127 -0.23150475 -0.5051321 208 208 208 255
-0.2578756 0.2381519 0.31844708 -0.7319977 0.39229062 0.5570344 137 159 213 255
-0.29471883 0.14548576 0.27950132 -0.9317982 -0.11023607 0.34583247 20 22 24 255
0.012085423 0.09347518 0.1130127 0.731998 -0.39229035 -0.55703425 208 208 208 255
-0.17553574 0.3064357 0.32277095 -0.28547007 0.76259226 0.5804824 208 208 208 255
-0.2886482 0.17721343 0.29572594 -0.89887714 0.061821852 0.43381774 142 166 219 255
-0.011433918 0.066606045 0.10738921 0.6044526 -0.5380012 -0.5875302 208 208 208 255
-0.14249519 0.3193897 0.31589785 -0.10629149 0.83284163 0.54320973 208 208 208 255
-0.2762078 0.20850289 0.30887628 -0.83141273 0.23150457 0.50513196 138 161 216 255
-0.03923672 0.043549486 0.10592927 0.45367846 -0.6630368 -0.59544766 208 208 208 255
-0.108701244 0.32644188 0.3051753 0.07697299 0.87108576 0.48506153 208 208 208 255
-0.07025444 0.025191367 0.10868883 0.28547025 -0.7625922 -0.5804825 208 208 207 255
-0.075452745 0.32732123 0.29101542 0.25727877 0.87585443 0.40827283 208 208 208 255
-0.103295 0.012237374 0.11556193 0.10629014 -0.83284205 -0.54320943 208 208 210 255
-0.04402761 0.32199392 0.27396244 0.42769903 0.846964 0.31579348 208 208 208 255
-0.13708895 0.005185209 0.12628448 -0.07697348 -0.8710858 -0.48506138 136 159 214 255
-0.01563321 0.31066462 0.25467154 0.5816805 0.78552586 0.2111799 208 208 208 255
-0.17033745 0.0043058544 0.14044435 -0.25727883 -0.8758543 -0.4082728 137 160 213 255
0.008639231 0.29376888 0.23388416 0.7133093 0.69390017 0.09845018 208 208 208 255
-0.2526057 0.28964365 0.28274864 -0.6044525 0.5380013 0.58753026 177 186 211 255
-0.22480288 0.31270018 0.28420857 -0.4536794 0.66303617 0.59544766 208 208 208 255
-0.22001201 0.034255773 0.11617539 -0.42769808 -0.84696424 -0.31579408 208 208 208 255
-0.2484064 0.045585066 0.1354663 -0.5816803 -0.78552586 -0.21118 208 208 208 255
0.00960736 0.29657838 0.17107715 0.8175259 0.5756085 -0.018062757 208 208 208 255
0.023031697 0.27068636 0.14972007 0.89032555 0.43519667 -0.13388145 208 208 208 255
-0.27267885 0.062480807 0.15625368 -0.7133088 -0.6939006 -0.09845065 208 208 208 255
0.030146778 0.24171045 0.12931183 0.92891085 0.27805912 -0.24455614 208 208 208 255
-0.2918964 0.08429392 0.17773874 -0.81752616 -0.57560813 0.018063048 135 157 213 255
0.030679211 0.21076393 0.11063652 0.93179834 0.110237665 -0.34583157 208 208 208 255
-0.30532074 0.11018593 0.1990958 -0.8903254 -0.4351971 0.13388115 137 160 213 255
0.024608605 0.17903623 0.09441189 0.89887744 -0.061821062 -0.43381742 208 208 208 255
-0.3124358 0.13916184 0.21950403 -0.9289108 -0.2780595 0.24455589 137 160 213 255
0.012168214 0.1477468 0.08126155 0.83141285 -0.23150438 -0.50513196 208 208 208 255
-0.276125 0.2627745 0.27712512 -0.73199755 0.39229086 0.55703443 137 160 213 255
-0.31296825 0.17010836 0.23817936 -0.9317982 -0.11023682 0.345832 137 160 213 255
-0.0061639957 0.11809778 0.07169075 0.731998 -0.39229023 -0.55703425 208 208 208 255
-0.19378515 0.33105832 0.281449 -0.2854701 0.7625922 0.5804824 208 208 208 255
-0.3068976 0.20183603 0.25440398 -0.8988773 0.06182162 0.43381765 137 160 213 255
-0.029683333 0.09122865 0.066067256 0.6044527 -0.538001 -0.58753014 208 208 208 255
-0.1607446 0.3440123 0.2745759 -0.10629089 0.8328418 0.54320955 208 208 208 255
-0.2944572 0.23312548 0.2675543 -0.83141315 0.231504 0.50513184 137 160 213 255
-0.057486136 0.06817209 0.064607315 0.45367873 -0.6630366 -0.59544766 208 208 208 255
-0.12695067 0.3510645 0.26385334 0.07697229 0.87108576 0.4850618 208 208 208 255
-0.08850385 0.04981397 0.067366876 0.28547034 -0.762592 -0.5804825 208 208 208 255
-0.09370217 0.35194385 0.24969347 0.25727856 0.87585443 0.40827295 208 208 208 255
-0.12154441 0.036859978 0.07423998 0.10629059 -0.832842 -0.5432096 208 208 208 255
-0.062277034 0.3466165 0.23264048 0.42769858 0.84696406 0.31579372 208 208 208 255
-0.15533836 0.029807813 0.08496253 -0.07697319 -0.87108576 -0.48506144 208 208 208 255
-0.033882633 0.3352872 0.21334958 0.5816802 0.785526 0.21118012 208 208 208 255
-0.18858686 0.028928459 0.099122405 -0.25727856 -0.87585443 -0.40827295 208 208 208 255
-0.009610191 0.31839147 0.1925622 0.71330917 0.69390017 0.098450266 208 208 208 255
0.03314528 -0.09589934 0.92977154 -0.60445285 0.5380009 0.58753014 208 208 208 255
0.060948104 -0.07284281 0.9312315 -0.4536804 0.6630355 0.5954477 208 208 208 255
0.065738976 -0.35128722 0.7631983 -0.4276974 -0.8469644 -0.31579444 212 212 212 255
0.03734459 -0.33995792 0.7824892 -0.5816806 -0.78552574 -0.21117978 210 210 210 255
0.29535836 -0.08896461 0.81810004 0.81752586 0.57560843 -0.018062737 208 208 208 255
0.3087827 -0.11485662 0.796743 0.890326 0.43519548 -0.13388236 208 208 208 255
0.013072148 -0.32306218 0.8032766 -0.7133088 -0.6939006 -0.09845063 188 188 188 255
0.31589776 -0.14383253 0.7763347 0.9289108 0.2780595 -0.24455589 208 208 208 255
-0.006145403 -0.3012491 0.8247616 -0.81752634 -0.5756077 0.018063385 119 119 119 255
0.3164302 -0.17477906 0.75765944 0.9317983 0.11023762 -0.34583157 209 209 209 255
-0.019569755 -0.27535707 0.8461187 -0.8903254 -0.43519703 0.1338812 211 211 211 255
0.3103596 -0.20650674 0.7414348 0.8988774 -0.061821096 -0.43381742 209 209 209 255
-0.02668482 -0.24638116 0.8665269 -0.92891085 -0.2780592 0.24455611 70 70 70 255
0.29791918 -0.23779619 0.7282845 0.8314124 -0.23150529 -0.50513226 209 209 209 255
0.009625971 -0.12276849 0.9241481 -0.73199755 0.39229092 0.55703443 209 209 209 255
-0.027217269 -0.21543463 0.8852023 -0.9317982 -0.110236384 0.34583223 162 162 162 255
0.27958697 -0.2674452 0.71871364 0.7319974 -0.39229116 -0.5570345 209 209 209 255
0.091965824 -0.05448468 0.9284719 -0.28547034 0.762592 0.5804825 208 208 208 255
-0.02114664 -0.18370695 0.90142685 -0.8988772 0.06182166 0.43381765 142 142 142 255
0.25606763 -0.29431432 0.7130902 0.60445285 -0.5380009 -0.58753014 209 209 209 255
0.12500638 -0.041530684 0.9215988 -0.10629157 0.8328416 0.5432098 208 208 208 255
-0.008706242 -0.1524175 0.91457725 -0.83141243 0.23150523 0.50513226 211 211 211 255
0.22826485 -0.3173709 0.7116302 0.45367908 -0.6630364 -0.5954477 209 209 209 255
0.15880033 -0.0344785 0.9108763 0.07697191 0.8710856 0.48506188 208 208 208 255
0.19724712 -0.335729 0.7143898 0.2854702 -0.76259214 -0.5804825 137 137 137 255
0.19204882 -0.033599153 0.89671636 0.25727814 0.87585443 0.4082731 208 208 208 255
0.16420656 -0.348683 0.7212628 0.10629115 -0.8328418 -0.54320973 161 161 161 255
0.22347395 -0.038926467 0.87966335 0.42769858 0.84696406 0.31579378 208 208 208 255
0.13041261 -0.35573518 0.73198545 -0.076971956 -0.8710856 -0.48506188 132 132 132 255
0.25186837 -0.05025576 0.8603725 0.58168036 0.78552586 0.21117991 208 208 208 255
0.097164124 -0.35661453 0.74614525 -0.257278 -0.8758545 -0.40827328 149 149 149 255
0.2761408 -0.06715152 0.8395851 0.71330893 0.6939004 0.09845048 208 208 208 255
0.024004191 -0.08356598 0.90907353 -0.6044525 0.5380013 0.58753026 208 208 208 255
0.051807016 -0.060509443 0.9105334 -0.4536792 0.6630362 0.59544766 208 208 208 255
0.05659789 -0.33895385 0.7425003 -0.4276974 -0.8469644 -0.31579444 209 209 209 255
0.028203502 -0.32762456 0.76179117 -0.58167994 -0.78552616 -0.21118025 204 204 204 255
0.28621727 -0.07663125 0.797402 0.8175259 0.5756085 -0.018062787 208 208 208 255
0.2996416 -0.10252326 0.77604496 0.89032567 0.43519622 -0.13388179 208 208 208 255
0.0039310604 -0.31072885 0.7825786 -0.7133091 -0.6939002 -0.098450296 201 201 201 255
0.30675668 -0.13149917 0.7556367 0.9289109 0.27805898 -0.2445563 208 208 208 255
-0.01528649 -0.2889157 0.8040636 -0.8175266 -0.5756075 0.018063657 209 209 209 255
0.30728912 -0.1624457 0.7369614 0.9317982 0.110236466 -0.3458322 208 208 208 255
-0.028710842 -0.26302367 0.82542074 -0.89032525 -0.43519735 0.13388091 209 209 209 255
0.3012185 -0.19417341 0.72073674 0.8988773 -0.061821412 -0.43381754 209 209 209 255
-0.03582591 -0.23404777 0.8458289 -0.92891085 -0.27805904 0.24455619 209 209 209 255
0.2887781 -0.22546282 0.70758647 0.8314126 -0.23150486 -0.5051321 209 209 209 255
0.00048488379 -0.11043513 0.90345 -0.7319975 0.39229098 0.55703443 209 209 209 255
-0.036358356 -0.20310126 0.8645043 -0.9317982 -0.1102365 0.34583217 209 209 209 255
0.27044588 -0.25511184 0.69801563 0.7319979 -0.39229035 -0.5570343 209 209 209 255
0.08282474 -0.042151317 0.90777385 -0.28547004 0.7625922 0.5804824 208 208 208 255
-0.030287728 -0.17137359 0.88072884 -0.8988772 0.061821736 0.43381768 209 209 209 255
0.24692655 -0.28198096 0.6923922 0.6044528 -0.53800094 -0.58753014 209 209 209 255
0.11586529 -0.02919735 0.9009008 -0.1062923 0.8328414 0.54321 208 208 208 255
-0.01784733 -0.14008413 0.8938792 -0.8314124 0.23150541 0.5051323 209 209 209 255
0.21912377 -0.30503753 0.6909322 0.45367905 -0.66303647 -0.5954477 209 209 209 255
0.14965925 -0.022145137 0.89017826 0.07697275 0.87108576 0.48506156 208 208 208 255
0.18810603 -0.32339564 0.6936918 0.28547078 -0.76259184 -0.58048254 209 209 209 255
0.18290773 -0.02126579 0.87601835 0.25727803 0.87585443 0.40827316 208 208 208 255
0.15506548 -0.33634967 0.70056486 0.10629165 -0.8328416 -0.5432098 209 209 209 255
0.21433286 -0.026593104 0.8589654 0.42769822 0.8469642 0.31579396 208 208 208 255
0.12127152 -0.34340182 0.71128744 -0.07697208 -0.87108564 -0.48506188 209 209 209 255
0.24272726 -0.037922397 0.8396745 0.5816805 0.78552586 0.21117988 208 208 208 255
0.08802304 -0.34428114 0.72544724 -0.2572784 -0.87585443 -0.40827298 209 209 209 255
0.26699972 -0.054818153 0.8188871 0.71330947 0.6939 0.09844998 208 208 208 255
0.014645487 -0.070938945 0.8878827 -0.60445255 0.5380012 0.58753014 208 208 208 255
0.042448312 -0.047882408 0.88934267 -0.45368034 0.6630355 0.5954477 208 208 208 255
0.047239184 -0.32632682 0.7213095 -0.4276973 -0.8469645 -0.31579453 98 98 98 255
0.018844798 -0.31499752 0.74060035 -0.58168024 -0.7855259 -0.21118006 113 113 113 255
0.27685857 -0.06400421 0.7762112 0.8175264 0.5756077 -0.018063428 208 208 208 255
0.2902829 -0.089896224 0.75485414 0.8903258 0.43519616 -0.13388187 208 208 208 255
-0.0054276437 -0.29810178 0.76138777 -0.71330905 -0.69390035 -0.098450355 160 160 160 255
0.29739797 -0.118872136 0.73444587 0.9289109 0.27805847 -0.24455659 208 208 208 255
-0.024645194 -0.2762887 0.7828728 -0.81752616 -0.575608 0.018063126 219 219 219 255
0.29793042 -0.14981866 0.7157706 0.9317982 0.11023602 -0.34583244 208 208 208 255
-0.038069546 -0.25039667 0.80422986 -0.8903254 -0.43519682 0.13388132 210 210 210 255
0.2918598 -0.18154635 0.699546 0.8988777 -0.061820097 -0.43381694 208 208 208 255
-0.045184612 -0.22142076 0.82463807 -0.9289109 -0.27805853 0.24455655 77 77 77 255
0.2794194 -0.21283579 0.68639565 0.8314125 -0.23150517 -0.50513226 208 208 208 255
-0.00887382 -0.09780809 0.88225925 -0.73199755 0.39229083 0.55703443 209 209 209 255
-0.04571706 -0.19047423 0.84331346 -0.9317983 -0.110236585 0.34583217 100 100 100 255
0.26108718 -0.24248481 0.6768248 0.73199797 -0.39229032 -0.55703425 209 209 209 255
0.07346603 -0.029524282 0.8865831 -0.28547052 0.762592 0.58048254 208 208 208 255
-0.03964643 -0.15874656 0.859538 -0.8988774 0.06182101 0.4338174 48 48 48 255
0.23756784 -0.26935393 0.67120135 0.60445267 -0.53800106 -0.58753014 209 209 209 255
0.106506586 -0.016570285 0.87970996 -0.10629173 0.8328416 0.5432098 208 208 208 255
-0.027206033 -0.1274571 0.8726884 -0.83141243 0.23150517 0.5051322 219 219 219 255
0.20976506 -0.2924105 0.6697414 0.45367897 -0.6630365 -0.5954477 199 199 199 255
0.14030054 -0.009518102 0.86898744 0.07697135 0.8710856 0.48506212 208 208 208 255
0.17874733 -0.3107686 0.67250097 0.2854703 -0.7625921 -0.5804825 104 104 104 255
0.17354903 -0.0086387545 0.8548275 0.25727844 0.87585443 0.40827298 186 186 186 255
0.14570677 -0.3237226 0.679374 0.10629165 -0.8328416 -0.5432098 101 101 101 255
0.20497416 -0.013966069 0.8377745 0.42769796 0.8469643 0.31579414 48 47 48 255
0.11191282 -0.33077478 0.6900966 -0.07697159 -0.8710856 -0.485062 109 109 109 255
0.23336856 -0.025295362 0.81848365 0.58168066 0.7855257 0.21117973 42 42 42 255
0.07866433 -0.33165413 0.7042564 -0.25727883 -0.8758543 -0.4082728 119 119 119 255
0.25764102 -0.042191118 0.7976963 0.71330917 0.69390017 0.09845025 212 212 212 255
0.0050691366 -0.058018267 0.8661991 -0.60445267 0.53800106 0.58753014 208 208 208 255
0.03287196 -0.03496173 0.867659 -0.45367977 0.6630359 0.59544766 208 208 208 255
0.037662834 -0.31340614 0.69962585 -0.42769754 -0.8469644 -0.31579444 209 209 209 255
0.009268448 -0.30207685 0.7189167 -0.58168024 -0.7855259 -0.21118003 209 209 209 255
0.2672822 -0.051083535 0.75452757 0.8175259 0.5756084 -0.018062806 208 208 208 255
0.28070652 -0.07697555 0.7331705 0.8903254 0.435197 -0.13388123 208 208 208 255
-0.015003994 -0.2851811 0.73970413 -0.7133091 -0.6939002 -0.09845028 209 209 209 255
0.28782162 -0.10595146 0.71276224 0.92891085 0.27805933 -0.24455602 208 208 208 255
-0.034221545 -0.263368 0.76118916 -0.81752616 -0.57560796 0.018063167 209 209 209 255
0.28835404 -0.13689798 0.69408697 0.9317983 0.11023733 -0.3458317 208 208 208 255
-0.047645897 -0.23747598 0.7825463 -0.89032525 -0.43519723 0.133881 209 209 209 255
0.28228343 -0.16862568 0.6778623 0.8988777 -0.06182001 -0.43381685 208 208 208 255
-0.054760963 -0.20850009 0.80295444 -0.9289108 -0.2780592 0.24455608 209 209 209 255
0.26984304 -0.19991511 0.664712 0.8314126 -0.23150493 -0.50513214 208 208 208 255
-0.01845017 -0.084887415 0.86057556 -0.7319979 0.39229044 0.5570343 209 209 209 255
-0.05529341 -0.17755355 0.8216298 -0.9317983 -0.11023695 0.34583196 209 209 209 255
0.25151086 -0.22956413 0.6551412 0.7319979 -0.3922905 -0.5570343 208 208 208 255
0.06388968 -0.016603604 0.8648994 -0.28547 0.76259226 0.5804824 208 208 208 255
-0.049222782 -0.14582588 0.8378544 -0.8988777 0.06182001 0.43381685 209 209 209 255
0.22799149 -0.25643325 0.6495177 0.60445267 -0.53800106 -0.58753014 208 208 208 255
0.096930236 -0.0036496222 0.8580263 -0.10629113 0.83284175 0.5432097 208 208 208 255
-0.03678237 -0.11453642 0.8510047 -0.8314125 0.23150511 0.50513226 209 209 209 255
0.20018871 -0.27948982 0.64805776 0.45367888 -0.6630366 -0.5954477 209 209 209 255
0.13072416 0.0034025759 0.8473038 0.07697248 0.87108576 0.48506173 41 41 41 255
0.16917099 -0.29784793 0.65081733 0.2854703 -0.7625921 -0.5804825 209 209 209 255
0.16397268 0.004281923 0.8331439 0.25727898 0.8758543 0.40827268 41 41 41 255
0.13613042 -0.31080192 0.6576904 0.10629111 -0.8328418 -0.54320973 209 209 209 255
0.19539781 -0.001045391 0.81609094 0.4276981 0.84696424 0.31579402 42 42 42 255
0.10233647 -0.3178541 0.668413 -0.07697191 -0.8710856 -0.48506197 209 209 209 255
0.22379221 -0.012374684 0.7968 0.58168 0.7855261 0.21118024 43 43 43 255
0.06908798 -0.31873345 0.6825728 -0.25727898 -0.8758543 -0.40827268 209 209 209 255
0.24806465 -0.02927044 0.77601266 0.71330917 0.69390017 0.09845021 44 44 44 255
-0.0041644275 -0.04556009 0.8452916 -0.6044533 0.5380004 0.5875301 178 187 210 255
0.023638397 -0.022503555 0.8467516 -0.45368028 0.6630356 0.5954477 208 208 208 255
0.02842927 -0.30094796 0.6787184 -0.42769703 -0.84696454 -0.31579474 215 215 215 255
3.488362e-05 -0.28961867 0.69800925 -0.5816803 -0.7855259 -0.21118002 209 209 209 255
0.25804865 -0.03862536 0.7336201 0.8175261 0.5756082 -0.018063018 208 208 208 255
0.271473 -0.06451737 0.71226305 0.89032567 0.43519628 -0.13388176 208 208 208 255
-0.024237558 -0.27272296 0.7187967 -0.7133093 -0.6939001 -0.09845016 209 209 209 255
0.27858806 -0.09349328 0.6918548 0.92891085 0.27805918 -0.24455613 208 208 208 255
-0.04345511 -0.2509098 0.7402817 -0.81752616 -0.57560813 0.018063068 155 155 155 255
0.2791205 -0.1244398 0.6731795 0.93179834 0.11023806 -0.34583133 208 208 208 255
-0.05687946 -0.2250178 0.76163876 -0.8903254 -0.435197 0.13388123 209 209 209 255
0.2730499 -0.1561675 0.6569549 0.8988773 -0.06182133 -0.43381745 208 208 208 255
-0.06399453 -0.19604188 0.782047 -0.92891085 -0.27805927 0.24455607 53 53 53 255
0.26060948 -0.18745694 0.64380455 0.8314128 -0.23150462 -0.5051321 208 208 208 255
-0.027683735 -0.07242924 0.83966815 -0.7319979 0.3922905 0.5570343 209 209 209 255
-0.064526975 -0.16509537 0.80072236 -0.9317982 -0.1102361 0.34583244 209 209 209 255
0.24227728 -0.21710595 0.6342337 0.73199767 -0.3922907 -0.55703443 208 208 208 255
0.05465612 -0.0041454285 0.843992 -0.28547078 0.76259184 0.58048254 208 208 208 255
-0.058456346 -0.1333677 0.8169469 -0.89887697 0.06182241 0.433818 51 51 51 255
0.21875793 -0.24397507 0.62861025 0.60445285 -0.5380009 -0.58753014 208 208 208 255
0.08769667 0.008808553 0.83711886 -0.10629149 0.83284163 0.5432098 213 213 213 255
-0.046015933 -0.102078244 0.8300973 -0.8314131 0.23150404 0.50513184 213 213 213 255
0.19095515 -0.26703164 0.6271503 0.45367876 -0.66303664 -0.59544766 208 208 208 255
0.12149063 0.015860751 0.82639635 0.07697132 0.8710856 0.48506215 38 38 38 255
0.15993743 -0.28538975 0.6299099 0.28547063 -0.76259196 -0.58048254 208 208 208 255
0.15473911 0.016740099 0.8122364 0.2572786 0.87585443 0.40827295 37 37 37 255
0.12689686 -0.29834378 0.6367829 0.10629066 -0.8328419 -0.5432096 208 208 208 255
0.18616425 0.011412784 0.7951834 0.42769846 0.84696406 0.31579378 174 174 174 255
0.0931029 -0.30539593 0.6475055 -0.07697245 -0.87108576 -0.4850618 211 211 211 255
0.21455865 8.3491206e-05 0.77589256 0.58168006 0.78552616 0.21118025 43 43 43 255
0.059854418 -0.30627525 0.6616653 -0.25727877 -0.8758543 -0.40827283 43 43 43 255
0.23883109 -0.016812265 0.7551052 0.7133093 0.6939001 0.09845018 42 42 42 255
-0.013055176 -0.03356442 0.8251603 -0.6044525 0.5380012 0.5875302 179 187 212 255
0.01474762 -0.010507882 0.8266202 -0.45367944 0.66303617 0.5954477 141 162 216 255
0.019538507 -0.2889523 0.6585871 -0.42769837 -0.84696406 -0.31579384 67 67 67 255
-0.008855894 -0.277623 0.67787796 -0.58168054 -0.78552586 -0.21117985 209 209 209 255
0.24915786 -0.026629686 0.7134888 0.8175259 0.5756085 -0.018062778 208 208 208 255
0.26258218 -0.0525217 0.69213176 0.89032555 0.43519658 -0.13388152 208 208 208 255
-0.033128336 -0.2607273 0.6986654 -0.71330893 -0.6939004 -0.098450474 53 53 53 255
0.2696973 -0.08149761 0.6717235 0.9289107 0.27806026 -0.24455538 208 208 208 255
-0.052345887 -0.23891415 0.7201504 -0.8175259 -0.5756084 0.018062796 157 157 157 255
0.27022973 -0.112444125 0.6530482 0.9317983 0.110237144 -0.3458318 208 208 208 255
-0.065770224 -0.21302213 0.74150753 -0.8903251 -0.43519783 0.13388057 204 204 204 255
0.26415908 -0.14417183 0.63682353 0.8988776 -0.061820492 -0.4338171 208 208 208 255
-0.072885305 -0.18404621 0.7619157 -0.9289107 -0.27806047 0.24455531 32 32 32 255
0.25171873 -0.17546126 0.62367326 0.8314126 -0.23150486 -0.5051321 208 208 208 255
-0.036574513 -0.060433567 0.8195368 -0.7319979 0.39229044 0.5570343 209 209 209 255
-0.07341772 -0.1530997 0.7805911 -0.9317982 -0.11023678 0.34583205 71 71 71 255
0.2333865 -0.20511028 0.6141024 0.7319982 -0.39229006 -0.5570342 208 208 208 255
0.04576537 0.007850245 0.82386065 -0.28546932 0.76259255 0.58048236 139 163 216 255
-0.06734711 -0.12137203 0.79681563 -0.89887744 0.06182097 0.4338173 45 45 45 255
0.20986718 -0.2319794 0.60847896 0.6044525 -0.5380012 -0.5875302 208 208 208 255
0.07880589 0.020804226 0.8169876 -0.10629077 0.8328418 0.54320955 202 207 207 255
-0.054906696 -0.09008257 0.80996597 -0.83141285 0.2315044 0.50513196 206 206 206 255
0.18206437 -0.25503597 0.607019 0.45367858 -0.6630367 -0.59544766 64 64 64 255
0.11259985 0.027856424 0.80626506 0.07697348 0.8710858 0.48506138 38 38 38 255
0.15104666 -0.27339408 0.6097786 0.2854693 -0.7625927 -0.58048236 80 80 80 255
0.14584836 0.028735772 0.79210514 0.25727877 0.87585443 0.40827283 208 208 208 255
0.118006095 -0.2863481 0.61665165 0.10629029 -0.832842 -0.54320943 153 153 153 255
0.17727347 0.023408458 0.7750522 0.42769927 0.8469638 0.31579334 208 208 208 255
0.084212154 -0.29340026 0.62737423 -0.076973714 -0.8710858 -0.48506123 145 145 145 255
0.20566787 0.012079164 0.75576127 0.5816807 0.78552574 0.21117973 209 209 209 255
0.05096364 -0.29427958 0.64153403 -0.2572785 -0.8758543 -0.40827295 208 208 208 255
0.22994034 -0.0048165917 0.7349739 0.7133089 0.69390047 0.09845056 40 40 40 255
-0.02241391 -0.020937413 0.8039695 -0.6044529 0.5380008 0.58753014 179 187 212 255
0.0053889155 0.002119124 0.80542946 -0.4536793 0.6630362 0.59544766 140 161 215 255
0.010179788 -0.2763253 0.6373963 -0.42769784 -0.8469643 -0.3157942 208 208 208 255
-0.018214598 -0.264996 0.65668714 -0.5816805 -0.78552586 -0.21117985 208 208 208 255
0.23979916 -0.014002681 0.692298 0.81752586 0.57560843 -0.018062737 208 208 208 255
0.25322348 -0.039894693 0.67094094 0.89032555 0.43519667 -0.13388146 208 208 208 255
-0.04248704 -0.24810027 0.67747456 -0.7133091 -0.6939002 -0.09845031 208 208 208 255
0.26033857 -0.068870604 0.65053266 0.9289108 0.27805945 -0.24455592 208 208 208 255
-0.06170459 -0.22628714 0.6989596 -0.81752586 -0.57560843 0.018062746 209 209 209 255
0.260871 -0.09981712 0.6318574 0.93179834 0.110237904 -0.3458314 208 208 208 255
-0.07512894 -0.20039512 0.72031665 -0.8903254 -0.4351968 0.13388136 209 209 209 255
0.25480038 -0.13154483 0.6156328 0.89887756 -0.061820652 -0.43381718 208 208 208 255
-0.08224401 -0.1714192 0.74072486 -0.9289108 -0.27805972 0.24455577 209 209 209 255
0.24236 -0.16283426 0.60248244 0.83141285 -0.23150441 -0.50513196 208 208 208 255
-0.04593323 -0.04780656 0.79834604 -0.7319981 0.39229023 0.55703425 209 209 209 255
-0.08277646 -0.1404727 0.75940025 -0.9317982 -0.110236906 0.34583196 209 209 209 255
0.2240278 -0.19248328 0.5929116 0.73199815 -0.39229012 -0.5570342 208 208 208 255
0.036406636 0.02047725 0.8026699 -0.28546986 0.7625923 0.5804824 140 162 216 255
-0.07670583 -0.10874502 0.7756248 -0.8988772 0.06182161 0.43381763 209 209 209 255
0.20050845 -0.2193524 0.58728814 0.60445267 -0.53800106 -0.58753014 209 209 209 255
0.06944719 0.033431232 0.79579675 -0.10629037 0.832842 0.54320943 105 120 153 255
-0.064265415 -0.077455565 0.7887752 -0.83141285 0.23150438 0.50513196 209 209 209 255
0.17270565 -0.24240896 0.5858282 0.4536784 -0.6630369 -0.59544766 208 208 208 255
0.103241116 0.04048343 0.78507423 0.07697392 0.8710859 0.48506117 35 36 37 255
0.14168794 -0.26076707 0.58858776 0.28547028 -0.7625921 -0.5804825 115 115 115 255
0.13648963 0.041362777 0.7709143 0.25727886 0.8758543 0.40827274 140 162 218 255
0.10864738 -0.2737211 0.5954608 0.10628987 -0.8328421 -0.5432094 208 208 208 255
0.16791476 0.036035463 0.7538613 0.4276988 0.846964 0.3157936 206 208 206 255
0.07485342 -0.28077325 0.6061834 -0.07697392 -0.8710859 -0.48506117 164 164 164 255
0.19630916 0.02470617 0.73457044 0.5816802 0.785526 0.21118012 182 182 182 255
0.041604936 -0.28165257 0.6203432 -0.25727886 -0.8758543 -0.40827274 208 208 208 255
0.2205816 0.007810414 0.7137831 0.71330935 0.6939001 0.09845008 40 40 40 255
-0.03224054 -0.0076790154 0.7817191 -0.6044525 0.5380012 0.5875302 178 187 212 255
-0.0044377446 0.0153775215 0.78317904 -0.45367897 0.6630365 0.5954477 141 161 216 255
0.00035314262 -0.2630669 0.61514586 -0.42769837 -0.84696406 -0.31579384 208 208 208 255
-0.028041258 -0.2517376 0.6344368 -0.5816807 -0.78552574 -0.21117973 51 51 51 255
0.2299725 -0.0007442832 0.67004764 0.8175259 0.57560843 -0.018062785 208 208 209 255
0.24339683 -0.026636295 0.6486905 0.8903256 0.43519643 -0.13388166 208 208 208 255
-0.052313693 -0.23484187 0.65522414 -0.71330893 -0.6939004 -0.09845045 208 208 208 255
0.25051194 -0.055612206 0.6282823 0.9289108 0.27805966 -0.2445558 208 208 208 255
-0.07153125 -0.21302874 0.67670923 -0.8175261 -0.5756082 0.018062998 208 208 208 255
0.25104436 -0.08655872 0.609607 0.93179834 0.1102377 -0.34583148 208 208 208 255
-0.08495559 -0.18713672 0.69806623 -0.8903254 -0.43519703 0.1338812 208 208 208 255
0.24497373 -0.11828643 0.59338236 0.8988773 -0.06182137 -0.43381745 208 208 208 255
-0.09207067 -0.1581608 0.7184745 -0.9289108 -0.2780597 0.24455577 208 208 208 255
0.23253337 -0.14957586 0.580232 0.8314129 -0.23150428 -0.5051319 208 208 208 255
-0.055759877 -0.034548163 0.7760956 -0.73199797 0.39229038 0.5570343 208 208 208 255
-0.09260309 -0.1272143 0.73714983 -0.93179834 -0.110237546 0.34583163 47 47 47 255
0.21420114 -0.17922488 0.5706612 0.7319978 -0.39229056 -0.5570343 208 208 208 255
0.026580006 0.033735648 0.78041947 -0.2854697 0.7625924 0.58048236 32 30 32 255
-0.08653247 -0.095486626 0.75337446 -0.8988772 0.061821815 0.43381774 212 212 212 255
0.19068182 -0.206094 0.5650377 0.60445267 -0.53800106 -0.58753014 208 208 208 255
0.05962053 0.04668963 0.7735464 -0.10629115 0.8328418 0.54320973 36 36 36 255
-0.07409206 -0.06419717 0.7665248 -0.8314131 0.23150401 0.50513184 46 46 46 255
0.162879 -0.22915056 0.5635778 0.4536787 -0.66303676 -0.5954477 208 208 208 255
0.093414485 0.053741828 0.7628238 0.07697191 0.8710856 0.48506188 35 35 35 255
0.1318613 -0.24750867 0.56633735 0.28546986 -0.7625923 -0.5804824 39 39 39 255
0.126663 0.054621175 0.74866396 0.25727883 0.8758543 0.4082728 37 37 37 255
0.09882073 -0.2604627 0.5732105 0.10629015 -0.8328421 -0.54320943 208 208 208 255
0.1580881 0.04929386 0.7316109 0.4276995 0.8469638 0.31579322 37 37 37 255
0.06502679 -0.26751485 0.583933 -0.076973766 -0.8710859 -0.4850613 208 208 208 255
0.1864825 0.037964568 0.7123201 0.5816806 0.78552574 0.2111798 37 37 37 255
0.031778276 -0.26839417 0.59809285 -0.25727847 -0.87585443 -0.40827298 208 208 208 255
0.21075498 0.021068811 0.6915327 0.71330893 0.6939004 0.098450445 38 38 38 255
-0.041833222 0.005263686 0.75999856 -0.6044528 0.53800094 0.58753014 178 187 212 255
-0.014030397 0.028320223 0.76145846 -0.45367992 0.6630358 0.5954477 31 31 31 255
-0.0092395395 -0.2501242 0.5934253 -0.42769796 -0.8469643 -0.31579414 47 47 47 255
-0.037633933 -0.2387949 0.6127162 -0.5816805 -0.78552586 -0.2111799 43 43 43 255
0.22037984 0.012198418 0.648327 0.8175261 0.5756082 -0.018063018 141 162 216 255
0.23380418 -0.013693593 0.62696993 0.8903254 0.435197 -0.13388121 141 162 216 255
-0.061906375 -0.22189914 0.63350356 -0.7133089 -0.6939004 -0.098450504 208 208 208 255
0.24091923 -0.042669505 0.6065617 0.9289108 0.27805993 -0.24455565 178 187 214 255
-0.081123926 -0.20008604 0.65498865 -0.8175259 -0.5756083 0.018062856 47 47 47 255
0.24145168 -0.07361602 0.5878864 0.93179846 0.11023893 -0.3458308 208 208 208 255
-0.09454827 -0.17419402 0.6763457 -0.89032525 -0.4351975 0.13388081 47 47 47 255
0.23538108 -0.10534373 0.5716618 0.8988774 -0.06182101 -0.43381733 208 208 208 255
-0.10166335 -0.14521813 0.6967539 -0.9289108 -0.27806005 0.2445556 63 63 63 255
0.22294068 -0.13663316 0.55851144 0.83141327 -0.23150365 -0.5051317 208 208 208 255
-0.06535256 -0.021605462 0.754375 -0.7319979 0.39229047 0.5570343 208 208 208 255
-0.10219577 -0.114271596 0.71542925 -0.9317984 -0.110237606 0.34583163 216 216 216 255
0.20460849 -0.16628218 0.54894066 0.731998 -0.3922903 -0.55703425 208 208 208 255
0.016987324 0.04667835 0.7586988 -0.28546974 0.7625924 0.5804824 32 32 32 255
-0.096125156 -0.082543924 0.73165387 -0.8988772 0.061821647 0.43381763 43 43 43 255
0.18108913 -0.1931513 0.54331714 0.60445285 -0.5380009 -0.58753014 208 208 208 255
0.050027877 0.05963233 0.7518258 -0.10628945 0.83284223 0.5432092 34 34 34 255
-0.08368474 -0.051254466 0.7448042 -0.83141315 0.23150381 0.5051317 47 47 47 255
0.15328632 -0.21620786 0.5418572 0.45367876 -0.66303664 -0.59544766 208 208 208 255
0.0838218 0.06668453 0.74110323 0.07697159 0.8710856 0.485062 34 34 34 255
0.12226862 -0.23456597 0.54461676 0.28547022 -0.7625922 -0.58048254 38 38 38 255
0.11707029 0.06756388 0.7269434 0.25727925 0.8758543 0.40827256 35 35 35 255
0.08922805 -0.24751998 0.55148983 0.10628902 -0.83284235 -0.54320914 216 216 216 255
0.14849545 0.062236562 0.70989037 0.42769918 0.846964 0.31579345 35 35 35 255
0.055434108 -0.25457215 0.5622124 -0.07697229 -0.87108576 -0.4850618 213 213 213 255
0.17688985 0.05090727 0.69059944 0.58168024 0.78552586 0.21117996 36 36 36 255
0.022185594 -0.2554515 0.57637227 -0.25727937 -0.8758543 -0.4082725 212 212 212 255
0.20116226 0.034011513 0.6698121 0.7133091 0.6939002 0.0984503 141 163 217 255
-0.051191926 0.017890722 0.7388077 -0.6044526 0.53800106 0.58753014 178 187 212 255
-0.023389101 0.04094726 0.74026763 -0.4536795 0.6630361 0.5954477 141 160 215 255
-0.018598244 -0.23749715 0.57223445 -0.42769787 -0.84696424 -0.31579417 57 57 57 255
-0.046992637 -0.22616786 0.5915254 -0.5816807 -0.7855257 -0.21117967 36 36 36 255
0.21102114 0.024825454 0.62713623 0.8175259 0.5756084 -0.018062817 141 162 216 255
0.22444548 -0.0010665581 0.6057792 0.89032555 0.43519667 -0.13388142 141 162 216 255
-0.07126508 -0.20927213 0.61231273 -0.7133088 -0.69390047 -0.098450586 208 208 208 255
0.23156053 -0.03004247 0.5853709 0.9289108 0.27805978 -0.24455571 141 162 216 255
-0.09048263 -0.187459 0.6337978 -0.8175261 -0.57560825 0.018062958 39 39 39 255
0.23209298 -0.060988985 0.5666956 0.93179834 0.11023838 -0.34583113 141 162 216 255
-0.103906974 -0.16156699 0.6551548 -0.89032525 -0.43519747 0.13388082 118 118 118 255
0.22602238 -0.092716694 0.55047095 0.8988774 -0.06182101 -0.4338174 141 163 217 255
-0.111022055 -0.13259107 0.6755631 -0.9289108 -0.2780597 0.24455577 39 39 39 255
0.21358198 -0.12400613 0.5373206 0.831413 -0.23150416 -0.50513184 208 209 207 255
-0.07471126 -0.008978426 0.7331842 -0.73199755 0.39229095 0.55703443 208 208 208 255
-0.11155447 -0.10164456 0.6942384 -0.9317983 -0.11023706 0.34583187 208 208 208 255
0.19524978 -0.15365514 0.52774984 0.73199815 -0.39229015 -0.5570342 208 208 208 255
0.0076286197 0.059305385 0.73750806 -0.2854691 0.76259273 0.58048236 141 161 217 255
-0.10548386 -0.06991689 0.71046305 -0.8988772 0.06182161 0.43381763 208 208 208 255
0.17173043 -0.18052426 0.5221263 0.6044527 -0.538001 -0.58753014 208 208 208 255
0.040669173 0.07225937 0.7306349 -0.10629085 0.8328418 0.54320955 140 161 215 255
-0.09304345 -0.03862743 0.7236134 -0.831413 0.23150429 0.50513196 37 37 37 255
0.14392762 -0.20358083 0.52066636 0.45367846 -0.6630369 -0.5954477 33 33 33 255
0.0744631 0.079311565 0.7199124 0.076971635 0.8710856 0.48506197 141 162 216 255
0.11290991 -0.22193894 0.52342594 0.28546935 -0.7625927 -0.5804824 26 26 26 255
0.10771158 0.08019091 0.7057525 0.2572791 0.87585443 0.40827265 27 30 28 255
0.079869345 -0.23489295 0.53029907 0.10629015 -0.8328421 -0.54320943 39 39 39 255
0.13913675 0.0748636 0.68869954 0.42769915 0.84696394 0.3157934 34 33 34 255
0.046075404 -0.24194512 0.5410216 -0.076973364 -0.8710858 -0.48506138 208 208 208 255
0.16753115 0.063534304 0.6694086 0.58168054 0.78552586 0.21117984 35 35 35 255
0.01282689 -0.24282445 0.55518144 -0.2572792 -0.8758543 -0.4082726 34 34 34 255
0.19180356 0.04663855 0.64862126 0.71330905 0.69390035 0.098450355 125 142 186 255
-0.06055066 0.030517727 0.7176169 -0.6044527 0.53800094 0.58753014 178 187 211 255
-0.032747835 0.053574264 0.7190768 -0.45367944 0.66303617 0.5954477 140 161 215 255
-0.027956963 -0.22487015 0.5510436 -0.427698 -0.8469643 -0.31579414 208 208 208 255
-0.056351356 -0.21354085 0.57033455 -0.5816804 -0.7855259 -0.21117994 208 208 208 255
0.2016624 0.03745246 0.60594535 0.8175259 0.5756084 -0.018062817 141 162 216 255
0.21508674 0.0115604475 0.5845883 0.8903254 0.4351969 -0.13388127 141 162 216 255
-0.0806238 -0.19664513 0.5911219 -0.7133088 -0.69390047 -0.098450586 208 208 208 255
0.22220182 -0.017415464 0.5641801 0.9289108 0.27805972 -0.24455577 141 162 216 255
-0.09984135 -0.174832 0.612607 -0.81752586 -0.57560843 0.018062746 208 208 208 255
0.22273427 -0.04836198 0.54550475 0.93179846 0.1102385 -0.34583113 141 162 216 255
-0.11326569 -0.14893998 0.63396406 -0.89032525 -0.43519747 0.13388082 208 208 208 255
0.21666364 -0.08008969 0.5292801 0.8988774 -0.06182101 -0.4338174 141 162 216 255
-0.12038077 -0.11996406 0.6543723 -0.9289108 -0.2780596 0.24455583 208 208 208 255
0.20422325 -0.111379124 0.5161298 0.8314132 -0.23150381 -0.5051318 141 162 216 255
-0.08406998 0.0036485791 0.71199334 -0.7319977 0.39229062 0.5570344 208 208 208 255
-0.12091321 -0.089017555 0.6730476 -0.9317983 -0.11023706 0.34583187 208 208 208 255
0.18589105 -0.14102814 0.506559 0.7319984 -0.3922898 -0.55703413 141 162 216 255
-0.0017301142 0.07193239 0.7163172 -0.28546986 0.7625924 0.5804824 140 161 215 255
-0.11484258 -0.057289883 0.6892722 -0.8988772 0.06182161 0.43381763 208 208 208 255
0.1623717 -0.16789725 0.5009355 0.60445267 -0.53800106 -0.58753014 138 159 213 255
0.03131044 0.08488637 0.70944417 -0.10629037 0.832842 0.54320943 140 162 216 255
-0.102402166 -0.026000425 0.70242256 -0.83141315 0.23150392 0.5051318 208 208 208 255
0.1345689 -0.19095382 0.49947554 0.4536785 -0.66303676 -0.59544766 207 208 208 255
0.065104395 0.09193857 0.6987216 0.07697135 0.8710856 0.48506212 31 31 31 255
0.103551194 -0.20931193 0.5022351 0.28547037 -0.7625921 -0.5804825 208 208 208 255
0.09835288 0.09281792 0.6845617 0.2572793 0.8758543 0.4082725 32 32 32 255
0.070510626 -0.22226594 0.5091082 0.10628969 -0.8328421 -0.54320925 208 208 208 255
0.12977801 0.0874906 0.6675087 0.42769915 0.84696394 0.3157934 33 33 33 255
0.03671667 -0.22931811 0.51983076 -0.076973364 -0.8710858 -0.48506138 208 208 208 255
0.15817241 0.07616131 0.6482178 0.5816802 0.785526 0.21118012 34 34 34 255
0.0034681782 -0.23019744 0.5339906 -0.25727937 -0.8758543 -0.40827248 208 208 208 255
0.18244486 0.059265554 0.62743044 0.71330905 0.69390035 0.098450355 34 34 34 255
-0.069909364 0.043144763 0.69642603 -0.6044526 0.5380012 0.5875302 178 187 212 255
-0.04210654 0.0662013 0.697886 -0.4536798 0.6630359 0.5954477 140 161 215 255
-0.037315667 -0.21224311 0.5298528 -0.42769822 -0.8469642 -0.31579396 208 208 208 255
-0.06571006 -0.20091382 0.54914373 -0.58168024 -0.7855259 -0.21118003 208 208 208 255
0.1923037 0.050079495 0.5847546 0.8175259 0.5756085 -0.018062757 140 161 215 255
0.20572804 0.024187483 0.5633975 0.8903256 0.4351964 -0.13388167 140 161 215 255
-0.0899825 -0.18401806 0.5699311 -0.71330893 -0.69390035 -0.09845042 208 208 208 255
0.21284312 -0.0047884285 0.54298925 0.9289108 0.27806008 -0.24455556 140 161 215 255
-0.10920005 -0.16220497 0.5914162 -0.81752604 -0.5756083 0.018062936 208 208 208 255
0.21337557 -0.035734944 0.5243139 0.93179834 0.1102377 -0.34583148 141 162 216 255
-0.1226244 -0.13631295 0.6127732 -0.8903253 -0.43519726 0.13388097 208 208 208 255
0.20730494 -0.06746265 0.5080893 0.8988774 -0.061821055 -0.43381742 141 162 216 255
-0.12973946 -0.10733706 0.63318145 -0.9289107 -0.27805996 0.2445556 208 208 208 255
0.19486454 -0.09875209 0.49493897 0.83141273 -0.23150459 -0.50513196 141 162 216 255
-0.093428686 0.016275615 0.6908026 -0.73199755 0.39229083 0.55703443 208 208 208 255
-0.13027191 -0.07639052 0.6518568 -0.9317982 -0.110236384 0.34583223 208 208 208 255
0.17653234 -0.1284011 0.48536816 0.7319982 -0.39229 -0.5570342 141 162 216 255
-0.011088818 0.084559426 0.6951264 -0.2854706 0.76259196 0.58048254 140 161 215 255
-0.12420128 -0.044662848 0.6680814 -0.8988773 0.061821498 0.43381757 208 208 208 255
0.15301299 -0.15527022 0.47974467 0.6044525 -0.53800124 -0.58753026 141 162 216 255
0.021951735 0.09751341 0.6882533 -0.10629093 0.8328418 0.54320955 144 167 222 255
-0.11176087 -0.01337339 0.68123174 -0.83141255 0.23150504 0.5051322 208 208 208 255
0.1252102 -0.17832679 0.47828472 0.45367858 -0.6630367 -0.59544766 141 162 216 255
0.05574569 0.104565606 0.67753077 0.07697231 0.87108564 0.48506173 29 29 29 255
0.09419249 -0.1966849 0.4810443 0.28547025 -0.7625922 -0.5804825 141 162 218 255
0.088994175 0.10544495 0.66337085 0.2572787 0.8758543 0.40827283 49 58 72 255
0.06115192 -0.20963891 0.4879174 0.10629018 -0.83284205 -0.54320943 175 186 210 255
0.12041931 0.10011764 0.6463179 0.42769894 0.846964 0.3157935 141 163 217 255
0.027357973 -0.21669108 0.49863994 -0.07697395 -0.8710859 -0.48506117 208 208 208 255
0.14881371 0.088788345 0.627027 0.5816805 0.7855259 0.21117991 115 130 167 255
-0.005890526 -0.21757044 0.5127998 -0.25727868 -0.87585443 -0.40827286 208 208 208 255
0.17308615 0.07189259 0.6062396 0.71330905 0.69390035 0.09845036 31 32 32 255
-0.07938805 0.055933684 0.67496353 -0.6044527 0.538001 0.58753014 178 187 212 255
-0.051585242 0.07899022 0.67642343 -0.45367938 0.6630362 0.5954477 139 160 214 255
-0.04679437 -0.19945419 0.5083903 -0.42769784 -0.8469643 -0.31579417 212 211 208 255
-0.07518876 -0.1881249 0.52768123 -0.58168054 -0.78552574 -0.2111798 208 208 208 255
0.18282498 0.06286842 0.563292 0.81752616 0.57560813 -0.018063076 140 161 215 255
0.19624932 0.036976404 0.54193497 0.8903258 0.4351962 -0.13388187 140 161 215 255
-0.099461205 -0.17122917 0.5484686 -0.71330905 -0.69390035 -0.098450385 208 208 208 255
0.20336443 0.008000493 0.5215267 0.9289108 0.27805945 -0.24455597 140 161 215 255
-0.118678756 -0.14941604 0.5699536 -0.81752616 -0.575608 0.018063135 208 208 208 255
0.20389685 -0.022946022 0.5028514 0.93179834 0.11023767 -0.3458315 140 161 215 255
-0.1321031 -0.123524025 0.5913107 -0.89032537 -0.43519714 0.13388106 208 208 208 255
0.19782622 -0.05467373 0.48662677 0.8988774 -0.061821055 -0.43381742 140 161 215 255
-0.13921818 -0.094548106 0.6117189 -0.92891085 -0.278059 0.24455623 208 208 208 255
0.18538585 -0.08596317 0.4734764 0.831413 -0.23150423 -0.5051319 140 161 215 255
-0.10290739 0.029064536 0.66934 -0.7319977 0.3922907 0.55703443 208 208 208 255
-0.1397506 -0.0636016 0.6303942 -0.9317982 -0.11023615 0.34583244 208 208 208 255
0.16705364 -0.11561218 0.46390563 0.7319979 -0.39229047 -0.5570343 141 162 216 255
-0.020567507 0.09734835 0.67366385 -0.28546992 0.76259226 0.5804824 139 160 214 255
-0.13367999 -0.031873927 0.64661884 -0.89887714 0.06182193 0.43381777 208 208 208 255
0.1435343 -0.1424813 0.45828217 0.60445255 -0.5380012 -0.58753014 141 162 216 255
0.012473017 0.11030233 0.6667908 -0.10629045 0.832842 0.5432095 135 153 202 255
-0.12123957 -0.00058446825 0.6597692 -0.8314129 0.23150419 0.50513184 208 208 208 255
0.11573149 -0.16553786 0.4568222 0.45367828 -0.663037 -0.5954477 141 162 216 255
0.046266973 0.11735453 0.65606827 0.076972194 0.87108564 0.4850618 29 29 29 255
0.08471379 -0.18389598 0.4595818 0.28547043 -0.762592 -0.5804825 141 162 216 255
0.07951549 0.118233874 0.64190835 0.25727713 0.8758545 0.4082736 140 161 215 255
0.05167322 -0.19684999 0.46645486 0.10628953 -0.83284223 -0.54320925 141 162 216 255
0.11094059 0.11290656 0.6248554 0.42769915 0.8469639 0.31579342 140 161 215 255
0.01787927 -0.20390216 0.4771774 -0.07697348 -0.8710858 -0.48506138 139 163 216 255
0.13933499 0.10157727 0.6055645 0.5816802 0.785526 0.21118012 141 162 216 255
-0.015369229 -0.20478149 0.4913373 -0.25727758 -0.87585443 -0.40827334 141 164 214 255
0.16360746 0.08468151 0.58477706 0.71330905 0.69390035 0.0984504 31 31 31 255
-0.088986725 0.06888448 0.65322936 -0.60445267 0.53800106 0.58753014 180 189 214 255
-0.061183915 0.091941014 0.6546893 -0.45367962 0.663036 0.59544766 139 160 214 255
-0.056393042 -0.18650341 0.4866561 -0.42769784 -0.8469643 -0.31579417 141 162 216 255
-0.084787436 -0.17517412 0.505947 -0.58168054 -0.78552574 -0.2111798 141 162 216 255
0.17322631 0.07581921 0.54155785 0.8175259 0.5756085 -0.018062778 140 161 215 255
0.18665065 0.049927197 0.5202008 0.89032567 0.43519646 -0.13388163 140 161 215 255
-0.10905988 -0.15827836 0.5267344 -0.71330905 -0.69390035 -0.09845037 139 161 215 255
0.19376576 0.020951286 0.49979255 0.9289108 0.27805945 -0.24455597 140 161 215 255
-0.12827742 -0.13646527 0.54821944 -0.81752616 -0.57560813 0.018063087 208 208 207 255
0.19429818 -0.00999523 0.48111725 0.93179834 0.11023742 -0.3458317 140 161 215 255
-0.14170177 -0.11057325 0.5695765 -0.89032537 -0.43519714 0.13388106 208 208 208 255
0.18822755 -0.04172294 0.4648926 0.89887756 -0.061820615 -0.43381718 140 161 215 255
-0.14881685 -0.08159733 0.5899848 -0.92891085 -0.278059 0.24455623 208 208 208 255
0.17578718 -0.073012374 0.45174223 0.83141285 -0.23150441 -0.50513196 140 161 215 255
-0.11250606 0.04201533 0.64760584 -0.7319978 0.39229062 0.5570344 208 208 208 255
-0.14934927 -0.05065079 0.60866004 -0.9317982 -0.11023666 0.3458321 208 208 208 255
0.15745497 -0.102661386 0.44217145 0.7319979 -0.39229047 -0.5570343 140 161 215 255
-0.030166179 0.11029914 0.6519297 -0.28547037 0.762592 0.5804825 139 160 214 255
-0.14327866 -0.018923119 0.6248847 -0.8988772 0.061821565 0.43381757 208 208 208 255
0.13393563 -0.12953052 0.436548 0.60445267 -0.53800106 -0.58753014 140 161 215 255
0.0028743446 0.12325312 0.6450566 -0.10629081 0.8328418 0.54320955 90 103 136 255
-0.13083825 0.012366325 0.63803506 -0.83141285 0.2315044 0.50513196 208 208 208 255
0.10613282 -0.15258707 0.435088 0.45367882 -0.6630366 -0.59544766 140 161 215 255
0.0366683 0.13030532 0.6343341 0.076971844 0.87108564 0.4850619 29 27 28 255
0.075115114 -0.1709452 0.4378476 0.28547072 -0.76259196 -0.58048254 141 162 216 255
0.069916815 0.13118467 0.62017417 0.25727755 0.8758545 0.4082734 139 161 215 255
0.042074546 -0.18389918 0.4447207 0.10628977 -0.8328421 -0.5432093 141 162 216 255
0.10134192 0.12585735 0.60312116 0.42769915 0.84696394 0.3157934 140 161 215 255
0.008280598 -0.19095135 0.45544323 -0.07697319 -0.87108576 -0.48506144 141 162 216 255
0.12973632 0.11452806 0.5838303 0.5816802 0.785526 0.21118012 25 26 30 255
-0.024967901 -0.19183071 0.46960312 -0.25727797 -0.87585443 -0.4082732 141 162 216 255
0.15400879 0.097632304 0.5630429 0.71330905 0.69390035 0.09845036 29 29 29 255
-0.09834543 0.0815115 0.63203853 -0.6044527 0.538001 0.58753014 178 186 211 255
-0.07054262 0.104568034 0.63349843 -0.45367986 0.6630358 0.59544766 111 128 169 255
-0.06575175 -0.17387637 0.46546528 -0.42769706 -0.84696454 -0.31579468 140 161 215 255
-0.09414614 -0.16254708 0.4847562 -0.5816804 -0.7855259 -0.21117996 141 162 216 255
0.16386761 0.08844623 0.520367 0.8175261 0.5756082 -0.018063007 140 161 215 255
0.17729194 0.06255422 0.49900997 0.8903256 0.43519646 -0.1338816 140 161 215 255
-0.11841858 -0.14565133 0.5055436 -0.71330905 -0.69390035 -0.0984504 141 162 216 255
0.18440706 0.033578306 0.47860172 0.9289109 0.27805904 -0.24455626 140 161 215 255
-0.13763613 -0.12383823 0.5270286 -0.81752616 -0.57560796 0.018063156 141 162 216 255
0.18493947 0.002631791 0.45992643 0.93179834 0.11023818 -0.34583125 140 161 215 255
-0.15106048 -0.09794621 0.5483857 -0.89032525 -0.43519756 0.13388081 141 162 217 255
0.17886885 -0.029095918 0.44370177 0.89887744 -0.06182077 -0.4338172 140 161 215 255
-0.15817556 -0.06897032 0.5687939 -0.92891085 -0.27805912 0.24455614 158 170 212 255
0.16642848 -0.060385354 0.4305514 0.83141285 -0.2315044 -0.50513196 140 161 215 255
-0.121864766 0.05464235 0.626415 -0.73199725 0.3922913 0.5570345 208 208 208 255
-0.15870798 -0.038023785 0.5874692 -0.9317982 -0.11023634 0.34583223 208 208 208 255
0.14809626 -0.090034366 0.42098063 0.7319982 -0.3922901 -0.5570342 140 161 215 255
-0.039524883 0.12292616 0.63073885 -0.28546962 0.7625925 0.5804824 25 25 25 255
-0.15263736 -0.006296113 0.60369384 -0.8988772 0.06182153 0.43381757 208 208 208 255
0.12457693 -0.11690349 0.41535717 0.6044527 -0.538001 -0.58753014 140 161 215 255
-0.0064843595 0.13588014 0.6238658 -0.10629077 0.8328418 0.54320955 25 25 25 255
-0.14019695 0.024993345 0.6168442 -0.831413 0.23150425 0.5051319 208 208 208 255
0.096774116 -0.13996005 0.4138972 0.45367834 -0.66303694 -0.59544766 140 161 215 255
0.027309597 0.14293234 0.61314327 0.076972276 0.87108564 0.48506176 25 25 25 255
0.06575641 -0.15831816 0.4166568 0.28547043 -0.762592 -0.5804825 26 28 25 255
0.06055811 0.14381169 0.59898335 0.2572793 0.8758543 0.4082725 26 26 26 255
0.032715842 -0.17127217 0.42352986 0.10628997 -0.83284205 -0.5432094 43 44 53 255
0.091983214 0.13848437 0.5819304 0.42769843 0.8469642 0.31579384 28 28 28 255
-0.0010781065 -0.17832434 0.4342524 -0.07697339 -0.8710858 -0.4850614 143 163 218 255
0.120377615 0.12715508 0.5626395 0.5816803 0.7855259 0.21118 27 27 27 255
-0.034326605 -0.1792037 0.4484123 -0.25727907 -0.8758543 -0.40827262 141 163 215 255
0.14465009 0.110259324 0.54185206 0.71330905 0.69390035 0.098450415 29 29 29 255
-0.10745478 0.09380208 0.6114123 -0.6044527 0.53800094 0.58753014 178 186 211 255
-0.07965197 0.11685862 0.61287224 -0.45368016 0.6630357 0.5954477 23 23 23 255
-0.074861094 -0.16158581 0.44483906 -0.4276975 -0.8469645 -0.31579447 130 145 189 255
-0.10325549 -0.15025651 0.46412998 -0.5816803 -0.7855259 -0.21118002 140 161 215 255
0.15475829 0.10073681 0.4997408 0.8175259 0.5756084 -0.018062817 140 161 215 255
0.16818263 0.0748448 0.47838375 0.8903254 0.4351969 -0.13388123 140 161 215 255
-0.12752792 -0.13336076 0.48491734 -0.71330893 -0.69390035 -0.09845042 140 161 215 255
0.17529768 0.04586889 0.4579755 0.9289109 0.27805865 -0.24455649 140 161 215 255
-0.14674547 -0.111547664 0.50640243 -0.8175259 -0.5756084 0.018062796 140 161 215 255
0.17583013 0.014922373 0.4393002 0.93179834 0.11023755 -0.34583163 140 161 215 255
-0.16016982 -0.085655645 0.52775943 -0.89032525 -0.4351972 0.13388103 141 162 216 255
0.16975953 -0.016805336 0.42307556 0.8988773 -0.06182133 -0.43381745 140 161 215 255
-0.1672849 -0.056679726 0.5481677 -0.9289109 -0.27805877 0.24455643 141 162 216 255
0.15731913 -0.04809477 0.40992522 0.83141285 -0.23150446 -0.505132 140 161 215 255
-0.13097411 0.06693293 0.6057888 -0.73199755 0.39229092 0.55703443 208 208 208 255
-0.16781732 -0.025733188 0.56684303 -0.9317982 -0.110236585 0.3458321 141 162 216 255
0.13898692 -0.07774378 0.40035442 0.731998 -0.39229026 -0.55703425 140 161 215 255
-0.04863423 0.13521674 0.61011267 -0.2854703 0.7625921 0.5804825 23 23 23 255
-0.16174671 0.005994484 0.58306766 -0.8988772 0.061821815 0.43381774 141 162 216 255
0.115467586 -0.10461291 0.39473093 0.6044527 -0.538001 -0.58753014 140 161 215 255
-0.015593678 0.14817072 0.60323954 -0.10629094 0.8328418 0.5432096 24 24 24 255
-0.1493063 0.037283927 0.596218 -0.8314127 0.23150481 0.5051321 210 209 209 255
0.08766477 -0.12766947 0.39327097 0.45367873 -0.66303676 -0.5954477 140 161 215 255
0.018200248 0.15522292 0.592517 0.07697169 0.87108564 0.48506206 25 25 25 255
0.056647062 -0.1460276 0.39603055 0.28547025 -0.7625922 -0.5804825 140 161 216 255
0.051448733 0.15610227 0.5783571 0.25727868 0.87585443 0.40827286 25 25 25 255
0.023606494 -0.15898158 0.40290365 0.10629025 -0.832842 -0.54320943 137 158 208 255
0.082873896 0.15077496 0.56130415 0.4276986 0.8469641 0.31579378 26 26 27 255
-0.0101874545 -0.16603374 0.4136262 -0.07697293 -0.8710858 -0.48506156 49 54 63 255
0.1112683 0.13944566 0.5420132 0.5816802 0.785526 0.21118012 26 25 25 255
-0.043435954 -0.1669131 0.42778608 -0.25727883 -0.8758543 -0.4082728 145 168 218 255
0.13554071 0.12254991 0.52122587 0.71330905 0.6939002 0.09845034 139 160 213 255
-0.116819024 0.10643655 0.590209 -0.6044526 0.53800106 0.58753014 138 160 214 255
-0.0890162 0.12949309 0.59166896 -0.45367944 0.66303617 0.59544766 139 160 214 255
-0.08422533 -0.14895132 0.42363575 -0.42769742 -0.8469645 -0.31579444 47 52 66 255
-0.11261972 -0.13762203 0.44292668 -0.5816798 -0.78552616 -0.21118036 133 153 199 255
0.14539404 0.11337128 0.4785375 0.81752616 0.575608 -0.018063126 139 160 214 255
0.15881838 0.08747927 0.45718044 0.8903256 0.43519634 -0.1338817 139 160 214 255
-0.13689217 -0.12072627 0.46371406 -0.71330905 -0.69390035 -0.098450385 107 113 146 255
0.16593346 0.05850336 0.4367722 0.92891085 0.27805883 -0.24455632 139 160 214 255
-0.15610972 -0.09891318 0.4851991 -0.8175261 -0.5756082 0.018062986 140 161 215 255
0.16646588 0.027556844 0.4180969 0.9317982 0.11023682 -0.345832 140 161 215 255
-0.16953406 -0.07302116 0.50655615 -0.8903254 -0.43519682 0.1338813 140 161 215 255
0.16039528 -0.004170865 0.40187225 0.8988773 -0.06182121 -0.43381745 140 161 215 255
-0.17664912 -0.04404527 0.5269644 -0.92891085 -0.27805915 0.24455614 140 161 215 255
0.14795488 -0.0354603 0.38872188 0.83141273 -0.2315045 -0.50513196 140 161 215 255
-0.14033835 0.0795674 0.5845855 -0.73199755 0.39229083 0.5570344 140 161 215 255
-0.17718157 -0.013098732 0.5456397 -0.9317982 -0.110235825 0.34583256 140 161 215 255
0.12962268 -0.06510931 0.3791511 0.7319979 -0.39229038 -0.5570343 140 161 215 255
-0.05799848 0.14785121 0.5889093 -0.28547025 0.76259214 0.5804825 139 160 214 255
-0.17111094 0.01862894 0.5618644 -0.89887714 0.061822023 0.4338179 140 161 215 255
0.10610334 -0.09197844 0.37352765 0.6044527 -0.538001 -0.58753014 140 161 215 255
-0.024957925 0.1608052 0.58203626 -0.10629118 0.83284175 0.54320973 139 160 214 255
-0.15867054 0.0499184 0.5750147 -0.83141285 0.23150441 0.50513196 140 161 215 255
0.078300536 -0.115035 0.37206766 0.45367885 -0.6630365 -0.59544766 140 161 215 255
0.008836001 0.1678574 0.57131374 0.07697172 0.8710856 0.48506197 139 160 214 255
0.047282822 -0.13339311 0.37482727 0.28547078 -0.76259184 -0.58048254 140 161 215 255
0.042084515 0.16873674 0.5571538 0.25727898 0.8758543 0.40827268 139 160 214 255
0.014242262 -0.14634712 0.38170034 0.10629018 -0.83284205 -0.54320943 140 161 215 255
0.07350965 0.16340943 0.5401008 0.42769822 0.8469642 0.31579396 139 160 214 255
-0.019551687 -0.15339929 0.39242288 -0.07697191 -0.8710856 -0.48506188 140 161 215 255
0.10190405 0.15208013 0.52080995 0.5816802 0.785526 0.21118008 25 25 23 255
-0.052800186 -0.15427865 0.40658277 -0.25727865 -0.8758543 -0.40827286 148 169 225 255
0.12617649 0.13518438 0.50002253 0.71330917 0.69390017 0.09845021 27 26 26 255
-0.12640992 0.11937688 0.5684924 -0.60445267 0.53800106 0.58753014 141 163 217 255
-0.09860711 0.14243342 0.5699523 -0.45367953 0.66303605 0.59544766 20 20 20 255
-0.093816236 -0.136011 0.40191913 -0.42769727 -0.8469644 -0.31579453 140 161 215 255
-0.12221063 -0.12468171 0.42121005 -0.58168006 -0.78552616 -0.21118025 140 161 215 255
0.13580312 0.12631162 0.45682088 0.81752616 0.575608 -0.018063126 139 160 214 255
0.14922746 0.1004196 0.43546382 0.8903256 0.4351964 -0.13388167 139 160 214 255
-0.14648306 -0.107785955 0.4419974 -0.71330905 -0.69390035 -0.098450385 140 161 215 255
0.15634257 0.07144369 0.41505557 0.9289109 0.27805874 -0.24455643 139 160 214 255
-0.16570061 -0.08597286 0.4634825 -0.8175259 -0.5756084 0.018062806 140 161 215 255
0.15687498 0.040497176 0.39638028 0.9317982 0.11023694 -0.34583196 139 160 214 255
-0.17912497 -0.06008084 0.48483953 -0.8903254 -0.4351969 0.13388127 75 90 113 255
0.15080437 0.0087694675 0.38015562 0.8988773 -0.06182137 -0.43381745 139 160 214 255
-0.18624005 -0.031104922 0.5052478 -0.92891085 -0.278059 0.24455623 33 33 34 255
0.13836399 -0.022519968 0.3670053 0.8314127 -0.2315047 -0.505132 139 160 214 255
-0.14992926 0.092507735 0.56286883 -0.7319977 0.3922907 0.55703443 140 161 215 255
-0.18677247 -0.00015839934 0.5239231 -0.9317982 -0.11023599 0.34583247 141 163 214 255
0.120031774 -0.05216898 0.35743448 0.7319979 -0.39229047 -0.5570343 139 160 214 255
-0.06758937 0.16079155 0.5671927 -0.28547025 0.76259214 0.5804825 43 48 59 255
-0.18070185 0.031569287 0.5401477 -0.8988771 0.061822165 0.43381786 140 161 215 255
0.096512444 -0.079038106 0.351811 0.60445267 -0.53800106 -0.58753014 116 135 170 255
-0.034548834 0.17374553 0.56031966 -0.10629158 0.83284163 0.5432098 140 161 215 255
-0.16826144 0.06285873 0.55329806 -0.83141273 0.23150459 0.50513196 140 161 215 255
0.06870963 -0.102094665 0.35035104 0.45367888 -0.6630365 -0.59544766 50 58 65 255
-0.0007548928 0.18079773 0.5495971 0.07697111 0.8710856 0.4850622 22 22 22 255
0.037691914 -0.120452784 0.3531106 0.28547078 -0.76259184 -0.58048254 110 123 157 255
0.03249362 0.18167707 0.5354372 0.25727907 0.8758543 0.40827262 22 22 22 255
0.0046513528 -0.13340677 0.3599837 0.10629059 -0.832842 -0.5432096 140 161 215 255
0.063918725 0.17634976 0.5183842 0.42769814 0.84696424 0.31579402 147 169 225 255
-0.029142596 -0.14045894 0.37070626 -0.07697285 -0.8710858 -0.48506156 140 161 215 255
0.092313126 0.16502047 0.4990933 0.5816803 0.7855259 0.21118002 24 24 24 255
-0.062391095 -0.1413383 0.38486615 -0.25727877 -0.87585443 -0.40827283 140 161 215 255
0.1165856 0.14812471 0.47830594 0.71330917 0.69390017 0.09845021 25 25 25 255
-0.13600084 0.1323172 0.5467758 -0.6044527 0.538001 0.58753014 141 163 217 255
-0.10819802 0.15537374 0.5482357 -0.45367944 0.66303617 0.59544766 20 20 20 255
-0.10340715 -0.12307068 0.38020253 -0.4276979 -0.84696424 -0.31579414 140 161 215 255
-0.13180155 -0.11174138 0.39949346 -0.5816803 -0.78552586 -0.21117996 140 161 215 255
0.12621222 0.13925193 0.43510428 0.8175259 0.5756083 -0.018062856 24 24 24 255
0.13963656 0.11335992 0.41374722 0.8903256 0.4351964 -0.13388167 143 165 216 255
-0.15607399 -0.09484564 0.4202808 -0.71330893 -0.6939004 -0.09845048 140 161 215 255
0.14675164 0.08438401 0.39333898 0.92891085 0.27805912 -0.24455614 139 160 214 255
-0.17529154 -0.07303253 0.4417659 -0.81752604 -0.5756083 0.018062865 140 161 215 255
0.14728406 0.053437494 0.37466368 0.93179834 0.11023742 -0.3458317 139 160 214 255
-0.18871588 -0.047140524 0.46312293 -0.8903254 -0.435197 0.13388124 140 161 215 255
0.14121346 0.021709785 0.35843903 0.89887744 -0.06182081 -0.4338172 139 160 214 255
-0.19583096 -0.018164605 0.48353118 -0.9289109 -0.27805904 0.24455626 140 161 214 255
0.12877306 -0.009579651 0.3452887 0.83141285 -0.23150444 -0.50513196 139 160 214 255
-0.15952016 0.10544805 0.54115224 -0.7319974 0.39229107 0.55703443 140 162 214 255
-0.19636339 0.012781918 0.5022065 -0.9317982 -0.11023615 0.34583244 75 85 107 255
0.110440865 -0.039228663 0.3357179 0.731998 -0.39229023 -0.5570342 139 160 214 255
-0.077180296 0.17373186 0.5454761 -0.28546932 0.76259255 0.58048236 15 16 18 255
-0.19029276 0.044509605 0.5184311 -0.8988772 0.061821815 0.43381774 21 22 20 255
0.08692152 -0.06609779 0.3300944 0.6044526 -0.5380012 -0.5875302 139 160 214 255
-0.044139743 0.18668585 0.53860307 -0.10629084 0.8328418 0.54320955 19 23 26 255
-0.17785236 0.07579905 0.53158146 -0.8314125 0.23150511 0.50513226 38 42 51 255
0.059118718 -0.08915435 0.32863444 0.45367858 -0.66303676 -0.59544766 137 161 214 255
-0.010345817 0.19373804 0.5278805 0.076972365 0.87108576 0.4850618 21 21 21 255
0.028100997 -0.10751247 0.33139402 0.28547037 -0.762592 -0.5804825 105 123 159 255
0.022902697 0.19461739 0.51372063 0.25727898 0.8758543 0.4082727 21 21 21 255
-0.004939556 -0.120466456 0.33826712 0.10629029 -0.832842 -0.54320943 83 91 119 255
0.05432783 0.18929008 0.49666762 0.42769876 0.84696406 0.31579366 19 18 21 255
-0.038733512 -0.12751862 0.34898967 -0.07697319 -0.87108576 -0.48506144 52 59 72 255
0.08272223 0.17796078 0.4773767 0.58168054 0.78552586 0.21117985 139 160 214 255
-0.07198201 -0.12839799 0.36314955 -0.25727844 -0.87585443 -0.40827298 141 163 218 255
0.10699467 0.16106503 0.45658934 0.7133091 0.6939002 0.09845028 26 28 36 255
-0.14559177 0.14525753 0.52505916 -0.60445267 0.53800106 0.58753014 140 162 217 255
-0.11778894 0.16831407 0.5265191 -0.45367923 0.66303617 0.59544766 18 18 18 255
-0.11299807 -0.11013033 0.35848594 -0.42769766 -0.8469644 -0.31579435 18 20 21 255
-0.14139247 -0.09880105 0.37777683 -0.5816804 -0.78552586 -0.2111799 87 96 127 255
0.1166213 0.15219226 0.4133877 0.8175261 0.57560825 -0.018062957 22 22 22 255
0.13004564 0.12630025 0.3920306 0.89032555 0.43519658 -0.13388152 40 49 58 255
-0.16566491 -0.081905305 0.39856422 -0.71330893 -0.6939004 -0.09845046 34 39 46 255
0.13716072 0.09732434 0.37162238 0.9289108 0.27805954 -0.24455586 139 160 214 255
-0.18488246 -0.060092196 0.42004925 -0.8175259 -0.5756083 0.018062856 140 161 215 255
0.13769315 0.066377826 0.35294706 0.9317983 0.110237174 -0.34583178 139 160 214 255
-0.1983068 -0.034200177 0.4414063 -0.89032537 -0.43519711 0.13388109 140 161 215 255
0.13162254 0.034650117 0.33672243 0.8988776 -0.061820336 -0.43381706 139 160 214 255
-0.20542186 -0.0052242726 0.46181458 -0.9289108 -0.2780598 0.24455567 140 161 215 255
0.11918214 0.0033606812 0.3235721 0.83141273 -0.23150468 -0.505132 139 160 214 255
-0.16911107 0.118388385 0.51943564 -0.7319979 0.39229047 0.5570343 140 161 215 255
-0.20595431 0.02572225 0.4804899 -0.9317982 -0.11023662 0.3458321 140 161 215 255
0.10084994 -0.02628833 0.3140013 0.73199797 -0.39229035 -0.5570343 139 160 214 255
-0.08677122 0.1866722 0.5237595 -0.28546968 0.7625924 0.58048236 10 9 5 255
-0.19988368 0.057449922 0.49671453 -0.8988773 0.06182129 0.43381745 139 162 215 255
0.0773306 -0.053157456 0.3083778 0.60445267 -0.53800106 -0.58753014 139 160 214 255
-0.053730667 0.19962618 0.5168865 -0.10629129 0.83284163 0.5432097 40 45 59 255
-0.18744329 0.08873938 0.5098648 -0.83141285 0.23150453 0.50513196 139 162 215 255
0.0495278 -0.076214015 0.30691785 0.45367858 -0.66303676 -0.59544766 139 160 214 255
-0.019936725 0.20667838 0.5061639 0.07697245 0.87108576 0.4850618 20 20 20 255
0.01851008 -0.094572134 0.30967742 0.2854702 -0.7625922 -0.5804825 139 160 214 255
0.013311774 0.20755772 0.492004 0.2572792 0.8758543 0.4082726 20 20 20 255
-0.01453048 -0.10752614 0.3165505 0.10629033 -0.832842 -0.54320943 140 160 215 255
0.044736907 0.20223041 0.474951 0.42769867 0.84696406 0.3157937 141 166 220 255
-0.04832443 -0.1145783 0.32727307 -0.07697263 -0.87108576 -0.48506165 140 163 214 255
0.07313131 0.19090112 0.4556601 0.5816806 0.7855258 0.21117985 20 22 23 255
-0.08157293 -0.115457654 0.34143293 -0.25727886 -0.8758543 -0.40827274 10 9 8 255
0.09740375 0.17400536 0.43487275 0.7133091 0.6939002 0.09845028 22 22 22 255
-0.15544587 0.15855296 0.5027466 -0.60445297 0.53800076 0.58753014 140 162 216 255
-0.12764305 0.1816095 0.50420654 -0.45367998 0.66303575 0.5954477 18 18 18 255
-0.122852184 -0.09683492 0.33617336 -0.427698 -0.84696424 -0.31579414 139 160 214 255
-0.15124658 -0.08550562 0.35546428 -0.5816804 -0.78552586 -0.2111799 142 165 219 255
0.10676719 0.16548769 0.3910751 0.8175259 0.5756084 -0.018062785 21 21 21 255
0.12019153 0.13959569 0.36971804 0.89032555 0.4351967 -0.13388143 51 57 72 255
-0.17551902 -0.06860988 0.37625164 -0.71330893 -0.6939004 -0.09845045 143 164 216 255
0.12730661 0.11061977 0.3493098 0.9289108 0.27805957 -0.24455583 139 160 214 255
-0.19473657 -0.04679677 0.39773673 -0.8175259 -0.5756084 0.018062817 146 166 216 255
0.12783903 0.07967325 0.33063447 0.93179834 0.1102377 -0.3458315 139 160 214 255
-0.2081609 -0.020904765 0.41909376 -0.89032537 -0.43519711 0.13388114 41 50 64 255
0.12176843 0.047945544 0.31440985 0.8988777 -0.061820135 -0.43381697 139 160 214 255
-0.21527599 0.008071154 0.439502 -0.9289108 -0.2780595 0.24455589 139 160 214 255
0.10932803 0.016656108 0.30125952 0.83141285 -0.23150441 -0.50513196 139 160 214 255
-0.1789652 0.13168381 0.4971231 -0.73199815 0.39229015 0.5570342 139 160 214 255
-0.21580842 0.039017677 0.45817733 -0.9317982 -0.11023686 0.345832 139 160 214 255
0.09099583 -0.012992904 0.2916887 0.73199797 -0.39229038 -0.5570343 139 160 214 255
-0.09662533 0.19996762 0.50144696 -0.2854703 0.7625921 0.5804825 14 14 12 255
-0.2097378 0.070745364 0.47440195 -0.89887756 0.061820686 0.43381718 139 160 214 255
0.06747649 -0.03986203 0.28606522 0.6044526 -0.5380012 -0.5875302 139 160 214 255
-0.063584775 0.2129216 0.49457386 -0.10629053 0.8328419 0.5432095 139 160 214 255
-0.1972974 0.10203481 0.4875523 -0.8314129 0.23150438 0.505132 139 160 214 255
0.039673686 -0.06291859 0.28460526 0.45367846 -0.6630368 -0.59544766 139 160 214 255
-0.029790848 0.2199738 0.4838513 0.076972835 0.87108576 0.48506156 141 160 215 255
0.008655965 -0.08127671 0.28736484 0.2854703 -0.7625921 -0.5804825 139 160 214 255
0.0034576654 0.22085315 0.46969143 0.25727868 0.87585443 0.40827286 139 160 214 255
-0.024384592 -0.0942307 0.29423794 0.10628997 -0.83284205 -0.5432094 139 160 214 255
0.0348828 0.21552584 0.45263845 0.42769894 0.846964 0.3157935 96 107 142 255
-0.058178544 -0.10128287 0.3049605 -0.07697361 -0.8710859 -0.48506138 139 160 214 255
0.0632772 0.20419654 0.43334752 0.5816802 0.785526 0.21118008 20 20 20 255
-0.09142704 -0.10216223 0.31912038 -0.25727883 -0.8758543 -0.4082728 139 160 214 255
0.08754964 0.18730079 0.41256016 0.7133091 0.6939002 0.098450325 21 21 21 255
-0.16503224 0.17148717 0.48104027 -0.60445267 0.53800106 0.58753014 139 161 216 255
-0.13722943 0.1945437 0.4825002 -0.45367905 0.6630364 0.59544766 15 15 15 255
-0.13243856 -0.08390071 0.314467 -0.4276976 -0.8469644 -0.31579438 139 160 214 255
-0.16083294 -0.07257141 0.33375794 -0.58168024 -0.7855259 -0.21118006 139 160 214 255
0.0971808 0.1784219 0.3693688 0.81752604 0.5756083 -0.018062936 19 19 19 255
0.11060515 0.1525299 0.34801173 0.89032555 0.43519667 -0.13388143 51 58 73 255
-0.18510538 -0.05567567 0.3545453 -0.7133091 -0.6939002 -0.09845033 139 160 214 255
0.11772023 0.12355398 0.32760346 0.9289108 0.2780595 -0.24455589 139 160 214 255
-0.20432293 -0.03386256 0.3760304 -0.81752604 -0.5756083 0.018062897 139 160 214 255
0.118252665 0.09260746 0.30892816 0.9317983 0.1102373 -0.34583175 139 160 214 255
-0.21774729 -0.007970557 0.39738744 -0.89032525 -0.43519738 0.13388091 44 44 57 255
0.11218205 0.060879752 0.2927035 0.89887756 -0.061820615 -0.43381718 139 160 214 255
-0.22486237 0.021005362 0.41779566 -0.9289108 -0.2780595 0.24455589 67 80 102 255
0.09974167 0.029590316 0.27955317 0.83141285 -0.23150453 -0.50513196 139 160 214 255
-0.18855157 0.14461802 0.47541678 -0.73199743 0.3922911 0.55703455 139 160 214 255
-0.22539479 0.051951885 0.436471 -0.9317982 -0.11023654 0.3458321 135 149 196 255
0.081409454 -5.8695674e-05 0.2699824 0.731998 -0.39229026 -0.55703425 139 160 214 255
-0.10621169 0.21290183 0.47974062 -0.28547063 0.76259196 0.58048254 17 16 16 255
-0.21932417 0.08367957 0.4526956 -0.8988772 0.061821565 0.43381757 21 21 17 255
0.057890117 -0.026927821 0.26435888 0.60445267 -0.53800106 -0.58753014 139 160 214 255
-0.07317115 0.22585581 0.47286755 -0.10629141 0.83284163 0.5432097 137 160 213 255
-0.20688376 0.114969015 0.46584594 -0.8314126 0.23150495 0.50513214 139 160 214 255
0.030087315 -0.04998438 0.26289895 0.45367873 -0.6630366 -0.59544766 146 163 216 255
-0.039377213 0.23290801 0.46214497 0.076971956 0.8710856 0.48506188 137 160 213 255
-0.00093040615 -0.0683425 0.2656585 0.28547025 -0.76259214 -0.5804824 99 105 137 255
-0.0061287135 0.23378736 0.4479851 0.25727895 0.8758543 0.4082727 141 162 217 255
-0.033970963 -0.08129649 0.27253163 0.10629053 -0.8328419 -0.54320943 129 149 192 255
0.02529642 0.22846004 0.4309321 0.42769864 0.84696406 0.3157937 18 18 18 255
-0.067764916 -0.088348664 0.28325418 -0.07697277 -0.8710858 -0.48506162 139 160 214 255
0.053690806 0.21713075 0.41164124 0.58168024 0.7855259 0.21118003 19 19 19 255
-0.101013415 -0.08922802 0.29741403 -0.25727886 -0.8758543 -0.40827274 139 160 214 255
0.07796328 0.200235 0.39085382 0.71330905 0.69390035 0.0984504 139 161 216 255
-0.17461863 0.18442136 0.45933393 -0.6044527 0.538001 0.58753014 180 188 213 255
-0.1468158 0.2074779 0.46079385 -0.45367968 0.66303605 0.5954477 15 15 15 255
-0.14202493 -0.070966505 0.29276067 -0.42769775 -0.8469643 -0.31579426 140 161 216 255
-0.17041934 -0.05963722 0.3120516 -0.5816805 -0.7855259 -0.21117991 139 160 214 255
0.087594435 0.1913561 0.34766245 0.81752604 0.5756083 -0.018062877 17 17 16 255
0.10101877 0.16546409 0.3263054 0.8903256 0.43519634 -0.13388167 50 57 73 255
-0.19469178 -0.042741463 0.33283895 -0.71330905 -0.69390035 -0.098450415 139 160 214 255
0.10813385 0.13648817 0.30589712 0.92891085 0.27805933 -0.24455602 139 160 214 255
-0.21390933 -0.020928368 0.35432404 -0.817526 -0.5756083 0.018062878 139 160 214 255
0.108666286 0.10554166 0.28722182 0.93179834 0.11023774 -0.34583148 139 160 214 255
-0.22733366 0.0049636513 0.3756811 -0.8903254 -0.4351969 0.13388127 139 160 214 255
0.10259567 0.07381395 0.27099717 0.89887744 -0.06182069 -0.43381718 139 160 214 255
-0.23444873 0.03393957 0.39608932 -0.9289108 -0.27805945 0.24455592 139 160 214 255
0.09015527 0.042524517 0.25784683 0.83141285 -0.23150441 -0.50513196 139 160 214 255
-0.19813794 0.15755221 0.45371044 -0.73199755 0.39229083 0.55703443 139 160 214 255
-0.23498118 0.06488609 0.41476464 -0.9317982 -0.11023686 0.345832 138 160 211 255
0.071823075 0.012875505 0.24827605 0.73199815 -0.39229012 -0.5570342 139 160 214 255
-0.115798086 0.22583604 0.45803428 -0.28547055 0.762592 0.58048254 16 15 15 255
-0.22891055 0.096613765 0.43098927 -0.8988773 0.061821498 0.43381757 19 20 19 255
0.04830374 -0.013993628 0.24265255 0.60445267 -0.53800106 -0.58753014 139 160 214 255
-0.08275753 0.23879 0.4511612 -0.10629085 0.8328418 0.54320955 137 159 213 255
-0.21647015 0.12790321 0.4441396 -0.8314129 0.23150435 0.505132 19 18 15 255
0.020500936 -0.03705018 0.24119261 0.4536785 -0.66303676 -0.59544766 139 160 214 255
-0.04896359 0.24584222 0.44043863 0.076972954 0.87108576 0.48506153 137 160 213 255
-0.010516785 -0.055408306 0.24395217 0.28547028 -0.7625921 -0.5804825 138 160 212 255
-0.015715092 0.24672157 0.42627877 0.2572785 0.8758543 0.40827295 17 17 17 255
-0.043557342 -0.068362296 0.2508253 0.10629007 -0.8328421 -0.54320943 39 44 51 255
0.01571004 0.24139425 0.40922576 0.4276988 0.84696406 0.31579363 17 17 17 255
-0.077351294 -0.07541446 0.26154783 -0.07697361 -0.8710859 -0.48506138 122 145 181 255
0.044104442 0.23006496 0.3899349 0.58168024 0.7855259 0.21118003 77 87 113 255
-0.11059979 -0.07629381 0.2757077 -0.25727835 -0.87585443 -0.40827304 41 42 57 255
0.068376884 0.21316919 0.36914748 0.7133091 0.6939002 0.0984503 139 160 214 255
-0.184205 0.19735557 0.4376276 -0.6044527 0.538001 0.58753014 181 189 213 255
-0.15640219 0.2204121 0.43908754 -0.45367905 0.66303647 0.5954477 14 14 14 255
-0.15161131 -0.058032297 0.27105436 -0.42769775 -0.8469643 -0.3157942 15 17 17 255
-0.1800057 -0.04670301 0.29034528 -0.58168024 -0.7855259 -0.21118003 25 32 34 255
0.078008056 0.2042903 0.3259561 0.8175261 0.5756082 -0.018062986 15 15 14 255
0.09143239 0.17839828 0.30459905 0.89032555 0.43519667 -0.13388142 50 55 75 255
-0.20427814 -0.02980727 0.31113267 -0.71330905 -0.69390035 -0.09845036 115 134 174 255
0.09854747 0.14942238 0.2841908 0.92891085 0.27805933 -0.24455605 139 160 214 255
-0.22349569 -0.00799416 0.3326177 -0.81752604 -0.57560825 0.018062936 29 34 44 255
0.09907991 0.11847586 0.26551548 0.9317983 0.11023707 -0.34583187 139 160 214 255
-0.23692004 0.01789786 0.35397476 -0.89032537 -0.43519711 0.13388109 140 161 213 255
0.09300929 0.08674815 0.24929085 0.89887744 -0.06182085 -0.4338172 139 160 214 255
-0.24403512 0.046873763 0.374383 -0.92891085 -0.27805942 0.244556 139 160 214 255
0.08056891 0.055458717 0.23614052 0.83141273 -0.2315045 -0.50513196 139 160 214 255
-0.20772433 0.17048642 0.4320041 -0.7319975 0.39229104 0.5570345 139 160 214 255
-0.24456754 0.077820286 0.39305833 -0.9317982 -0.11023618 0.34583235 139 160 214 255
0.062236696 0.025809705 0.22656971 0.731998 -0.39229026 -0.55703425 139 160 214 255
-0.12538445 0.23877023 0.43632793 -0.28547043 0.7625921 0.58048254 14 14 14 255
-0.23849693 0.10954796 0.40928295 -0.8988772 0.061821736 0.43381768 139 160 214 255
0.03871736 -0.0010594241 0.22094622 0.60445267 -0.53800106 -0.58753014 139 160 214 255
-0.09234391 0.2517242 0.42945486 -0.10629141 0.83284163 0.5432097 208 208 208 255
-0.22605652 0.1408374 0.42243326 -0.8314125 0.23150498 0.50513214 139 160 214 255
0.010914557 -0.02411598 0.21948627 0.4536787 -0.66303664 -0.59544766 139 160 214 255
-0.05854997 0.25877643 0.41873232 0.07697204 0.87108564 0.48506188 14 14 14 255
-0.020103164 -0.042474106 0.22224584 0.2854703 -0.7625921 -0.5804825 139 160 214 255
-0.025301471 0.25965577 0.40457243 0.25727886 0.8758543 0.40827274 14 14 14 255
-0.05314372 -0.055428103 0.22911894 0.10629053 -0.8328419 -0.54320943 139 160 214 255
0.006123662 0.25432843 0.38751945 0.42769867 0.84696406 0.3157937 18 16 16 255
-0.08693767 -0.062480263 0.23984149 -0.076972835 -0.87108576 -0.48506156 139 160 213 255
0.034518063 0.24299915 0.36822855 0.58168024 0.7855259 0.21118003 137 160 213 255
-0.12018617 -0.06335962 0.25400138 -0.25727886 -0.8758543 -0.40827274 143 164 220 255
0.058790505 0.2261034 0.34744114 0.71330905 0.69390035 0.098450385 137 160 213 255
-0.19348226 0.2098727 0.4166212 -0.60445297 0.5380008 0.58753014 180 188 213 255
-0.16567944 0.23292923 0.41808113 -0.45368016 0.6630356 0.59544766 13 13 13 255
-0.16088857 -0.045515172 0.25004795 -0.42769727 -0.8469645 -0.31579456 139 160 214 255
-0.18928297 -0.034185886 0.26933888 -0.5816802 -0.785526 -0.21118014 139 160 214 255
0.0687308 0.21680743 0.3049497 0.8175259 0.57560843 -0.018062796 15 14 13 255
0.08215514 0.19091542 0.28359264 0.89032555 0.4351967 -0.13388143 49 56 71 255
-0.21355541 -0.01729013 0.29012623 -0.7133088 -0.6939006 -0.09845065 122 136 184 255
0.08927022 0.1619395 0.2631844 0.92891085 0.27805942 -0.244556 137 160 213 255
-0.23277296 0.0045229644 0.3116113 -0.8175261 -0.5756083 0.018062929 13 16 10 255
0.08980265 0.130993 0.24450907 0.93179834 0.110237785 -0.34583145 137 160 213 255
-0.2461973 0.030414984 0.33296835 -0.89032537 -0.43519714 0.13388109 116 131 167 255
0.08373204 0.099265285 0.22828445 0.8988776 -0.06182025 -0.43381703 137 160 213 255
-0.25331238 0.059390903 0.3533766 -0.92891085 -0.27805912 0.24455614 65 79 97 255
0.07129164 0.06797585 0.21513411 0.83141273 -0.2315045 -0.50513196 137 160 213 255
-0.21700159 0.18300354 0.4109977 -0.7319978 0.39229062 0.5570344 139 160 214 255
-0.2538448 0.090337425 0.37205192 -0.9317982 -0.11023662 0.3458321 126 146 191 255
0.052959442 0.038326837 0.2055633 0.7319982 -0.3922901 -0.5570342 139 160 214 255
-0.13466172 0.25128737 0.41532153 -0.28546992 0.76259226 0.5804824 13 13 13 255
-0.24777418 0.1220651 0.38827655 -0.8988773 0.061821412 0.43381754 139 160 214 255
0.029440098 0.011457708 0.19993982 0.60445285 -0.5380008 -0.58753014 139 160 214 255
-0.101621166 0.26424134 0.40844846 -0.1062919 0.8328416 0.54320985 13 13 13 255
-0.23533377 0.15335454 0.40142685 -0.83141273 0.23150465 0.505132 139 160 214 255
0.0016372949 -0.011598848 0.19847986 0.45367897 -0.6630364 -0.59544766 142 163 216 255
-0.067827225 0.27129355 0.3977259 0.07697212 0.87108564 0.48506185 13 13 13 255
-0.029380418 -0.029956974 0.20123944 0.28547078 -0.76259184 -0.58048254 139 161 214 255
-0.034578726 0.2721729 0.38356602 0.2572779 0.8758545 0.40827328 15 15 15 255
-0.06242098 -0.042910963 0.20811254 0.1062907 -0.8328419 -0.5432096 139 160 214 255
-0.0031535923 0.26684558 0.36651304 0.427698 0.84696424 0.31579408 210 210 210 255
-0.096214935 -0.049963124 0.21883509 -0.07697312 -0.87108576 -0.4850615 139 160 214 255
0.025240809 0.2555163 0.34722215 0.5816801 0.785526 0.21118017 209 208 207 255
-0.12946343 -0.05084248 0.23299497 -0.2572783 -0.87585443 -0.40827307 139 160 214 255
0.04951325 0.23862052 0.32643473 0.71330893 0.6939004 0.09845045 143 162 207 255
-0.20241979 0.22193146 0.39638403 -0.6044527 0.538001 0.58753014 180 188 213 255
-0.17461698 0.244988 0.397844 -0.45367977 0.6630359 0.5954477 12 12 12 255
-0.1698261 -0.033456407 0.2298108 -0.42769775 -0.8469643 -0.31579423 139 160 214 255
-0.19822049 -0.022127122 0.24910171 -0.58168036 -0.78552586 -0.21117999 139 160 214 255
0.059793264 0.22886619 0.28471255 0.8175261 0.5756083 -0.01806295 13 13 13 255
0.0732176 0.20297417 0.2633555 0.89032555 0.43519658 -0.13388148 70 70 70 255
-0.22249293 -0.0052313805 0.2698891 -0.71330893 -0.6939004 -0.098450474 139 160 214 255
0.08033268 0.17399827 0.24294725 0.92891085 0.27805933 -0.24455601 137 160 213 255
-0.24171048 0.016581729 0.29137415 -0.81752616 -0.57560813 0.018063068 139 160 214 255
0.080865115 0.14305174 0.22427192 0.9317984 0.110237524 -0.34583166 137 160 213 255
-0.25513482 0.04247375 0.3127312 -0.89032537 -0.43519711 0.13388112 139 159 215 255
0.0747945 0.11132404 0.2080473 0.89887744 -0.061821103 -0.43381742 137 160 213 255
-0.26224992 0.07144965 0.33313942 -0.9289108 -0.27805957 0.24455583 52 56 72 255
0.062354118 0.080034606 0.19489697 0.83141285 -0.23150446 -0.505132 137 160 213 255
-0.22593911 0.19506231 0.39076054 -0.7319973 0.3922913 0.55703455 145 166 219 255
-0.26278234 0.102396175 0.35181478 -0.9317982 -0.1102365 0.34583217 144 167 221 255
0.044021904 0.050385594 0.18532616 0.73199797 -0.39229035 -0.5570343 137 160 213 255
-0.14359924 0.26334614 0.39508438 -0.28546992 0.76259226 0.5804824 11 11 11 255
-0.25671172 0.13412386 0.3680394 -0.8988773 0.06182146 0.43381757 14 14 14 255
0.020502575 0.023516465 0.17970267 0.60445267 -0.53800106 -0.58753014 137 160 213 255
-0.1105587 0.2763001 0.3882113 -0.10629118 0.83284175 0.54320973 12 12 12 255
-0.24427131 0.16541329 0.3811897 -0.8314129 0.23150423 0.50513184 32 38 49 255
-0.0073002316 0.00045990944 0.17824271 0.4536787 -0.66303664 -0.59544766 19 22 23 255
-0.07676476 0.28335232 0.37748876 0.07697233 0.87108576 0.4850618 13 13 13 255
-0.03831795 -0.017898217 0.18100229 0.28547016 -0.7625922 -0.5804825 10 7 9 255
-0.043516263 0.28423166 0.36332887 0.25727862 0.8758543 0.40827286 46 46 46 255
-0.07135851 -0.030852206 0.18787539 0.10629074 -0.8328419 -0.5432096 7 7 6 255
-0.01209113 0.27890432 0.34627587 0.42769888 0.846964 0.31579357 208 208 208 255
-0.10515246 -0.037904374 0.19859794 -0.0769734 -0.8710858 -0.48506138 97 109 141 255
0.016303271 0.26757503 0.326985 0.58168024 0.7855259 0.21118003 208 208 208 255
-0.13840096 -0.03878373 0.2127578 -0.25727835 -0.87585443 -0.40827304 139 160 214 255
0.040575713 0.25067928 0.30619758 0.71330917 0.69390017 0.09845024 208 208 208 255
-0.2117056 0.23446012 0.37535828 -0.6044533 0.53800035 0.5875301 178 186 211 255
-0.18390277 0.25751665 0.37681824 -0.4536804 0.66303545 0.59544766 10 10 10 255
-0.1791119 -0.020927764 0.20878506 -0.42769748 -0.8469644 -0.3157944 4 7 4 255
-0.2075063 -0.009598464 0.22807598 -0.5816801 -0.785526 -0.21118017 5 4 1 255
0.05050747 0.24139485 0.2636868 0.81752586 0.57560843 -0.018062716 11 11 11 255
0.06393181 0.21550283 0.24232975 0.89032555 0.43519658 -0.13388151 83 83 83 255
-0.23177874 0.0072972775 0.24886334 -0.7133089 -0.69390047 -0.09845054 83 99 127 255
0.07104689 0.18652692 0.2219215 0.9289108 0.27805975 -0.24455573 208 208 208 255
-0.2509963 0.029110387 0.2703484 -0.8175259 -0.5756085 0.018062769 137 160 213 255
0.07157931 0.1555804 0.20324618 0.9317983 0.110237464 -0.34583163 208 208 207 255
-0.26442063 0.05500239 0.29170546 -0.89032537 -0.43519723 0.13388105 138 160 214 255
0.06550871 0.1238527 0.18702155 0.89887756 -0.06182053 -0.4338171 178 187 211 255
-0.2715357 0.08397831 0.3121137 -0.9289108 -0.27805963 0.2445558 139 160 214 255
0.05306831 0.09256326 0.17387122 0.831413 -0.23150425 -0.5051319 137 160 213 255
-0.23522492 0.20759097 0.3697348 -0.73199785 0.39229053 0.5570343 139 160 214 255
-0.27206814 0.11492483 0.33078903 -0.9317982 -0.11023654 0.34583217 139 160 214 255
0.034736104 0.06291425 0.16430041 0.73199815 -0.39229012 -0.5570342 137 160 213 255
-0.15288505 0.27587476 0.37405866 -0.2854707 0.76259196 0.58048254 11 11 11 255
-0.26599753 0.1466525 0.34701365 -0.89887744 0.061821062 0.43381742 141 161 220 255
0.011216767 0.03604512 0.15867692 0.60445285 -0.5380008 -0.58753014 137 160 213 255
-0.119844496 0.28882876 0.36718556 -0.10629045 0.832842 0.5432095 12 12 12 255
-0.25355712 0.17794195 0.360164 -0.8314129 0.23150432 0.50513196 105 114 153 255
-0.016586035 0.01298856 0.15721698 0.45367876 -0.6630366 -0.5954477 137 160 213 255
-0.08605057 0.29588097 0.35646302 0.07697204 0.87108564 0.48506188 11 11 11 255
-0.047603756 -0.005369559 0.15997654 0.28547078 -0.76259184 -0.58048254 143 164 220 255
-0.052802056 0.29676032 0.34230313 0.25727835 0.87585443 0.40827304 208 208 208 255
-0.08064431 -0.018323556 0.16684964 0.10629018 -0.83284205 -0.54320943 137 159 215 255
-0.021376923 0.29143298 0.32525015 0.42769846 0.8469642 0.31579384 208 208 208 255
-0.114438266 -0.025375716 0.17757219 -0.076972835 -0.87108576 -0.48506156 111 126 163 255
0.0070174783 0.28010368 0.30595925 0.5816802 0.785526 0.21118008 208 208 208 255
-0.14768676 -0.026255071 0.19173208 -0.25727823 -0.87585443 -0.40827307 6 5 8 255
0.03128992 0.26320794 0.28517187 0.71330893 0.6939004 0.098450474 208 208 208 255
-0.22066921 0.24655406 0.35506207 -0.60445267 0.53800106 0.58753014 177 186 211 255
-0.19286638 0.2696106 0.35652202 -0.45367977 0.663036 0.5954477 8 8 8 255
-0.18807551 -0.008833803 0.18848884 -0.42769766 -0.8469643 -0.31579426 114 128 167 255
-0.21646991 0.0024954826 0.20777977 -0.58168036 -0.78552586 -0.21117999 13 13 15 255
0.041543856 0.25348878 0.24339059 0.81752604 0.5756083 -0.018062916 208 208 208 255
0.054968193 0.22759679 0.22203353 0.89032555 0.43519658 -0.13388148 208 208 208 255
-0.24074236 0.019391224 0.22856712 -0.71330893 -0.6939004 -0.09845048 147 170 225 255
0.062083274 0.19862087 0.20162529 0.92891085 0.27805915 -0.24455614 208 208 208 255
-0.2599599 0.041204333 0.25005218 -0.8175261 -0.5756082 0.018063027 137 160 214 255
0.06261571 0.16767436 0.18294996 0.93179834 0.11023742 -0.3458317 208 208 208 255
-0.27338424 0.06709635 0.27140924 -0.89032537 -0.4351971 0.13388114 7 7 4 255
0.056545094 0.13594665 0.16672534 0.89887744 -0.061821103 -0.43381742 208 208 208 255
-0.2804993 0.09607226 0.2918175 -0.92891085 -0.2780594 0.24455601 137 160 213 255
0.044104695 0.10465722 0.153575 0.83141285 -0.23150447 -0.505132 208 208 208 255
-0.24418853 0.21968491 0.34943858 -0.7319973 0.39229122 0.5570345 138 160 213 255
-0.28103176 0.12701878 0.3104928 -0.9317982 -0.1102365 0.34583217 137 160 213 255
0.025772497 0.0750082 0.1440042 0.73199797 -0.39229035 -0.5570343 210 207 208 255
-0.16184866 0.28796872 0.35376245 -0.28547 0.76259226 0.5804824 10 10 10 255
-0.2749611 0.15874647 0.32671744 -0.8988773 0.06182146 0.43381757 137 160 213 255
0.0022531524 0.048139073 0.1383807 0.60445267 -0.53800106 -0.58753014 136 158 214 255
-0.12880811 0.30092272 0.34688935 -0.10629113 0.83284175 0.5432097 7 7 7 255
-0.26252073 0.19003591 0.33986777 -0.8314129 0.23150423 0.50513184 137 160 213 255
-0.025549646 0.025082514 0.13692077 0.45367864 -0.66303664 -0.59544766 137 160 213 255
-0.09501417 0.3079749 0.3361668 0.07697245 0.87108576 0.4850618 208 208 208 255
-0.056567363 0.006724395 0.13968033 0.28547028 -0.7625921 -0.5804825 137 160 213 255
-0.06176567 0.30885425 0.3220069 0.25727862 0.8758543 0.40827286 208 208 208 255
-0.089607924 -0.0062295943 0.14655343 0.10629069 -0.8328419 -0.54320955 137 160 213 255
-0.030340537 0.30352694 0.30495393 0.42769873 0.84696406 0.31579366 208 208 208 255
-0.12340188 -0.013281763 0.15727597 -0.07697332 -0.8710858 -0.4850614 137 160 213 255
-0.0019461364 0.29219764 0.28566304 0.5816802 0.785526 0.21118008 208 208 208 255
-0.15665038 -0.014161125 0.17143585 -0.25727835 -0.87585443 -0.40827307 138 160 215 255
0.022326306 0.27530187 0.26487565 0.71330917 0.69390017 0.098450236 208 208 208 255
-0.22979392 0.2588654 0.3344011 -0.60445267 0.53800106 0.58753014 177 186 211 255
-0.20199111 0.28192192 0.33586103 -0.45367908 0.6630364 0.5954477 208 208 208 255
-0.19720024 0.0034775063 0.16782784 -0.42769784 -0.8469643 -0.3157942 137 160 213 255
-0.22559462 0.0148068 0.18711877 -0.58168024 -0.7855259 -0.21118003 137 160 213 255
0.032419145 0.26580012 0.22272961 0.8175261 0.5756082 -0.018062988 208 208 208 255
0.045843482 0.2399081 0.20137253 0.8903256 0.43519655 -0.13388155 208 208 208 255
-0.24986707 0.03170254 0.20790614 -0.71330905 -0.69390035 -0.09845039 137 160 213 255
0.052958563 0.2109322 0.18096429 0.92891085 0.2780594 -0.24455601 208 208 208 255
-0.26908463 0.05351565 0.2293912 -0.8175261 -0.5756083 0.018062929 18 19 30 255
0.053490996 0.17998567 0.16228898 0.93179834 0.110237546 -0.34583163 208 208 208 255
-0.28250897 0.07940766 0.25074825 -0.89032537 -0.4351972 0.13388106 14 19 27 255
0.047420382 0.14825797 0.14606434 0.89887744 -0.06182089 -0.43381727 208 208 208 255
-0.28962404 0.10838357 0.2711565 -0.9289108 -0.2780592 0.24455608 46 52 66 255
0.034979984 0.11696853 0.132914 0.83141273 -0.23150457 -0.50513196 208 208 208 255
-0.25331324 0.23199622 0.32877758 -0.7319978 0.39229062 0.5570344 137 160 213 255
-0.29015648 0.13933009 0.28983182 -0.9317982 -0.1102365 0.34583217 137 160 212 255
0.016647778 0.087319516 0.123343214 0.731998 -0.39229026 -0.55703425 208 208 208 255
-0.17097338 0.30028003 0.33310145 -0.2854705 0.762592 0.58048254 208 208 208 255
-0.28408584 0.17105778 0.30605644 -0.89887714 0.06182189 0.43381777 137 160 213 255
-0.0068715587 0.060450383 0.11771972 0.60445267 -0.53800106 -0.58753014 208 208 208 255
-0.13793282 0.31323403 0.32622835 -0.10629129 0.83284163 0.5432097 208 208 208 255
-0.27164543 0.20234722 0.31920677 -0.8314127 0.2315047 0.505132 137 160 213 255
-0.03467436 0.037393827 0.11625977 0.45367864 -0.66303664 -0.59544766 206 209 206 255
-0.10413888 0.3202862 0.3155058 0.07697208 0.87108564 0.48506188 208 208 208 255
-0.06569208 0.019035704 0.119019344 0.28547043 -0.762592 -0.5804825 206 205 213 255
-0.07089038 0.32116556 0.30134594 0.25727844 0.87585443 0.40827298 208 208 208 255
-0.098732635 0.006081715 0.12589243 0.10629022 -0.83284205 -0.54320943 138 160 213 255
-0.03946525 0.31583825 0.28429294 0.4276988 0.846964 0.31579357 208 208 208 255
-0.13252659 -0.000970453 0.136615 -0.07697312 -0.87108576 -0.4850615 137 160 213 255
-0.0110708475 0.30450895 0.26500204 0.5816804 0.7855259 0.21117997 208 208 208 255
-0.16577509 -0.0018498078 0.15077487 -0.25727862 -0.8758543 -0.40827286 137 160 213 255
0.013201594 0.2876132 0.24421465 0.7133091 0.6939002 0.09845027 208 208 208 255
-0.23917557 0.27152336 0.3131583 -0.60445297 0.5380007 0.58753014 177 186 211 255
-0.21137276 0.2945799 0.31461826 -0.4536798 0.6630358 0.59544766 208 208 208 255
-0.20658189 0.016135484 0.14658508 -0.42769718 -0.8469645 -0.31579456 137 160 213 255
-0.23497628 0.027464777 0.16587599 -0.58168006 -0.78552616 -0.21118027 137 160 213 255
0.023037493 0.2784581 0.20148683 0.81752586 0.5756086 -0.018062636 208 208 208 255
0.03646183 0.25256607 0.18012977 0.89032555 0.43519667 -0.13388143 208 208 208 255
-0.25924873 0.04436052 0.18666336 -0.7133088 -0.6939006 -0.09845063 137 160 213 255
0.04357691 0.22359017 0.15972152 0.9289108 0.27805954 -0.24455586 208 208 208 255
-0.27846628 0.06617363 0.20814842 -0.8175259 -0.5756084 0.018062785 137 160 213 255
0.044109344 0.19264364 0.1410462 0.93179834 0.11023782 -0.34583145 208 208 208 255
-0.29189062 0.09206564 0.22950548 -0.8903252 -0.43519744 0.13388085 137 160 213 255
0.038038723 0.16091594 0.12482157 0.89887756 -0.06182053 -0.4338171 208 208 208 255
-0.2990057 0.12104155 0.24991372 -0.9289108 -0.27805963 0.2445558 139 162 214 255
0.025598332 0.12962651 0.11167123 0.831413 -0.23150423 -0.5051319 208 208 208 255
-0.2626949 0.24465421 0.3075348 -0.7319979 0.39229038 0.5570343 137 160 212 255
-0.29953814 0.15198807 0.26858905 -0.93179834 -0.11023742 0.3458317 103 118 151 255
0.0072661266 0.09997749 0.10210043 0.7319983 -0.39228982 -0.55703413 208 208 208 255
-0.18035503 0.31293803 0.31185865 -0.28547043 0.7625921 0.5804826 208 208 208 255
-0.2934675 0.18371576 0.28481367 -0.8988773 0.06182113 0.43381742 11 9 10 255
-0.01625321 0.07310836 0.09647694 0.604453 -0.5380007 -0.58753014 208 208 208 255
-0.14731449 0.325892 0.30498558 -0.10629145 0.83284163 0.54320973 208 208 208 255
-0.28102708 0.2150052 0.29796398 -0.831413 0.23150405 0.50513184 45 53 70 255
-0.044056013 0.05005181 0.09501699 0.45367897 -0.6630364 -0.59544766 208 208 208 255
-0.11352053 0.3329442 0.29426304 0.076971434 0.8710856 0.4850621 208 208 208 255
-0.075073734 0.031693686 0.09777656 0.28547078 -0.76259184 -0.58048254 208 208 208 255
-0.080272034 0.33382356 0.28010315 0.25727838 0.87585443 0.40827304 208 208 208 255
-0.10811429 0.018739693 0.104649656 0.10629085 -0.8328418 -0.54320955 208 208 208 255
-0.0488469 0.32849622 0.26305017 0.4276982 0.84696424 0.31579402 208 208 208 255
-0.14190824 0.011687525 0.11537221 -0.07697275 -0.87108576 -0.48506156 207 209 208 255
-0.0204525 0.31716692 0.24375926 0.58167994 0.7855261 0.21118025 208 208 208 255
-0.17515674 0.01080817 0.12953208 -0.25727823 -0.87585443 -0.4082731 144 161 212 255
0.0038199425 0.30027118 0.22297187 0.7133089 0.69390047 0.098450564 208 208 208 255
-0.24804334 0.28348798 0.2930791 -0.60445267 0.53800106 0.58753014 177 186 211 255
-0.22024053 0.30654454 0.29453906 -0.45367974 0.66303605 0.5954477 208 208 208 255
-0.21544966 0.028100118 0.12650588 -0.42769766 -0.8469643 -0.31579426 208 208 208 255
-0.24384405 0.03942941 0.14579679 -0.58168036 -0.78552586 -0.21117999 210 211 208 255
0.014169723 0.29042274 0.18140763 0.81752604 0.5756083 -0.018062916 208 208 208 255
0.02759406 0.26453072 0.16005057 0.89032555 0.43519667 -0.13388145 208 208 208 255
-0.26811647 0.056325153 0.16658416 -0.71330893 -0.6939004 -0.098450474 138 159 213 255
0.03470914 0.2355548 0.13964233 0.92891085 0.27805915 -0.24455614 208 208 208 255
-0.28733402 0.07813826 0.18806922 -0.81752616 -0.57560813 0.018063068 137 160 213 255
0.035241574 0.20460829 0.12096701 0.9317984 0.110237606 -0.34583163 208 208 208 255
-0.3007584 0.104030274 0.20942628 -0.89032537 -0.43519711 0.13388112 137 160 213 255
0.029170953 0.17288058 0.10474238 0.89887744 -0.061821103 -0.43381742 208 208 208 255
-0.30787346 0.13300619 0.22983453 -0.92891085 -0.27805933 0.24455601 137 160 213 255
0.016730562 0.14159113 0.09159204 0.83141285 -0.23150441 -0.50513196 208 208 208 255
-0.27156267 0.25661883 0.28745562 -0.7319973 0.39229128 0.55703455 137 160 213 255
-0.30840588 0.16395271 0.24850985 -0.9317982 -0.11023654 0.3458321 137 160 213 255
-0.0016016439 0.11194213 0.08202124 0.73199797 -0.39229038 -0.5570343 208 208 208 255
-0.1892228 0.32490265 0.29177946 -0.28547013 0.7625922 0.5804825 208 208 208 255
-0.30233526 0.19568038 0.26473448 -0.8988773 0.061821498 0.43381757 137 160 213 255
-0.025120977 0.085072994 0.07639775 0.60445267 -0.53800106 -0.58753014 208 208 208 255
-0.15618226 0.33785665 0.2849064 -0.10629111 0.8328418 0.54320973 208 208 208 255
-0.28989485 0.22696984 0.2778848 -0.831413 0.23150417 0.50513184 139 161 214 255
-0.052923784 0.062016442 0.0749378 0.45367873 -0.66303676 -0.5954477 208 208 208 255
-0.1223883 0.34490883 0.27418384 0.07697233 0.87108576 0.4850618 208 208 208 255
-0.0839415 0.04365832 0.07769737 0.28547037 -0.7625921 -0.5804825 208 208 208 255
-0.089139804 0.34578818 0.26002395 0.2572787 0.8758543 0.40827283 208 208 208 255
-0.11698206 0.030704327 0.08457047 0.10629063 -0.832842 -0.54320955 208 208 208 255
-0.05771467 0.34046087 0.24297097 0.4276987 0.84696406 0.31579366 208 208 208 255
-0.15077601 0.023652162 0.09529302 -0.076973245 -0.8710858 -0.48506144 208 208 208 255
-0.02932027 0.32913157 0.22368008 0.5816802 0.785526 0.21118008 208 208 208 255
-0.18402451 0.022772804 0.10945289 -0.25727847 -0.87585443 -0.40827298 208 208 208 255
-0.005047828 0.31223583 0.20289269 0.71330917 0.69390017 0.09845022 208 208 208 255
0.06549738 -0.3563732 0.8016208 -0.24481241 -0.9493095 0.19717564 146 146 146 255
0.09353651 -0.34376752 0.8351269 -0.38360843 -0.9232231 -0.022444949 155 155 155 255
-0.24416617 0.05256377 0.105725296 -0.55648553 -0.73499054 -0.38744363 182 182 182 255
0.055280074 -0.35145724 0.7837582 -0.45233917 -0.8792372 -0.14943653 180 180 180 255
-0.24695946 0.06363435 0.095059946 -0.6180188 -0.3517994 -0.7030575 151 151 151 255
-0.2428408 0.07954427 0.09162462 -0.4987842 0.18987349 -0.8456727 154 154 154 255
0.09566684 -0.35011882 0.8420175 -0.5071331 -0.8201933 -0.26476192 149 149 149 255
0.10031901 -0.35279208 0.85040927 -0.033377532 -0.88248926 0.46914664 156 156 156 255
0.10430434 -0.34641773 0.8524475 0.6094207 0.24155658 0.75515336 152 152 152 255
0.09903571 -0.33930916 0.8405179 0.6094234 0.24155772 0.7551509 151 157 162 255
0.16520253 -0.23347843 0.8743574 0.35470656 -0.47858557 0.8032055 157 171 181 255
-0.22912614 0.10431477 0.09695369 -0.61382246 -0.28452593 -0.7363877 166 166 166 255
-0.23531419 0.112663835 0.08294218 -0.60942435 -0.24155153 -0.75515217 168 168 168 255
-0.22861789 0.11717376 0.0907379 0.035009485 0.8834157 -0.46728048 170 170 170 255
-0.20413339 0.15633573 0.10325989 -0.35472193 0.47859788 -0.8031914 189 189 189 255
-0.16884951 0.2127706 0.12130511 -0.35472187 0.47860003 -0.8031902 213 213 213 255
-0.23142803 0.11887956 0.084929675 0.035006803 0.8834134 -0.46728507 170 170 170 255
-0.09445932 -0.14942478 0.44470495 -0.50713277 -0.82019395 -0.26476082 62 66 82 255
-0.019589625 -0.250441 0.6142316 -0.5071322 -0.82019407 -0.26476124 216 216 216 255
0.017845228 -0.3009491 0.6989948 -0.507133 -0.82019377 -0.26476067 210 210 210 255
-0.17116849 -0.045926675 0.27101317 -0.5071324 -0.820194 -0.2647611 97 115 144 255
-0.20766732 0.0033185408 0.18836924 -0.5071322 -0.82019407 -0.2647612 137 160 213 255
-0.13282299 -0.09766348 0.3578385 -0.5071322 -0.82019407 -0.26476124 97 111 144 255
-0.057024486 -0.19993289 0.52946824 -0.5071322 -0.82019407 -0.2647612 208 208 208 255
6.364286e-05 -0.27695775 0.65873224 -0.5071323 -0.82019407 -0.2647612 92 92 92 255
0.0369979 -0.32679045 0.7423621 -0.50713307 -0.82019377 -0.26476064 212 212 212 255
-0.03830705 -0.22518696 0.57184994 -0.5071321 -0.8201942 -0.2647613 208 208 208 255
-0.07622183 -0.1740313 0.48599988 -0.5071322 -0.82019407 -0.26476124 141 162 216 255
-0.11364116 -0.12354411 0.4012717 -0.50713223 -0.82019407 -0.26476118 140 161 215 255
-0.15199573 -0.07179509 0.31442583 -0.50713235 -0.82019407 -0.26476115 139 160 214 255
-0.18941791 -0.021304071 0.22969119 -0.5071323 -0.820194 -0.26476115 139 160 214 255
-0.22591674 0.027941167 0.14704725 -0.5071322 -0.82019407 -0.2647612 136 159 214 255
0.046138987 -0.33912385 0.76306015 -0.50713277 -0.8201938 -0.26476085 173 173 173 255
0.027421579 -0.31386977 0.7206785 -0.507132 -0.8201942 -0.26476133 189 189 189 255
0.0089544505 -0.28895348 0.6788636 -0.50713164 -0.8201943 -0.26476163 209 209 209 255
-0.0097629875 -0.2636994 0.63648194 -0.5071315 -0.8201943 -0.26476163 208 208 208 255
-0.028948344 -0.23781396 0.59304076 -0.5071321 -0.8201942 -0.2647613 111 111 111 255
-0.047665767 -0.21255992 0.5506591 -0.50713205 -0.8201942 -0.26476133 208 208 208 255
-0.06662316 -0.18698208 0.50773406 -0.507132 -0.8201942 -0.26476133 141 161 216 255
-0.08534057 -0.16172804 0.46535242 -0.5071322 -0.82019407 -0.2647612 140 161 215 255
-0.10405024 -0.13648446 0.4229883 -0.50713265 -0.820194 -0.26476094 140 161 215 255
-0.12323206 -0.110603824 0.3795551 -0.50713223 -0.82019407 -0.26476118 140 162 215 255
-0.14294028 -0.08401294 0.33492997 -0.5071321 -0.82019407 -0.26476127 139 160 214 255
-0.16211304 -0.058144525 0.29151732 -0.5071322 -0.82019407 -0.2647612 12 9 7 255
-0.1802932 -0.033615366 0.25035217 -0.5071322 -0.82019407 -0.2647612 139 160 214 255
-0.19854262 -0.008992761 0.20903021 -0.5071323 -0.82019407 -0.26476115 7 5 4 255
-0.21679205 0.015629858 0.16770823 -0.5071322 -0.82019407 -0.2647612 137 160 213 255
-0.23504145 0.04025247 0.12638627 -0.5071322 -0.82019407 -0.26476118 208 208 208 255
0.05070953 -0.34529054 0.7734091 -0.507132 -0.8201942 -0.2647614 131 131 131 255
0.041568443 -0.33295715 0.7527111 -0.5071324 -0.820194 -0.2647611 195 195 195 255
0.03220974 -0.32033014 0.7315203 -0.50713253 -0.820194 -0.26476106 187 187 187 255
0.022633389 -0.30740947 0.70983666 -0.5071317 -0.8201943 -0.26476157 209 209 209 255
0.0133998245 -0.29495126 0.6889292 -0.5071323 -0.820194 -0.26476115 213 213 213 255
0.0045090467 -0.2829556 0.6687979 -0.50713253 -0.82019395 -0.26476094 155 155 155 255
-0.0048496574 -0.27032858 0.6476071 -0.507132 -0.8201942 -0.26476133 208 208 208 255
-0.014676318 -0.25707018 0.62535673 -0.5071325 -0.820194 -0.2647611 210 210 210 255
-0.024268992 -0.2441275 0.60363615 -0.50713265 -0.820194 -0.26476094 91 91 91 255
-0.033627696 -0.23150046 0.5824453 -0.50713277 -0.8201938 -0.26476082 211 211 211 255
-0.042986415 -0.21887346 0.5612545 -0.5071325 -0.820194 -0.26476103 208 208 208 255
-0.05234512 -0.20624642 0.5400637 -0.50713205 -0.8201942 -0.26476133 208 208 208 255
-0.061823823 -0.1934575 0.5186012 -0.507132 -0.8201942 -0.26476133 208 208 208 255
-0.071422495 -0.18050669 0.496867 -0.507132 -0.8201942 -0.26476133 141 162 216 255
-0.0807812 -0.16787969 0.47567618 -0.507132 -0.8201942 -0.26476133 141 162 216 255
-0.08989055 -0.15558909 0.45504993 -0.5071321 -0.8201942 -0.2647613 135 152 203 255
-0.09925478 -0.14295463 0.43384665 -0.5071321 -0.8201942 -0.26476127 140 160 208 255
-0.10884569 -0.13001429 0.41213 -0.5071321 -0.82019407 -0.26476127 140 161 215 255
-0.118436605 -0.11707397 0.3904134 -0.5071322 -0.82019407 -0.2647612 140 161 215 255
-0.12802753 -0.10413365 0.3686968 -0.50713235 -0.82019407 -0.26476112 60 71 90 255
-0.13788164 -0.09083821 0.34638423 -0.5071324 -0.820194 -0.26476103 140 161 218 255
-0.147468 -0.077904 0.3246779 -0.50713235 -0.82019407 -0.26476118 139 160 214 255
-0.1570544 -0.06496981 0.30297157 -0.5071322 -0.82019407 -0.26476124 139 160 214 255
-0.16664076 -0.052035615 0.28126526 -0.50713205 -0.8201942 -0.26476133 147 170 225 255
-0.17591803 -0.039518476 0.26025882 -0.507132 -0.8201942 -0.26476133 139 160 215 255
-0.18485555 -0.027459726 0.24002168 -0.5071322 -0.82019407 -0.2647612 139 160 214 255
-0.19414136 -0.014931068 0.21899593 -0.50713235 -0.82019407 -0.26476112 83 93 127 255
-0.20310497 -0.0028371066 0.19869973 -0.5071321 -0.8201942 -0.26476127 151 172 225 255
-0.21222968 0.009474203 0.17803873 -0.5071322 -0.82019407 -0.26476118 137 160 213 255
-0.22161134 0.02213218 0.15679595 -0.5071321 -0.8201942 -0.26476127 137 160 213 255
-0.2304791 0.034096815 0.13671677 -0.5071322 -0.82019407 -0.2647612 208 208 207 255
0.095254675 -0.3647561 0.7834836 -0.10618135 -0.98791075 0.11294981 141 141 141 255
0.11769362 -0.3505728 0.82040304 -0.22751965 -0.9666849 -0.11728221 146 146 146 255
-0.21702817 0.0552024 0.07681672 -0.4895672 -0.38756573 -0.78109974 156 156 156 255
-0.21529306 0.071783796 0.074834205 -0.4464453 0.1752995 -0.8774717 168 168 168 255
0.1202099 -0.35703292 0.82705843 -0.34414494 -0.86557716 -0.36378622 144 144 144 255
0.1244621 -0.35959342 0.835694 0.067111574 -0.91046786 0.40809837 153 153 153 255
0.12714262 -0.3528515 0.8385275 0.49417448 0.27364725 0.82517195 149 149 149 255
0.12187399 -0.34574294 0.82659787 0.49417323 0.2736454 0.82517326 155 161 166 255
0.16637754 -0.23380947 0.8736412 0.3547304 -0.47860685 0.8031823 156 170 178 255
0.08602209 -0.3601176 0.76502085 -0.2909657 -0.9241714 -0.24747959 178 178 178 255
-0.21342415 0.04390341 0.08698793 -0.39551574 -0.7798114 -0.48524368 183 183 183 255
-0.2063833 0.097907804 0.08309181 -0.49327356 -0.31809106 -0.8096291 171 171 171 255
-0.21257134 0.10625687 0.0690803 -0.4941738 -0.27364552 -0.82517296 175 175 175 255
-0.20741417 0.11120045 0.077814154 -0.06837918 0.9094613 -0.41012722 172 172 172 255
-0.19094597 0.1526207 0.09522213 -0.3547217 0.47859785 -0.8031915 194 194 194 255
-0.16721416 0.2123099 0.120308354 -0.35472238 0.4786004 -0.8031897 213 213 213 255
-0.20995751 0.112831116 0.07184334 -0.06838029 0.9094615 -0.4101268 181 181 181 255
-0.0637173 -0.15808514 0.42596757 -0.34414577 -0.8655773 -0.36378506 72 79 101 255
0.011152394 -0.2591014 0.5954942 -0.34414595 -0.8655773 -0.36378497 41 41 41 255
0.04858724 -0.30960947 0.68025744 -0.34414586 -0.8655773 -0.36378506 209 209 209 255
-0.14042647 -0.054587044 0.2522758 -0.34414598 -0.8655772 -0.36378494 140 165 216 255
-0.1769253 -0.0053418204 0.16963187 -0.34414592 -0.8655773 -0.36378503 137 160 213 255
-0.10208096 -0.106323846 0.33910114 -0.34414572 -0.8655773 -0.3637851 144 167 221 255
-0.026282467 -0.20859325 0.51073086 -0.34414598 -0.8655772 -0.36378494 208 208 208 255
0.03080567 -0.28561813 0.63999486 -0.3441456 -0.8655773 -0.36378512 95 95 95 255
0.06773991 -0.33545077 0.7236247 -0.3441463 -0.86557716 -0.3637848 213 213 213 255
-0.007565029 -0.23384732 0.55311257 -0.34414497 -0.8655774 -0.36378548 208 208 208 255
-0.04547981 -0.18269166 0.4672625 -0.34414607 -0.8655772 -0.3637849 141 162 216 255
-0.08289914 -0.13220447 0.38253433 -0.34414628 -0.8655772 -0.36378482 140 161 215 255
-0.121253714 -0.080455445 0.29568845 -0.34414577 -0.8655773 -0.36378506 139 160 214 255
-0.1586759 -0.029964425 0.21095383 -0.34414586 -0.8655772 -0.363785 140 162 213 255
-0.19517472 0.019280806 0.12830988 -0.34414598 -0.8655772 -0.36378494 210 206 208 255
0.076881 -0.34778416 0.7443228 -0.34414667 -0.86557716 -0.36378455 214 214 214 255
0.05816359 -0.32253015 0.70194113 -0.34414536 -0.8655774 -0.36378527 209 209 209 255
0.039696462 -0.2976138 0.6601262 -0.34414577 -0.8655773 -0.36378506 61 61 61 255
0.02097904 -0.27235973 0.61774457 -0.3441455 -0.8655774 -0.3637852 208 208 208 255
0.0017936751 -0.24647433 0.5743034 -0.34414497 -0.8655774 -0.36378548 208 208 208 255
-0.016923748 -0.22122025 0.53192174 -0.34414598 -0.8655772 -0.36378494 208 208 208 255
-0.03588114 -0.19564244 0.48899668 -0.34414586 -0.8655773 -0.36378506 141 162 216 255
-0.054598548 -0.1703884 0.44661504 -0.34414607 -0.8655772 -0.3637849 140 162 215 255
-0.07330822 -0.14514482 0.40425092 -0.34414616 -0.8655772 -0.3637849 140 161 215 255
-0.09249004 -0.11926418 0.36081773 -0.34414586 -0.8655773 -0.36378506 14 17 16 255
-0.11219827 -0.092673294 0.3161926 -0.34414592 -0.8655772 -0.363785 139 160 214 255
-0.13137102 -0.06680489 0.27277994 -0.34414607 -0.8655772 -0.3637849 140 161 210 255
-0.14955118 -0.042275734 0.2316148 -0.34414586 -0.8655773 -0.36378506 139 160 214 255
-0.1678006 -0.01765313 0.19029284 -0.34414598 -0.8655772 -0.36378494 16 16 21 255
-0.18605003 0.006969504 0.14897086 -0.34414592 -0.8655772 -0.363785 137 160 213 255
-0.20429944 0.03159211 0.1076489 -0.34414598 -0.8655773 -0.36378497 208 208 208 255
0.08145154 -0.35395086 0.75467175 -0.34414542 -0.8655774 -0.36378527 211 211 211 255
0.072310455 -0.34161752 0.73397374 -0.34414545 -0.8655773 -0.36378524 209 209 209 255
0.06295175 -0.32899046 0.7127829 -0.34414577 -0.8655773 -0.36378506 214 214 214 255
0.0533754 -0.31606978 0.6910993 -0.34414595 -0.8655773 -0.36378497 209 209 209 255
0.044141836 -0.30361164 0.6701918 -0.34414583 -0.8655773 -0.36378503 180 180 180 255
0.035251074 -0.29161596 0.65006053 -0.34414598 -0.8655773 -0.36378497 208 208 208 255
0.025892355 -0.27898896 0.6288697 -0.34414598 -0.8655772 -0.36378494 208 208 208 255
0.01606571 -0.26573056 0.60661936 -0.34414637 -0.86557716 -0.36378476 208 208 208 255
0.006473027 -0.25278783 0.58489877 -0.3441468 -0.86557716 -0.36378455 209 209 209 255
-0.002885677 -0.24016082 0.56370795 -0.34414616 -0.8655772 -0.36378488 41 41 41 255
-0.012244396 -0.22753382 0.5425171 -0.34414616 -0.8655772 -0.36378488 208 208 208 255
-0.0216031 -0.21490675 0.5213263 -0.34414625 -0.8655772 -0.36378482 208 208 208 255
-0.031081803 -0.20211786 0.4998638 -0.34414592 -0.8655773 -0.36378503 143 164 208 255
-0.040680476 -0.18916705 0.47812963 -0.34414628 -0.8655772 -0.36378482 141 162 216 255
-0.05003918 -0.17654002 0.4569388 -0.3441457 -0.8655773 -0.36378512 140 161 215 255
-0.059148528 -0.16424945 0.43631256 -0.34414616 -0.8655772 -0.36378488 25 25 23 255
-0.06851276 -0.15161496 0.41510928 -0.34414542 -0.8655774 -0.36378527 143 163 218 255
-0.07810367 -0.13867465 0.39339262 -0.34414536 -0.8655774 -0.36378533 140 161 215 255
-0.087694585 -0.12573433 0.37167603 -0.3441455 -0.8655773 -0.36378518 140 161 215 255
-0.0972855 -0.112794004 0.34995943 -0.34414586 -0.8655773 -0.36378506 115 132 169 255
-0.10713962 -0.09949858 0.32764685 -0.34414628 -0.8655772 -0.36378482 139 160 214 255
-0.11672599 -0.08656437 0.30594054 -0.34414586 -0.8655773 -0.36378506 139 160 214 255
-0.12631238 -0.07363016 0.2842342 -0.34414616 -0.8655772 -0.36378488 129 147 194 255
-0.13589874 -0.06069597 0.26252788 -0.34414586 -0.8655773 -0.36378506 17 18 25 255
-0.14517601 -0.04817883 0.24152146 -0.3441455 -0.8655773 -0.36378518 139 160 214 255
-0.15411353 -0.03612008 0.2212843 -0.34414607 -0.8655772 -0.3637849 139 160 214 255
-0.16339934 -0.023591422 0.20025857 -0.34414577 -0.8655773 -0.36378506 136 155 201 255
-0.17236295 -0.011497475 0.17996235 -0.34414592 -0.8655773 -0.36378503 138 159 214 255
-0.18148766 0.0008138418 0.15930137 -0.34414577 -0.8655773 -0.36378506 137 160 213 255
-0.19086932 0.013471819 0.13805859 -0.34414616 -0.8655772 -0.36378488 137 160 214 255
-0.19973709 0.025436454 0.11797939 -0.34414598 -0.8655772 -0.36378494 208 208 208 255
0.12655562 -0.3669089 0.7683771 0.043696847 -0.99821895 0.04061352 136 136 136 255
0.14310382 -0.35232043 0.80813956 -0.058761396 -0.9782927 -0.1987219 147 147 147 255
-0.1855441 0.05303705 0.061621845 -0.35069633 -0.39711654 -0.84812176 174 174 174 255
-0.18631619 0.06979093 0.060849376 -0.3898617 0.17140844 -0.90478015 172 172 172 255
0.14602622 -0.35880837 0.8145989 -0.16793352 -0.8776946 -0.44883224 142 142 142 255
0.14985757 -0.36134005 0.8234376 0.1757475 -0.9179422 0.35566106 141 141 141 255
0.15116557 -0.35450378 0.8269335 0.3695695 0.28221947 0.8853082 144 144 144 255
0.14589694 -0.3473952 0.8150039 0.36957064 0.28221527 0.885309 153 160 165 255
0.16761357 -0.23389454 0.8730446 0.35481519 -0.4786824 0.8030999 152 165 174 255
0.11835892 -0.36234158 0.7494145 -0.11649834 -0.9361701 -0.33168313 176 176 176 255
-0.18108732 0.041679442 0.07138149 -0.22148477 -0.7917809 -0.56923425 190 190 190 255
-0.18246067 0.096262455 0.07154621 -0.3629455 -0.3270549 -0.8725283 179 179 179 255
-0.1886487 0.10461152 0.057534695 -0.369573 -0.28221527 -0.885308 186 186 186 255
-0.18511051 0.10966648 0.06704992 -0.1784435 0.91486686 -0.362183 190 190 190 255
-0.17707443 0.15166672 0.08852744 -0.35472146 0.47859788 -0.8031916 198 198 198 255
-0.16549395 0.21219158 0.11947815 -0.35471588 0.47859466 -0.803196 212 212 212 255
-0.18737322 0.11127786 0.060943678 -0.1784438 0.9148659 -0.3621854 183 183 183 255
-0.031380467 -0.1603091 0.4103611 -0.16793352 -0.87769634 -0.44882885 67 75 98 255
0.043489225 -0.26132536 0.5798878 -0.16793367 -0.87769634 -0.44882876 132 132 132 255
0.08092407 -0.31183344 0.6646511 -0.16793355 -0.87769645 -0.44882885 209 209 209 255
-0.10808964 -0.056811012 0.23666936 -0.16793332 -0.87769634 -0.4488289 139 160 214 255
-0.14458847 -0.007565789 0.15402544 -0.16793337 -0.87769634 -0.44882888 137 160 213 255
-0.06974413 -0.108547814 0.32349467 -0.16793305 -0.87769634 -0.44882903 139 160 214 255
0.006054364 -0.21081722 0.4951244 -0.16793358 -0.87769645 -0.44882888 204 208 209 255
0.0631425 -0.2878421 0.6243885 -0.16793297 -0.87769634 -0.4488291 98 98 98 255
0.10007674 -0.33767474 0.70801836 -0.16793455 -0.87769645 -0.44882834 202 202 202 255
0.024771802 -0.23607129 0.5375061 -0.16793332 -0.87769634 -0.4488289 208 208 208 255
-0.013142981 -0.18491563 0.45165607 -0.16793376 -0.87769645 -0.4488287 141 162 216 255
-0.050562307 -0.13442844 0.3669279 -0.16793333 -0.87769634 -0.4488289 140 161 215 255
-0.08891688 -0.08267941 0.28008202 -0.16793333 -0.87769634 -0.4488289 139 161 215 255
-0.12633906 -0.032188393 0.1953474 -0.16793366 -0.87769634 -0.4488288 131 146 190 255
-0.1628379 0.017056838 0.11270344 -0.16793323 -0.87769645 -0.448829 208 208 208 255
0.10921783 -0.35000813 0.72871643 -0.16793469 -0.87769645 -0.44882834 64 64 64 255
0.09050042 -0.32475412 0.6863348 -0.1679343 -0.87769645 -0.44882852 209 209 209 255
0.07203329 -0.29983777 0.64451987 -0.16793324 -0.87769634 -0.4488289 47 47 47 255
0.05331587 -0.2745837 0.60213816 -0.1679325 -0.87769634 -0.44882926 208 208 208 255
0.034130506 -0.2486983 0.5586969 -0.1679329 -0.87769634 -0.44882914 40 40 40 255
0.015413083 -0.22344422 0.5163153 -0.16793305 -0.87769634 -0.44882903 208 208 208 255
-0.0035443082 -0.19786641 0.47339025 -0.16793378 -0.87769645 -0.4488287 141 162 216 255
-0.022261716 -0.17261237 0.4310086 -0.1679333 -0.87769645 -0.44882897 85 96 125 255
-0.04097139 -0.14736879 0.3886445 -0.1679336 -0.87769634 -0.4488288 140 161 215 255
-0.06015321 -0.12148815 0.3452113 -0.1679333 -0.87769645 -0.44882897 120 138 179 255
-0.07986144 -0.09489726 0.30058616 -0.16793352 -0.87769634 -0.44882885 139 160 214 255
-0.0990342 -0.06902886 0.25717348 -0.16793379 -0.87769645 -0.4488287 45 50 65 255
-0.11721435 -0.044499703 0.21600837 -0.16793332 -0.87769634 -0.4488289 139 160 214 255
-0.13546377 -0.019877099 0.1746864 -0.1679336 -0.87769634 -0.4488288 136 153 202 255
-0.1537132 0.0047455356 0.13336442 -0.16793367 -0.87769634 -0.44882876 137 160 213 255
-0.1719626 0.02936814 0.09204247 -0.16793358 -0.87769645 -0.44882888 208 208 208 255
0.113788374 -0.35617483 0.7390654 -0.16793323 -0.87769645 -0.448829 157 157 157 255
0.104647286 -0.3438415 0.7183674 -0.16793352 -0.87769634 -0.44882885 209 209 209 255
0.09528858 -0.33121443 0.6971766 -0.16793253 -0.87769634 -0.44882923 134 134 134 255
0.08571223 -0.31829375 0.67549294 -0.1679336 -0.87769634 -0.4488288 209 209 209 255
0.07647867 -0.3058356 0.6545855 -0.16793315 -0.87769645 -0.44882903 68 68 68 255
0.067587905 -0.29383993 0.6344542 -0.16793373 -0.87769645 -0.44882876 47 47 47 255
0.058229186 -0.28121293 0.61326337 -0.16793303 -0.87769634 -0.44882903 208 208 208 255
0.04840254 -0.26795453 0.59101295 -0.16793358 -0.87769645 -0.44882888 208 208 208 255
0.03880986 -0.2550118 0.56929237 -0.16793399 -0.87769645 -0.44882867 43 43 43 255
0.029451154 -0.24238479 0.54810154 -0.16793407 -0.87769645 -0.44882864 210 210 210 255
0.020092435 -0.22975779 0.5269107 -0.16793391 -0.87769645 -0.4488287 208 208 208 255
0.010733731 -0.21713072 0.5057199 -0.16793431 -0.87769645 -0.44882846 208 208 208 255
0.001255028 -0.20434183 0.48425734 -0.16793352 -0.87769634 -0.44882885 139 163 216 255
-0.008343644 -0.19139102 0.46252316 -0.16793352 -0.87769634 -0.44882885 141 162 216 255
-0.017702349 -0.17876399 0.44133234 -0.16793337 -0.87769634 -0.44882888 83 92 120 255
-0.026811697 -0.16647342 0.42070612 -0.16793276 -0.87769634 -0.44882914 22 21 20 255
-0.03617593 -0.15383896 0.3995028 -0.16793253 -0.87769634 -0.44882923 123 143 184 255
-0.045766838 -0.14089862 0.3777862 -0.16793217 -0.87769634 -0.44882944 140 161 215 255
-0.055357754 -0.1279583 0.3560696 -0.16793285 -0.87769634 -0.4488291 91 104 135 255
-0.06494867 -0.11501797 0.334353 -0.16793308 -0.87769634 -0.448829 56 65 84 255
-0.074802786 -0.101722546 0.31204042 -0.16793358 -0.87769645 -0.44882888 139 160 214 255
-0.08438916 -0.08878834 0.2903341 -0.16793363 -0.87769645 -0.44882882 139 160 214 255
-0.09397554 -0.07585413 0.26862776 -0.16793327 -0.87769645 -0.44882897 27 29 33 255
-0.103561915 -0.06291994 0.24692142 -0.16793332 -0.87769634 -0.4488289 139 160 214 255
-0.11283918 -0.050402798 0.22591503 -0.1679329 -0.87769634 -0.44882914 139 160 214 255
-0.1217767 -0.038344048 0.20567787 -0.16793352 -0.87769634 -0.44882885 139 160 214 255
-0.13106251 -0.02581539 0.18465213 -0.1679337 -0.87769645 -0.4488288 13 11 13 255
-0.14002612 -0.013721444 0.16435592 -0.16793352 -0.87769634 -0.44882885 137 160 213 255
-0.14915083 -0.0014101267 0.14369494 -0.16793343 -0.87769634 -0.44882888 137 160 213 255
-0.15853249 0.011247851 0.12245215 -0.16793336 -0.87769634 -0.4488289 211 210 208 255
-0.16740026 0.023212485 0.10237296 -0.16793346 -0.87769634 -0.44882885 208 208 208 255
0.15900287 -0.3630702 0.7563345 0.19906577 -0.9798377 -0.017050825 132 132 132 255
0.16944467 -0.34920412 0.79836327 0.11617885 -0.9575965 -0.2636504 143 143 143 255
-0.15290698 0.056898218 0.049508758 -0.2067372 -0.38008517 -0.9015515 184 184 184 255
-0.15627806 0.07334463 0.049700893 -0.33120498 0.17834781 -0.92655015 184 184 184 255
0.17278817 -0.35564226 0.80466634 0.014728273 -0.8560843 -0.51662624 140 140 140 255
0.17618304 -0.3582256 0.81366706 0.28836802 -0.90461856 0.31386143 141 141 141 255
0.17606828 -0.35155764 0.81769097 0.24040648 0.26693627 0.9332469 144 144 144 255
0.17079964 -0.34444907 0.80576134 0.24040724 0.26693457 0.9332472 150 156 161 255
0.16889486 -0.23374297 0.8725691 0.3546953 -0.4785758 0.8032162 146 158 165 255
0.15188015 -0.35837582 0.7369732 0.0643582 -0.91477376 -0.39880675 176 176 176 255
-0.1475661 0.0456452 0.058940277 -0.041081674 -0.7704381 -0.6361899 195 195 195 255
-0.15766189 0.09919631 0.062342286 -0.22783978 -0.3110713 -0.922672 193 193 193 255
-0.16384992 0.10754538 0.048330773 -0.24040626 -0.26693365 -0.9332477 193 193 193 255
-0.16198996 0.11240183 0.058468886 -0.29092285 0.8998268 -0.32507786 195 195 195 255
-0.1626949 0.15336783 0.08319053 -0.35472098 0.47859776 -0.80319184 206 206 206 255
-0.1637107 0.21240254 0.118816294 -0.35472047 0.47859877 -0.8031915 210 210 210 255
-0.1639618 0.11404757 0.05225465 -0.29092354 0.8998261 -0.32507902 201 201 201 255
0.002140753 -0.15634336 0.3979199 0.014728553 -0.8560863 -0.51662284 140 161 215 255
0.077010445 -0.2573596 0.5674466 0.014728513 -0.8560863 -0.51662284 57 57 57 255
0.11444529 -0.30786768 0.6522098 0.0147276325 -0.85608655 -0.51662254 209 209 209 255
-0.07456842 -0.052845255 0.22422814 0.014728312 -0.8560864 -0.5166227 139 160 214 255
-0.11106726 -0.0036000311 0.14158422 0.014728553 -0.8560863 -0.51662284 137 160 213 255
-0.036222916 -0.10458206 0.31105345 0.014728713 -0.8560863 -0.51662284 139 160 214 255
0.039575584 -0.20685145 0.48268318 0.014729553 -0.85608613 -0.51662314 139 163 216 255
0.09666372 -0.28387633 0.61194724 0.014728793 -0.8560863 -0.51662284 136 136 136 255
0.13359797 -0.333709 0.6955771 0.014727433 -0.8560866 -0.5166225 175 175 175 255
0.058293022 -0.23210552 0.5250649 0.014729673 -0.85608613 -0.5166232 208 208 208 255
0.02037824 -0.18094987 0.4392149 0.014728513 -0.8560863 -0.51662284 141 162 216 255
-0.017041095 -0.13046269 0.3544867 0.014728315 -0.85608643 -0.5166228 143 165 218 255
-0.055395667 -0.078713655 0.26764083 0.014728593 -0.8560863 -0.51662284 20 19 22 255
-0.09281784 -0.028222635 0.18290618 0.014728753 -0.8560863 -0.51662284 104 121 157 255
-0.12931669 0.021022595 0.10026223 0.014728553 -0.8560863 -0.51662284 208 208 208 255
0.14273906 -0.3460424 0.71627516 0.014727032 -0.8560866 -0.51662236 49 49 49 255
0.12402164 -0.32078835 0.6738935 0.014727552 -0.85608655 -0.5166225 209 209 209 255
0.10555451 -0.29587203 0.6320786 0.014728992 -0.8560863 -0.51662296 60 60 60 255
0.08683709 -0.27061796 0.5896969 0.014729274 -0.8560862 -0.5166231 208 208 208 255
0.06765173 -0.24473253 0.5462557 0.014728594 -0.8560864 -0.51662284 43 43 43 255
0.048934303 -0.21947849 0.50387406 0.014729833 -0.85608613 -0.5166232 208 208 208 255
0.029976912 -0.19390064 0.46094906 0.014728913 -0.8560863 -0.5166229 141 162 216 255
0.011259504 -0.16864662 0.41856742 0.014728913 -0.8560863 -0.5166229 45 53 59 255
-0.007450171 -0.14340302 0.3762033 0.014728114 -0.85608643 -0.51662266 140 161 215 255
-0.026631989 -0.11752239 0.3327701 0.014728513 -0.8560863 -0.51662284 36 35 42 255
-0.046340223 -0.090931505 0.28814495 0.014729115 -0.8560863 -0.516623 139 160 214 255
-0.065512985 -0.06506309 0.24473228 0.014729034 -0.8560863 -0.51662296 139 162 215 255
-0.08369313 -0.04053393 0.20356715 0.014728713 -0.8560863 -0.51662284 139 160 214 255
-0.101942554 -0.015911333 0.1622452 0.014728633 -0.8560863 -0.51662284 137 160 214 255
-0.12019198 0.008711293 0.12092321 0.014728433 -0.8560864 -0.51662284 167 180 210 255
-0.13844138 0.033333898 0.07960126 0.014728553 -0.8560863 -0.51662284 208 208 208 255
0.1473096 -0.3522091 0.72662413 0.014729353 -0.85608613 -0.5166231 171 171 171 255
0.13816851 -0.33987573 0.7059261 0.014728593 -0.8560863 -0.51662284 209 209 209 255
0.12880981 -0.3272487 0.6847353 0.014727995 -0.85608655 -0.5166227 179 179 179 255
0.11923345 -0.314328 0.66305166 0.014727515 -0.8560866 -0.51662254 209 209 209 255
0.10999989 -0.30186984 0.6421442 0.014730713 -0.8560859 -0.5166235 209 209 209 255
0.101109125 -0.28987417 0.6220129 0.014728112 -0.85608643 -0.5166227 164 164 164 255
0.091750406 -0.27724716 0.6008221 0.0147277145 -0.8560866 -0.5166226 176 176 176 255
0.08192376 -0.26398876 0.57857174 0.014728793 -0.8560863 -0.51662284 208 208 208 255
0.07233108 -0.25104606 0.55685115 0.014728032 -0.85608643 -0.5166226 44 44 44 255
0.062972374 -0.23841903 0.5356603 0.014728875 -0.8560864 -0.51662296 168 168 168 255
0.053613655 -0.22579202 0.5144695 0.014728875 -0.8560864 -0.51662296 208 208 208 255
0.04425495 -0.21316499 0.49327868 0.014729274 -0.8560862 -0.5166231 208 208 206 255
0.034776248 -0.20037606 0.47181612 0.014729234 -0.8560862 -0.5166231 141 162 216 255
0.025177576 -0.18742526 0.45008194 0.014728553 -0.8560863 -0.51662284 141 162 216 255
0.015818872 -0.17479825 0.42889112 0.014729032 -0.8560863 -0.51662296 28 31 32 255
0.0067095235 -0.16250767 0.40826494 0.014728753 -0.8560863 -0.51662284 141 160 209 255
-0.002654709 -0.1498732 0.3870616 0.014729714 -0.85608613 -0.5166232 140 161 215 255
-0.012245618 -0.13693286 0.365345 0.014729274 -0.8560862 -0.5166231 140 161 215 255
-0.021836542 -0.12399255 0.3436284 0.014728793 -0.8560863 -0.51662284 121 134 178 255
-0.031427454 -0.111052215 0.32191178 0.014728114 -0.85608643 -0.51662266 138 161 215 255
-0.04128157 -0.09775679 0.29959923 0.014728555 -0.8560864 -0.5166229 139 160 214 255
-0.05086794 -0.08482258 0.2778929 0.014728312 -0.8560864 -0.5166227 139 160 214 255
-0.06045432 -0.07188837 0.25618654 0.014728793 -0.8560863 -0.51662284 78 92 115 255
-0.0700407 -0.05895418 0.23448022 0.014728753 -0.8560863 -0.51662284 139 160 214 255
-0.07931796 -0.04643704 0.21347381 0.014728593 -0.8560863 -0.51662284 139 160 214 255
-0.08825549 -0.03437829 0.19323666 0.014728393 -0.8560864 -0.5166228 99 109 145 255
-0.09754129 -0.021849632 0.17221093 0.014728433 -0.8560864 -0.51662284 120 139 190 255
-0.1065049 -0.0097556785 0.15191472 0.014728473 -0.8560864 -0.51662284 137 160 213 255
-0.11562961 0.002555631 0.13125372 0.0147283925 -0.8560864 -0.5166228 137 160 213 255
-0.12501127 0.015213609 0.11001094 0.0147284735 -0.8560864 -0.51662284 208 208 208 255
-0.13387904 0.027178247 0.08993174 0.0147283925 -0.8560864 -0.5166228 208 208 208 255
0.19134963 -0.3533875 0.74781847 0.35395202 -0.9334742 -0.05782634 136 136 136 255
0.1957039 -0.34134373 0.79144996 0.2905733 -0.9053918 -0.30956873 144 144 144 255
-0.120370984 0.06663752 0.040942945 -0.063226886 -0.33712736 -0.93933356 197 197 197 255
-0.12633303 0.08230831 0.041817177 -0.2727305 0.1958507 -0.94194514 199 199 199 255
0.1994671 -0.3476563 0.7976425 0.19682671 -0.80157715 -0.56456465 147 147 147 255
0.20242703 -0.3503697 0.8067578 0.40063286 -0.87101054 0.2843129 146 146 146 255
0.20089394 -0.34412628 0.8111551 0.11163917 0.22839078 0.9671475 148 148 148 255
0.1956253 -0.33701771 0.79922545 0.11163916 0.22839266 0.9671471 152 160 164 255
0.17017215 -0.23336057 0.8722328 0.35489646 -0.478755 0.80302066 156 170 179 255
0.1852974 -0.34837273 0.7281754 0.2446562 -0.86080414 -0.44627276 176 176 176 255
-0.11414883 0.055648286 0.05014245 0.13876343 -0.7166031 -0.6835384 204 204 204 255
-0.13293995 0.106596604 0.055833723 -0.09315637 -0.27075502 -0.9581302 205 205 205 255
-0.13912798 0.11494568 0.04182221 -0.11164144 -0.22838938 -0.9671476 206 206 206 255
-0.13894114 0.119301245 0.052400775 -0.4016402 0.8652804 -0.29995817 207 207 207 255
-0.14835994 0.15765887 0.07941656 -0.3547208 0.478598 -0.80319184 208 208 208 255
-0.16193296 0.21293463 0.11834823 -0.35472053 0.4785988 -0.8031914 209 209 209 255
-0.14062291 0.12103382 0.046110183 -0.40164065 0.8652801 -0.2999586 208 208 208 255
0.035558008 -0.14634028 0.38912207 0.19682793 -0.801577 -0.5645645 140 161 215 255
0.1104277 -0.2473565 0.55864877 0.19682786 -0.801577 -0.56456447 37 37 37 255
0.14786255 -0.2978646 0.643412 0.1968278 -0.80157703 -0.56456447 209 209 209 255
-0.041151162 -0.042842165 0.21543032 0.19682802 -0.80157685 -0.5645645 139 160 214 255
-0.077649996 0.006403059 0.1327864 0.1968282 -0.80157685 -0.5645645 137 160 213 255
-0.0028056577 -0.094578974 0.30225566 0.1968282 -0.80157685 -0.5645645 139 160 214 255
0.07299284 -0.19684836 0.47388536 0.19682786 -0.80157703 -0.5645645 141 162 216 255
0.13008097 -0.27387324 0.6031494 0.19682822 -0.80157685 -0.5645645 212 212 212 255
0.16701522 -0.3237059 0.68677926 0.19682786 -0.801577 -0.56456447 212 212 212 255
0.09171028 -0.22210243 0.51626706 0.19682798 -0.80157685 -0.5645645 208 208 208 255
0.053795494 -0.1709468 0.43041703 0.1968282 -0.80157685 -0.5645645 116 130 168 255
0.016376175 -0.12045961 0.34568885 0.1968279 -0.801577 -0.5645645 94 107 131 255
-0.021978404 -0.06871057 0.258843 0.19682826 -0.8015768 -0.5645645 14 11 10 255
-0.05940058 -0.018219553 0.17410836 0.19682802 -0.80157685 -0.5645645 15 18 23 255
-0.09589942 0.031025682 0.0914644 0.19682802 -0.80157685 -0.5645645 208 208 208 255
0.17615631 -0.3360393 0.70747733 0.19682768 -0.8015771 -0.5645644 156 156 156 255
0.1574389 -0.31078526 0.6650957 0.19682814 -0.80157685 -0.5645645 209 209 209 255
0.13897178 -0.28586894 0.62328076 0.1968285 -0.80157673 -0.5645646 198 198 198 255
0.120254345 -0.26061487 0.58089906 0.19682924 -0.80157644 -0.56456476 211 211 211 255
0.10106898 -0.23472944 0.5374579 0.19682908 -0.80157655 -0.56456476 217 217 217 255
0.08235156 -0.2094754 0.49507624 0.19682845 -0.80157673 -0.5645646 208 208 208 255
0.06339417 -0.18389755 0.4521512 0.19682886 -0.80157655 -0.5645647 141 162 216 255
0.04467676 -0.15864354 0.40976956 0.19682834 -0.8015768 -0.5645646 90 97 124 255
0.025967084 -0.13339993 0.36740544 0.19682793 -0.801577 -0.5645645 140 161 215 255
0.006785266 -0.107519306 0.32397228 0.19682865 -0.8015768 -0.5645647 137 160 214 255
-0.012922965 -0.08092842 0.27934712 0.19682837 -0.8015768 -0.5645646 139 160 214 255
-0.03209572 -0.055060007 0.23593447 0.19682819 -0.80157685 -0.5645645 139 160 214 255
-0.050275873 -0.030530848 0.19476932 0.19682834 -0.8015768 -0.5645646 51 62 79 255
-0.068525285 -0.005908251 0.15344736 0.19682814 -0.80157685 -0.5645645 137 160 213 255
-0.086774714 0.018714376 0.11212538 0.19682802 -0.80157685 -0.5645645 207 208 208 255
-0.10502413 0.043336984 0.070803426 0.19682802 -0.80157685 -0.5645645 208 208 208 255
0.18072686 -0.342206 0.7178263 0.19682868 -0.8015767 -0.56456465 150 150 150 255
0.17158577 -0.32987264 0.6971283 0.1968292 -0.80157644 -0.56456476 209 209 209 255
0.16222706 -0.3172456 0.6759375 0.19682854 -0.80157673 -0.5645646 159 159 159 255
0.15265071 -0.30432492 0.65425384 0.19682865 -0.8015768 -0.5645647 209 209 209 255
0.14341715 -0.29186675 0.6333464 0.19682735 -0.80157715 -0.5645644 208 208 208 255
0.13452637 -0.27987108 0.6132151 0.19682814 -0.80157685 -0.5645645 148 148 148 255
0.12516767 -0.26724407 0.59202427 0.19682881 -0.8015767 -0.5645647 210 210 210 255
0.115341015 -0.25398567 0.5697739 0.19682802 -0.80157685 -0.5645645 212 212 212 255
0.10574833 -0.24104297 0.5480533 0.19682722 -0.8015772 -0.56456435 213 213 213 255
0.09638963 -0.22841594 0.5268625 0.19682755 -0.8015771 -0.5645644 57 57 57 255
0.08703091 -0.21578893 0.5056717 0.19682743 -0.8015772 -0.5645644 208 208 208 255
0.077672206 -0.2031619 0.48448083 0.19682837 -0.8015768 -0.56456465 140 163 215 255
0.0681935 -0.19037297 0.4630183 0.19682865 -0.8015768 -0.5645647 141 162 216 255
0.05859483 -0.1774222 0.44128412 0.19682814 -0.80157685 -0.5645645 141 162 216 255
0.049236126 -0.16479516 0.4200933 0.19682786 -0.801577 -0.56456447 28 25 29 255
0.04012678 -0.1525046 0.39946708 0.19682798 -0.80157685 -0.5645645 141 162 214 255
0.030762546 -0.1398701 0.37826377 0.19682886 -0.80157655 -0.56456465 140 161 215 255
0.021171637 -0.12692979 0.35654715 0.19682904 -0.80157655 -0.56456476 140 161 215 255
0.011580728 -0.113989465 0.33483055 0.19682854 -0.80157673 -0.5645646 29 30 32 255
0.0019898042 -0.10104913 0.31311396 0.19682854 -0.80157673 -0.5645646 139 160 214 255
-0.007864304 -0.087753706 0.2908014 0.19682826 -0.8015768 -0.5645645 139 160 214 255
-0.01745068 -0.0748195 0.26909506 0.19682784 -0.80157703 -0.5645645 135 156 202 255
-0.027037058 -0.06188529 0.24738872 0.19682845 -0.80157673 -0.5645646 141 160 215 255
-0.036623437 -0.04895109 0.22568241 0.19682814 -0.80157685 -0.5645645 139 160 214 255
-0.045900695 -0.036433958 0.204676 0.1968283 -0.8015768 -0.5645645 139 160 214 255
-0.054838225 -0.0243752 0.18443882 0.1968281 -0.80157685 -0.5645645 144 166 221 255
-0.06412403 -0.01184655 0.16341309 0.1968283 -0.8015768 -0.5645645 138 159 214 255
-0.07308764 0.00024740398 0.14311688 0.19682802 -0.80157685 -0.5645645 137 160 213 255
-0.08221235 0.012558717 0.12245589 0.1968283 -0.8015768 -0.5645646 133 157 214 255
-0.091594 0.025216699 0.10121311 0.19682802 -0.80157685 -0.5645645 208 208 208 255
-0.10046177 0.037181333 0.08113392 0.19682798 -0.80157685 -0.5645645 208 208 208 255
0.22235283 -0.33823296 0.74315643 0.5024055 -0.8609092 -0.08015039 137 137 137 255
0.2208724 -0.32904124 0.78766525 0.45772704 -0.823687 -0.3347021 140 140 140 255
-0.08918649 0.081880674 0.036253612 0.07432783 -0.26989093 -0.96001786 208 208 208 255
-0.097631924 0.096337564 0.03750128 -0.21668257 0.22324736 -0.9503732 210 210 210 255
0.22503772 -0.3351572 0.7937974 0.37136403 -0.71626204 -0.5908108 141 141 141 255
0.22758092 -0.33807436 0.8029753 0.5082393 -0.81841284 0.2681289 144 144 144 255
0.22468843 -0.3324954 0.807577 -0.011771256 0.16806711 0.9857052 144 144 144 255
0.21941979 -0.32538682 0.7956474 -0.011769776 0.16806257 0.9857061 153 161 166 255
0.17139639 -0.23276208 0.8720488 0.35471553 -0.4785941 0.8031965 149 163 171 255
0.21732655 -0.33271667 0.72335905 0.41746473 -0.77633405 -0.47225893 176 176 176 255
-0.08211969 0.071304336 0.045326114 0.31114072 -0.63234484 -0.7094585 210 210 210 255
-0.10924489 0.11817895 0.05227064 0.035934467 -0.20765424 -0.97754204 214 214 214 255
-0.11543293 0.12652802 0.038259126 0.011775056 -0.16806214 -0.9857061 211 211 211 255
-0.11684966 0.13009968 0.049078796 -0.5066425 0.8127972 -0.28753087 207 207 207 255
-0.13462037 0.16437484 0.077350475 -0.35472047 0.4785981 -0.8031919 207 207 207 255
-0.16022903 0.21376747 0.118091986 -0.35472265 0.47860065 -0.80318946 208 208 208 255
-0.11825347 0.1319681 0.04274639 -0.5066412 0.81279707 -0.28753346 209 209 209 255
0.06758715 -0.13068423 0.38430575 0.3713637 -0.7162627 -0.59081006 140 161 215 255
0.14245684 -0.23170045 0.5538324 0.37136367 -0.7162628 -0.59081006 198 198 198 255
0.17989169 -0.28220853 0.63859564 0.37136406 -0.71626264 -0.5908101 208 208 208 255
-0.009122018 -0.027186118 0.210614 0.371364 -0.7162627 -0.5908101 139 160 214 255
-0.04562085 0.022059105 0.12797005 0.37136397 -0.71626264 -0.59081006 137 160 213 255
0.029223487 -0.07892292 0.2974393 0.37136385 -0.71626264 -0.59081006 139 160 214 255
0.10502198 -0.18119231 0.46906903 0.3713641 -0.7162626 -0.5908101 141 162 216 255
0.16211012 -0.2582172 0.59833306 0.37136406 -0.7162626 -0.59081006 45 45 45 255
0.19904438 -0.30804986 0.6819629 0.3713635 -0.7162629 -0.59081006 209 209 209 255
0.12373942 -0.20644638 0.5114507 0.3713647 -0.71626216 -0.5908101 208 208 208 255
0.08582464 -0.15529075 0.4256007 0.37136385 -0.7162627 -0.5908101 141 163 219 255
0.048405312 -0.104803555 0.34087253 0.37136373 -0.7162627 -0.59081006 49 52 68 255
0.010050736 -0.05305452 0.25402665 0.37136397 -0.71626264 -0.59081006 24 32 35 255
-0.027371436 -0.0025635064 0.169292 0.3713641 -0.7162626 -0.5908101 59 72 92 255
-0.06387028 0.04668173 0.08664807 0.37136403 -0.71626264 -0.5908101 208 208 208 255
0.20818546 -0.32038325 0.702661 0.37136334 -0.716263 -0.59081 209 209 209 255
0.18946806 -0.2951292 0.66027933 0.37136367 -0.7162628 -0.59081006 209 209 209 255
0.17100091 -0.2702129 0.6184644 0.37136436 -0.7162624 -0.5908101 103 103 103 255
0.15228349 -0.24495882 0.5760827 0.37136406 -0.71626264 -0.5908101 204 204 204 255
0.13309813 -0.21907339 0.53264153 0.371364 -0.7162627 -0.5908101 202 202 202 255
0.1143807 -0.19381934 0.49025992 0.37136427 -0.71626246 -0.5908101 146 167 209 255
0.09542331 -0.16824153 0.4473349 0.37136415 -0.7162626 -0.5908101 141 162 216 255
0.0767059 -0.14298749 0.40495324 0.37136406 -0.7162626 -0.59081006 147 169 223 255
0.05799623 -0.11774389 0.36258912 0.37136373 -0.7162627 -0.59081006 140 161 215 255
0.03881441 -0.09186325 0.31915593 0.37136415 -0.7162626 -0.5908101 139 160 214 255
0.01910618 -0.06527237 0.2745308 0.37136406 -0.7162626 -0.59081006 141 164 218 255
-6.657839e-05 -0.03940396 0.23111811 0.3713637 -0.7162627 -0.59081006 139 160 214 255
-0.018246729 -0.014874801 0.18995298 0.37136385 -0.71626264 -0.59081006 68 75 93 255
-0.036496144 0.0097477995 0.14863104 0.3713641 -0.7162626 -0.5908101 137 160 213 255
-0.05474557 0.034370422 0.10730904 0.37136385 -0.71626264 -0.59081006 208 208 208 255
-0.072994985 0.05899303 0.065987095 0.37136406 -0.7162626 -0.59081006 208 208 208 255
0.21275601 -0.32654995 0.71300995 0.37136436 -0.71626246 -0.5908102 209 209 209 255
0.20361492 -0.31421658 0.69231194 0.37136367 -0.7162628 -0.59081006 209 209 209 255
0.19425622 -0.30158955 0.6711211 0.3713644 -0.7162624 -0.5908102 198 198 198 255
0.18467987 -0.28866887 0.6494375 0.3713633 -0.7162631 -0.59081006 209 209 209 255
0.17544629 -0.2762107 0.62853 0.37136427 -0.7162624 -0.5908101 207 207 207 255
0.16655552 -0.26421502 0.60839874 0.37136385 -0.7162627 -0.5908101 214 214 214 255
0.1571968 -0.25158802 0.5872079 0.3713635 -0.71626294 -0.59081006 208 208 208 255
0.14737016 -0.23832962 0.56495756 0.3713635 -0.71626294 -0.59081006 199 199 199 255
0.13777748 -0.22538692 0.543237 0.3713632 -0.7162631 -0.59081 199 199 199 255
0.12841877 -0.21275988 0.52204615 0.371364 -0.7162627 -0.5908101 208 208 208 255
0.119060054 -0.20013288 0.5008553 0.3713635 -0.7162629 -0.59081006 208 208 208 255
0.10970135 -0.18750584 0.4796645 0.3713636 -0.7162628 -0.59081006 141 162 215 255
0.10022265 -0.17471692 0.45820197 0.37136385 -0.71626264 -0.59081006 141 162 216 255
0.090623975 -0.16176614 0.4364678 0.3713638 -0.7162627 -0.59081006 140 161 215 255
0.08126527 -0.1491391 0.41527697 0.37136418 -0.7162626 -0.5908101 27 27 29 255
0.07215592 -0.13684854 0.39465076 0.37136394 -0.71626264 -0.5908101 140 161 215 255
0.06279169 -0.12421406 0.37344745 0.37136447 -0.71626234 -0.5908101 140 161 215 255
0.05320078 -0.11127373 0.35173082 0.3713644 -0.7162624 -0.5908102 145 165 218 255
0.043609865 -0.09833341 0.33001423 0.37136406 -0.71626264 -0.5908101 135 151 202 255
0.03401895 -0.08539308 0.30829763 0.3713641 -0.7162626 -0.5908101 139 160 214 255
0.024164833 -0.07209765 0.28598505 0.37136373 -0.7162627 -0.59081006 139 160 214 255
0.014578462 -0.059163444 0.26427874 0.37136385 -0.7162627 -0.5908101 49 59 73 255
0.0049920827 -0.046229243 0.2425724 0.37136403 -0.71626264 -0.59081006 139 160 214 255
-0.004594296 -0.033295043 0.22086605 0.3713637 -0.7162628 -0.59081006 139 160 214 255
-0.013871551 -0.020777911 0.19985965 0.37136406 -0.71626264 -0.5908101 120 138 178 255
-0.02280908 -0.008719154 0.1796225 0.3713641 -0.7162626 -0.5908101 62 68 91 255
-0.032094885 0.0038095005 0.15859675 0.3713639 -0.71626264 -0.59081006 137 161 213 255
-0.041058496 0.015903454 0.13830054 0.3713641 -0.7162626 -0.5908101 137 160 213 255
-0.05018321 0.028214764 0.11763956 0.37136385 -0.7162627 -0.5908101 209 207 208 255
-0.059564862 0.040872745 0.096396774 0.3713639 -0.71626264 -0.5908101 208 208 208 255
-0.06843263 0.05283738 0.07631758 0.3713641 -0.7162626 -0.5908101 208 208 208 255
0.25082085 -0.31818897 0.7425274 0.63871956 -0.7649323 -0.08316178 139 139 139 255
0.24398303 -0.31276944 0.7871547 0.6112104 -0.7156237 -0.33808967 148 148 148 255
-0.060551893 0.1020419 0.03562095 0.20062913 -0.1809629 -0.9628086 193 193 193 255
-0.07127765 0.11489329 0.036919024 -0.16522059 0.25948203 -0.95151 190 190 190 255
0.2485176 -0.3186253 0.79327863 0.531624 -0.6034266 -0.5943503 146 146 146 255
0.25067797 -0.32181203 0.8024649 0.6070439 -0.74884534 0.2659481 152 152 152 255
0.24653721 -0.317112 0.8070943 -0.12510706 0.08827842 0.988208 147 147 147 255
0.24126858 -0.31000343 0.79516464 -0.12509993 0.088272154 0.9882094 155 162 167 255
0.17252055 -0.23197062 0.87202394 0.35487005 -0.47873178 0.80304617 157 171 180 255
0.2467368 -0.31200933 0.7227093 0.5761401 -0.6646136 -0.47576392 178 178 178 255
-0.052709445 0.092011675 0.04467631 0.46941775 -0.5209041 -0.7129558 201 201 201 255
-0.0874873 0.13349812 0.051789906 0.15446357 -0.12419973 -0.9801609 198 198 198 255
-0.093675345 0.1418472 0.037778392 0.12509438 -0.08827499 -0.98820996 195 195 195 255
-0.09656452 0.1443822 0.048630625 -0.6022834 0.74450076 -0.28805047 198 198 198 255
-0.12200427 0.17325766 0.07707173 -0.3547202 0.47859827 -0.80319196 202 202 202 255
-0.15866446 0.21486911 0.11805744 -0.3547216 0.4785998 -0.8031904 207 207 207 255
-0.09771315 0.14643027 0.042292576 -0.60228384 0.7445006 -0.28805035 196 196 196 255
0.0969974 -0.10997687 0.38365594 0.5316239 -0.603426 -0.59435105 140 161 215 255
0.1718671 -0.21099311 0.5531826 0.531624 -0.60342586 -0.59435105 208 208 208 255
0.20930195 -0.2615012 0.6379459 0.531624 -0.60342586 -0.59435105 208 208 208 255
0.020288229 -0.0064787753 0.20996419 0.531624 -0.60342586 -0.59435105 139 160 214 255
-0.0162106 0.042766444 0.12732026 0.5316239 -0.6034259 -0.594351 208 210 208 255
0.058633737 -0.058215577 0.29678953 0.531624 -0.60342586 -0.59435105 139 160 214 255
0.13443223 -0.16048497 0.46841922 0.53162414 -0.6034258 -0.59435105 141 162 216 255
0.1915204 -0.23750985 0.5976833 0.531624 -0.6034258 -0.594351 57 57 57 255
0.22845462 -0.28734252 0.68131316 0.5316238 -0.60342604 -0.594351 209 209 209 255
0.15314966 -0.18573904 0.51080096 0.5316242 -0.6034257 -0.594351 208 208 208 255
0.11523489 -0.1345834 0.4249509 0.53162414 -0.6034258 -0.59435105 140 161 215 255
0.077815555 -0.08409621 0.34022272 0.5316241 -0.60342586 -0.59435105 18 18 13 255
0.039460987 -0.032347176 0.25337684 0.531624 -0.6034258 -0.594351 139 160 214 255
0.0020388141 0.018143836 0.16864221 0.531624 -0.60342586 -0.59435105 137 160 214 255
-0.03446003 0.06738907 0.08599827 0.531624 -0.6034258 -0.594351 208 208 208 255
0.2375957 -0.2996759 0.7020112 0.5316236 -0.6034263 -0.59435105 209 209 209 255
0.2188783 -0.27442187 0.6596296 0.53162414 -0.6034258 -0.59435105 209 209 209 255
0.20041117 -0.24950555 0.61781466 0.5316242 -0.6034257 -0.594351 208 208 208 255
0.18169373 -0.22425148 0.57543296 0.5316243 -0.60342556 -0.594351 208 208 208 255
0.16250837 -0.19836605 0.5319917 0.53162414 -0.6034257 -0.594351 208 208 208 255
0.14379096 -0.173112 0.4896101 0.53162414 -0.6034257 -0.594351 141 162 216 255
0.12483356 -0.14753418 0.44668508 0.53162414 -0.6034258 -0.59435105 141 162 216 255
0.10611615 -0.122280136 0.40430343 0.53162396 -0.60342586 -0.594351 140 161 215 255
0.08740648 -0.09703654 0.3619393 0.5316238 -0.60342604 -0.594351 141 165 219 255
0.06822466 -0.071155906 0.31850612 0.531624 -0.6034259 -0.59435105 139 160 214 255
0.04851643 -0.044565026 0.273881 0.5316241 -0.60342574 -0.594351 139 160 214 255
0.029343672 -0.018696617 0.23046832 0.5316242 -0.6034257 -0.594351 139 160 214 255
0.011163518 0.0058325417 0.18930319 0.531624 -0.6034258 -0.594351 137 159 208 255
-0.007085897 0.03045514 0.14798123 0.53162396 -0.60342586 -0.594351 137 160 213 255
-0.025335323 0.05507777 0.10665925 0.5316241 -0.60342574 -0.594351 208 208 208 255
-0.043584734 0.07970037 0.065337285 0.531624 -0.6034258 -0.594351 208 208 208 255
0.24216625 -0.3058426 0.7123602 0.53162426 -0.6034257 -0.594351 209 209 209 255
0.23302516 -0.29350924 0.6916622 0.531624 -0.6034258 -0.594351 209 209 209 255
0.22366646 -0.2808822 0.6704714 0.531624 -0.60342586 -0.59435105 199 199 199 255
0.21409011 -0.26796153 0.64878774 0.5316241 -0.6034258 -0.594351 209 209 209 255
0.20485654 -0.25550336 0.6278803 0.53162414 -0.60342574 -0.594351 208 208 208 255
0.19596577 -0.24350768 0.607749 0.5316239 -0.6034259 -0.594351 215 215 215 255
0.18660706 -0.23088068 0.58655816 0.5316241 -0.6034258 -0.594351 208 208 208 255
0.1767804 -0.21762228 0.56430775 0.53162414 -0.6034258 -0.594351 208 208 208 255
0.16718772 -0.20467958 0.54258716 0.5316241 -0.6034258 -0.594351 208 208 208 255
0.15782902 -0.19205254 0.52139634 0.5316241 -0.60342574 -0.594351 213 213 213 255
0.14847031 -0.17942554 0.5002055 0.531624 -0.6034258 -0.594351 205 210 212 255
0.13911161 -0.1667985 0.4790147 0.531624 -0.60342586 -0.59435105 141 162 216 255
0.12963289 -0.15400958 0.45755216 0.5316239 -0.6034259 -0.594351 141 162 216 255
0.120034225 -0.14105879 0.435818 0.53162414 -0.6034258 -0.59435105 140 161 215 255
0.11067552 -0.12843177 0.41462716 0.531624 -0.6034259 -0.59435105 140 161 215 255
0.10156617 -0.116141185 0.39400095 0.531624 -0.6034258 -0.594351 140 161 215 255
0.09220194 -0.103506714 0.37279764 0.5316241 -0.60342586 -0.59435105 140 161 215 255
0.08261103 -0.09056638 0.351081 0.53162414 -0.6034258 -0.59435105 37 41 50 255
0.07302012 -0.077626064 0.32936442 0.53162384 -0.603426 -0.594351 139 160 215 255
0.0634292 -0.06468573 0.30764782 0.531624 -0.6034259 -0.59435105 139 160 214 255
0.053575084 -0.05139031 0.28533524 0.5316239 -0.603426 -0.59435105 139 160 214 255
0.043988712 -0.0384561 0.26362893 0.5316241 -0.60342574 -0.594351 139 160 214 255
0.034402333 -0.0255219 0.24192259 0.5316241 -0.60342586 -0.59435105 139 160 214 255
0.024815954 -0.0125877 0.22021626 0.531624 -0.6034258 -0.594351 139 160 214 255
0.0155387 -7.0568174e-05 0.19920985 0.53162396 -0.60342586 -0.594351 139 160 214 255
0.0066011623 0.011988189 0.17897269 0.5316239 -0.60342586 -0.594351 141 161 214 255
-0.002684638 0.02451684 0.15794694 0.531624 -0.6034258 -0.594351 137 160 213 255
-0.011648249 0.036610797 0.13765073 0.53162396 -0.60342586 -0.594351 137 160 213 255
-0.020772964 0.048922107 0.11698975 0.531624 -0.6034258 -0.594351 208 208 208 255
-0.030154616 0.061580084 0.09574697 0.53162414 -0.6034257 -0.594351 208 208 208 255
-0.039022382 0.073544726 0.075667776 0.53162396 -0.60342586 -0.594351 208 208 208 255
0.27565983 -0.29402584 0.7459557 0.7576559 -0.64923203 -0.0667467 142 142 142 255
0.26414743 -0.2931537 0.78993773 0.74513346 -0.58534503 -0.3196047 152 152 152 255
-0.03556758 0.1263464 0.039069265 0.31083313 -0.07375742 -0.94759834 178 178 178 255
-0.0482829 0.13726236 0.04009274 -0.12031752 0.3031632 -0.9453125 181 181 181 255
0.2690043 -0.29869604 0.7961062 0.6714608 -0.46739557 -0.5750493 147 147 147 255
0.27083066 -0.3022077 0.80524635 0.6932565 -0.66497844 0.27784732 151 151 151 255
0.2656007 -0.2985672 0.8097254 -0.22398022 -0.00790447 0.9745616 152 152 152 255
0.26033208 -0.29145864 0.7977958 -0.22397386 -0.0079114335 0.97456306 158 166 170 255
0.17350137 -0.23101647 0.87215924 0.35468084 -0.47856352 0.80323005 106 115 119 255
0.27239788 -0.2870465 0.726251 0.7145915 -0.52992916 -0.45665523 181 181 181 255
-0.027048372 0.11697452 0.048218027 0.6075232 -0.38655645 -0.6938946 192 192 192 255
-0.06850341 0.15196547 0.054410044 0.2578921 -0.023585448 -0.96588576 188 188 188 255
-0.07469145 0.16031453 0.04039853 0.22397743 0.007916675 -0.97456217 188 188 188 255
-0.078865364 0.16159977 0.05107345 -0.68532765 0.6629597 -0.30134785 189 189 189 255
-0.11099642 0.183966 0.07859102 -0.35471988 0.47859845 -0.8031919 197 197 197 255
-0.1572994 0.21619701 0.11824584 -0.35472146 0.4785996 -0.8031905 207 207 207 255
-0.07979126 0.16386452 0.04476614 -0.68532676 0.6629598 -0.3013496 189 189 189 255
0.12265847 -0.08501403 0.38719767 0.67146003 -0.46739468 -0.57505095 140 161 215 255
0.19752818 -0.18603027 0.5567243 0.67145985 -0.46739495 -0.575051 208 208 208 255
0.23496303 -0.23653835 0.6414876 0.6714601 -0.46739468 -0.575051 208 208 208 255
0.045949303 0.018484067 0.2135059 0.6714599 -0.46739483 -0.575051 139 160 214 255
0.009450465 0.067729294 0.13086197 0.67145985 -0.46739492 -0.575051 208 208 208 255
0.0842948 -0.033252735 0.30033123 0.67146003 -0.4673948 -0.575051 139 160 214 255
0.16009331 -0.13552213 0.47196096 0.6714599 -0.46739483 -0.575051 141 162 216 255
0.21718144 -0.212547 0.601225 0.67146003 -0.46739468 -0.57505095 208 208 208 255
0.2541157 -0.26237968 0.68485487 0.67146003 -0.4673947 -0.57505095 209 209 209 255
0.17881075 -0.1607762 0.51434267 0.67145973 -0.467395 -0.57505095 208 207 208 255
0.14089596 -0.109620556 0.42849264 0.6714599 -0.46739492 -0.575051 140 161 215 255
0.103476636 -0.05913337 0.34376445 0.67146003 -0.4673947 -0.575051 139 160 214 255
0.06512206 -0.0073843338 0.25691855 0.67145985 -0.46739492 -0.575051 139 160 214 255
0.02769988 0.043106683 0.17218393 0.6714599 -0.4673949 -0.575051 137 160 213 255
-0.008798961 0.09235191 0.08953998 0.67145985 -0.4673949 -0.575051 208 208 208 255
0.2632568 -0.27471307 0.70555294 0.67146003 -0.46739477 -0.575051 209 209 209 255
0.24453938 -0.24945903 0.6631713 0.67145985 -0.4673949 -0.575051 209 209 209 255
0.22607225 -0.2245427 0.62135637 0.67145985 -0.46739492 -0.575051 208 208 208 255
0.20735481 -0.19928864 0.57897466 0.6714597 -0.46739507 -0.575051 208 208 208 255
0.18816945 -0.1734032 0.5355335 0.6714598 -0.46739492 -0.57505095 208 208 208 255
0.16945201 -0.14814916 0.49315184 0.67145973 -0.467395 -0.57505095 141 162 216 255
0.15049464 -0.122571334 0.4502268 0.67145985 -0.46739492 -0.575051 140 161 215 255
0.13177723 -0.09731729 0.40784517 0.67146 -0.4673948 -0.575051 140 161 215 255
0.113067545 -0.0720737 0.36548105 0.6714601 -0.46739465 -0.5750509 140 161 215 255
0.09388573 -0.046193067 0.32204786 0.67146003 -0.4673947 -0.575051 139 160 214 255
0.074177496 -0.019602183 0.2774227 0.6714599 -0.46739483 -0.575051 139 160 214 255
0.05500474 0.006266225 0.23401003 0.67146 -0.4673948 -0.57505095 139 160 214 255
0.03682459 0.030795384 0.1928449 0.67146 -0.4673947 -0.57505095 137 160 213 255
0.01857517 0.055417985 0.15152295 0.67146 -0.4673948 -0.575051 137 160 213 255
0.00032574683 0.08004061 0.110200964 0.67146003 -0.4673948 -0.575051 208 208 208 255
-0.017923668 0.104663216 0.06887901 0.67146 -0.46739477 -0.57505095 208 208 208 255
0.26782733 -0.28087977 0.7159019 0.6714599 -0.46739483 -0.57505095 209 209 209 255
0.25868624 -0.2685464 0.6952039 0.67146003 -0.46739468 -0.5750509 209 209 209 255
0.24932754 -0.25591937 0.6740131 0.6714598 -0.46739504 -0.575051 209 209 209 255
0.23975119 -0.24299869 0.65232944 0.67145985 -0.4673949 -0.575051 208 208 208 255
0.23051763 -0.23054051 0.631422 0.67145973 -0.467395 -0.575051 208 208 208 255
0.22162685 -0.21854484 0.6112907 0.67146003 -0.4673947 -0.575051 208 208 208 255
0.21226814 -0.20591784 0.5900999 0.6714598 -0.46739492 -0.57505095 208 208 208 255
0.20244148 -0.19265944 0.56784946 0.67145985 -0.46739492 -0.575051 208 208 208 255
0.1928488 -0.17971674 0.54612887 0.6714599 -0.46739483 -0.57505095 208 208 208 255
0.1834901 -0.1670897 0.5249381 0.6714599 -0.4673948 -0.57505095 208 208 208 255
0.17413136 -0.1544627 0.5037472 0.67145985 -0.46739492 -0.575051 140 163 216 255
0.16477266 -0.14183566 0.48255643 0.67145985 -0.46739492 -0.575051 141 162 216 255
0.15529397 -0.12904674 0.4610939 0.67145985 -0.46739492 -0.575051 141 162 216 255
0.1456953 -0.116095945 0.43935972 0.67145985 -0.46739492 -0.575051 140 161 215 255
0.1363366 -0.103468925 0.4181689 0.6714599 -0.4673948 -0.57505095 140 161 215 255
0.12722725 -0.09117834 0.3975427 0.6714599 -0.4673948 -0.57505095 140 161 215 255
0.11786301 -0.07854387 0.37633938 0.67146 -0.4673948 -0.57505095 140 161 215 255
0.1082721 -0.06560354 0.35462275 0.6714599 -0.46739492 -0.575051 139 160 214 255
0.09868119 -0.052663226 0.33290616 0.6714599 -0.46739483 -0.57505095 139 160 214 255
0.089090265 -0.039722893 0.31118953 0.67146 -0.4673948 -0.575051 139 160 214 255
0.07923616 -0.026427466 0.28887695 0.67145985 -0.46739495 -0.575051 139 160 214 255
0.06964978 -0.0134932585 0.26717064 0.67145985 -0.46739492 -0.575051 139 160 214 255
0.0600634 -0.00055905804 0.2454643 0.6714599 -0.4673949 -0.575051 139 160 214 255
0.05047702 0.012375142 0.22375797 0.67145985 -0.46739492 -0.575051 139 160 214 255
0.041199766 0.024892274 0.20275156 0.67145985 -0.4673949 -0.575051 139 160 214 255
0.032262236 0.03695103 0.18251441 0.67146 -0.4673948 -0.575051 137 160 213 255
0.022976436 0.049479686 0.16148868 0.6714599 -0.4673948 -0.57505095 137 160 213 255
0.014012821 0.06157364 0.14119247 0.67146 -0.4673948 -0.575051 190 196 212 255
0.00488811 0.07388495 0.12053147 0.6714599 -0.4673948 -0.57505095 208 208 208 255
-0.0044935457 0.086542934 0.09928869 0.6714599 -0.4673948 -0.57505095 208 208 208 255
-0.013361312 0.09850757 0.07920949 0.67146 -0.46739477 -0.57505095 208 208 208 255
0.29591525 -0.26667213 0.7533095 0.8546453 -0.5182537 -0.031534728 150 150 150 255
0.28059083 -0.2709477 0.79590756 0.85433733 -0.4378684 -0.27996224 155 155 155 255
-0.015193686 0.15386018 0.046466038 0.40069914 0.04760005 -0.91497236 163 163 163 255
-0.029531434 0.16258506 0.04690045 -0.08370069 0.35261098 -0.9320192 166 166 166 255
0.28571054 -0.27613527 0.8021714 0.7854866 -0.3134072 -0.53365415 153 153 153 255
0.28726453 -0.28001472 0.8112128 0.7635578 -0.5700407 0.3033693 157 157 157 255
0.2811464 -0.27757365 0.8153693 -0.30461296 -0.11680071 0.9452875 156 156 156 255
0.27587777 -0.27046508 0.8034397 -0.30460677 -0.11680675 0.9452888 162 170 174 255
0.17430119 -0.22993635 0.8724497 0.35486978 -0.47873187 0.8030462 157 170 176 255
0.29332364 -0.25878742 0.7338481 0.8274906 -0.37746492 -0.41566744 182 182 182 255
-0.0061225966 0.14523357 0.055815168 0.72013956 -0.23447478 -0.6530088 188 188 188 255
-0.053022645 0.17287141 0.060030386 0.3422269 0.09030418 -0.93526787 175 175 175 255
-0.059210688 0.18122047 0.046018872 0.30460602 0.116800636 -0.9452898 177 177 177 255
-0.06443225 0.18109083 0.056313403 -0.75299865 0.5710985 -0.3268631 177 177 177 255
-0.10201995 0.19608822 0.08184996 -0.35471967 0.47859868 -0.8031919 190 190 190 255
-0.15618622 0.2177003 0.118649974 -0.3547113 0.47859058 -0.80320036 207 207 207 255
-0.06517653 0.18360084 0.050072026 -0.75299543 0.57109797 -0.32687142 175 175 175 255
0.14358425 -0.056754977 0.39479482 0.78548706 -0.3134077 -0.53365314 140 161 215 255
0.21845394 -0.1577712 0.56432146 0.7854871 -0.3134075 -0.53365314 208 208 208 255
0.2558888 -0.20827928 0.6490847 0.7854875 -0.3134069 -0.5336529 208 208 208 255
0.06687507 0.046743125 0.22110304 0.7854871 -0.31340754 -0.53365314 139 160 214 255
0.030376248 0.09598835 0.13845912 0.785487 -0.3134077 -0.53365314 208 208 208 255
0.105220586 -0.004993677 0.30792835 0.7854871 -0.3134077 -0.5336532 139 160 214 255
0.18101907 -0.107263066 0.4795581 0.78548694 -0.31340778 -0.5336532 141 162 216 255
0.2381072 -0.18428794 0.6088221 0.7854869 -0.313408 -0.53365326 208 208 208 255
0.27504146 -0.2341206 0.69245195 0.7854871 -0.31340754 -0.53365314 209 209 209 255
0.19973654 -0.13251713 0.5219398 0.7854865 -0.3134084 -0.53365344 138 162 217 255
0.16182174 -0.08136151 0.43608978 0.7854869 -0.31340787 -0.5336532 140 161 215 255
0.124402404 -0.030874312 0.3513616 0.7854871 -0.31340766 -0.5336532 139 160 214 255
0.08604783 0.020874724 0.2645157 0.7854871 -0.31340766 -0.5336532 139 160 214 255
0.048625663 0.071365744 0.17978108 0.78548706 -0.3134076 -0.53365314 137 160 213 255
0.012126818 0.12061097 0.09713712 0.78548694 -0.31340778 -0.5336532 208 208 208 255
0.28418255 -0.246454 0.71315 0.7854874 -0.313407 -0.53365296 209 209 209 255
0.26546514 -0.22119996 0.6707684 0.78548706 -0.3134076 -0.53365314 208 208 208 255
0.24699801 -0.19628364 0.62895346 0.7854871 -0.31340748 -0.53365314 208 208 208 255
0.2282806 -0.17102957 0.58657175 0.7854869 -0.31340802 -0.5336533 208 208 208 255
0.20909524 -0.14514413 0.54313064 0.7854868 -0.31340805 -0.53365326 208 208 208 255
0.1903778 -0.1198901 0.500749 0.78548664 -0.3134083 -0.5336534 141 162 216 255
0.17142041 -0.09431229 0.45782396 0.78548735 -0.31340715 -0.533653 140 161 215 255
0.152703 -0.06905825 0.41544232 0.7854872 -0.31340742 -0.53365314 140 161 215 255
0.13399333 -0.043814644 0.3730782 0.7854871 -0.3134075 -0.53365314 139 160 214 255
0.11481151 -0.01793401 0.329645 0.7854869 -0.31340787 -0.5336532 139 160 214 255
0.09510328 0.008656874 0.28501984 0.785487 -0.3134077 -0.53365314 139 160 214 255
0.07593052 0.034525283 0.24160716 0.785487 -0.31340775 -0.5336532 139 160 214 255
0.057750374 0.05905444 0.20044205 0.785487 -0.31340772 -0.5336532 137 160 213 255
0.03950095 0.08367704 0.15912008 0.785487 -0.3134077 -0.53365314 139 159 210 255
0.02125153 0.10829967 0.117798105 0.78548706 -0.3134076 -0.53365314 208 208 208 255
0.0030021146 0.13292228 0.07647615 0.78548694 -0.31340778 -0.5336532 208 208 208 255
0.2887531 -0.2526207 0.723499 0.785487 -0.3134077 -0.53365314 209 209 209 255
0.279612 -0.24028733 0.702801 0.78548664 -0.3134084 -0.5336534 209 209 209 255
0.2702533 -0.2276603 0.68161017 0.78548694 -0.31340778 -0.5336532 208 208 208 255
0.26067695 -0.21473962 0.65992653 0.7854872 -0.31340733 -0.533653 208 208 208 255
0.2514434 -0.20228145 0.6390191 0.7854871 -0.31340754 -0.53365314 208 208 208 255
0.24255264 -0.19028577 0.6188878 0.78548706 -0.3134076 -0.53365314 208 208 208 255
0.2331939 -0.17765877 0.59769696 0.7854871 -0.31340748 -0.53365314 208 208 208 255
0.22336727 -0.16440037 0.5754466 0.7854871 -0.31340742 -0.5336531 208 208 208 255
0.21377456 -0.15145767 0.553726 0.7854872 -0.31340742 -0.53365314 208 208 208 255
0.20441586 -0.13883063 0.5325352 0.7854872 -0.31340736 -0.533653 207 208 207 255
0.19505715 -0.12620363 0.5113444 0.78548694 -0.31340778 -0.5336532 141 162 216 255
0.18569845 -0.1135766 0.49015358 0.7854871 -0.31340748 -0.53365314 141 162 216 255
0.17621975 -0.10078768 0.46869105 0.7854871 -0.31340742 -0.5336531 141 162 216 255
0.16662107 -0.0878369 0.44695687 0.7854871 -0.31340766 -0.5336532 140 161 215 255
0.15726237 -0.07520986 0.42576605 0.785487 -0.3134077 -0.53365314 140 161 215 255
0.14815302 -0.06291929 0.40513983 0.785487 -0.31340772 -0.5336532 140 161 215 255
0.13878879 -0.050284818 0.38393652 0.78548676 -0.31340814 -0.5336533 140 161 215 255
0.12919788 -0.037344486 0.3622199 0.7854869 -0.31340808 -0.5336533 139 160 214 255
0.11960697 -0.024404168 0.3405033 0.7854871 -0.3134077 -0.5336532 139 160 214 255
0.11001605 -0.011463836 0.31878668 0.785487 -0.31340775 -0.5336532 139 160 214 255
0.10016194 0.0018315911 0.2964741 0.7854871 -0.31340745 -0.5336531 139 160 214 255
0.09057556 0.014765799 0.2747678 0.7854871 -0.31340766 -0.5336532 139 160 214 255
0.08098918 0.0277 0.25306144 0.78548694 -0.31340775 -0.5336532 139 160 214 255
0.0714028 0.0406342 0.2313551 0.7854871 -0.31340757 -0.53365314 139 160 214 255
0.06212555 0.05315133 0.2103487 0.78548694 -0.31340778 -0.5336532 137 160 213 255
0.05318801 0.06521009 0.19011155 0.785487 -0.31340772 -0.5336532 137 160 213 255
0.04390221 0.07773875 0.16908582 0.785487 -0.3134077 -0.53365314 137 160 213 255
0.034938604 0.08983269 0.1487896 0.78548694 -0.31340778 -0.5336532 208 208 208 255
0.025813885 0.10214401 0.1281286 0.78548706 -0.3134076 -0.53365314 208 208 208 255
0.016432233 0.11480199 0.10688583 0.785487 -0.31340775 -0.5336532 208 208 208 255
0.0075644627 0.12676662 0.08680664 0.78548694 -0.31340778 -0.5336532 208 208 208 255
0.31080866 -0.23717892 0.7643061 0.9259601 -0.37703016 0.021121802 156 156 156 255
0.2926814 -0.24700496 0.8048347 0.93463445 -0.2788553 -0.22067644 161 161 161 255
-0.00021317601 0.18352589 0.05752702 0.46677715 0.17845544 -0.86618286 154 154 154 255
-0.015743911 0.18988833 0.057080593 -0.056776214 0.40592924 -0.9121392 162 162 162 255
0.29799432 -0.25180995 0.81124115 0.8693312 -0.14737159 -0.4717465 162 162 162 255
0.29934803 -0.25608587 0.82013476 0.8152485 -0.46767694 0.34153807 162 162 162 255
0.29257688 -0.254938 0.8238091 -0.3638951 -0.23420455 0.9015146 160 160 160 255
0.28730825 -0.24782944 0.81187946 -0.36389664 -0.23420376 0.9015141 167 173 178 255
0.17488936 -0.22877173 0.87288386 0.35474136 -0.47861773 0.80317104 146 156 163 255
0.30870992 -0.22831818 0.7452087 0.9105055 -0.21307215 -0.35437262 184 184 184 255
0.009263694 0.17570281 0.067175746 0.80294615 -0.070492566 -0.59186846 182 182 182 255
-0.041639864 0.19541244 0.06843488 0.40424025 0.2131074 -0.8894802 167 167 167 255
-0.047827907 0.20376152 0.05442337 0.36389366 0.23420759 -0.9015144 168 168 168 255
-0.05381985 0.2021064 0.06414914 -0.8030239 0.47211772 -0.36367235 172 172 172 255
-0.09541972 0.20915863 0.08672332 -0.35471952 0.47859898 -0.80319184 181 181 181 255
-0.15536772 0.21932124 0.119254366 -0.35472104 0.47859925 -0.80319095 206 206 206 255
-0.054430664 0.20488082 0.05800637 -0.80301964 0.47211918 -0.36367962 170 170 170 255
0.15897053 -0.026285738 0.40615538 0.8693312 -0.14737235 -0.47174624 140 161 215 255
0.23384023 -0.12730196 0.57568204 0.86933106 -0.14737284 -0.47174644 208 208 208 255
0.27127507 -0.17781004 0.6604453 0.86933136 -0.14737204 -0.47174612 208 208 208 255
0.08226136 0.07721236 0.2324636 0.8693312 -0.14737244 -0.47174633 139 160 214 255
0.04576254 0.12645759 0.14981967 0.86933136 -0.14737222 -0.47174624 208 208 208 255
0.12060688 0.025475562 0.31928894 0.8693311 -0.1473727 -0.47174639 139 160 214 255
0.19640538 -0.07679383 0.49091867 0.86933136 -0.14737207 -0.47174615 141 162 216 255
0.25349352 -0.1538187 0.6201827 0.86933154 -0.14737144 -0.47174588 208 208 208 255
0.29042774 -0.20365137 0.70381254 0.8693313 -0.14737208 -0.47174612 208 208 208 255
0.21512279 -0.1020479 0.5333004 0.86933094 -0.14737299 -0.4717465 141 162 216 255
0.17720804 -0.050892264 0.44745034 0.8693309 -0.14737304 -0.47174656 140 161 215 255
0.13978869 -0.00040507317 0.36272216 0.8693312 -0.14737234 -0.47174624 139 160 214 255
0.10143412 0.051343963 0.27587628 0.8693312 -0.14737253 -0.47174636 139 160 214 255
0.064011954 0.10183498 0.19114164 0.8693312 -0.14737245 -0.47174633 137 160 213 255
0.02751311 0.15108022 0.108497694 0.86933136 -0.14737225 -0.47174624 208 208 208 255
0.29956883 -0.21598476 0.7245106 0.8693318 -0.14737104 -0.47174567 209 209 209 255
0.28085142 -0.19073072 0.68212897 0.8693312 -0.14737232 -0.47174624 208 208 208 255
0.2623843 -0.1658144 0.64031404 0.8693309 -0.14737302 -0.47174656 208 208 208 255
0.24366686 -0.14056033 0.59793234 0.86933136 -0.14737214 -0.47174615 208 208 208 255
0.2244815 -0.1146749 0.5544912 0.8693309 -0.14737314 -0.4717466 208 208 208 255
0.20576409 -0.08942086 0.5121096 0.86933094 -0.14737299 -0.4717465 141 162 216 255
0.18680671 -0.06384305 0.46918452 0.8693311 -0.14737257 -0.47174633 140 161 215 255
0.1680893 -0.038589 0.42680287 0.8693311 -0.14737265 -0.47174636 140 161 215 255
0.14937961 -0.013345405 0.38443875 0.86933136 -0.1473721 -0.47174615 139 160 214 255
0.1301978 0.012535229 0.34100556 0.8693312 -0.14737256 -0.47174639 139 160 214 255
0.11048957 0.039126113 0.2963804 0.8693311 -0.14737265 -0.47174636 139 160 214 255
0.09131681 0.06499452 0.25296775 0.8693312 -0.14737241 -0.47174627 139 160 214 255
0.073136665 0.08952368 0.2118026 0.8693313 -0.14737216 -0.47174615 137 160 213 255
0.054887243 0.11414628 0.17048067 0.8693312 -0.14737229 -0.47174624 208 208 208 255
0.03663782 0.13876891 0.12915868 0.86933136 -0.14737222 -0.47174624 208 208 208 255
0.018388405 0.16339152 0.08783672 0.8693313 -0.14737217 -0.47174615 208 208 208 255
0.30413938 -0.22215146 0.7348596 0.8693312 -0.14737244 -0.47174633 209 209 209 255
0.2949983 -0.2098181 0.7141616 0.8693312 -0.14737241 -0.47174627 209 209 209 255
0.28563958 -0.19719106 0.69297075 0.8693311 -0.14737265 -0.47174636 208 208 208 255
0.27606323 -0.18427038 0.6712871 0.8693312 -0.14737232 -0.47174624 208 208 208 255
0.26682967 -0.1718122 0.65037966 0.8693312 -0.14737244 -0.47174633 208 208 208 255
0.2579389 -0.15981653 0.63024837 0.86933154 -0.14737189 -0.4717461 208 208 208 255
0.24858019 -0.14718953 0.60905755 0.8693313 -0.14737208 -0.47174612 208 208 208 255
0.23875353 -0.13393113 0.5868072 0.86933154 -0.14737184 -0.4717461 208 208 208 255
0.22916088 -0.120988436 0.5650866 0.86933136 -0.14737192 -0.4717461 208 208 208 255
0.21980217 -0.1083614 0.5438958 0.8693313 -0.14737217 -0.47174615 151 165 210 255
0.21044344 -0.095734395 0.52270496 0.8693312 -0.14737245 -0.47174633 141 162 216 255
0.20108473 -0.08310736 0.50151414 0.8693312 -0.1473724 -0.47174627 141 162 216 255
0.19160601 -0.07031844 0.4800516 0.8693312 -0.14737232 -0.47174624 140 161 215 255
0.18200734 -0.05736766 0.45831743 0.86933106 -0.14737274 -0.47174639 140 161 215 255
0.17264864 -0.044740632 0.4371266 0.8693312 -0.14737244 -0.47174627 140 161 215 255
0.16353932 -0.03245005 0.4165004 0.8693312 -0.14737245 -0.47174633 140 161 215 255
0.15417507 -0.019815579 0.39529708 0.86933094 -0.14737304 -0.4717465 140 161 215 255
0.14458418 -0.0068752468 0.37358046 0.8693309 -0.14737335 -0.4717467 139 160 214 255
0.13499326 0.0060650706 0.35186386 0.8693312 -0.14737241 -0.47174627 139 160 214 255
0.12540233 0.019005403 0.33014724 0.8693311 -0.14737271 -0.47174639 139 160 214 255
0.11554823 0.03230083 0.30783468 0.8693312 -0.14737241 -0.47174627 139 160 214 255
0.10596185 0.045235038 0.28612834 0.8693312 -0.14737244 -0.47174627 139 160 214 255
0.09637547 0.05816924 0.264422 0.8693312 -0.1473724 -0.47174627 139 160 214 255
0.086789094 0.07110344 0.24271569 0.8693313 -0.14737217 -0.47174615 139 160 214 255
0.07751184 0.08362057 0.22170928 0.8693312 -0.14737241 -0.47174627 137 160 213 255
0.0685743 0.09567933 0.20147213 0.8693313 -0.14737217 -0.47174615 137 160 213 255
0.05928851 0.108207986 0.18044639 0.8693312 -0.1473724 -0.47174627 137 160 212 255
0.050324894 0.12030193 0.16015017 0.86933136 -0.14737222 -0.47174624 208 208 208 255
0.041200176 0.13261324 0.13948917 0.8693312 -0.14737229 -0.47174624 208 208 208 255
0.031818524 0.14527123 0.11824641 0.8693313 -0.14737223 -0.47174624 208 208 208 255
0.022950754 0.15723586 0.09816721 0.86933136 -0.14737222 -0.4717462 208 208 208 255
0.31976774 -0.20667967 0.7785231 0.9688589 -0.23099037 0.0891955 163 163 163 255
0.29995435 -0.22224557 0.8163761 0.98293716 -0.1144222 -0.14402114 165 165 165 255
0.008798264 0.21420354 0.07182717 0.50652426 0.31376907 -0.8031078 147 147 147 255
-0.007450126 0.21812302 0.070241995 -0.040581074 0.46106374 -0.8864386 150 150 150 255
0.30538344 -0.22665487 0.82296705 0.91976523 0.024327388 -0.39171407 165 165 165 255
0.3066168 -0.23134086 0.83166945 0.84634715 -0.36182204 0.39087245 173 173 173 255
0.2994528 -0.23153034 0.8347204 -0.39956015 -0.35561842 0.84491843 163 163 163 255
0.29418418 -0.22442177 0.82279074 -0.39955822 -0.3556176 0.84491974 171 177 182 255
0.17524317 -0.22756739 0.8734453 0.35456422 -0.4784602 0.80334306 155 168 175 255
0.31796542 -0.19680962 0.75989616 0.9604416 -0.0430727 -0.27513027 186 186 186 255
0.0185192 0.20721139 0.08186323 0.85275775 0.099080324 -0.512823 180 180 180 255
-0.034792617 0.21872236 0.0793006 0.4415438 0.3400984 -0.83028436 158 158 158 255
-0.04098066 0.22707143 0.06528908 0.3995574 0.35561705 -0.8449204 163 163 163 255
-0.04743608 0.22383876 0.07427952 -0.83366364 0.3694353 -0.41051483 165 165 165 255
-0.091449335 0.22267485 0.09302378 -0.35471958 0.47859934 -0.8031916 183 183 183 255
-0.1548754 0.22099744 0.12003574 -0.35472056 0.47859886 -0.8031914 206 206 206 255
-0.047966525 0.22688666 0.068264216 -0.8336628 0.3694362 -0.41051567 165 165 165 255
0.16822603 0.0052228346 0.4208429 0.9197671 0.024326673 -0.39171004 140 161 215 255
0.24309573 -0.095793396 0.5903695 0.91976696 0.024326187 -0.3917102 208 208 208 255
0.28053057 -0.14630148 0.67513275 0.919767 0.024326589 -0.39171007 208 208 208 255
0.091516875 0.108720936 0.2471511 0.91976696 0.024326071 -0.39171034 139 160 214 255
0.055018045 0.15796617 0.16450718 0.919767 0.024326349 -0.3917102 208 208 208 255
0.12986237 0.056984134 0.33397645 0.91976696 0.02432603 -0.39171037 139 160 214 255
0.20566088 -0.045285255 0.5056062 0.91976696 0.024325911 -0.39171043 140 161 215 255
0.26274902 -0.12231013 0.6348702 0.91976696 0.024326148 -0.39171025 208 208 208 255
0.29968324 -0.1721428 0.7185 0.9197672 0.024327189 -0.39170974 208 208 208 255
0.22437832 -0.070539325 0.5479879 0.91976696 0.02432627 -0.39171025 141 162 216 255
0.18646353 -0.019383691 0.46213782 0.91976696 0.02432603 -0.39171037 140 161 215 255
0.14904422 0.0311035 0.37740964 0.91976696 0.024326267 -0.3917102 139 160 214 255
0.11068963 0.082852535 0.29056376 0.91976696 0.024326071 -0.39171034 139 160 214 255
0.07326745 0.13334355 0.20582913 0.919767 0.024326352 -0.39171022 137 160 213 255
0.036768623 0.18258879 0.12318519 0.91976696 0.024326228 -0.39171022 208 208 208 255
0.30882433 -0.1844762 0.7391981 0.9197672 0.02432759 -0.3917096 209 209 209 255
0.29010692 -0.15922216 0.69681644 0.919767 0.024326112 -0.39171034 208 208 208 255
0.2716398 -0.13430583 0.6550015 0.91976684 0.024325788 -0.39171046 208 208 208 255
0.2529224 -0.109051764 0.6126198 0.91976684 0.024325628 -0.39171058 208 208 208 255
0.23373702 -0.08316633 0.5691787 0.91976696 0.02432627 -0.39171025 205 207 214 255
0.21501958 -0.05791229 0.52679706 0.91976696 0.02432627 -0.39171025 141 162 216 255
0.1960622 -0.03233447 0.483872 0.91976696 0.024326308 -0.3917102 140 161 215 255
0.1773448 -0.0070804283 0.44149035 0.91976696 0.024325991 -0.39171037 140 161 215 255
0.15863511 0.018163167 0.39912623 0.919767 0.024326669 -0.39170998 139 160 214 255
0.13945329 0.0440438 0.35569304 0.919767 0.024326349 -0.3917102 139 160 214 255
0.11974508 0.070634685 0.3110679 0.91976684 0.02432567 -0.39171058 139 160 214 255
0.100572325 0.096503094 0.26765525 0.91976684 0.024325829 -0.39171043 139 160 214 255
0.08239216 0.12103225 0.22649011 0.91976696 0.024326066 -0.3917103 137 160 213 255
0.06414274 0.14565486 0.18516815 0.91976696 0.024326267 -0.3917102 208 208 208 255
0.04589332 0.17027748 0.14384615 0.91976696 0.024326066 -0.3917103 208 208 208 255
0.027643912 0.1949001 0.102524206 0.91976696 0.02432619 -0.3917103 208 208 208 255
0.31339487 -0.1906429 0.74954706 0.91976696 0.024326071 -0.39171034 209 209 209 255
0.3042538 -0.17830953 0.72884905 0.9197667 0.024324868 -0.3917109 208 208 208 255
0.29489508 -0.1656825 0.70765823 0.91976684 0.024325589 -0.39171058 208 208 208 255
0.28531873 -0.15276182 0.6859746 0.919767 0.024326112 -0.39171034 208 208 208 255
0.27608517 -0.14030364 0.66506714 0.9197667 0.024325145 -0.3917108 208 208 208 255
0.26719442 -0.12830797 0.64493585 0.919767 0.024326628 -0.39171 208 208 208 255
0.2578357 -0.11568096 0.623745 0.9197671 0.02432703 -0.39170986 208 208 208 255
0.24800906 -0.102422565 0.60149467 0.91976696 0.02432587 -0.39171043 208 208 208 255
0.23841637 -0.08947986 0.5797741 0.9197671 0.02432679 -0.39170995 208 208 208 255
0.22905767 -0.07685283 0.55858326 0.91976696 0.024326228 -0.39171022 140 162 216 255
0.21969894 -0.06422582 0.53739244 0.91976696 0.024326228 -0.39171022 141 162 216 255
0.21034023 -0.051598787 0.5162016 0.91976696 0.024326228 -0.39171022 141 162 216 255
0.20086154 -0.038809873 0.49473912 0.91976696 0.024326308 -0.3917102 140 161 215 255
0.19126287 -0.02585908 0.47300494 0.91976696 0.02432595 -0.39171043 140 161 215 255
0.18190417 -0.01323206 0.45181412 0.91976696 0.024326187 -0.39171028 140 161 215 255
0.17279482 -0.0009414777 0.43118787 0.91976696 0.024326108 -0.3917103 140 161 215 255
0.16343057 0.011692993 0.4099846 0.91976684 0.024325548 -0.39171058 140 161 215 255
0.15383968 0.024633326 0.38826793 0.91976684 0.024325548 -0.39171058 139 160 214 255
0.14424875 0.037573643 0.36655134 0.91976696 0.024326146 -0.39171028 139 160 214 255
0.13465783 0.050513975 0.34483474 0.91976696 0.024325911 -0.39171043 139 160 214 255
0.12480373 0.0638094 0.32252216 0.919767 0.024326548 -0.3917101 139 160 214 255
0.115217365 0.07674361 0.30081585 0.91976696 0.02432627 -0.39171025 139 160 214 255
0.10563097 0.08967781 0.2791095 0.91976696 0.02432603 -0.39171037 139 160 214 255
0.09604461 0.10261201 0.2574032 0.91976696 0.024325991 -0.39171037 139 160 214 255
0.08676734 0.11512914 0.23639677 0.91976696 0.024325911 -0.39171043 137 160 213 255
0.077829815 0.12718791 0.21615961 0.91976696 0.024326187 -0.3917102 137 160 213 255
0.06854401 0.13971655 0.19513386 0.91976696 0.02432603 -0.39171037 208 210 207 255
0.059580393 0.15181051 0.17483765 0.91976696 0.024326308 -0.3917102 208 208 208 255
0.050455682 0.16412182 0.15417667 0.91976696 0.024326228 -0.39171022 208 208 208 255
0.04107403 0.1767798 0.13293388 0.91976696 0.02432603 -0.39171034 208 208 208 255
0.03220626 0.18874443 0.1128547 0.91976696 0.024326228 -0.39171022 208 208 208 255
0.3224481 -0.17634654 0.79541403 0.98169345 -0.085744396 0.1700758 171 171 171 255
0.30213028 -0.19762102 0.83008826 0.99738824 0.04911848 -0.052953098 179 179 179 255
0.011494316 0.24471414 0.08881692 0.51841724 0.44834825 -0.7281671 143 143 143 255
-0.0049687624 0.24620399 0.0858788 -0.03573572 0.5158986 -0.8559039 152 152 152 255
0.30759415 -0.20163664 0.8368984 0.93485504 0.1950865 -0.29662633 174 174 174 255
0.30879146 -0.20673068 0.8453735 0.85564965 -0.25654 0.4495007 176 176 176 255
0.30150995 -0.2082502 0.8476839 -0.410232 -0.4763641 0.7776805 177 177 177 255
0.2962413 -0.20114163 0.8357543 -0.41022795 -0.4763651 0.77768207 179 185 189 255
0.17534903 -0.22636957 0.87411225 0.35473123 -0.47860897 0.8031807 155 167 176 255
0.32073453 -0.16547251 0.7773462 0.9753815 0.12599939 -0.18098357 193 193 193 255
0.021288298 0.23854849 0.0993132 0.8676605 0.26772892 -0.41891092 178 178 178 255
-0.032744057 0.24190533 0.092209965 0.4527042 0.46640077 -0.7599534 161 161 161 255
-0.0389321 0.2502544 0.078198455 0.4102278 0.47636813 -0.7776803 157 157 157 255
-0.045526102 0.24545285 0.086315244 -0.843777 0.26658309 -0.46580455 159 159 159 255
-0.09026149 0.23611751 0.10050929 -0.3547194 0.4785995 -0.8031916 179 179 179 255
-0.1547281 0.2226645 0.12096404 -0.3547211 0.47859928 -0.80319095 204 204 204 255
-0.046032578 0.2487727 0.08045139 -0.84377563 0.2665834 -0.46580666 160 160 160 255
0.17099515 0.036559932 0.43829283 0.9348562 0.19508761 -0.29662228 140 161 215 255
0.24586484 -0.06445631 0.6078195 0.9348562 0.19508669 -0.29662284 208 208 208 255
0.28329965 -0.11496439 0.6925828 0.9348562 0.19508639 -0.296623 208 208 208 255
0.09428597 0.14005804 0.26460108 0.9348561 0.19508728 -0.29662248 137 160 213 255
0.057787128 0.18930325 0.18195714 0.9348562 0.19508702 -0.29662266 208 208 208 255
0.13263148 0.08832123 0.3514264 0.9348562 0.19508655 -0.29662287 139 160 214 255
0.20842996 -0.013948165 0.52305615 0.9348561 0.19508664 -0.29662284 140 161 215 255
0.2655181 -0.09097304 0.6523202 0.9348561 0.19508724 -0.29662248 208 208 208 255
0.30245236 -0.14080572 0.73595005 0.9348562 0.19508706 -0.2966226 208 208 208 255
0.2271474 -0.039202236 0.56543785 0.9348562 0.1950856 -0.2966235 141 162 216 255
0.18923262 0.011953406 0.4795878 0.9348562 0.19508639 -0.296623 140 161 215 255
0.1518133 0.062440597 0.3948596 0.9348561 0.19508755 -0.2966223 139 160 214 255
0.11345873 0.11418963 0.30801374 0.9348562 0.19508706 -0.29662257 139 160 214 255
0.07603655 0.16468066 0.22327909 0.9348561 0.1950866 -0.29662284 203 206 212 255
0.039537705 0.21392588 0.14063516 0.9348562 0.19508694 -0.29662266 208 208 208 255
0.31159344 -0.15313911 0.7566481 0.9348561 0.1950874 -0.2966224 208 208 208 255
0.29287603 -0.12788507 0.7142665 0.9348561 0.19508688 -0.2966227 208 208 208 255
0.2744089 -0.102968745 0.67245156 0.9348562 0.19508642 -0.29662296 208 208 208 255
0.25569147 -0.077714674 0.63006985 0.9348562 0.1950865 -0.29662293 208 208 208 255
0.2365061 -0.05182924 0.5866287 0.9348561 0.1950866 -0.29662284 140 162 216 255
0.21778867 -0.0265752 0.54424703 0.9348562 0.19508637 -0.29662302 141 162 216 255
0.19883129 -0.000997372 0.501322 0.9348561 0.19508724 -0.29662248 140 161 215 255
0.18011388 0.024256669 0.45894033 0.9348561 0.19508691 -0.29662266 140 161 215 255
0.16140422 0.049500264 0.4165762 0.9348561 0.19508743 -0.29662234 139 160 214 255
0.1422224 0.0753809 0.37314302 0.9348561 0.19508655 -0.29662287 139 160 214 255
0.122514166 0.10197178 0.32851788 0.9348562 0.19508669 -0.29662284 139 160 214 255
0.10334141 0.12784019 0.2851052 0.9348561 0.19508664 -0.29662284 139 160 214 255
0.08516125 0.15236935 0.24394009 0.9348562 0.19508673 -0.29662284 137 160 213 255
0.06691184 0.17699194 0.20261812 0.9348561 0.19508696 -0.29662266 208 208 208 255
0.048662417 0.20161459 0.16129613 0.9348562 0.19508678 -0.29662278 208 208 208 255
0.030412994 0.22623718 0.11997417 0.9348562 0.19508697 -0.29662266 208 208 208 255
0.316164 -0.15930581 0.7669971 0.9348561 0.19508627 -0.29662305 209 209 209 255
0.3070229 -0.14697245 0.7462991 0.9348562 0.19508655 -0.29662287 208 208 208 255
0.2976642 -0.13434541 0.72510827 0.9348562 0.19508576 -0.29662338 208 208 208 255
0.28808782 -0.12142473 0.70342463 0.9348562 0.19508669 -0.29662284 208 208 208 255
0.27885428 -0.10896655 0.6825172 0.9348562 0.19508697 -0.2966226 208 208 208 255
0.2699635 -0.09697088 0.6623859 0.9348562 0.19508702 -0.29662266 208 208 208 255
0.26060477 -0.08434387 0.64119506 0.9348561 0.19508807 -0.29662198 208 208 208 255
0.25077814 -0.071085475 0.61894464 0.9348562 0.19508669 -0.29662284 208 208 208 255
0.24118546 -0.058142774 0.59722406 0.9348561 0.19508684 -0.2966227 208 208 208 255
0.23182675 -0.04551574 0.57603323 0.9348561 0.19508715 -0.2966225 141 162 216 255
0.22246805 -0.032888733 0.5548424 0.9348561 0.19508712 -0.2966225 141 162 216 255
0.21310934 -0.020261697 0.5336516 0.9348561 0.19508715 -0.2966225 141 162 216 255
0.20363063 -0.007472776 0.5121891 0.9348561 0.19508679 -0.29662275 140 161 215 255
0.19403195 0.005478017 0.49045488 0.9348562 0.19508648 -0.29662293 140 161 215 255
0.18467325 0.018105038 0.46926406 0.9348561 0.19508688 -0.2966227 140 161 215 255
0.1755639 0.03039562 0.44863784 0.9348562 0.19508694 -0.29662266 140 161 215 255
0.16619965 0.04303009 0.42743453 0.9348561 0.19508679 -0.29662275 139 160 214 255
0.15660876 0.055970423 0.4057179 0.9348561 0.19508627 -0.29662305 139 160 214 255
0.14701784 0.06891074 0.3840013 0.9348561 0.19508679 -0.29662275 139 160 214 255
0.13742694 0.08185107 0.3622847 0.9348562 0.19508697 -0.29662266 139 160 214 255
0.1275728 0.0951465 0.33997214 0.9348561 0.19508715 -0.2966225 139 160 214 255
0.11798645 0.10808071 0.31826583 0.9348562 0.19508673 -0.29662284 139 160 214 255
0.10840007 0.12101491 0.29655948 0.9348561 0.19508684 -0.2966227 139 160 214 255
0.09881369 0.1339491 0.27485314 0.9348561 0.19508691 -0.29662266 139 160 214 255
0.089536436 0.14646624 0.25384673 0.9348561 0.1950866 -0.29662284 137 160 213 255
0.0805989 0.15852499 0.23360959 0.9348561 0.19508691 -0.29662266 137 160 213 255
0.07131309 0.17105365 0.21258384 0.9348561 0.19508688 -0.2966227 208 208 208 255
0.06234949 0.18314761 0.19228762 0.9348562 0.19508694 -0.29662266 208 208 208 255
0.05322478 0.19545892 0.17162663 0.9348561 0.19508679 -0.29662275 208 208 208 255
0.043843128 0.20811689 0.15038386 0.9348561 0.19508688 -0.29662266 208 208 208 255
0.034975357 0.22008154 0.13030466 0.9348561 0.19508696 -0.29662266 208 208 208 255
0.3187468 -0.14734511 0.8143298 0.9639707 0.053122528 0.26065028 185 185 185 255
0.2991256 -0.17407754 0.84544414 0.9774322 0.20548132 0.04902601 182 182 182 255
0.0077713877 0.27388525 0.10784336 0.5019946 0.57701725 -0.64424574 134 134 134 255
-0.008395173 0.27305207 0.103390075 -0.04242618 0.56832504 -0.82170963 143 143 143 255
0.30454153 -0.17771691 0.8524997 0.9140196 0.3583525 -0.19013554 184 184 184 255
0.30578846 -0.18320087 0.8607205 0.84279954 -0.15588528 0.515159 183 183 183 255
0.29866928 -0.18599206 0.86220145 -0.39549667 -0.5918133 0.7023812 187 187 187 255
0.29340065 -0.1788835 0.8502718 -0.3954939 -0.5918136 0.7023825 186 193 196 255
0.17520279 -0.22522438 0.8748593 0.35481125 -0.47868025 0.80310285 148 162 171 255
0.31691077 -0.13551131 0.79688793 0.9547513 0.28765014 -0.075546734 197 197 197 255
0.01746454 0.2685097 0.118854985 0.847081 0.42897537 -0.31374162 177 177 177 255
-0.035572916 0.2640705 0.10666692 0.43729267 0.5871553 -0.68119293 155 155 155 255
-0.04176096 0.27241957 0.092655405 0.39549384 0.5918148 -0.70238155 148 148 148 255
-0.04816342 0.26611805 0.09979381 -0.83282715 0.1671598 -0.5276897 157 157 157 255
-0.09190175 0.24896997 0.108892135 -0.35471952 0.4785999 -0.80319124 176 176 176 255
-0.1549315 0.22425833 0.1220036 -0.35472047 0.47859877 -0.8031915 204 204 204 255
-0.048703134 0.26969784 0.09409953 -0.83282596 0.16716114 -0.5276912 157 157 157 255
0.16717139 0.066521145 0.4578346 0.91401935 0.35835388 -0.19013408 140 161 215 255
0.24204108 -0.034495093 0.6273613 0.91401947 0.35835388 -0.19013408 208 208 208 255
0.2794759 -0.085003175 0.7121245 0.91401947 0.35835382 -0.19013412 208 208 208 255
0.090462215 0.17001924 0.28414285 0.91401935 0.3583539 -0.19013402 137 160 213 255
0.05396337 0.21926448 0.20149893 0.91401935 0.35835388 -0.19013406 208 208 208 255
0.1288077 0.118282445 0.37096816 0.91401947 0.35835356 -0.19013429 139 160 214 255
0.2046062 0.016013049 0.5425979 0.91401947 0.3583538 -0.19013414 140 161 215 255
0.26169434 -0.06101183 0.67186195 0.9140195 0.3583536 -0.19013433 208 208 208 255
0.2986286 -0.1108445 0.7554918 0.9140193 0.35835427 -0.19013378 208 208 208 255
0.22332364 -0.009241022 0.5849796 0.9140196 0.358353 -0.1901347 141 162 216 255
0.18540886 0.04191462 0.4991296 0.91401935 0.35835412 -0.1901339 140 161 215 255
0.14798954 0.09240181 0.4144014 0.91401935 0.35835403 -0.19013399 139 160 214 255
0.10963497 0.14415085 0.32755554 0.91401935 0.35835397 -0.19013402 139 160 214 255
0.07221279 0.19464186 0.24282089 0.91401935 0.35835388 -0.19013408 209 208 206 255
0.03571395 0.2438871 0.16017693 0.91401935 0.35835388 -0.19013405 208 208 208 255
0.3077697 -0.12317789 0.77618986 0.9140192 0.3583546 -0.19013359 208 208 208 255
0.28905228 -0.09792385 0.7338082 0.9140195 0.3583534 -0.19013442 208 208 208 255
0.27058515 -0.07300753 0.6919933 0.91401935 0.35835373 -0.19013418 208 208 208 255
0.2518677 -0.04775346 0.6496116 0.9140195 0.35835353 -0.19013435 208 208 208 255
0.23268235 -0.021868028 0.6061704 0.9140196 0.358353 -0.1901347 141 162 216 255
0.21396491 0.0033860132 0.5637888 0.91401935 0.35835388 -0.19013408 141 162 216 255
0.19500753 0.028963841 0.5208638 0.91401947 0.35835376 -0.19013418 140 161 215 255
0.17629012 0.054217882 0.47848213 0.91401947 0.35835376 -0.19013417 140 161 215 255
0.15758047 0.07946148 0.436118 0.91401935 0.35835403 -0.19013394 139 160 214 255
0.13839862 0.10534211 0.39268482 0.91401947 0.3583538 -0.19013414 139 160 214 255
0.11869041 0.131933 0.34805965 0.91401947 0.35835367 -0.19013423 139 160 214 255
0.09951765 0.1578014 0.30464697 0.91401947 0.35835376 -0.19013418 139 160 214 255
0.08133749 0.18233056 0.26348186 0.91401947 0.35835364 -0.19013423 137 160 213 255
0.06308808 0.20695317 0.22215989 0.91401935 0.35835394 -0.190134 208 208 208 255
0.04483866 0.23157579 0.18083791 0.91401935 0.3583539 -0.19013402 208 208 208 255
0.026589237 0.2561984 0.13951597 0.91401947 0.35835376 -0.19013418 208 208 208 255
0.31234023 -0.12934458 0.78653884 0.9140195 0.3583535 -0.19013436 208 208 208 255
0.30319914 -0.11701123 0.7658408 0.9140195 0.3583534 -0.19013442 208 208 208 255
0.29384044 -0.10438419 0.74465 0.91401947 0.3583537 -0.19013421 208 208 208 255
0.28426406 -0.09146351 0.7229664 0.91401947 0.35835388 -0.19013408 208 208 208 255
0.27503052 -0.07900534 0.7020589 0.91401935 0.35835373 -0.19013418 208 208 208 255
0.26613975 -0.067009665 0.6819276 0.91401947 0.35835385 -0.19013412 208 208 208 255
0.256781 -0.05438266 0.6607368 0.91401935 0.35835388 -0.19013405 208 208 208 255
0.24695438 -0.041124262 0.63848644 0.91401935 0.35835427 -0.19013385 208 208 208 255
0.2373617 -0.02818156 0.61676586 0.9140192 0.3583547 -0.19013354 140 162 216 255
0.228003 -0.015554525 0.59557503 0.91401935 0.35835403 -0.19013399 141 162 216 255
0.21864429 -0.0029275194 0.5743842 0.91401935 0.35835403 -0.19013399 141 162 216 255
0.20928559 0.009699516 0.5531934 0.91401935 0.35835412 -0.1901339 140 161 215 255
0.19980687 0.022488438 0.53173083 0.91401947 0.3583538 -0.19013414 140 161 215 255
0.1902082 0.03543923 0.50999665 0.91401935 0.35835415 -0.19013387 140 161 215 255
0.1808495 0.04806625 0.48880583 0.91401947 0.35835367 -0.19013426 140 161 215 255
0.17174014 0.060356833 0.46817964 0.91401935 0.3583542 -0.19013387 140 161 215 255
0.1623759 0.072991304 0.4469763 0.9140195 0.3583534 -0.19013442 139 160 214 255
0.152785 0.08593164 0.4252597 0.9140195 0.35835332 -0.19013447 139 160 214 255
0.14319408 0.098871954 0.4035431 0.91401947 0.35835364 -0.19013429 139 160 214 255
0.13360319 0.111812286 0.38182652 0.91401947 0.3583538 -0.19013414 139 160 214 255
0.123749055 0.1251077 0.35951394 0.91401935 0.35835427 -0.19013382 139 160 214 255
0.11416269 0.13804191 0.3378076 0.91401947 0.35835376 -0.19013418 139 160 214 255
0.10457631 0.15097612 0.31610125 0.91401935 0.35835403 -0.19013399 139 160 214 255
0.09498993 0.16391033 0.2943949 0.91401947 0.35835376 -0.19013418 137 160 213 255
0.08571268 0.17642745 0.2733885 0.91401947 0.35835364 -0.19013429 137 160 213 255
0.07677514 0.18848622 0.25315136 0.91401935 0.35835394 -0.190134 149 166 208 255
0.06748933 0.20101488 0.23212563 0.91401935 0.35835373 -0.19013418 208 208 208 255
0.058525734 0.21310881 0.21182941 0.91401947 0.3583538 -0.19013414 208 208 208 255
0.049401022 0.22542013 0.19116843 0.91401947 0.3583537 -0.19013421 208 208 208 255
0.04001937 0.23807812 0.16992564 0.91401947 0.35835388 -0.19013408 208 208 208 255
0.0311516 0.25004274 0.14984645 0.91401935 0.35835388 -0.19013408 208 208 208 255
0.30863512 -0.12046015 0.83481556 0.91637033 0.1802793 0.35744184 196 196 196 255
0.29091686 -0.15225217 0.86207455 0.9238383 0.34864953 0.15800732 195 195 195 255
-0.0023994446 0.30092746 0.1284489 0.45789352 0.6948359 -0.5545599 137 137 137 255
-0.017756015 0.29794076 0.12235468 -0.060397368 0.61633193 -0.7851669 144 144 144 255
0.2962016 -0.15554282 0.86939585 0.8580564 0.5078497 -0.07633971 194 194 194 255
0.29758453 -0.16138822 0.8773413 0.8082997 -0.06371453 0.58531356 196 196 196 255
0.2909087 -0.16535823 0.87792397 -0.35592628 -0.69752085 0.6219172 191 191 191 255
0.28564006 -0.15824966 0.86599433 -0.35592723 -0.69752157 0.6219159 191 197 199 255
0.17480347 -0.22416277 0.87566817 0.35472405 -0.47860274 0.80318755 147 159 167 255
0.30646443 -0.10773665 0.8180516 0.89934266 0.43566567 0.03712165 200 200 200 255
0.0070182085 0.29628438 0.14001864 0.79181194 0.5766203 -0.2013527 177 177 177 255
-0.043301135 0.2846181 0.12232376 0.39590037 0.69772536 -0.59702784 150 150 150 255
-0.049489178 0.2929672 0.10831225 0.35592267 0.69752485 -0.6219148 149 149 149 255
-0.055368587 0.2852751 0.11439105 -0.80094165 0.07474385 -0.5940587 157 157 157 255
-0.096382886 0.2608845 0.11797071 -0.35471997 0.47860044 -0.8031907 173 173 173 255
-0.15548721 0.22573583 0.12312941 -0.3547194 0.47859776 -0.80319256 205 205 205 255
-0.0559989 0.2890959 0.10888041 -0.8009411 0.07474526 -0.5940593 157 157 157 255
0.15672505 0.094295815 0.47899827 0.8580571 0.50784874 -0.07633905 139 160 214 255
0.23159474 -0.0067204237 0.648525 0.8580569 0.507849 -0.07633886 146 165 210 255
0.2690296 -0.057228506 0.73328817 0.8580571 0.50784874 -0.07633903 208 208 208 255
0.08001587 0.19779392 0.30530652 0.8580571 0.5078488 -0.076339036 17 17 17 255
0.04351704 0.24703914 0.22266258 0.8580571 0.5078488 -0.076339036 208 208 208 255
0.11836138 0.14605711 0.39213184 0.8580571 0.5078486 -0.07633916 21 21 21 255
0.19415987 0.043787718 0.5637616 0.8580569 0.50784904 -0.076338805 140 161 215 255
0.251248 -0.03323716 0.6930256 0.8580571 0.50784874 -0.076339066 208 208 208 255
0.28818226 -0.08306983 0.77665544 0.8580568 0.5078493 -0.0763386 208 208 208 255
0.21287733 0.018533647 0.60614324 0.85805714 0.5078487 -0.076339126 141 162 216 255
0.17496252 0.06968929 0.52029324 0.858057 0.507849 -0.076338865 140 161 215 255
0.1375432 0.12017648 0.43556505 0.8580571 0.50784856 -0.07633918 141 162 216 255
0.099188626 0.17192551 0.34871918 0.8580571 0.50784886 -0.07633899 19 19 19 255
0.06176646 0.22241654 0.26398456 0.858057 0.50784886 -0.07633898 15 15 15 255
0.025267616 0.27166176 0.1813406 0.8580571 0.50784874 -0.07633909 208 208 208 255
0.29732335 -0.095403224 0.7973535 0.85805684 0.5078492 -0.07633867 208 208 208 255
0.27860594 -0.07014918 0.75497186 0.85805684 0.5078491 -0.07633871 208 208 208 255
0.2601388 -0.045232862 0.71315694 0.8580571 0.5078486 -0.07633915 208 208 208 255
0.2414214 -0.019978791 0.6707753 0.85805714 0.5078485 -0.07633926 208 208 208 255
0.22223604 0.0059066415 0.6273341 0.85805714 0.5078485 -0.07633924 141 162 216 255
0.2035186 0.031160682 0.5849525 0.8580571 0.50784874 -0.076339066 140 161 215 255
0.1845612 0.05673851 0.5420274 0.85805714 0.5078485 -0.076339245 140 161 215 255
0.16584378 0.08199255 0.49964577 0.85805714 0.5078488 -0.0763391 140 161 215 255
0.14713413 0.10723615 0.45728165 0.8580569 0.50784904 -0.076338805 139 160 214 255
0.12795231 0.13311678 0.41384846 0.858057 0.50784886 -0.07633898 23 23 23 255
0.10824406 0.15970767 0.36922333 0.858057 0.50784886 -0.076338954 20 20 20 255
0.08907132 0.18557608 0.32581064 0.858057 0.50784886 -0.076339 18 18 18 255
0.07089117 0.21010524 0.28464553 0.8580571 0.50784874 -0.07633903 16 16 16 255
0.05264175 0.23472783 0.24332356 0.8580571 0.5078488 -0.076339036 174 177 176 255
0.034392327 0.25935048 0.20200157 0.8580571 0.50784874 -0.07633903 208 208 208 255
0.016142905 0.28397307 0.16067962 0.85805714 0.50784874 -0.07633912 208 208 208 255
0.3018939 -0.10156992 0.80770254 0.85805714 0.5078487 -0.076339126 208 208 208 255
0.2927528 -0.08923656 0.7870045 0.8580575 0.50784796 -0.07633974 208 208 208 255
0.2833941 -0.07660952 0.7658137 0.85805726 0.50784844 -0.076339275 208 208 208 255
0.27381775 -0.063688844 0.74413 0.8580571 0.5078487 -0.07633911 208 208 208 255
0.26458418 -0.05123067 0.7232226 0.85805756 0.5078479 -0.076339796 208 208 208 255
0.25569344 -0.039234996 0.70309126 0.8580569 0.50784904 -0.07633879 208 208 208 255
0.2463347 -0.02660799 0.6819005 0.8580569 0.50784904 -0.07633883 208 208 208 255
0.23650807 -0.013349593 0.6596501 0.8580569 0.507849 -0.07633884 208 208 208 255
0.22691536 -0.0004068911 0.6379295 0.8580569 0.507849 -0.07633886 141 162 216 255
0.21755666 0.012220144 0.6167387 0.85805684 0.5078492 -0.07633867 141 162 216 255
0.20819795 0.02484715 0.59554785 0.8580569 0.50784904 -0.076338805 140 161 215 255
0.19883925 0.037474185 0.57435703 0.8580569 0.5078491 -0.07633877 140 161 215 255
0.18936056 0.050263107 0.5528945 0.8580571 0.5078488 -0.07633902 140 161 215 255
0.17976189 0.0632139 0.53116035 0.858057 0.507849 -0.0763389 140 161 215 255
0.17040318 0.07584092 0.5099695 0.858057 0.507849 -0.076338924 140 161 215 255
0.1612938 0.0881315 0.4893433 0.85805714 0.5078487 -0.07633913 140 161 215 255
0.15192959 0.10076597 0.46813998 0.8580573 0.50784826 -0.07633943 139 160 214 255
0.1423387 0.113706306 0.44642335 0.85805714 0.50784844 -0.076339275 139 160 214 255
0.13274777 0.12664662 0.42470676 0.85805714 0.5078487 -0.076339126 24 24 24 255
0.123156846 0.13958696 0.40299016 0.8580571 0.50784874 -0.07633903 22 22 22 255
0.11330274 0.15288238 0.38067758 0.858057 0.5078489 -0.07633895 21 21 21 255
0.10371636 0.16581659 0.35897127 0.8580571 0.50784886 -0.07633899 20 20 20 255
0.09412998 0.17875078 0.33726493 0.8580571 0.50784874 -0.07633903 18 18 18 255
0.0845436 0.19168499 0.31555858 0.8580571 0.50784874 -0.07633909 17 17 17 255
0.07526635 0.20420212 0.29455218 0.858057 0.50784886 -0.076338954 16 16 16 255
0.06632881 0.21626088 0.27431503 0.85805714 0.5078487 -0.076339126 14 14 14 255
0.057043016 0.22878954 0.25328928 0.858057 0.5078489 -0.07633891 13 13 13 255
0.0480794 0.24088348 0.23299307 0.8580571 0.50784874 -0.07633905 208 208 208 255
0.03895469 0.2531948 0.21233208 0.858057 0.50784886 -0.07633898 208 208 208 255
0.029573038 0.26585278 0.1910893 0.858057 0.50784886 -0.07633898 208 208 208 255
0.020705268 0.27781743 0.1710101 0.8580571 0.5078487 -0.07633911 208 208 208 255
0.2930079 -0.09770155 0.8552784 0.8407242 0.2908332 0.4567263 207 207 207 255
0.27823076 -0.13377653 0.87868637 0.8386662 0.47312436 0.2698004 207 207 207 255
-0.018117994 0.32381922 0.14903142 0.387801 0.7972704 -0.46256903 138 138 138 255
-0.032222897 0.31900954 0.14129813 -0.08895662 0.6580693 -0.747684 139 139 139 255
0.28331262 -0.13677199 0.8862731 0.7691231 0.63782316 0.040388107 208 208 208 255
0.28490573 -0.14292338 0.89394337 0.7534702 0.016420105 0.657277 201 201 201 255
0.2789151 -0.14789133 0.89362884 -0.2930332 -0.7894356 0.5393726 203 203 203 255
0.27364647 -0.14078276 0.8816992 -0.29303327 -0.7894348 0.53937376 194 200 202 255
0.17418641 -0.22326408 0.8764762 0.3547122 -0.47859222 0.80319905 154 168 176 255
0.2903201 -0.08422479 0.8391916 0.8112873 0.56435573 0.15269388 208 208 208 255
-0.009126112 0.3197962 0.16115868 0.7039771 0.7049879 -0.08607123 175 175 175 255
-0.05524461 0.3020121 0.13796306 0.33012488 0.7938558 -0.51069623 147 147 147 255
-0.061432652 0.31036115 0.12395154 0.29303595 0.78943074 -0.53937835 151 151 151 255
-0.06650381 0.30149186 0.12897193 -0.74895966 -0.0072336863 -0.66257614 158 158 158 255
-0.103308305 0.27097037 0.12703913 -0.35471982 0.47860038 -0.8031909 175 175 175 255
-0.15634604 0.22698659 0.12425399 -0.35472023 0.47859854 -0.8031917 204 204 204 255
-0.067274235 0.30551675 0.12364477 -0.74895877 -0.0072324397 -0.6625771 156 156 156 255
0.14058071 0.11780767 0.50013834 0.76912206 0.6378245 0.04038713 139 160 214 255
0.2154504 0.016791433 0.669665 0.769122 0.63782454 0.040387165 141 162 216 255
0.25288528 -0.03371665 0.7544282 0.76912194 0.63782454 0.040387146 103 103 103 255
0.06387156 0.22130577 0.32644653 0.76912206 0.6378245 0.040387083 142 167 221 255
0.027372718 0.270551 0.24380262 0.76912206 0.6378245 0.040387068 208 208 208 255
0.10221708 0.16956897 0.4132719 0.7691221 0.6378244 0.04038706 20 20 20 255
0.17801556 0.067299575 0.58490163 0.7691222 0.6378244 0.04038702 63 70 87 255
0.2351037 -0.009725302 0.7141656 0.76912206 0.63782454 0.040387142 88 88 88 255
0.27203792 -0.059557974 0.7977955 0.76912194 0.63782454 0.040387146 208 208 208 255
0.196733 0.042045504 0.62728333 0.7691222 0.63782436 0.040386982 148 171 224 255
0.15881822 0.093201146 0.5414333 0.7691222 0.6378244 0.04038703 102 119 154 255
0.121398896 0.14368834 0.4567051 0.76912194 0.63782454 0.040387157 140 162 216 255
0.08304432 0.19543737 0.36985922 0.7691221 0.63782454 0.040387094 144 166 221 255
0.04562214 0.24592839 0.2851246 0.76912206 0.6378245 0.04038707 217 217 217 255
0.009123296 0.29517362 0.20248064 0.76912206 0.6378245 0.040387098 208 208 208 255
0.281179 -0.07189137 0.81849355 0.7691219 0.6378246 0.04038724 208 208 208 255
0.2624616 -0.046637326 0.7761119 0.7691221 0.6378245 0.040387064 211 211 211 255
0.24399447 -0.021721005 0.734297 0.7691221 0.63782436 0.040386986 88 88 88 255
0.22527707 0.0035330653 0.6919153 0.7691222 0.6378244 0.04038699 117 117 117 255
0.2060917 0.029418498 0.64847416 0.7691222 0.63782436 0.040386982 141 162 216 255
0.1873743 0.05467254 0.6060925 0.7691222 0.63782436 0.040386982 68 76 96 255
0.16841689 0.08025037 0.56316745 0.7691221 0.63782454 0.040387094 63 69 86 255
0.14969948 0.10550441 0.5207858 0.76912206 0.6378245 0.04038713 140 161 215 255
0.13098979 0.130748 0.4784217 0.769122 0.6378246 0.04038718 65 71 93 255
0.111808 0.15662864 0.4349885 0.76912206 0.63782454 0.04038714 22 22 22 255
0.092099756 0.18321952 0.39036334 0.76912206 0.6378245 0.0403871 19 19 19 255
0.072927 0.20908794 0.3469507 0.7691221 0.6378245 0.040387053 143 167 221 255
0.054746836 0.2336171 0.30578554 0.76912206 0.6378245 0.040387094 217 217 217 255
0.03649743 0.2582397 0.2644636 0.76912206 0.6378245 0.04038707 208 208 208 255
0.018248007 0.2828623 0.22314161 0.7691221 0.6378245 0.04038708 208 208 208 255
-1.4156103e-06 0.30748492 0.18181966 0.76912206 0.6378245 0.04038708 208 208 208 255
0.28574955 -0.078058064 0.8288425 0.7691221 0.63782436 0.040386997 208 208 208 255
0.27660847 -0.0657247 0.8081445 0.7691221 0.63782436 0.040386997 208 208 208 255
0.26724976 -0.053097665 0.7869537 0.7691222 0.6378244 0.04038701 208 208 208 255
0.25767344 -0.040176988 0.76527005 0.769122 0.63782454 0.040387135 170 170 170 255
0.24843985 -0.027718812 0.7443626 0.7691221 0.6378244 0.040387 88 88 88 255
0.2395491 -0.015723139 0.7242313 0.76912194 0.63782454 0.040387146 89 89 89 255
0.2301904 -0.0030961335 0.7030405 0.7691221 0.63782454 0.04038713 88 88 88 255
0.22036374 0.010162264 0.6807901 0.76912206 0.6378246 0.040387202 210 212 212 255
0.21077105 0.023104966 0.65906954 0.7691221 0.6378244 0.04038701 141 162 216 255
0.20141235 0.035732 0.6378787 0.76912206 0.6378245 0.040387083 141 162 216 255
0.19205362 0.048359007 0.6166879 0.76912206 0.6378245 0.040387083 98 115 148 255
0.18269491 0.060986042 0.5954971 0.76912194 0.6378246 0.040387187 63 70 87 255
0.17321622 0.07377496 0.5740346 0.7691221 0.6378244 0.040387053 63 70 87 255
0.16361755 0.08672576 0.5523004 0.7691221 0.63782454 0.040387094 67 75 93 255
0.15425885 0.09935278 0.5311096 0.7691221 0.6378244 0.040387042 149 171 224 255
0.1451495 0.11164336 0.5104833 0.76912206 0.6378245 0.040387094 139 161 215 255
0.13578528 0.12427783 0.48928005 0.7691222 0.6378244 0.04038703 119 134 177 255
0.12619436 0.13721816 0.4675634 0.7691222 0.6378244 0.04038703 148 171 222 255
0.116603434 0.15015848 0.4458468 0.76912206 0.6378245 0.04038711 22 21 22 255
0.10701251 0.16309881 0.4241302 0.76912206 0.6378245 0.04038708 22 22 22 255
0.0971584 0.17639424 0.40181762 0.7691222 0.6378244 0.04038702 21 21 21 255
0.08757204 0.18932845 0.38011128 0.76912206 0.6378245 0.04038708 135 153 201 255
0.07798566 0.20226264 0.35840493 0.7691221 0.63782454 0.040387094 144 166 221 255
0.06839928 0.21519685 0.33669865 0.76912206 0.6378245 0.04038708 142 167 221 255
0.059122026 0.22771397 0.31569225 0.7691221 0.6378245 0.040387057 144 165 221 255
0.05018449 0.23977274 0.29545507 0.76912206 0.6378245 0.04038707 217 217 217 255
0.04089868 0.2523014 0.27442932 0.76912206 0.6378245 0.040387064 216 218 217 255
0.03193508 0.26439536 0.2541331 0.76912206 0.6378245 0.040387087 208 208 208 255
0.02281037 0.27670664 0.23347212 0.7691221 0.6378245 0.040387057 208 208 208 255
0.013428718 0.28936464 0.21222934 0.76912206 0.6378245 0.04038708 208 208 208 255
0.0045609474 0.30132926 0.19215015 0.76912206 0.6378245 0.040387094 208 208 208 255
0.27195954 -0.07896717 0.8757374 0.7399391 0.3805386 0.5546894 207 207 207 255
0.26114357 -0.118567854 0.89529514 0.72517806 0.574136 0.38011122 213 213 213 255
-0.039289504 0.34266317 0.16961019 0.29441524 0.88038987 -0.37179753 142 142 142 255
-0.05170846 0.33635294 0.16023816 -0.12700659 0.6919366 -0.71069896 140 140 140 255
0.26595235 -0.12132025 0.90314734 0.65062654 0.7432926 0.15556718 207 207 207 255
0.2678285 -0.12772356 0.9105425 0.6804125 0.08144607 0.7282893 211 211 211 255
0.26276085 -0.133513 0.90933084 -0.20924959 -0.8640083 0.45793465 208 208 208 255
0.2574922 -0.12640443 0.8974012 -0.20924819 -0.8640087 0.45793453 196 202 204 255
0.17335525 -0.22252432 0.8772841 0.35473436 -0.47861195 0.8031775 155 169 177 255
0.2685751 -0.06487037 0.86032784 0.69396484 0.66878015 0.26673177 206 206 206 255
-0.030871108 0.33915064 0.1822949 0.58694774 0.8091514 0.027681721 178 178 178 255
-0.07133143 0.31633037 0.1535995 0.24248038 0.8718649 -0.4255054 155 155 155 255
-0.07751947 0.32467943 0.13958798 0.20924328 0.8640115 -0.45793152 159 159 159 255
-0.08150199 0.3148412 0.14355022 -0.67843825 -0.07555961 -0.7307614 158 158 158 255
-0.11263624 0.27927282 0.13610591 -0.35471988 0.47860044 -0.8031907 174 174 174 255
-0.15750283 0.2280162 0.1253784 -0.3547217 0.47859985 -0.8031903 204 204 204 255
-0.08246111 0.31903404 0.13840646 -0.67843825 -0.07555919 -0.7307614 158 158 158 255
0.11883572 0.13716209 0.52127457 0.65062636 0.7432931 0.15556534 114 132 174 255
0.19370541 0.03614585 0.6908012 0.6506264 0.74329317 0.15556532 37 37 37 255
0.23114029 -0.014362231 0.77556443 0.6506264 0.74329305 0.15556526 42 42 42 255
0.042126566 0.24066019 0.34758276 0.65062636 0.7432931 0.15556534 137 160 213 255
0.0056277215 0.28990543 0.26493883 0.6506263 0.7432932 0.1555654 208 208 208 255
0.08047208 0.18892339 0.43440813 0.6506264 0.7432931 0.15556537 21 21 21 255
0.15627056 0.08665399 0.60603786 0.6506263 0.7432932 0.15556546 26 26 24 255
0.2133587 0.009629115 0.73530185 0.65062636 0.7432931 0.15556534 33 33 33 255
0.25029293 -0.040203556 0.8189317 0.65062636 0.7432931 0.1555653 208 208 208 255
0.174988 0.06139992 0.64841956 0.6506263 0.7432932 0.1555654 35 35 35 255
0.13707322 0.11255556 0.5625695 0.65062636 0.7432931 0.1555653 29 29 29 255
0.0996539 0.16304275 0.47784132 0.65062636 0.7432931 0.1555653 54 65 84 255
0.061299324 0.21479179 0.39099544 0.65062636 0.74329317 0.15556535 143 166 220 255
0.023877144 0.2652828 0.30626082 0.65062636 0.7432931 0.15556534 208 208 208 255
-0.012621701 0.31452805 0.22361687 0.65062636 0.74329317 0.15556538 208 208 208 255
0.259434 -0.05253695 0.83962977 0.6506265 0.74329305 0.15556523 208 208 208 255
0.2407166 -0.027282909 0.7972481 0.65062636 0.7432932 0.15556541 43 43 43 255
0.22224948 -0.0023665875 0.7554332 0.6506263 0.7432932 0.15556541 35 35 35 255
0.20353207 0.022887483 0.7130515 0.6506262 0.7432933 0.15556549 38 38 38 255
0.1843467 0.048772916 0.6696104 0.6506263 0.7432932 0.1555654 141 162 216 255
0.1656293 0.07402696 0.62722874 0.6506263 0.7432932 0.1555654 34 34 34 255
0.14667189 0.099604785 0.5843037 0.6506264 0.74329317 0.15556532 28 27 25 255
0.12795448 0.12485883 0.54192203 0.65062636 0.7432931 0.1555653 28 27 28 255
0.10924479 0.15010242 0.4995579 0.65062636 0.74329317 0.15556535 25 25 25 255
0.090063006 0.17598306 0.45612472 0.6506263 0.7432932 0.1555654 16 15 13 255
0.07035476 0.20257394 0.41149956 0.65062636 0.7432931 0.1555653 20 20 20 255
0.051182 0.22844234 0.36808693 0.65062636 0.7432931 0.15556535 137 160 213 255
0.03300184 0.2529715 0.32692176 0.65062636 0.7432931 0.15556532 208 208 208 255
0.014752433 0.2775941 0.28559983 0.6506263 0.7432932 0.1555654 208 208 208 255
-0.0034969896 0.30221674 0.24427783 0.65062636 0.74329317 0.15556535 208 208 208 255
-0.021746412 0.32683933 0.20295589 0.65062636 0.74329317 0.15556538 208 208 208 255
0.26400456 -0.058703646 0.84997874 0.65062624 0.7432932 0.15556547 208 208 208 255
0.25486347 -0.046370283 0.82928073 0.65062624 0.7432932 0.15556544 208 208 208 255
0.24550477 -0.033743247 0.8080899 0.65062624 0.7432932 0.15556546 40 40 40 255
0.23592845 -0.02082257 0.7864063 0.6506264 0.74329317 0.15556534 43 43 43 255
0.22669485 -0.008364394 0.7654988 0.65062624 0.7432932 0.15556544 42 42 42 255
0.2178041 0.0036312789 0.7453675 0.6506265 0.7432931 0.15556529 33 33 33 255
0.2084454 0.016258284 0.7241767 0.65062636 0.7432931 0.15556537 40 40 40 255
0.19861874 0.029516682 0.70192635 0.65062654 0.74329305 0.15556526 37 37 37 255
0.18902606 0.042459384 0.68020576 0.65062624 0.7432932 0.15556541 38 38 45 255
0.17966735 0.05508642 0.65901494 0.6506264 0.74329305 0.15556529 35 35 35 255
0.17030862 0.067713425 0.6378241 0.6506264 0.74329305 0.15556529 34 34 34 255
0.16094992 0.08034046 0.6166333 0.6506265 0.74329305 0.1555652 32 31 31 255
0.15147123 0.09312938 0.5951708 0.65062636 0.7432931 0.15556534 26 26 23 255
0.14187256 0.106080174 0.5734366 0.65062636 0.7432931 0.1555653 29 29 29 255
0.13251385 0.118707195 0.5522458 0.65062636 0.7432931 0.15556535 28 28 28 255
0.1234045 0.13099778 0.53161955 0.65062636 0.7432931 0.15556535 108 124 163 255
0.114040285 0.14363225 0.51041627 0.65062624 0.74329334 0.1555655 25 25 25 255
0.10444936 0.15657258 0.48869962 0.65062624 0.74329334 0.1555655 23 23 23 255
0.09485844 0.1695129 0.46698302 0.6506263 0.7432932 0.1555654 140 162 215 255
0.085267514 0.18245323 0.44526643 0.65062624 0.7432932 0.15556544 22 22 22 255
0.075413406 0.19574866 0.42295384 0.65062636 0.7432932 0.15556541 20 20 20 255
0.06582704 0.20868286 0.4012475 0.65062636 0.7432931 0.15556532 14 18 17 255
0.056240663 0.22161707 0.37954116 0.65062636 0.74329317 0.15556537 139 160 214 255
0.046654284 0.23455127 0.35783488 0.65062636 0.7432931 0.1555653 137 160 213 255
0.03737703 0.2470684 0.33682847 0.65062636 0.74329317 0.15556538 210 208 211 255
0.028439492 0.25912714 0.3165913 0.6506263 0.7432932 0.1555654 208 208 208 255
0.019153684 0.2716558 0.29556555 0.65062636 0.7432931 0.15556537 208 208 208 255
0.010190085 0.28374976 0.27526933 0.65062636 0.74329317 0.15556538 208 208 208 255
0.0010653734 0.29606107 0.25460833 0.6506263 0.7432932 0.1555654 208 208 208 255
-0.008316278 0.30871904 0.23336557 0.65062636 0.7432931 0.15556534 208 208 208 255
-0.017184049 0.3206837 0.21328637 0.65062636 0.74329317 0.15556538 208 208 208 255
0.24646983 -0.06530674 0.89513457 0.6178847 0.44594985 0.64757025 196 196 196 255
0.24045072 -0.107478276 0.9110419 0.58775306 0.64778763 0.4846828 205 205 205 255
-0.06492838 0.35640353 0.18912083 0.18132687 0.940996 -0.28573966 145 145 145 255
-0.075305596 0.34899914 0.1781951 -0.17308474 0.71663165 -0.6756336 149 149 149 255
0.24492894 -0.11005339 0.9191458 0.50713253 0.8201946 0.2647593 207 207 207 255
0.24714781 -0.11664043 0.92628 0.59194505 0.12885535 0.79561126 211 211 211 255
0.24319784 -0.12302889 0.9242178 -0.10777724 -0.9183895 0.38071606 213 213 213 255
0.23792921 -0.11592032 0.9122882 -0.10777048 -0.9183904 0.38071594 198 204 207 255
0.17234872 -0.2219849 0.87805 0.35478574 -0.47865763 0.80312765 150 162 169 255
0.2422417 -0.05075784 0.88036704 0.5518893 0.74492097 0.3748477 201 201 201 255
-0.05720453 0.35326317 0.20233405 0.44522864 0.88510114 0.13552576 179 179 179 255
-0.09081276 0.32677072 0.16842435 0.13635136 0.9287411 -0.34474367 158 158 158 255
-0.0970008 0.33511978 0.15441284 0.10777869 0.91838807 -0.3807193 162 162 162 255
-0.09966488 0.32457504 0.15737179 -0.59166574 -0.12741077 -0.7960515 164 164 164 255
-0.123932466 0.28532663 0.14470209 -0.3547202 0.47860065 -0.80319047 177 177 177 255
-0.15890367 0.22876693 0.1264444 -0.3547207 0.47859898 -0.80319124 206 206 206 255
-0.10085253 0.32889032 0.15240195 -0.59166497 -0.12740886 -0.79605246 157 157 157 255
0.09250231 0.15127462 0.54131365 0.5071323 0.82019407 0.26476112 139 160 214 255
0.167372 0.050258383 0.71084034 0.50713205 0.8201942 0.26476133 37 37 37 255
0.20480685 -0.00024969876 0.79560363 0.50713253 0.82019395 0.264761 42 42 42 255
0.01579313 0.25477272 0.3676219 0.5071322 0.82019407 0.2647612 168 181 212 255
-0.0207057 0.30401796 0.28497797 0.5071321 0.8201942 0.26476127 208 208 208 255
0.054138646 0.20303592 0.45444724 0.507132 0.8201942 0.26476136 47 58 71 255
0.12993716 0.100766525 0.62607694 0.5071324 0.820194 0.2647611 140 161 215 255
0.1870253 0.023741648 0.75534105 0.50713253 0.82019395 0.26476097 208 208 208 255
0.22395952 -0.026091024 0.8389709 0.50713253 0.820194 0.26476106 208 208 208 255
0.14865457 0.075512454 0.6684587 0.5071319 0.8201942 0.2647614 34 34 34 255
0.11073981 0.1266681 0.58260864 0.5071319 0.8201942 0.26476142 29 29 29 255
0.07332046 0.17715529 0.49788046 0.5071323 0.82019407 0.26476112 138 160 212 255
0.034965888 0.22890432 0.41103458 0.50713223 0.82019407 0.26476118 18 18 18 255
-0.0024562776 0.27939534 0.32629997 0.5071322 0.82019407 0.2647612 208 208 208 255
-0.038955122 0.32864058 0.24365601 0.5071321 0.82019407 0.2647613 208 208 208 255
0.23310061 -0.038424417 0.85966897 0.5071323 0.82019407 0.26476112 208 208 208 255
0.2143832 -0.013170376 0.8172873 0.5071322 0.82019407 0.2647612 43 43 43 255
0.19591607 0.011745945 0.7754724 0.5071315 0.8201944 0.2647617 208 208 208 255
0.17719863 0.037000015 0.73309064 0.50713176 0.8201943 0.26476154 34 35 33 255
0.15801327 0.06288545 0.68964946 0.5071319 0.82019424 0.26476145 142 162 218 255
0.13929586 0.08813949 0.6472678 0.5071319 0.82019424 0.26476145 32 32 32 255
0.120338485 0.11371732 0.6043428 0.5071322 0.82019407 0.2647612 140 161 215 255
0.10162108 0.13897136 0.5619612 0.5071323 0.82019407 0.26476115 28 28 28 255
0.08291139 0.16421495 0.51959705 0.50713277 0.8201938 0.26476085 27 29 34 255
0.06372957 0.19009559 0.47616386 0.5071321 0.82019407 0.26476127 139 160 214 255
0.044021353 0.21668647 0.4315387 0.5071323 0.82019407 0.26476112 19 19 19 255
0.02484858 0.24255487 0.38812605 0.5071324 0.820194 0.2647611 12 12 13 255
0.0066684335 0.26708403 0.3469609 0.507132 0.8201942 0.26476133 208 208 208 255
-0.011580989 0.29170662 0.30563897 0.507132 0.8201942 0.26476133 208 208 208 255
-0.029830411 0.31632927 0.26431698 0.5071322 0.82019407 0.26476127 208 208 208 255
-0.048079833 0.34095186 0.22299503 0.5071321 0.82019407 0.26476127 208 208 208 255
0.23767115 -0.044591114 0.8700179 0.50713176 0.82019424 0.26476145 208 208 208 255
0.22853006 -0.03225775 0.84931993 0.50713176 0.8201943 0.26476154 208 208 208 255
0.21917136 -0.019630715 0.82812905 0.50713193 0.8201942 0.26476136 38 38 38 255
0.20959501 -0.0067100376 0.8064455 0.5071319 0.8201942 0.2647614 42 42 42 255
0.20036145 0.005748138 0.78553796 0.50713205 0.82019424 0.26476136 213 213 213 255
0.19147067 0.017743811 0.7654067 0.5071325 0.820194 0.26476103 208 208 208 255
0.18211196 0.030370817 0.74421585 0.50713205 0.82019424 0.2647614 208 208 208 255
0.1722853 0.043629214 0.72196555 0.5071321 0.82019407 0.26476127 38 38 38 255
0.16269265 0.056571916 0.7002449 0.5071324 0.820194 0.2647611 36 36 36 255
0.15333395 0.06919895 0.6790541 0.5071322 0.82019407 0.26476118 35 35 35 255
0.14397521 0.08182596 0.65786326 0.50713253 0.820194 0.26476103 34 34 34 255
0.13461651 0.09445299 0.63667244 0.5071322 0.82019407 0.26476127 140 161 215 255
0.12513779 0.10724191 0.61520994 0.5071322 0.82019407 0.2647612 140 161 215 255
0.11553912 0.12019271 0.5934757 0.5071319 0.82019424 0.26476148 143 166 221 255
0.106180415 0.13281973 0.57228494 0.5071321 0.82019407 0.2647613 28 28 28 255
0.0970711 0.14511031 0.5516587 0.5071323 0.82019407 0.26476115 26 26 26 255
0.08770685 0.15774478 0.53045535 0.50713193 0.8201942 0.26476133 141 162 212 255
0.078115925 0.17068511 0.50873876 0.5071323 0.82019407 0.26476115 55 61 78 255
0.06852503 0.18362543 0.48702216 0.5071323 0.82019407 0.26476115 140 161 215 255
0.058934107 0.19656576 0.46530557 0.5071322 0.82019407 0.26476124 138 161 215 255
0.04908 0.20986119 0.442993 0.5071324 0.82019407 0.2647611 20 20 20 255
0.03949362 0.2227954 0.42128664 0.5071322 0.82019407 0.2647612 20 20 20 255
0.029907241 0.2357296 0.3995803 0.50713235 0.82019407 0.26476112 16 16 16 255
0.020320863 0.2486638 0.377874 0.50713193 0.8201942 0.26476133 141 166 217 255
0.011043608 0.26118094 0.35686758 0.50713193 0.8201942 0.26476133 208 208 208 255
0.0021060705 0.27323967 0.33663043 0.5071321 0.8201942 0.26476127 208 208 208 255
-0.007179722 0.28576833 0.3156047 0.5071324 0.820194 0.2647611 208 208 208 255
-0.016143337 0.2978623 0.29530847 0.5071321 0.82019407 0.26476127 208 208 208 255
-0.025268048 0.3101736 0.27464747 0.5071322 0.82019407 0.26476124 208 208 208 255
-0.0346497 0.32283157 0.2534047 0.5071322 0.82019407 0.2647612 208 208 208 255
-0.04351747 0.33479622 0.23332551 0.5071321 0.8201942 0.2647613 208 208 208 255
0.21751814 -0.057245225 0.91272444 0.47925475 0.48455086 0.73179597 190 190 190 255
0.2169476 -0.100933954 0.92532146 0.4316602 0.691251 0.5795183 204 204 204 255
-0.09404941 0.36451218 0.20681356 0.052873693 0.9767627 -0.2076992 151 151 151 255
-0.10210755 0.356462 0.19447885 -0.2254244 0.7312051 -0.64383453 155 155 155 255
0.22105029 -0.10340443 0.9336535 0.34414393 0.86557776 0.36378565 197 197 197 255
0.22365835 -0.1100999 0.9405513 0.49145922 0.15683056 0.8566633 197 197 197 255
0.22097786 -0.11684181 0.9377178 0.0074716345 -0.9504804 0.31069434 206 206 206 255
0.21570922 -0.10973324 0.92578816 0.007471435 -0.9504797 0.31069657 194 199 202 255
0.17120549 -0.22166653 0.87874466 0.3547118 -0.47859174 0.8031996 144 156 161 255
0.21233194 -0.042429537 0.89853895 0.3905164 0.78985465 0.4728916 199 199 199 255
-0.087114304 0.36159146 0.22050601 0.28425783 0.9299233 0.2333242 181 181 181 255
-0.112939924 0.33293203 0.18186793 0.01580352 0.96230763 -0.27150375 163 163 163 255
-0.11912797 0.34128112 0.16785641 -0.007471654 0.9504794 -0.3106976 165 165 165 255
-0.12029455 0.3303193 0.16990553 -0.4916488 -0.16046333 -0.8558814 174 174 174 255
-0.13676289 0.28889924 0.15249732 -0.35472047 0.47860068 -0.8031903 182 182 182 255
-0.16049474 0.22920996 0.12741108 -0.35472053 0.47859877 -0.8031914 205 205 205 255
-0.1217418 0.33470684 0.16509339 -0.4916498 -0.1604622 -0.85588104 164 164 164 255
0.06259255 0.15960293 0.5594857 0.34414536 0.8655774 0.36378527 142 163 218 255
0.13746224 0.058586687 0.72901237 0.3441454 0.8655774 0.3637853 36 36 36 255
0.17489706 0.008078605 0.81377554 0.34414554 0.8655774 0.3637852 41 41 41 255
-0.01411663 0.26310104 0.38579386 0.3441455 0.8655773 0.36378518 15 15 15 255
-0.050615475 0.31234625 0.30314994 0.3441455 0.8655773 0.36378518 208 208 208 255
0.024228856 0.21136422 0.4726192 0.34414503 0.8655774 0.36378542 141 162 217 255
0.10002737 0.10909483 0.64424896 0.34414542 0.8655774 0.3637853 140 161 215 255
0.1571155 0.03206995 0.77351296 0.34414536 0.8655774 0.36378527 208 208 208 255
0.19404976 -0.01776272 0.8571428 0.34414575 0.8655773 0.3637851 208 208 208 255
0.118744805 0.08384076 0.6866306 0.34414452 0.8655775 0.36378574 34 34 34 255
0.08083002 0.1349964 0.6007806 0.34414545 0.8655773 0.36378524 27 27 27 255
0.043410704 0.18548359 0.5160524 0.3441454 0.8655774 0.3637853 20 22 22 255
0.005056128 0.23723263 0.42920655 0.34414512 0.8655774 0.36378542 17 17 17 255
-0.032366052 0.28772366 0.3444719 0.34414527 0.8655774 0.3637853 208 208 208 255
-0.0688649 0.33696887 0.26182798 0.34414515 0.8655774 0.3637854 208 208 208 255
0.20319085 -0.030096114 0.8778409 0.34414652 0.86557716 0.36378467 208 208 208 255
0.18447344 -0.0048420727 0.83545923 0.34414527 0.8655774 0.36378536 42 42 42 255
0.16600631 0.020074248 0.7936443 0.3441453 0.8655774 0.3637853 208 208 208 255
0.14728887 0.04532832 0.75126266 0.34414488 0.86557746 0.3637856 62 63 78 255
0.12810351 0.07121375 0.7078215 0.34414452 0.8655775 0.36378574 129 147 192 255
0.10938607 0.09646779 0.66543984 0.34414545 0.8655773 0.36378524 31 31 31 255
0.090428695 0.12204562 0.6225148 0.34414527 0.8655774 0.3637853 140 161 215 255
0.07171129 0.14729966 0.58013314 0.3441455 0.8655773 0.36378518 26 26 26 255
0.053001627 0.17254326 0.537769 0.3441456 0.8655773 0.36378512 13 16 12 255
0.03381978 0.19842389 0.49433583 0.3441454 0.8655774 0.3637853 21 21 21 255
0.014111564 0.22501478 0.44971067 0.3441451 0.8655774 0.36378542 145 164 217 255
-0.0050611943 0.2508832 0.406298 0.3441452 0.8655774 0.3637854 16 16 16 255
-0.023241356 0.27541235 0.36513287 0.3441454 0.8655774 0.3637853 191 191 191 255
-0.041490763 0.30003494 0.32381094 0.34414533 0.8655774 0.3637853 208 208 208 255
-0.059740186 0.32465756 0.28248894 0.34414512 0.8655774 0.36378542 208 208 208 255
-0.07798961 0.34928018 0.241167 0.34414536 0.8655774 0.36378533 208 208 208 255
0.20776139 -0.03626281 0.8881899 0.3441449 0.86557746 0.36378554 208 208 208 255
0.1986203 -0.023929447 0.86749184 0.3441449 0.8655774 0.3637855 208 208 208 255
0.1892616 -0.011302412 0.8463011 0.3441454 0.8655774 0.3637853 106 106 106 255
0.17968522 0.0016182661 0.8246174 0.34414586 0.8655773 0.36378506 41 41 41 255
0.17045169 0.0140764415 0.80371 0.3441453 0.8655774 0.3637853 88 88 88 255
0.16156091 0.026072115 0.78357863 0.3441453 0.8655774 0.3637853 208 208 208 255
0.15220217 0.03869912 0.7623879 0.34414548 0.8655774 0.3637852 186 194 209 255
0.14237554 0.051957518 0.74013746 0.34414607 0.8655772 0.36378488 36 36 36 255
0.13278286 0.06490022 0.71841687 0.34414616 0.8655772 0.36378482 35 35 35 255
0.12342416 0.077527255 0.69722605 0.3441455 0.8655773 0.36378518 33 32 33 255
0.11406545 0.09015426 0.6760352 0.3441455 0.8655773 0.36378518 32 32 32 255
0.10470675 0.102781296 0.6548444 0.34414563 0.8655774 0.3637852 145 168 222 255
0.09522803 0.11557022 0.63338184 0.3441453 0.8655774 0.36378533 140 161 215 255
0.08562936 0.12852101 0.6116477 0.3441457 0.8655773 0.36378512 140 161 215 255
0.076270655 0.14114803 0.59045684 0.3441451 0.8655774 0.36378542 26 26 26 255
0.06716131 0.15343861 0.56983066 0.34414586 0.8655773 0.36378506 24 24 24 255
0.05779706 0.16607308 0.5486274 0.3441449 0.86557746 0.36378554 139 160 214 255
0.048206165 0.17901342 0.5269107 0.34414488 0.86557746 0.3637856 23 23 22 255
0.03861524 0.19195373 0.5051941 0.34414503 0.8655774 0.36378542 21 21 21 255
0.029024348 0.20489407 0.48347753 0.34414536 0.8655774 0.36378527 17 16 14 255
0.01917021 0.2181895 0.46116495 0.34414575 0.8655774 0.3637851 139 160 214 255
0.009583846 0.2311237 0.4394586 0.34414518 0.86557746 0.36378542 14 14 13 255
-2.5331974e-06 0.2440579 0.41775227 0.3441453 0.8655774 0.36378533 17 17 17 255
-0.009588912 0.2569921 0.39604595 0.34414518 0.86557746 0.36378542 16 16 16 255
-0.018866166 0.26950923 0.37503955 0.3441454 0.8655774 0.3637853 6 6 6 255
-0.027803704 0.281568 0.3548024 0.34414536 0.8655774 0.3637853 208 208 208 255
-0.03708951 0.29409665 0.33377665 0.34414515 0.8655774 0.36378542 208 208 208 255
-0.04605311 0.3061906 0.31348044 0.34414524 0.8655774 0.3637854 208 208 208 255
-0.055177823 0.31850192 0.29281944 0.34414527 0.8655774 0.36378536 208 208 208 255
-0.064559475 0.3311599 0.27157667 0.3441452 0.8655774 0.36378536 208 208 208 255
-0.073427245 0.3431245 0.25149748 0.34414527 0.8655774 0.36378536 208 208 208 255
0.18621719 -0.05509241 0.927831 0.32937777 0.4948594 0.80412966 185 185 185 255
0.1915374 -0.099186346 0.937585 0.26290607 0.7028549 0.6609654 194 194 194 255
-0.12553346 0.36667752 0.22200844 -0.08599524 0.9863138 -0.14067625 159 159 159 255
-0.13108441 0.35845488 0.20846367 -0.2820079 0.73509604 -0.61652684 165 165 165 255
0.19523394 -0.101628944 0.94611293 0.16793089 0.8776983 0.44882622 192 192 192 255
0.19826287 -0.10835324 0.9528077 0.38282028 0.1643098 0.90909344 195 195 195 255
0.19695485 -0.11518954 0.94931185 0.1320736 -0.95905036 0.2505574 196 196 196 255
0.19168621 -0.10808097 0.9373822 0.13207456 -0.959049 0.2505618 187 192 195 255
0.1699695 -0.22158146 0.8793412 0.3546269 -0.4785161 0.803282 137 150 157 255
0.1799951 -0.04020554 0.9141454 0.2160479 0.8018549 0.55709237 196 196 196 255
-0.119451135 0.36381546 0.23611243 0.11022827 0.9418919 0.3173158 187 187 187 255
-0.13686255 0.33457738 0.19341353 -0.114525445 0.97127146 -0.20860389 170 170 170 255
-0.1430506 0.34292644 0.17940202 -0.13207193 0.9590491 -0.25056297 178 178 178 255
-0.14259832 0.3318532 0.18066978 -0.38203618 -0.1730473 -0.9078012 176 176 176 255
-0.15063444 0.28985322 0.159192 -0.3547209 0.4786008 -0.80319005 189 189 189 255
-0.16221502 0.22932833 0.12824136 -0.3547262 0.47860387 -0.8031859 205 205 205 255
-0.14432608 0.3362601 0.17599303 -0.38203767 -0.17304714 -0.90780056 177 177 177 255
0.03025572 0.16182691 0.5750921 0.16793455 0.87769645 0.44882834 121 138 186 255
0.10512541 0.06081067 0.7446187 0.16793483 0.87769645 0.44882822 35 35 35 255
0.14256023 0.010302588 0.829382 0.16793385 0.87769645 0.44882867 40 40 40 255
-0.04645346 0.265325 0.40140033 0.16793495 0.87769645 0.4488282 15 15 15 255
-0.082952306 0.31457025 0.31875637 0.16793476 0.87769645 0.44882828 208 208 208 255
-0.00810796 0.21358821 0.48822564 0.16793431 0.87769645 0.44882846 19 19 19 255
0.06769054 0.11131881 0.65985537 0.16793445 0.87769645 0.44882843 63 69 87 255
0.12477867 0.034293935 0.7891194 0.16793343 0.87769634 0.44882888 158 158 158 255
0.16171293 -0.015538737 0.87274927 0.16793564 0.87769645 0.44882792 208 208 208 255
0.086407974 0.08606474 0.70223707 0.16793455 0.87769645 0.44882834 33 33 33 255
0.04849319 0.13722038 0.616387 0.16793461 0.87769645 0.4488284 27 28 28 255
0.011073872 0.18770757 0.5316589 0.16793431 0.87769645 0.44882846 22 22 22 255
-0.027280703 0.23945661 0.44481298 0.16793464 0.87769645 0.44882834 137 160 213 255
-0.06470288 0.28994763 0.36007833 0.16793472 0.87769645 0.4488283 4 4 4 255
-0.10120173 0.33919287 0.2774344 0.1679343 0.87769645 0.44882852 208 208 208 255
0.17085402 -0.02787213 0.89344734 0.16793472 0.87769645 0.4488283 208 208 208 255
0.15213661 -0.0026180893 0.8510657 0.16793516 0.87769645 0.44882816 41 41 41 255
0.13366948 0.022298232 0.8092508 0.16793483 0.87769645 0.44882822 35 35 35 255
0.11495204 0.047552302 0.76686907 0.16793367 0.87769645 0.4488288 36 36 36 255
0.09576668 0.073437735 0.7234279 0.16793385 0.87769645 0.44882867 32 33 36 255
0.07704924 0.09869178 0.68104625 0.16793405 0.87769645 0.44882864 31 31 31 255
0.058091864 0.124269605 0.63812125 0.16793507 0.87769645 0.44882816 108 125 162 255
0.039374456 0.14952365 0.5957396 0.16793454 0.87769645 0.4488284 25 25 25 255
0.020664796 0.17476724 0.5533755 0.16793483 0.87769645 0.44882822 19 19 17 255
0.0014829636 0.20064788 0.5099423 0.16793405 0.87769645 0.44882864 21 21 21 255
-0.018225268 0.22723876 0.46531713 0.16793448 0.87769645 0.4488284 139 160 214 255
-0.037398025 0.25310716 0.42190444 0.16793464 0.87769645 0.44882834 12 14 12 255
-0.055578187 0.27763632 0.38073933 0.16793467 0.87769645 0.44882834 13 13 13 255
-0.073827595 0.3022589 0.33941734 0.16793448 0.87769645 0.4488284 208 208 208 255
-0.09207702 0.32688156 0.29809538 0.16793483 0.87769645 0.44882828 208 208 208 255
-0.11032644 0.35150415 0.2567734 0.16793421 0.87769645 0.44882855 208 208 208 255
0.17542456 -0.03403884 0.9037963 0.16793472 0.87769645 0.4488283 208 208 208 255
0.16628347 -0.021705464 0.8830983 0.16793455 0.87769645 0.44882834 208 208 208 255
0.15692477 -0.009078428 0.8619075 0.16793315 0.87769634 0.44882897 211 211 211 255
0.14734839 0.0038422495 0.84022385 0.16793497 0.87769645 0.4488282 41 41 41 255
0.13811485 0.016300425 0.8193164 0.16793472 0.87769645 0.4488283 40 40 40 255
0.12922408 0.028296098 0.7991851 0.16793405 0.87769645 0.44882864 154 154 154 255
0.11986534 0.040923104 0.7779943 0.16793431 0.87769645 0.44882846 89 99 127 255
0.11003871 0.0541815 0.75574386 0.16793428 0.87769645 0.44882852 35 35 35 255
0.10044603 0.0671242 0.73402333 0.1679354 0.87769645 0.44882798 35 35 35 255
0.09108733 0.07975124 0.71283245 0.16793524 0.87769645 0.44882807 106 123 154 255
0.08172862 0.092378244 0.6916417 0.16793524 0.87769645 0.44882807 31 31 31 255
0.07236992 0.10500528 0.6704508 0.16793512 0.87769645 0.4488281 30 30 30 255
0.0628912 0.1177942 0.6489883 0.16793448 0.87769645 0.4488284 108 125 161 255
0.053292528 0.130745 0.6272541 0.16793448 0.87769645 0.4488284 24 24 31 255
0.043933824 0.14337201 0.6060633 0.16793472 0.87769645 0.4488283 26 26 26 255
0.034824476 0.1556626 0.58543706 0.16793387 0.87769645 0.4488287 25 25 25 255
0.025460228 0.16829707 0.5642338 0.1679335 0.87769634 0.44882888 139 160 214 255
0.015869334 0.1812374 0.5425172 0.16793355 0.87769645 0.44882888 21 21 21 255
0.0062784106 0.19417772 0.5208006 0.1679344 0.87769645 0.44882843 21 21 21 255
-0.0033124983 0.20711805 0.49908394 0.16793448 0.87769645 0.4488284 20 20 20 255
-0.013166621 0.22041348 0.47677138 0.16793442 0.87769645 0.44882843 139 160 214 255
-0.022752985 0.23334768 0.45506507 0.16793464 0.87769645 0.44882834 137 160 213 255
-0.032339364 0.24628189 0.43335873 0.16793455 0.87769645 0.44882834 128 142 192 255
-0.041925743 0.25921607 0.4116524 0.16793434 0.87769645 0.44882852 14 14 14 255
-0.051202998 0.27173322 0.39064598 0.16793454 0.87769645 0.4488284 14 14 14 255
-0.060140535 0.28379196 0.37040883 0.16793448 0.87769645 0.4488284 13 13 13 255
-0.06942634 0.29632062 0.3493831 0.16793507 0.87769645 0.44882816 218 218 218 255
-0.07838994 0.30841458 0.32908687 0.16793431 0.87769645 0.44882846 208 208 208 255
-0.087514654 0.3207259 0.30842587 0.16793472 0.87769645 0.4488283 208 208 208 255
-0.096896306 0.33338386 0.2871831 0.16793442 0.87769645 0.44882843 208 208 208 255
-0.105764076 0.3453485 0.2671039 0.16793434 0.87769645 0.44882852 208 208 208 255
0.15376994 -0.058931157 0.9398736 0.17400706 0.47647777 0.8617948 177 177 177 255
0.16519654 -0.102302626 0.9473612 0.08796665 0.6821592 0.72589296 190 190 190 255
-0.1581706 0.36281633 0.2341215 -0.22995625 0.96928227 -0.0872473 173 173 173 255
-0.16112256 0.3549012 0.21961218 -0.34066463 0.7281572 -0.594756 179 179 179 255
0.168472 -0.10479505 0.9560455 -0.014730995 0.856088 0.51662004 192 192 192 255
0.17193742 -0.111467704 0.9625783 0.27019826 0.15098658 0.95089215 191 191 191 255
0.17205215 -0.11813569 0.9585543 0.26123798 -0.94376874 0.20262119 193 193 193 255
0.16678351 -0.11102712 0.9466247 0.2612402 -0.9437678 0.20262273 183 189 192 255
0.1686882 -0.22173303 0.8798168 0.3547189 -0.47859785 0.8031928 154 168 177 255
0.14647388 -0.044171304 0.9265866 0.035190918 0.78045833 0.6242165 194 194 194 255
-0.15297234 0.3598497 0.24855365 -0.070175685 0.92054915 0.38427147 193 193 193 255
-0.16166133 0.33164352 0.20261745 -0.24963148 0.95528764 -0.15845998 184 184 184 255
-0.16784936 0.33999258 0.18860593 -0.2612391 0.9437679 -0.20262343 182 182 182 255
-0.16571882 0.3291179 0.1892508 -0.26701578 -0.16427097 -0.9495881 189 189 189 255
-0.165014 0.28815204 0.16452889 -0.354721 0.47860062 -0.8031902 198 198 198 255
-0.16399825 0.22911736 0.12890318 -0.35472143 0.4785996 -0.80319065 210 210 210 255
-0.16773748 0.33349037 0.18468206 -0.26701552 -0.16427025 -0.94958836 186 186 186 255
-0.0032655 0.15786114 0.5875333 -0.014728114 0.85608643 0.51662266 18 20 19 255
0.07160419 0.05684492 0.75705993 -0.014729072 0.8560862 0.51662296 35 35 35 255
0.10903904 0.006336838 0.8418232 -0.014728433 0.8560864 0.51662284 29 29 29 255
-0.079974666 0.26135924 0.41384155 -0.014728992 0.8560863 0.51662296 111 111 111 255
-0.116473496 0.31060448 0.3311976 -0.014728913 0.8560863 0.5166229 208 208 208 255
-0.041629165 0.20962244 0.50066686 -0.014729875 0.85608613 0.5166233 28 30 38 255
0.034169346 0.10735306 0.6722966 -0.014729714 0.85608613 0.5166232 29 28 28 255
0.09125748 0.030328184 0.80156064 -0.014729433 0.85608613 0.5166231 37 37 37 255
0.12819171 -0.019504488 0.8851905 -0.014728513 0.8560863 0.51662284 208 208 208 255
0.052886784 0.08209899 0.7146783 -0.014728673 0.8560863 0.51662284 141 162 217 255
0.014972001 0.13325462 0.6288283 -0.014729274 0.8560862 0.5166231 27 27 27 255
-0.022447333 0.18374181 0.54410005 -0.014729034 0.8560863 0.51662296 21 23 23 255
-0.06080191 0.23549086 0.4572542 -0.014729115 0.8560863 0.516623 137 160 213 255
-0.09822409 0.28598186 0.37251955 -0.014729313 0.85608613 0.5166231 12 12 12 255
-0.13472292 0.3352271 0.28987563 -0.014728553 0.8560863 0.51662284 208 208 208 255
0.1373328 -0.03183788 0.90588856 -0.0147269135 0.8560867 0.5166223 208 208 208 255
0.11861539 -0.0065838397 0.8635069 -0.014729152 0.8560862 0.516623 209 209 209 255
0.10014826 0.018332481 0.821692 -0.014728992 0.8560863 0.51662296 38 38 38 255
0.08143085 0.043586552 0.7793102 -0.014730033 0.85608596 0.5166233 35 35 35 255
0.06224549 0.069471985 0.7358691 -0.014728673 0.8560863 0.51662284 34 32 33 255
0.04352805 0.094726026 0.69348747 -0.014728673 0.8560863 0.51662284 22 22 20 255
0.024570674 0.12030385 0.6505624 -0.014728673 0.8560863 0.51662284 28 28 28 255
0.0058532655 0.14555788 0.60818076 -0.014728593 0.8560863 0.51662284 25 25 25 255
-0.012856424 0.17080149 0.56581664 -0.014728353 0.8560864 0.5166228 139 160 214 255
-0.03203824 0.19668213 0.52238345 -0.014728793 0.8560863 0.51662284 20 20 20 255
-0.051746458 0.22327301 0.47775835 -0.014729473 0.85608613 0.5166231 139 160 214 255
-0.070919216 0.24914141 0.43434566 -0.014729274 0.8560862 0.5166231 211 211 208 255
-0.08909938 0.27367055 0.39318055 -0.014729152 0.8560862 0.516623 13 13 13 255
-0.1073488 0.29829317 0.35185856 -0.014729072 0.8560862 0.51662296 12 12 12 255
-0.12559822 0.3229158 0.3105366 -0.014728713 0.8560863 0.51662284 208 208 208 255
-0.14384763 0.3475384 0.26921463 -0.014729032 0.8560863 0.51662296 208 208 208 255
0.14190334 -0.038004577 0.9162375 -0.014729473 0.85608613 0.5166231 208 208 208 255
0.13276225 -0.025671214 0.8955395 -0.0147300735 0.85608596 0.5166233 208 208 208 255
0.12340355 -0.0130441785 0.87434864 -0.014729714 0.85608613 0.5166232 208 208 208 255
0.1138272 -0.00012350082 0.85266507 -0.014729194 0.8560862 0.516623 163 163 163 255
0.104593635 0.012334675 0.83175755 -0.014730033 0.85608596 0.5166233 35 35 35 255
0.09570289 0.024330348 0.8116263 -0.014728713 0.8560863 0.51662284 37 37 37 255
0.08634415 0.036957353 0.79043543 -0.014728155 0.85608643 0.5166227 36 36 36 255
0.07651752 0.05021575 0.76818514 -0.014729794 0.85608613 0.5166232 35 35 35 255
0.06692484 0.06315845 0.7464645 -0.014728353 0.8560864 0.5166228 34 34 34 255
0.057566136 0.07578549 0.7252737 -0.014728673 0.8560863 0.51662284 140 161 215 255
0.048207402 0.08841249 0.70408285 -0.014728673 0.8560863 0.51662284 79 91 118 255
0.0388487 0.10103953 0.6828921 -0.014729034 0.8560863 0.51662296 29 28 28 255
0.02937001 0.11382844 0.6614295 -0.014728753 0.8560863 0.51662284 29 29 29 255
0.019771338 0.12677923 0.63969535 -0.014729034 0.8560863 0.51662296 26 27 26 255
0.010412633 0.13940626 0.6185045 -0.014729032 0.8560863 0.51662296 26 26 26 255
0.0013032854 0.15169683 0.59787834 -0.014729234 0.8560862 0.5166231 25 25 25 255
-0.008060962 0.16433132 0.576675 -0.014729633 0.85608613 0.5166231 139 160 214 255
-0.017651856 0.17727163 0.55495834 -0.014729633 0.85608613 0.5166231 117 131 172 255
-0.02724278 0.19021195 0.53324175 -0.014728913 0.8560863 0.5166229 21 21 21 255
-0.036833704 0.2031523 0.51152515 -0.014729152 0.8560862 0.516623 20 20 20 255
-0.04668781 0.21644771 0.4892126 -0.014728513 0.8560863 0.51662284 138 160 212 255
-0.056274176 0.22938192 0.4675063 -0.014728673 0.8560863 0.51662284 137 160 213 255
-0.06586057 0.24231613 0.44579995 -0.014729234 0.8560862 0.5166231 137 160 213 255
-0.07544693 0.25525033 0.4240936 -0.014728954 0.8560863 0.51662296 209 209 209 255
-0.0847242 0.26776746 0.4030872 -0.014729553 0.85608613 0.5166231 13 13 13 255
-0.093661726 0.27982622 0.38285005 -0.014728952 0.8560863 0.51662296 12 12 12 255
-0.10294753 0.29235488 0.3618243 -0.014728954 0.8560863 0.51662296 12 12 12 255
-0.11191115 0.30444884 0.3415281 -0.014728833 0.8560863 0.5166229 216 216 216 255
-0.12103586 0.31676012 0.3208671 -0.014728513 0.8560863 0.51662284 208 208 208 255
-0.13041751 0.32941812 0.29962432 -0.014729593 0.85608613 0.51662314 208 208 208 255
-0.13928528 0.34138274 0.27954513 -0.014728913 0.8560863 0.5166229 208 208 208 255
0.121423155 -0.06861384 0.94838953 0.019121168 0.43011338 0.9025724 178 178 178 255
0.13893732 -0.11016302 0.95427454 -0.08643175 0.6299571 0.7718054 187 187 187 255
-0.19070661 0.35307705 0.24268733 -0.3734658 0.92632425 -0.049463313 188 188 188 255
-0.1910676 0.3459375 0.2274959 -0.3991384 0.7106542 -0.579361 191 191 191 255
0.14179313 -0.11278103 0.96306926 -0.19682838 0.80157715 0.5645642 189 189 189 255
0.14569342 -0.11932361 0.96948755 0.15793459 0.117375195 0.9804488 191 191 191 255
0.14722653 -0.12556702 0.96509016 0.39000484 -0.9052234 0.16872093 194 194 194 255
0.1419579 -0.11845845 0.9531605 0.3900049 -0.90522367 0.16871904 182 188 191 255
0.16741091 -0.22211543 0.88015294 0.35487166 -0.47873366 0.8030443 156 170 179 255
0.11305663 -0.05417441 0.9353844 -0.14510518 0.72648793 0.6716842 194 194 194 255
-0.1863896 0.3498466 0.25735146 -0.25002134 0.8667142 0.43162 198 198 198 255
-0.18638328 0.32424322 0.20912601 -0.38431555 0.91497105 -0.12300187 191 191 191 255
-0.19257131 0.3325923 0.1951145 -0.39000145 0.90522426 -0.16872385 188 188 188 255
-0.18876767 0.32221848 0.19531894 -0.1511479 -0.13411717 -0.9793707 196 196 196 255
-0.17934899 0.28386098 0.1683029 -0.35472146 0.47860065 -0.80318993 204 204 204 255
-0.16577595 0.22858523 0.12937121 -0.35471573 0.47859454 -0.80319613 210 210 210 255
-0.1910764 0.32650414 0.19082654 -0.15114805 -0.13411437 -0.979371 195 195 195 255
-0.036682755 0.14785805 0.5963311 -0.19682802 0.80157685 0.5645645 23 22 22 255
0.038186938 0.046841815 0.76585776 -0.19682758 0.80157715 0.56456447 34 34 34 255
0.075621784 -0.0036662668 0.850621 -0.19682842 0.80157673 0.5645646 208 208 208 255
-0.113391936 0.25135615 0.4226393 -0.1968283 0.8015768 0.5645646 10 10 10 255
-0.14989075 0.30060136 0.33999538 -0.19682842 0.80157673 0.5645646 211 211 211 255
-0.07504642 0.19961935 0.5094646 -0.19682826 0.8015768 0.5645645 140 162 216 255
0.0007520914 0.09734996 0.6810944 -0.19682717 0.8015773 0.5645644 140 161 215 255
0.057840228 0.02032508 0.8103584 -0.19682898 0.80157655 0.5645647 140 163 216 255
0.094774455 -0.029507592 0.89398825 -0.19682814 0.80157685 0.5645645 208 208 208 255
0.0194695 0.072095886 0.72347605 -0.19682857 0.80157673 0.5645646 140 161 215 255
-0.018445253 0.12325152 0.63762605 -0.1968284 0.8015768 0.56456465 139 161 211 255
-0.055864602 0.17373872 0.5528979 -0.19682826 0.80157685 0.5645646 139 160 214 255
-0.09421918 0.22548774 0.466052 -0.19682781 0.80157703 0.56456447 144 167 219 255
-0.13164134 0.27597877 0.38131735 -0.1968285 0.80157673 0.5645646 12 12 12 255
-0.16814019 0.32522398 0.2986734 -0.19682814 0.8015769 0.5645646 208 208 208 255
0.10391554 -0.041840985 0.9146863 -0.19682798 0.80157685 0.5645645 208 208 208 255
0.085198134 -0.016586944 0.8723047 -0.19682834 0.8015768 0.5645646 208 208 208 255
0.066731006 0.008329377 0.83048975 -0.19682853 0.8015768 0.56456465 208 208 208 255
0.048013568 0.033583447 0.78810805 -0.19682924 0.80157644 0.56456476 141 162 216 255
0.028828204 0.05946888 0.74466693 -0.19682968 0.8015763 0.5645649 31 31 31 255
0.0101107955 0.08472292 0.7022853 -0.19682904 0.80157655 0.56456476 140 161 215 255
-0.008846581 0.110300735 0.65936023 -0.19682837 0.8015768 0.56456465 139 160 214 255
-0.027564004 0.13555479 0.6169786 -0.19682759 0.8015771 0.5645644 24 24 24 255
-0.04627368 0.16079837 0.57461447 -0.19682772 0.8015771 0.5645644 139 160 214 255
-0.0654555 0.186679 0.5311813 -0.19682845 0.80157673 0.5645646 140 162 217 255
-0.08516373 0.21326989 0.4865561 -0.1968281 0.80157685 0.5645645 145 168 222 255
-0.104336485 0.2391383 0.44314346 -0.19682792 0.8015769 0.5645645 178 178 178 255
-0.12251663 0.26366746 0.4019783 -0.19682802 0.80157685 0.5645645 12 12 12 255
-0.14076605 0.28829005 0.36065638 -0.1968284 0.8015768 0.56456465 11 11 11 255
-0.15901548 0.3129127 0.3193344 -0.19682825 0.8015768 0.5645645 208 208 208 255
-0.1772649 0.3375353 0.27801242 -0.1968283 0.8015768 0.5645646 208 208 208 255
0.108486086 -0.048007682 0.9250353 -0.19682886 0.80157655 0.5645647 208 208 208 255
0.099345 -0.03567432 0.9043373 -0.19682933 0.8015764 0.56456476 208 208 208 255
0.089986295 -0.023047283 0.88314646 -0.19682822 0.80157685 0.5645645 208 208 208 255
0.080409944 -0.010126606 0.86146283 -0.19682883 0.80157655 0.56456465 208 208 208 255
0.07117638 0.0023315698 0.84055537 -0.19682798 0.80157685 0.5645645 208 208 208 255
0.062285602 0.014327243 0.8204241 -0.19682883 0.80157655 0.56456465 140 160 215 255
0.052926898 0.026954249 0.79923326 -0.19682865 0.8015768 0.5645647 141 162 216 255
0.043100238 0.040212646 0.7769829 -0.1968285 0.80157673 0.5645646 35 35 35 255
0.033507586 0.053155348 0.7552623 -0.1968273 0.8015772 0.56456435 34 34 34 255
0.024148881 0.06578238 0.7340715 -0.1968281 0.80157685 0.5645645 140 161 215 255
0.014790148 0.07840939 0.7128807 -0.19682793 0.801577 0.5645645 140 161 215 255
0.0054314435 0.091036424 0.69168985 -0.1968284 0.8015768 0.56456465 140 161 215 255
-0.0040472746 0.103825346 0.6702273 -0.19682802 0.80157685 0.5645645 140 161 215 255
-0.013645947 0.11677612 0.6484932 -0.19682764 0.8015771 0.5645644 139 160 214 255
-0.023004651 0.12940314 0.6273023 -0.19682759 0.8015771 0.5645644 25 25 25 255
-0.032113984 0.14169374 0.6066761 -0.19682822 0.80157685 0.5645645 24 24 24 255
-0.041478217 0.1543282 0.5854728 -0.19682868 0.8015767 0.56456465 139 160 214 255
-0.051069126 0.16726854 0.56375617 -0.1968288 0.8015766 0.5645647 139 160 214 255
-0.060660034 0.18020886 0.5420396 -0.19682796 0.8015769 0.5645645 139 161 214 255
-0.07025096 0.19314918 0.5203229 -0.19682837 0.8015768 0.56456465 138 160 214 255
-0.08010507 0.20644462 0.4980104 -0.19682802 0.80157685 0.5645645 142 165 218 255
-0.089691445 0.21937883 0.47630405 -0.19682743 0.8015772 0.5645644 147 170 222 255
-0.099277824 0.23231302 0.4545977 -0.19682823 0.80157685 0.5645645 159 168 203 255
-0.1088642 0.24524722 0.4328914 -0.19682768 0.8015771 0.5645644 143 143 143 255
-0.11814146 0.25776434 0.411885 -0.19682746 0.8015771 0.5645644 13 13 13 255
-0.127079 0.2698231 0.39164782 -0.19682857 0.80157673 0.5645646 12 12 12 255
-0.13636479 0.28235176 0.3706221 -0.19682834 0.8015768 0.5645646 12 12 12 255
-0.1453284 0.29444572 0.35032588 -0.19682853 0.8015768 0.56456465 10 10 10 255
-0.15445313 0.30675703 0.3296649 -0.19682798 0.80157685 0.5645645 208 208 208 255
-0.16383478 0.319415 0.30842212 -0.1968278 0.80157703 0.56456447 208 208 208 255
-0.17270255 0.33137965 0.28834292 -0.1968285 0.80157673 0.5645646 208 208 208 255
0.09085217 -0.083512574 0.9530132 -0.12933248 0.357549 0.9248956 176 176 176 255
0.11411962 -0.12225787 0.95802796 -0.25358394 0.5482503 0.7969421 184 184 184 255
0.11657894 -0.12506917 0.9668827 -0.37136358 0.7162631 0.59080994 188 188 188 255
0.1208902 -0.13141145 0.9732388 0.050331227 0.06477964 0.9966294 190 190 190 255
0.12376374 -0.1370016 0.9686388 0.51341707 -0.84489864 0.15016344 194 194 194 255
0.11849511 -0.12989303 0.95670915 0.513417 -0.8448994 0.15015939 180 186 190 255
0.16620374 -0.22270383 0.88033545 0.3547299 -0.4786074 0.80318224 147 164 174 255
0.08147398 -0.06956619 0.94016105 -0.31791288 0.64201903 0.69766957 191 191 191 255
-0.21797225 0.3344548 0.26212806 -0.42239693 0.7824552 0.4575418 206 206 206 255
-0.22145638 0.3380912 0.24733801 -0.5110196 0.8590872 -0.028777827 205 205 205 255
-0.2193686 0.33214504 0.23177616 -0.45518607 0.68325734 -0.5709335 201 201 201 255
-0.20974801 0.31285638 0.2126597 -0.51340824 0.8518693 -0.10358896 204 204 204 255
-0.21593606 0.32120544 0.19864818 -0.5134212 0.84489584 -0.15016593 204 204 204 255
-0.21055119 0.3116023 0.1986135 -0.039180946 -0.083481565 -0.9957387 209 209 209 255
-0.192897 0.27725837 0.17035192 -0.35472167 0.47860044 -0.80319 206 206 206 255
-0.16745612 0.22776642 0.12962534 -0.35472053 0.4785988 -0.8031914 210 210 210 255
-0.21313399 0.3157544 0.19416258 -0.039180472 -0.08348268 -0.9957387 206 206 206 255
-0.06826541 0.13246626 0.6011077 -0.37136254 0.7162635 0.5908099 23 23 23 255
0.006604284 0.03145002 0.7706344 -0.37136263 0.7162635 0.59080994 32 32 32 255
0.04403913 -0.019058049 0.85539764 -0.3713621 0.7162637 0.5908099 208 208 208 255
-0.14497459 0.23596436 0.42741594 -0.37136298 0.71626323 0.59080994 13 13 13 255
-0.1814734 0.2852096 0.344772 -0.3713632 0.71626306 0.59081 209 209 209 255
-0.10662907 0.18422756 0.5142413 -0.3713628 0.7162633 0.59081 18 18 18 255
-0.030830592 0.08195816 0.685871 -0.37136227 0.7162636 0.5908099 140 161 215 255
0.026257545 0.0049332827 0.81513506 -0.37136298 0.7162633 0.59081 141 162 216 255
0.0631918 -0.044899404 0.8987649 -0.37136254 0.7162635 0.5908099 208 208 208 255
-0.012113124 0.05670409 0.7282527 -0.37136358 0.7162628 0.59081006 140 161 215 255
-0.05002792 0.10785973 0.64240265 -0.37136334 0.716263 0.59081 139 160 215 255
-0.087447256 0.15834692 0.5576745 -0.37136286 0.7162633 0.59080994 20 20 20 255
-0.12580183 0.21009596 0.4708286 -0.37136298 0.7162633 0.59081 15 15 15 255
-0.163224 0.26058698 0.38609397 -0.3713628 0.71626335 0.59081 12 12 12 255
-0.19972284 0.30983222 0.30345002 -0.37136298 0.7162633 0.59081 208 208 208 255
0.07233289 -0.057232797 0.919463 -0.3713609 0.7162645 0.5908098 208 208 208 255
0.05361548 -0.031978726 0.87708133 -0.3713627 0.7162635 0.59081 208 208 208 255
0.035148352 -0.007062435 0.8352664 -0.371363 0.71626323 0.59081 174 184 212 255
0.016430944 0.01819165 0.7928847 -0.37136328 0.71626306 0.59081006 140 161 215 255
-0.00275442 0.044077083 0.74944353 -0.37136358 0.7162628 0.59081006 31 31 31 255
-0.021471858 0.069331124 0.7070619 -0.37136334 0.716263 0.59081 140 161 215 255
-0.04042925 0.09490895 0.6641369 -0.37136316 0.7162632 0.59081006 139 160 214 255
-0.059146658 0.12016299 0.62175524 -0.3713631 0.7162631 0.59081 24 24 24 255
-0.07785633 0.14540659 0.5793911 -0.37136325 0.7162631 0.59081006 22 21 23 255
-0.09703815 0.17128722 0.53595793 -0.3713634 0.716263 0.59081006 19 19 19 255
-0.11674638 0.1978781 0.49133274 -0.3713631 0.7162631 0.59081 17 17 17 255
-0.13591914 0.22374651 0.44792008 -0.3713631 0.7162631 0.59081 15 15 15 255
-0.15409929 0.24827567 0.40675494 -0.37136304 0.7162632 0.59081 12 12 12 255
-0.17234871 0.2728983 0.36543298 -0.3713627 0.7162635 0.59081 11 11 11 255
-0.19059813 0.2975209 0.32411098 -0.37136334 0.716263 0.59081 208 208 208 255
-0.20884755 0.3221435 0.28278905 -0.37136298 0.7162633 0.59081 208 208 208 255
0.07690343 -0.06339949 0.92981195 -0.37136278 0.71626335 0.59081 208 208 208 255
0.067762345 -0.0510661 0.90911394 -0.37136224 0.71626365 0.59080994 208 208 208 255
0.05840364 -0.038439095 0.8879231 -0.3713623 0.7162636 0.5908099 208 208 208 255
0.04882729 -0.025518417 0.8662395 -0.37136286 0.7162633 0.59080994 208 208 208 255
0.039593726 -0.013060212 0.845332 -0.3713635 0.71626294 0.5908101 208 208 208 255
0.030702978 -0.001064539 0.82520074 -0.37136263 0.7162635 0.59080994 141 162 216 255
0.021344244 0.011562452 0.8040099 -0.37136313 0.7162632 0.59081 140 161 215 255
0.011517614 0.02482085 0.7817595 -0.37136278 0.7162633 0.59081 39 45 58 255
0.0019249022 0.03776355 0.760039 -0.3713623 0.7162636 0.5908099 31 31 31 255
-0.007433802 0.050390586 0.7388481 -0.3713627 0.71626335 0.59081 141 161 216 255
-0.016792506 0.06301759 0.7176573 -0.37136242 0.71626353 0.59080994 140 161 215 255
-0.02615121 0.07564463 0.69646645 -0.37136266 0.7162635 0.59081 140 161 215 255
-0.035629913 0.08843355 0.67500395 -0.3713633 0.7162631 0.59081006 139 160 214 255
-0.045228586 0.10138434 0.65326977 -0.37136304 0.7162632 0.59081 139 160 214 255
-0.05458729 0.11401136 0.63207895 -0.37136358 0.7162629 0.5908101 25 25 25 255
-0.06369664 0.12630194 0.6114527 -0.37136245 0.71626353 0.59080994 23 23 23 255
-0.07306087 0.13893642 0.5902494 -0.3713636 0.7162629 0.59081006 139 160 214 255
-0.08265178 0.15187675 0.5685328 -0.3713636 0.7162628 0.59081006 21 21 21 255
-0.09224269 0.16481707 0.54681623 -0.37136263 0.7162635 0.59080994 20 20 20 255
-0.10183361 0.1777574 0.5250996 -0.3713635 0.71626294 0.59081006 19 19 19 255
-0.11168772 0.19105282 0.502787 -0.37136266 0.7162634 0.59081 16 16 16 255
-0.1212741 0.20398703 0.48108068 -0.37136343 0.716263 0.59081006 16 16 16 255
-0.13086048 0.21692124 0.45937434 -0.37136263 0.7162635 0.59080994 16 16 16 255
-0.14044686 0.22985543 0.43766803 -0.3713635 0.7162629 0.59081006 13 13 13 255
-0.14972411 0.24237257 0.41666162 -0.37136263 0.7162635 0.59080994 12 12 12 255
-0.15866165 0.2544313 0.39642444 -0.3713629 0.7162633 0.59081 12 12 12 255
-0.16794744 0.26695997 0.3753987 -0.3713635 0.7162629 0.59081006 10 10 10 255
-0.17691106 0.27905393 0.35510248 -0.37136286 0.7162633 0.59081 11 11 11 255
-0.18603578 0.29136524 0.3344415 -0.37136328 0.71626306 0.59081006 208 208 208 255
-0.19541743 0.3040232 0.31319875 -0.3713629 0.7162633 0.59081 208 208 208 255
-0.2042852 0.31598786 0.29311955 -0.37136298 0.7162633 0.59081 208 208 208 255
-0.247829 0.31348324 0.26281762 -0.5806742 0.6710151 0.46103808 207 207 207 255
0.051617235 -0.09053779 0.9408506 -0.47658822 0.53029734 0.70117635 193 193 193 255
0.09274259 -0.14181203 0.9674332 -0.53162384 0.6034244 0.5943527 194 194 194 255
0.09744245 -0.14788128 0.97378033 -0.048475623 -0.0047918963 0.99881285 195 195 195 255
0.09065819 -0.13873734 0.9585699 -0.40706536 0.4401827 0.8003355 193 193 193 255
0.10158324 -0.15258132 0.969151 0.6267464 -0.76510644 0.14765118 193 193 193 255
0.09631461 -0.14547275 0.9572214 0.626745 -0.7651058 0.14766078 180 187 191 255
0.16506253 -0.22350538 0.88036186 0.35472262 -0.47860074 0.80318946 96 106 115 255
0.061951935 -0.10381234 0.9536806 -0.26564696 0.26157135 0.9279073 185 185 185 255
-0.24612297 0.31335253 0.23239401 -0.50664896 0.64702237 -0.5697973 207 207 207 255
-0.23183592 0.2973417 0.21316984 -0.63193387 0.7684167 -0.10097147 206 206 206 255
-0.23802395 0.30569077 0.19915833 -0.62673897 0.76511085 -0.14766064 209 209 209 255
-0.23114426 0.29713762 0.19908912 0.06419005 -0.014224814 -0.99783623 208 208 208 255
-0.2057046 0.26826227 0.17064774 -0.35472196 0.4786003 -0.80319 207 207 207 255
-0.16904439 0.2266508 0.129662 -0.35472032 0.47859862 -0.80319166 211 211 211 255
-0.25052568 0.31767267 0.24800932 -0.63732207 0.7701591 -0.025989106 209 209 209 255
-0.23398614 0.3011077 0.19464414 0.06419013 -0.014219733 -0.9978364 208 208 208 255
-0.098122165 0.111494675 0.6017972 -0.5316225 0.6034271 0.59435105 140 161 216 255
-0.023252457 0.010478437 0.7713239 -0.5316234 0.6034264 0.594351 145 166 220 255
0.014182389 -0.040029645 0.8560872 -0.5316225 0.60342705 0.59435105 208 208 208 255
-0.17483133 0.21499278 0.42810547 -0.53162336 0.60342634 0.594351 9 9 9 255
-0.21133018 0.264238 0.34546155 -0.53162277 0.6034269 0.59435105 208 208 208 255
-0.13648583 0.16325597 0.5149308 -0.531623 0.60342664 0.594351 13 14 14 255
-0.060687333 0.06098658 0.6865605 -0.53162265 0.60342705 0.59435105 139 160 214 255
-0.0035991967 -0.016038299 0.8158246 -0.5316229 0.60342675 0.594351 140 161 215 255
0.03333506 -0.06587097 0.8994545 -0.53162324 0.6034264 0.594351 208 208 208 255
-0.041969895 0.035732508 0.7289423 -0.5316227 0.60342693 0.59435105 140 161 215 255
-0.07988468 0.08688815 0.6430922 -0.5316233 0.6034265 0.59435105 139 160 214 255
-0.117304 0.13737534 0.55836403 -0.5316233 0.6034265 0.59435105 15 16 16 255
-0.15565857 0.18912438 0.47151816 -0.53162366 0.6034262 0.59435105 11 11 11 255
-0.19308075 0.2396154 0.3867835 -0.53162223 0.60342723 0.59435105 9 9 9 255
-0.2295796 0.28886062 0.30413955 -0.5316227 0.60342693 0.59435105 208 208 208 255
0.042476147 -0.07820436 0.92015254 -0.5316238 0.60342604 0.594351 208 208 208 255
0.02375874 -0.052950323 0.8777709 -0.5316225 0.603427 0.59435105 208 208 208 255
0.005291611 -0.028034002 0.835956 -0.53162265 0.603427 0.59435105 141 162 214 255
-0.013425827 -0.0027799308 0.7935742 -0.5316236 0.6034261 0.594351 140 161 215 255
-0.03261119 0.023105502 0.75013304 -0.53162265 0.603427 0.59435105 146 168 222 255
-0.051328614 0.048359543 0.7077514 -0.5316227 0.60342693 0.59435105 140 161 215 255
-0.070286006 0.07393737 0.6648264 -0.53162336 0.60342646 0.59435105 139 160 214 255
-0.089003414 0.09919141 0.62244475 -0.5316229 0.60342675 0.59435105 119 138 183 255
-0.10771309 0.12443501 0.5800806 -0.531623 0.60342664 0.594351 63 69 88 255
-0.1268949 0.15031564 0.53664744 -0.53162307 0.6034266 0.594351 15 16 16 255
-0.14660314 0.17690653 0.49202228 -0.5316228 0.6034268 0.59435105 12 12 13 255
-0.1657759 0.20277494 0.4486096 -0.5316228 0.6034268 0.59435105 8 8 8 255
-0.18395604 0.2273041 0.40744448 -0.53162277 0.6034269 0.59435105 7 7 7 255
-0.20220546 0.2519267 0.36612254 -0.53162277 0.60342693 0.59435105 72 72 72 255
-0.22045489 0.2765493 0.32480055 -0.53162336 0.60342646 0.59435105 208 208 208 255
-0.2387043 0.30117193 0.2834786 -0.5316229 0.6034268 0.59435105 208 208 208 255
0.04704669 -0.08437106 0.93050146 -0.5316237 0.60342604 0.594351 208 208 208 255
0.037905604 -0.0720377 0.9098035 -0.531623 0.60342664 0.594351 208 208 208 255
0.0285469 -0.05941066 0.8886126 -0.5316229 0.60342675 0.59435105 208 208 208 255
0.01897055 -0.046489984 0.86692905 -0.5316225 0.603427 0.59435105 208 208 208 255
0.009736985 -0.03403181 0.84602153 -0.5316235 0.6034262 0.594351 214 208 210 255
0.00084620714 -0.022036135 0.8258903 -0.5316226 0.60342705 0.59435105 140 161 215 255
-0.008512497 -0.00940913 0.8046994 -0.5316237 0.60342616 0.59435105 140 161 215 255
-0.018339157 0.003849268 0.782449 -0.5316232 0.6034265 0.594351 140 161 215 255
-0.02793184 0.01679197 0.7607285 -0.5316227 0.60342693 0.59435105 67 77 97 255
-0.037290543 0.029419005 0.73953766 -0.5316225 0.60342705 0.594351 140 161 215 255
-0.046649262 0.04204601 0.71834683 -0.53162265 0.603427 0.59435105 140 161 215 255
-0.056007966 0.054673046 0.697156 -0.5316227 0.60342693 0.59435105 139 160 214 255
-0.06548667 0.06746197 0.6756935 -0.53162336 0.60342646 0.59435105 139 160 214 255
-0.07508534 0.08041276 0.6539593 -0.53162336 0.60342646 0.59435105 139 160 214 255
-0.084444046 0.09303978 0.6327685 -0.5316227 0.60342693 0.59435105 139 160 214 255
-0.093553394 0.10533036 0.61214226 -0.53162307 0.60342664 0.594351 66 76 99 255
-0.10291763 0.117964834 0.5909389 -0.5316232 0.6034265 0.594351 139 160 214 255
-0.112508535 0.13090517 0.56922233 -0.53162324 0.6034264 0.594351 17 17 17 255
-0.122099444 0.14384548 0.54750574 -0.531623 0.60342664 0.594351 15 16 16 255
-0.13169037 0.15678582 0.52578914 -0.5316231 0.6034265 0.594351 14 16 16 255
-0.14154448 0.17008124 0.50347656 -0.53162354 0.6034263 0.594351 12 13 14 255
-0.15113086 0.18301545 0.48177022 -0.53162324 0.60342646 0.594351 10 12 12 255
-0.16071723 0.19594964 0.46006387 -0.53162324 0.6034264 0.594351 10 10 10 255
-0.17030361 0.20888385 0.43835753 -0.53162324 0.60342646 0.594351 7 7 7 255
-0.17958087 0.22140098 0.41735113 -0.5316228 0.6034269 0.59435105 7 7 7 255
-0.1885184 0.23345974 0.39711398 -0.5316226 0.60342705 0.5943511 7 7 7 255
-0.1978042 0.2459884 0.37608826 -0.531623 0.60342664 0.594351 16 16 16 255
-0.20676781 0.25808236 0.35579205 -0.5316226 0.60342705 0.5943511 208 208 208 255
-0.21589252 0.27039367 0.33513105 -0.53162324 0.60342646 0.594351 208 208 208 255
-0.22527418 0.28305164 0.31388828 -0.53162277 0.60342693 0.59435105 208 208 208 255
-0.23414195 0.2950163 0.2938091 -0.5316226 0.60342705 0.5943511 208 208 208 255
0.03711295 -0.12797546 0.9502523 -0.3845824 0.14587182 0.911492 180 180 180 255
0.07049379 -0.15835308 0.9557868 -0.5409868 0.30990654 0.7818512 193 193 193 255
-0.27550998 0.29336816 0.24456102 -0.7475246 0.66295516 -0.041199192 189 189 189 255
-0.2691177 0.29098344 0.22922029 -0.55155176 0.60334134 -0.5759947 192 192 192 255
0.07225591 -0.16174129 0.9646056 -0.67145914 0.4673948 0.57505184 195 195 195 255
0.07728976 -0.16748561 0.9709989 -0.13468646 -0.08865664 0.9869142 201 201 201 255
0.08251974 -0.17112611 0.96651983 0.72562104 -0.6689223 0.16129766 202 202 202 255
0.07725111 -0.16401754 0.9545902 0.7256202 -0.668921 0.16130747 180 186 190 255
0.16408171 -0.22445953 0.8802265 0.35476625 -0.47863942 0.803147 102 111 118 255
0.025956154 -0.11550063 0.9373089 -0.6150406 0.39561203 0.6820675 194 194 194 255
-0.27349007 0.2885204 0.25927588 -0.71878046 0.5366667 0.4419768 166 175 202 255
-0.2508198 0.27887434 0.2105497 -0.73536426 0.6678006 -0.11524688 197 197 197 255
-0.25700784 0.28722343 0.19653818 -0.7256236 0.66891676 -0.16130911 198 198 198 255
-0.24884342 0.27992004 0.1966463 0.15454698 0.070965014 -0.9854335 195 195 195 255
-0.21671246 0.25755394 0.16912843 -0.35472217 0.47860005 -0.80319 200 200 200 255
-0.17040946 0.2253229 0.1294736 -0.35472053 0.47859877 -0.8031914 209 209 209 255
-0.25190803 0.28367344 0.19217058 0.15454715 0.0709617 -0.98543376 195 195 195 255
-0.12378323 0.08653183 0.5982555 -0.6714605 0.46739417 0.57505083 208 208 208 255
-0.04891354 -0.0144844055 0.7677822 -0.6714609 0.46739373 0.5750507 208 208 208 255
-0.011478692 -0.06499249 0.8525455 -0.67146116 0.46739343 0.57505065 209 209 209 255
-0.20049241 0.19002993 0.42456377 -0.67146116 0.4673935 0.57505065 139 160 214 255
-0.23699123 0.23927516 0.34191984 -0.67146075 0.4673939 0.5750508 137 160 213 255
-0.1621469 0.13829313 0.5113891 -0.67146075 0.4673939 0.5750508 140 161 215 255
-0.0863484 0.036023736 0.6830188 -0.67146033 0.46739435 0.5750509 208 208 208 255
-0.029260248 -0.04100114 0.8122829 -0.67146087 0.4673938 0.5750508 209 209 209 255
0.007673979 -0.09083381 0.89591277 -0.67146105 0.46739352 0.57505065 209 209 209 255
-0.06763096 0.010769665 0.7254005 -0.671461 0.4673936 0.5750507 208 208 208 255
-0.105545744 0.061925307 0.63955045 -0.671461 0.46739373 0.5750507 208 208 208 255
-0.14296508 0.1124125 0.5548223 -0.67146075 0.4673939 0.5750508 140 161 215 255
-0.18131965 0.16416153 0.46797645 -0.6714609 0.46739373 0.5750507 139 160 214 255
-0.21874182 0.21465254 0.38324177 -0.67146116 0.46739337 0.5750506 139 160 214 255
-0.25524068 0.26389778 0.30059785 -0.67146105 0.46739355 0.5750507 137 160 213 255
0.016815066 -0.103167206 0.91661084 -0.67146045 0.4673942 0.57505083 209 209 209 255
-0.0019023418 -0.077913165 0.8742292 -0.67146116 0.4673935 0.57505065 209 209 209 255
-0.02036947 -0.052996844 0.83241427 -0.67146033 0.46739435 0.5750509 209 209 209 255
-0.039086893 -0.027742773 0.7900325 -0.6714602 0.46739444 0.57505083 209 209 209 255
-0.058272257 -0.0018573403 0.7465913 -0.6714611 0.46739352 0.5750507 208 208 208 255
-0.07698968 0.0233967 0.7042097 -0.6714611 0.46739352 0.5750507 208 208 208 255
-0.09594707 0.04897453 0.6612847 -0.67146045 0.46739414 0.5750508 208 208 208 255
-0.11466448 0.07422857 0.61890304 -0.67146087 0.46739376 0.5750507 208 208 208 255
-0.13337415 0.099472165 0.5765389 -0.67146075 0.46739388 0.5750508 140 161 215 255
-0.15255597 0.1253528 0.53310573 -0.6714606 0.467394 0.5750507 140 161 215 255
-0.1722642 0.15194368 0.48848057 -0.6714602 0.46739444 0.57505083 139 160 214 255
-0.19143696 0.1778121 0.44506788 -0.6714602 0.46739453 0.5750509 139 160 214 255
-0.20961711 0.20234126 0.40390277 -0.671461 0.46739373 0.5750508 139 160 214 255
-0.22786653 0.22696385 0.3625808 -0.67146075 0.46739388 0.5750508 139 160 214 255
-0.24611595 0.25158647 0.3212588 -0.671461 0.46739367 0.5750507 137 160 213 255
-0.26436538 0.2762091 0.27993688 -0.67146087 0.46739373 0.5750507 137 160 213 255
0.02138561 -0.1093339 0.92695975 -0.6714604 0.46739423 0.57505083 209 209 209 255
0.012244523 -0.09700054 0.9062618 -0.67146015 0.46739465 0.57505095 209 209 209 255
0.0028858185 -0.084373504 0.8850709 -0.6714607 0.4673939 0.5750507 209 209 209 255
-0.006690532 -0.071452826 0.86338735 -0.67146116 0.4673935 0.57505065 209 209 209 255
-0.015924096 -0.05899465 0.8424798 -0.67146105 0.46739355 0.5750507 209 209 209 255
-0.024814874 -0.046998978 0.8223486 -0.6714612 0.4673935 0.57505065 209 209 209 255
-0.034173578 -0.034371972 0.8011577 -0.6714606 0.467394 0.5750507 209 209 209 255
-0.044000223 -0.021113575 0.7789073 -0.6714603 0.46739453 0.57505095 208 208 208 255
-0.053592905 -0.008170873 0.7571868 -0.67146105 0.4673936 0.5750507 208 208 208 255
-0.06295161 0.0044561625 0.7359959 -0.6714611 0.46739352 0.5750507 208 208 208 255
-0.07231033 0.017083168 0.7148051 -0.6714612 0.46739343 0.57505065 208 208 208 255
-0.08166903 0.029710203 0.69361424 -0.671461 0.46739355 0.5750507 208 208 208 255
-0.091147736 0.042499125 0.67215174 -0.6714606 0.467394 0.5750507 208 208 208 255
-0.10074641 0.055449918 0.65041757 -0.67146045 0.46739414 0.5750508 208 208 208 255
-0.11010511 0.06807694 0.62922674 -0.671461 0.4673936 0.5750507 208 208 208 255
-0.11921446 0.08036752 0.6086005 -0.67146105 0.4673936 0.5750507 208 208 208 255
-0.1285787 0.09300199 0.5873972 -0.6714605 0.46739408 0.5750508 139 162 216 255
-0.1381696 0.105942324 0.5656806 -0.6714605 0.46739417 0.57505083 140 161 215 255
-0.14776051 0.11888264 0.543964 -0.6714605 0.46739408 0.5750508 140 161 215 255
-0.15735143 0.13182297 0.52224743 -0.67146057 0.46739408 0.5750508 140 161 215 255
-0.16720554 0.1451184 0.49993485 -0.67146105 0.46739352 0.5750507 139 160 214 255
-0.17679192 0.15805261 0.4782285 -0.6714605 0.46739408 0.5750508 139 160 214 255
-0.1863783 0.1709868 0.45652217 -0.6714605 0.46739417 0.57505083 139 160 214 255
-0.19596468 0.18392101 0.43481582 -0.6714606 0.46739402 0.5750508 139 160 214 255
-0.20524193 0.19643813 0.41380942 -0.6714607 0.4673939 0.5750507 139 160 214 255
-0.21417947 0.2084969 0.39357227 -0.67146116 0.46739343 0.57505065 139 160 214 255
-0.22346526 0.22102556 0.37254652 -0.6714612 0.46739328 0.5750506 139 160 214 255
-0.23242888 0.2331195 0.3522503 -0.67146116 0.4673935 0.57505065 138 160 213 255
-0.2415536 0.24543081 0.33158934 -0.6714605 0.46739408 0.57505083 137 160 213 255
-0.25093526 0.2580888 0.31034654 -0.67146075 0.46739385 0.5750507 137 160 213 255
-0.25980303 0.27005345 0.29026735 -0.67146116 0.46739343 0.57505065 137 160 213 255
0.016857564 -0.15532921 0.94289863 -0.48157248 0.014892893 0.8762797 191 191 191 255
0.054050356 -0.18055907 0.94981694 -0.650195 0.16243082 0.74220127 201 201 201 255
-0.2958839 0.2658544 0.23716426 -0.8373908 0.5415964 -0.07382379 180 180 180 255
-0.2878692 0.26566076 0.22241262 -0.5881688 0.55389345 -0.5892872 173 173 173 255
0.05554965 -0.18430209 0.95854044 -0.7854872 0.31340787 0.53365284 196 196 196 255
0.060855955 -0.1896786 0.9650326 -0.20498998 -0.18359214 0.9613912 197 197 197 255
0.066974044 -0.19211964 0.960876 0.8062557 -0.56002736 0.19058126 204 204 204 255
0.06170541 -0.18501107 0.94894636 0.80625445 -0.5600298 0.19057874 185 191 196 255
0.16328187 -0.22553965 0.8799361 0.35457233 -0.47846666 0.80333567 181 192 195 255
0.0050303936 -0.1437597 0.9297117 -0.72794044 0.24314833 0.6410784 199 199 199 255
-0.29441586 0.26026133 0.25167874 -0.83139634 0.38458496 0.40109167 155 166 194 255
-0.2663006 0.25796843 0.20492935 -0.8196979 0.5539123 -0.14586467 180 180 180 255
-0.27248862 0.2663175 0.19091783 -0.8062517 0.5600331 -0.19058084 183 183 183 255
-0.26327658 0.26042888 0.1914063 0.2279998 0.16858052 -0.958956 187 187 187 255
-0.22568896 0.24543163 0.16586947 -0.3547223 0.47859973 -0.80319005 192 192 192 255
-0.1715227 0.22381955 0.12906946 -0.35472104 0.47859925 -0.80319095 210 210 210 255
-0.26652277 0.26393712 0.18686467 0.22798893 0.1685877 -0.9589574 179 179 179 255
-0.144709 0.058272764 0.59065837 -0.7854876 0.31340674 0.5336529 139 161 216 255
-0.06983931 -0.042743474 0.760185 -0.78548735 0.31340727 0.5336531 90 90 90 255
-0.032404467 -0.093251556 0.8449483 -0.78548753 0.31340683 0.5336529 209 209 209 255
-0.22141817 0.16177087 0.41696662 -0.78548783 0.31340647 0.5336528 139 160 214 255
-0.25791702 0.21101609 0.3343227 -0.7854874 0.31340694 0.5336529 137 160 213 255
-0.18307267 0.11003406 0.5037919 -0.7854873 0.3134073 0.533653 140 161 215 255
-0.107274175 0.0077646673 0.67542166 -0.7854873 0.3134073 0.533653 208 208 208 255
-0.050186038 -0.06926021 0.8046857 -0.78548735 0.3134071 0.533653 124 124 124 255
-0.013251781 -0.11909288 0.88831556 -0.7854876 0.31340674 0.5336529 86 86 86 255
-0.08855674 -0.017489403 0.71780336 -0.78548735 0.31340718 0.533653 208 208 208 255
-0.12647152 0.03366624 0.63195336 -0.7854876 0.31340674 0.5336529 208 208 208 255
-0.16389084 0.08415343 0.5472251 -0.785488 0.31340608 0.53365266 140 161 212 255
-0.20224541 0.13590246 0.4603793 -0.78548765 0.31340656 0.5336528 21 18 18 255
-0.2396676 0.18639347 0.37564462 -0.78548765 0.31340665 0.5336528 135 157 203 255
-0.27616644 0.23563871 0.2930007 -0.78548723 0.31340727 0.533653 144 165 221 255
-0.004110694 -0.13142627 0.9090136 -0.7854885 0.3134053 0.5336524 88 88 88 255
-0.022828102 -0.106172234 0.866632 -0.78548753 0.31340688 0.5336529 209 209 209 255
-0.041295245 -0.08125591 0.82481706 -0.7854872 0.3134073 0.533653 88 88 88 255
-0.06001267 -0.056001842 0.78243536 -0.7854871 0.31340757 0.53365314 111 111 111 255
-0.07919803 -0.030116409 0.7389942 -0.7854871 0.31340748 0.53365314 88 88 88 255
-0.097915456 -0.004862368 0.69661254 -0.78548735 0.3134072 0.533653 208 208 208 255
-0.11687285 0.02071546 0.6536875 -0.7854876 0.3134067 0.53365284 208 208 208 255
-0.13559026 0.0459695 0.61130583 -0.78548783 0.3134064 0.5336528 208 208 208 255
-0.15429993 0.0712131 0.5689417 -0.78548753 0.3134069 0.5336529 140 161 215 255
-0.17348175 0.09709373 0.5255085 -0.78548735 0.3134072 0.533653 145 164 221 255
-0.19318998 0.123684615 0.48088342 -0.78548723 0.31340727 0.533653 139 160 214 255
-0.21236274 0.14955303 0.43747073 -0.78548735 0.31340718 0.533653 139 160 214 255
-0.23054288 0.17408219 0.39630562 -0.78548753 0.31340688 0.5336529 139 160 214 255
-0.2487923 0.19870478 0.35498366 -0.78548735 0.3134071 0.53365296 139 160 214 255
-0.26704174 0.22332741 0.31366166 -0.7854873 0.31340724 0.533653 138 161 214 255
-0.28529114 0.24795002 0.27233973 -0.78548753 0.31340677 0.53365284 137 160 213 255
0.00045984983 -0.13759297 0.9193626 -0.7854878 0.3134065 0.5336528 87 87 87 255
-0.008681238 -0.12525961 0.8986646 -0.78548735 0.3134072 0.533653 209 209 209 255
-0.018039942 -0.11263257 0.8774738 -0.7854878 0.31340644 0.5336527 86 86 86 255
-0.027616292 -0.099711895 0.85579014 -0.7854874 0.31340697 0.5336529 209 209 209 255
-0.03684987 -0.08725372 0.8348827 -0.7854879 0.3134064 0.5336528 89 89 89 255
-0.045740634 -0.07525805 0.8147514 -0.78548753 0.3134069 0.5336529 88 88 88 255
-0.055099353 -0.06263104 0.79356056 -0.7854875 0.3134069 0.5336529 209 209 209 255
-0.064926 -0.049372643 0.7713102 -0.7854874 0.313407 0.53365296 90 90 90 255
-0.07451868 -0.03642994 0.74958956 -0.78548765 0.3134067 0.5336529 88 88 88 255
-0.083877385 -0.023802906 0.7283988 -0.78548783 0.31340647 0.5336528 83 83 83 255
-0.0932361 -0.011175901 0.7072079 -0.7854876 0.31340677 0.5336529 208 208 208 255
-0.10259481 0.0014511347 0.68601716 -0.78548783 0.3134065 0.5336528 208 208 208 255
-0.11207351 0.014240056 0.6645546 -0.7854876 0.3134067 0.53365284 208 208 208 255
-0.12167218 0.02719085 0.6428204 -0.78548735 0.31340706 0.53365296 208 208 208 255
-0.13103089 0.03981787 0.6216296 -0.7854878 0.31340662 0.53365284 208 208 208 255
-0.14014024 0.05210845 0.6010034 -0.7854879 0.31340623 0.53365266 208 208 208 255
-0.14950447 0.06474292 0.57980007 -0.7854871 0.31340766 0.5336532 140 161 215 255
-0.15909538 0.077683255 0.5580834 -0.7854871 0.3134077 0.5336532 140 161 215 255
-0.1686863 0.09062357 0.5363668 -0.78548735 0.3134071 0.53365296 21 20 22 255
-0.17827721 0.103563905 0.5146502 -0.78548735 0.31340718 0.533653 140 161 215 255
-0.18813133 0.11685933 0.4923377 -0.78548765 0.3134067 0.53365284 139 160 214 255
-0.1977177 0.12979354 0.47063136 -0.78548783 0.3134064 0.5336528 139 162 216 255
-0.20730408 0.14272773 0.44892502 -0.78548735 0.31340718 0.533653 144 165 222 255
-0.21689045 0.15566194 0.42721868 -0.7854878 0.31340647 0.5336528 139 160 214 255
-0.22616771 0.16817906 0.40621227 -0.7854874 0.313407 0.53365296 139 160 214 255
-0.23510525 0.18023783 0.38597512 -0.7854876 0.31340677 0.5336529 6 8 6 255
-0.24439104 0.19276649 0.36494938 -0.7854876 0.31340674 0.5336529 119 139 182 255
-0.25335467 0.20486043 0.34465316 -0.7854876 0.31340674 0.5336529 137 160 213 255
-0.26247936 0.21717174 0.3239922 -0.78548735 0.31340718 0.533653 137 160 213 255
-0.27186102 0.22982973 0.3027494 -0.7854873 0.31340724 0.533653 5 4 6 255
-0.2807288 0.24179436 0.2826702 -0.7854876 0.31340677 0.5336529 137 160 213 255
0.001964122 -0.18482243 0.93190193 -0.55288684 -0.12632991 0.8236242 209 209 209 255
0.041959822 -0.2045018 0.9408898 -0.7304918 0.0034211047 0.68291277 207 207 207 255
-0.31086442 0.2361887 0.22610325 -0.9034693 0.41074193 -0.12261409 158 158 158 255
-0.30165672 0.23835747 0.21223247 -0.61509395 0.5005747 -0.6091669 158 158 158 255
0.04326591 -0.20862739 0.94947064 -0.86933154 0.14737159 0.47174588 207 207 207 255
0.048772424 -0.21360743 0.9561106 -0.2566817 -0.28595978 0.92322344 205 205 205 255
0.055543587 -0.2147553 0.9524362 0.86553955 -0.44262818 0.23435363 203 203 203 255
0.050274953 -0.20764673 0.9405066 0.86554056 -0.44262686 0.23435241 180 186 190 255
0.16269371 -0.22670427 0.8795019 0.35470396 -0.4785837 0.80320776 153 167 177 255
-0.01035589 -0.17422895 0.9183511 -0.8109548 0.07875599 0.5797842 209 209 209 255
-0.30980211 0.22979207 0.24031815 -0.9142034 0.22060399 0.3399499 145 156 186 255
-0.27768335 0.23542738 0.19652486 -0.8817118 0.43110704 -0.19165297 170 170 170 255
-0.2838714 0.24377646 0.18251334 -0.8655392 0.44262776 -0.23435573 171 171 171 255
-0.27388895 0.23941332 0.18357056 0.28139842 0.27455837 -0.9194741 176 176 176 255
-0.23228921 0.23236123 0.16099612 -0.35472244 0.47859943 -0.8031903 190 190 190 255
-0.1723412 0.22219862 0.12846509 -0.35472187 0.47860003 -0.8031902 211 211 211 255
-0.27726865 0.24265714 0.17893034 0.2813862 0.27456313 -0.91947633 169 169 169 255
-0.16009529 0.02780351 0.5792978 -0.86933106 0.14737272 0.47174639 140 161 215 255
-0.0852256 -0.07321273 0.7488245 -0.86933094 0.14737308 0.4717466 210 210 210 255
-0.04779075 -0.12372081 0.8335877 -0.8693312 0.1473724 0.47174627 210 210 210 255
-0.23680446 0.13130161 0.40560603 -0.86933154 0.14737171 0.47174597 139 160 214 255
-0.2733033 0.18054685 0.3229621 -0.86933136 0.14737222 0.47174624 137 160 213 255
-0.19845895 0.07956481 0.49243134 -0.8693312 0.14737235 0.47174624 140 161 215 255
-0.12266046 -0.022704586 0.66406107 -0.8693314 0.1473719 0.4717461 208 208 208 255
-0.06557232 -0.09972946 0.7933251 -0.8693314 0.14737174 0.47174597 100 100 100 255
-0.02863808 -0.14956214 0.876955 -0.86933154 0.14737152 0.4717459 43 43 43 255
-0.10394302 -0.047958657 0.7064428 -0.8693307 0.1473736 0.47174674 208 208 208 255
-0.1418578 0.0031969845 0.6205927 -0.8693313 0.14737208 0.47174612 208 208 208 255
-0.17927712 0.053684175 0.5358646 -0.86933154 0.14737184 0.4717461 34 35 39 255
-0.2176317 0.10543321 0.44901872 -0.8693312 0.14737228 0.47174624 144 162 213 255
-0.25505388 0.15592423 0.36428404 -0.8693312 0.14737245 0.47174633 57 64 84 255
-0.29155272 0.20516947 0.2816401 -0.8693312 0.14737256 0.47174633 139 162 216 255
-0.019496977 -0.16189553 0.89765304 -0.86933166 0.14737129 0.4717458 57 57 57 255
-0.0382144 -0.13664149 0.8552714 -0.8693312 0.14737256 0.47174633 209 209 209 255
-0.05668153 -0.11172517 0.8134565 -0.8693307 0.14737366 0.4717468 209 209 209 255
-0.07539895 -0.086471096 0.7710748 -0.86933136 0.14737214 0.47174615 71 71 71 255
-0.094584316 -0.060585663 0.7276336 -0.86933064 0.14737374 0.4717468 209 209 209 255
-0.11330174 -0.03533162 0.68525195 -0.8693307 0.1473736 0.47174674 208 208 208 255
-0.13225913 -0.009753779 0.64232695 -0.86933136 0.14737205 0.47174612 208 208 208 255
-0.15097654 0.0155002475 0.5999453 -0.86933106 0.14737278 0.47174639 208 208 208 255
-0.16968621 0.040743843 0.5575812 -0.8693314 0.14737195 0.4717461 140 161 215 255
-0.18886803 0.06662448 0.514148 -0.8693312 0.14737235 0.47174624 142 165 217 255
-0.20857626 0.09321536 0.46952283 -0.8693312 0.14737228 0.47174624 140 164 217 255
-0.22774902 0.11908378 0.42611015 -0.86933136 0.14737199 0.47174612 140 161 216 255
-0.24592917 0.14361294 0.38494503 -0.86933136 0.14737198 0.4717461 126 142 186 255
-0.26417857 0.16823554 0.34362307 -0.86933106 0.1473728 0.47174644 139 160 214 255
-0.28242803 0.19285816 0.30230108 -0.8693314 0.14737189 0.4717461 2 4 1 255
-0.30067742 0.21748076 0.26097915 -0.8693311 0.14737257 0.47174633 137 160 213 255
-0.014926434 -0.16806222 0.908002 -0.8693312 0.14737247 0.47174633 56 56 56 255
-0.024067536 -0.15572886 0.887304 -0.8693312 0.14737247 0.47174633 209 209 209 255
-0.03342624 -0.14310183 0.8661132 -0.86933106 0.14737295 0.4717465 42 42 42 255
-0.04300259 -0.13018115 0.84442955 -0.8693312 0.14737251 0.47174633 209 209 209 255
-0.052236155 -0.11772297 0.8235221 -0.8693311 0.1473725 0.47174633 208 208 208 255
-0.061126918 -0.1057273 0.8033908 -0.8693311 0.1473725 0.47174633 212 212 212 255
-0.07048564 -0.093100294 0.7822 -0.8693312 0.14737256 0.47174633 209 209 209 255
-0.08031228 -0.0798419 0.75994956 -0.86933154 0.1473717 0.471746 211 211 211 255
-0.089904964 -0.066899195 0.73822904 -0.86933136 0.14737192 0.4717461 44 44 44 255
-0.09926367 -0.05427216 0.71703815 -0.86933106 0.14737272 0.47174639 209 209 209 255
-0.10862239 -0.041645154 0.6958474 -0.86933094 0.14737298 0.4717465 208 208 208 255
-0.11798109 -0.029018119 0.6746565 -0.8693311 0.1473725 0.47174633 208 208 208 255
-0.1274598 -0.016229197 0.653194 -0.8693314 0.14737177 0.47174597 208 208 208 255
-0.13705847 -0.0032784045 0.63145983 -0.86933136 0.14737216 0.4717462 208 208 208 255
-0.14641717 0.009348616 0.610269 -0.8693313 0.14737217 0.47174615 208 208 208 255
-0.15552652 0.021639198 0.58964276 -0.8693311 0.1473726 0.47174633 145 163 212 255
-0.16489075 0.03427367 0.5684395 -0.86933106 0.14737278 0.47174639 140 161 215 255
-0.17448166 0.047214 0.5467229 -0.8693309 0.14737314 0.4717466 138 162 217 255
-0.18407257 0.06015432 0.5250063 -0.8693311 0.14737271 0.47174639 37 43 51 255
-0.1936635 0.07309465 0.5032897 -0.8693311 0.1473725 0.47174633 139 161 214 255
-0.2035176 0.08639008 0.48097712 -0.8693312 0.1473724 0.47174627 139 160 214 255
-0.21310398 0.099324286 0.45927078 -0.86933136 0.14737202 0.47174612 59 65 82 255
-0.22269036 0.112258494 0.43756443 -0.86933136 0.14737222 0.4717462 126 147 193 255
-0.23227674 0.1251927 0.4158581 -0.86933154 0.14737183 0.47174603 139 160 214 255
-0.24155399 0.13770983 0.39485168 -0.8693311 0.14737245 0.47174627 139 160 214 255
-0.25049153 0.14976859 0.37461454 -0.8693312 0.14737256 0.47174633 35 41 50 255
-0.25977734 0.16229723 0.3535888 -0.8693311 0.14737268 0.47174639 8 9 11 255
-0.26874095 0.17439118 0.33329257 -0.8693311 0.14737257 0.47174633 137 160 213 255
-0.27786565 0.1867025 0.3126316 -0.86933136 0.14737199 0.47174612 137 160 213 255
-0.2872473 0.19936049 0.2913888 -0.8693311 0.14737247 0.47174627 15 21 22 255
-0.29611507 0.21132511 0.2713096 -0.8693311 0.1473726 0.47174633 138 163 215 255
-0.006994933 -0.21532167 0.9176849 -0.595786 -0.2723696 0.7555487 203 203 203 255
0.034686863 -0.22926117 0.92934835 -0.7787928 -0.1610161 0.6062637 194 194 194 255
-0.31987584 0.20551103 0.21180308 -0.9432165 0.2754294 -0.18569103 151 151 151 255
-0.3099505 0.21012281 0.19907108 -0.63128865 0.4454409 -0.6348678 156 156 156 255
0.035876736 -0.23378243 0.93774474 -0.91976815 -0.024323508 0.3917077 197 197 197 255
0.041503653 -0.23835246 0.9445759 -0.2877808 -0.3918103 0.87388045 197 197 197 255
0.04866761 -0.238163 0.9415249 0.90120435 -0.3212157 0.2909486 196 196 196 255
0.043398976 -0.23105443 0.9295953 0.9012036 -0.32121602 0.2909508 175 180 185 255
0.16233988 -0.22790861 0.8789406 0.35487786 -0.4787383 0.8030388 138 150 157 255
-0.019611403 -0.2057375 0.90366364 -0.86089176 -0.09124283 0.5005398 204 204 204 255
-0.31905764 0.19828352 0.2256307 -0.9640148 0.05103095 0.2609043 141 152 183 255
-0.28453058 0.21211748 0.18565914 -0.91901445 0.3041179 -0.25084776 163 163 163 255
-0.29071864 0.22046654 0.17164762 -0.90120316 0.3212173 -0.2909505 167 167 167 255
-0.28027272 0.21768095 0.17344017 0.31248862 0.384418 -0.868662 164 164 164 255
-0.23625956 0.21884502 0.15469564 -0.35472265 0.47859928 -0.80319023 189 189 189 255
-0.17283355 0.22052246 0.12768373 -0.354721 0.47859922 -0.803191 210 210 210 255
-0.28373277 0.2206513 0.16867249 0.3124881 0.3844176 -0.8686623 170 170 170 255
-0.16935079 -0.0037050396 0.56461036 -0.91976696 -0.024326308 0.3917102 140 161 215 255
-0.094481096 -0.10472128 0.734137 -0.91976696 -0.024326148 0.39171025 55 55 55 255
-0.05704625 -0.15522936 0.8189002 -0.91976696 -0.024326071 0.39171034 209 209 209 255
-0.24605997 0.09979306 0.39091855 -0.91976696 -0.02432603 0.39171037 139 160 214 255
-0.2825588 0.14903829 0.30827463 -0.919767 -0.024326388 0.3917102 137 160 213 255
-0.20771445 0.04805626 0.4777439 -0.91976696 -0.024326226 0.3917102 140 161 215 255
-0.13191596 -0.054213136 0.64937365 -0.91976696 -0.024326388 0.39171013 208 208 208 255
-0.07482782 -0.13123801 0.77863765 -0.91976684 -0.024325868 0.39171043 213 213 213 255
-0.03789358 -0.18107069 0.8622675 -0.91976696 -0.024326308 0.3917102 197 197 197 255
-0.11319852 -0.07946721 0.6917553 -0.919767 -0.024326429 0.39171013 208 208 208 255
-0.1511133 -0.02831155 0.6059053 -0.91976696 -0.024326308 0.3917102 208 208 208 255
-0.18853264 0.022175625 0.5211771 -0.919767 -0.024326669 0.39170998 26 28 31 255
-0.22688721 0.07392466 0.43433124 -0.91976684 -0.024325749 0.39171046 16 15 13 255
-0.26430938 0.12441568 0.34959662 -0.919767 -0.024326468 0.39171013 112 125 164 255
-0.30080822 0.1736609 0.26695266 -0.91976684 -0.024325753 0.39171052 112 129 170 255
-0.02875249 -0.19340408 0.88296556 -0.9197671 -0.024326831 0.39170995 176 176 176 255
-0.0474699 -0.16815004 0.8405839 -0.9197667 -0.024324708 0.39171103 209 209 209 255
-0.06593703 -0.14323372 0.798769 -0.91976696 -0.024326308 0.3917102 139 139 139 255
-0.08465445 -0.117979646 0.75638735 -0.9197667 -0.024324907 0.3917109 153 153 153 255
-0.103839815 -0.09209421 0.7129462 -0.91976696 -0.02432627 0.39171025 208 208 208 255
-0.12255724 -0.06684017 0.67056453 -0.9197672 -0.024327388 0.39170963 208 208 208 255
-0.14151463 -0.04126233 0.6276395 -0.919767 -0.024326708 0.39170998 208 208 208 255
-0.16023204 -0.016008303 0.5852578 -0.91976696 -0.024325911 0.39171043 196 202 212 255
-0.17894171 0.009235293 0.5428937 -0.919767 -0.024326708 0.39170998 140 161 215 255
-0.19812353 0.035115927 0.49946052 -0.91976696 -0.024325911 0.39171043 145 166 217 255
-0.21783176 0.06170681 0.45483536 -0.91976684 -0.024325749 0.39171046 139 160 214 255
-0.23700452 0.08757523 0.4114227 -0.91976696 -0.024326071 0.39171034 139 160 214 255
-0.25518468 0.112104386 0.3702576 -0.91976684 -0.024325388 0.39171067 144 165 220 255
-0.2734341 0.13672698 0.32893562 -0.91976684 -0.02432579 0.3917105 137 160 213 255
-0.29168352 0.16134961 0.28761363 -0.91976696 -0.02432595 0.39171043 28 27 36 255
-0.30993295 0.18597221 0.24629168 -0.91976696 -0.024326108 0.3917103 137 160 213 255
-0.024181947 -0.19957078 0.8933146 -0.91976684 -0.02432571 0.39171055 166 166 166 255
-0.033323035 -0.18723741 0.8726165 -0.91976655 -0.024324428 0.39171118 209 209 209 255
-0.04268174 -0.17461038 0.85142577 -0.9197667 -0.024324628 0.39171106 176 176 176 255
-0.05225809 -0.1616897 0.8297421 -0.9197667 -0.02432467 0.39171106 209 209 209 255
-0.061491653 -0.14923152 0.8088347 -0.91976684 -0.024325749 0.39171046 211 211 211 255
-0.070382416 -0.13723585 0.7887033 -0.91976696 -0.024326148 0.39171025 201 201 201 255
-0.079741135 -0.124608845 0.76751256 -0.919767 -0.02432647 0.39171013 209 209 209 255
-0.08956778 -0.11135045 0.74526215 -0.91976696 -0.024326308 0.3917102 51 51 51 255
-0.09916046 -0.098407745 0.72354156 -0.919767 -0.024326509 0.3917101 114 114 114 255
-0.10851917 -0.08578071 0.70235074 -0.9197671 -0.024327228 0.39170974 208 208 208 255
-0.117877886 -0.073153704 0.6811599 -0.9197671 -0.024327228 0.39170974 208 208 208 255
-0.12723659 -0.06052667 0.6599691 -0.9197671 -0.02432699 0.39170986 208 208 208 255
-0.1367153 -0.047737747 0.63850653 -0.919767 -0.02432675 0.39170995 208 208 208 255
-0.14631397 -0.03478694 0.6167724 -0.91976696 -0.02432619 0.3917103 208 208 208 255
-0.15567267 -0.022159934 0.59558153 -0.91976696 -0.024326108 0.3917103 208 208 208 255
-0.16478202 -0.009869352 0.57495534 -0.919767 -0.024326708 0.39170998 141 162 216 255
-0.17414625 0.002765119 0.55375206 -0.91976684 -0.02432567 0.39171058 140 161 215 255
-0.18373716 0.015705451 0.5320354 -0.91976684 -0.024325788 0.39171046 140 161 215 255
-0.19332808 0.028645769 0.5103188 -0.91976696 -0.024325991 0.39171037 66 75 96 255
-0.20291899 0.0415861 0.48860222 -0.91976684 -0.024325589 0.39171058 140 161 215 255
-0.21277311 0.054881528 0.46628964 -0.91976696 -0.024326146 0.39171028 139 160 214 255
-0.22235948 0.067815736 0.4445833 -0.91976696 -0.024326071 0.39171034 122 140 184 255
-0.23194586 0.080749944 0.42287695 -0.91976696 -0.02432595 0.39171043 139 162 216 255
-0.24153224 0.09368414 0.40117064 -0.91976696 -0.024326108 0.3917103 139 160 214 255
-0.2508095 0.106201276 0.38016424 -0.9197668 -0.024325429 0.39171064 139 160 214 255
-0.25974703 0.118260026 0.3599271 -0.91976696 -0.024326228 0.39171022 15 15 16 255
-0.26903284 0.13078868 0.33890134 -0.91976684 -0.02432567 0.39171058 139 160 214 255
-0.27799645 0.14288265 0.31860512 -0.91976696 -0.024326228 0.39171022 137 160 213 255
-0.28712115 0.15519395 0.29794413 -0.919767 -0.024326509 0.3917101 137 160 213 255
-0.2965028 0.16785192 0.27670136 -0.91976696 -0.024326308 0.3917102 11 11 18 255
-0.30537057 0.17981656 0.25662217 -0.91976696 -0.024326146 0.39171028 137 160 213 255
-0.009675309 -0.24565478 0.9007941 -0.6086214 -0.4176159 0.674668 188 188 188 255
0.03251092 -0.25388575 0.9156363 -0.79324347 -0.32455772 0.515196 188 188 188 255
-0.32257187 0.17500043 0.19481337 -0.95510894 0.14084868 -0.26063082 140 140 140 255
-0.31243184 0.18204182 0.18343425 -0.6361334 0.39060616 -0.665403 152 152 152 255
0.033666015 -0.2588007 0.92381346 -0.9348576 -0.19508427 0.2966197 191 191 191 255
0.039328963 -0.26296264 0.9308718 -0.29708424 -0.49709415 0.8152535 187 187 187 255
0.046610475 -0.26144314 0.92856145 0.9118753 -0.20046626 0.35818514 187 187 187 255
0.04134184 -0.25433457 0.9166318 0.9118734 -0.20046856 0.35818875 169 175 180 255
0.16223404 -0.22910643 0.87827355 0.3546942 -0.47857472 0.8032174 126 138 145 255
-0.022380516 -0.23707461 0.8862137 -0.8758318 -0.2603141 0.40639284 201 201 201 255
-0.32182676 0.16694641 0.20818073 -0.97891736 -0.11761785 0.1669929 139 150 178 255
-0.28657916 0.18893449 0.17274977 -0.93017507 0.1778154 -0.32117906 156 156 156 255
-0.2927672 0.19728357 0.15873826 -0.91187346 0.20046566 -0.35819042 161 161 161 255
-0.28218272 0.19606686 0.16140446 0.32006824 0.49352843 -0.80869395 164 164 164 255
-0.23744738 0.20540243 0.14721015 -0.35472244 0.4785988 -0.8031905 186 186 186 255
-0.17298087 0.21885541 0.12675546 -0.35472092 0.47859913 -0.803191 214 214 214 255
-0.2856667 0.19876528 0.15648532 0.32006785 0.49352998 -0.80869323 166 166 166 255
-0.1721199 -0.035042137 0.5471604 -0.9348561 -0.19508772 0.29662222 140 161 215 255
-0.09725021 -0.13605839 0.716687 -0.9348561 -0.1950872 0.2966225 116 116 116 255
-0.059815362 -0.18656647 0.8014503 -0.9348561 -0.19508792 0.29662207 209 209 209 255
-0.24882907 0.068455964 0.37346858 -0.9348561 -0.19508795 0.29662207 139 160 214 255
-0.2853279 0.11770119 0.29082465 -0.9348561 -0.1950874 0.2966224 137 160 213 255
-0.21048357 0.016719162 0.46029392 -0.9348561 -0.19508743 0.29662234 139 160 214 255
-0.13468507 -0.08555025 0.6319237 -0.9348561 -0.1950875 0.2966223 208 208 208 255
-0.07759693 -0.16257513 0.76118773 -0.9348561 -0.19508715 0.2966225 211 211 211 255
-0.04066269 -0.21240777 0.8448176 -0.9348562 -0.19508776 0.29662222 199 199 199 255
-0.11596763 -0.11080432 0.6743053 -0.9348561 -0.19508679 0.29662275 208 208 208 255
-0.15388241 -0.059648663 0.5884553 -0.9348561 -0.19508712 0.2966225 208 208 208 255
-0.19130173 -0.009161472 0.50372714 -0.9348561 -0.19508843 0.29662174 120 131 170 255
-0.22965631 0.042587563 0.41688126 -0.9348562 -0.19508758 0.29662228 25 28 37 255
-0.2670785 0.09307858 0.33214664 -0.9348561 -0.19508748 0.29662234 139 160 214 255
-0.30357733 0.14232382 0.24950269 -0.9348561 -0.19508776 0.29662216 137 160 212 255
-0.031521603 -0.22474116 0.86551565 -0.9348561 -0.19508831 0.29662186 173 173 173 255
-0.05023901 -0.19948715 0.823134 -0.9348562 -0.19508702 0.2966226 209 209 209 255
-0.06870614 -0.1745708 0.7813191 -0.9348561 -0.19508664 0.29662284 106 106 106 255
-0.08742356 -0.14931673 0.7389374 -0.9348562 -0.19508761 0.29662225 208 208 208 255
-0.10660893 -0.123431325 0.6954962 -0.9348561 -0.19508708 0.29662254 45 45 45 255
-0.12532635 -0.098177254 0.65311456 -0.9348561 -0.19508688 0.29662266 208 208 208 255
-0.14428374 -0.07259944 0.6101895 -0.9348561 -0.19508767 0.29662222 208 208 208 255
-0.16300115 -0.0473454 0.56780785 -0.9348561 -0.19508772 0.29662222 140 162 217 255
-0.18171082 -0.022101805 0.52544373 -0.9348561 -0.19508812 0.29662195 140 161 215 255
-0.20089264 0.0037788302 0.48201054 -0.9348561 -0.19508795 0.29662207 140 161 215 255
-0.22060087 0.030369714 0.43738538 -0.9348562 -0.19508761 0.29662225 141 164 217 255
-0.23977363 0.056238115 0.39397272 -0.9348561 -0.19508748 0.2966223 139 160 214 255
-0.2579538 0.080767274 0.3528076 -0.9348561 -0.19508772 0.29662222 88 101 134 255
-0.27620322 0.10538988 0.31148565 -0.9348561 -0.19508764 0.29662222 139 160 214 255
-0.29445264 0.13001251 0.27016366 -0.9348561 -0.19508748 0.29662234 115 134 178 255
-0.31270203 0.15463512 0.2288417 -0.9348561 -0.1950874 0.2966224 137 160 213 255
-0.02695106 -0.23090786 0.8758646 -0.9348562 -0.19508632 0.29662305 94 94 94 255
-0.036092147 -0.21857452 0.8551666 -0.9348561 -0.19508627 0.29662305 209 209 209 255
-0.04545085 -0.20594746 0.8339758 -0.9348562 -0.19508664 0.29662284 173 173 173 255
-0.0550272 -0.19302678 0.81229216 -0.9348562 -0.19508697 0.29662266 209 209 209 255
-0.064260766 -0.18056864 0.7913847 -0.9348561 -0.19508728 0.29662248 210 210 210 255
-0.07315153 -0.16857296 0.7712534 -0.9348561 -0.19508728 0.29662248 211 211 211 255
-0.08251025 -0.15594596 0.7500626 -0.9348561 -0.19508804 0.29662198 209 209 209 255
-0.09233689 -0.14268756 0.7278122 -0.9348561 -0.19508764 0.29662222 208 208 208 255
-0.101929575 -0.12974483 0.7060916 -0.9348561 -0.19508743 0.29662234 44 44 44 255
-0.11128828 -0.11711782 0.68490076 -0.9348561 -0.19508779 0.29662216 202 202 202 255
-0.120647 -0.10449082 0.66370994 -0.9348561 -0.19508807 0.29662198 208 208 208 255
-0.1300057 -0.09186375 0.6425191 -0.9348562 -0.19508761 0.29662225 208 208 208 255
-0.1394844 -0.07907486 0.62105656 -0.9348561 -0.1950874 0.2966224 208 208 208 255
-0.14908308 -0.06612405 0.59932244 -0.9348561 -0.1950874 0.2966224 208 208 208 255
-0.15844178 -0.053497016 0.57813156 -0.9348562 -0.1950873 0.29662248 208 209 210 255
-0.16755113 -0.04120645 0.55750537 -0.9348561 -0.19508776 0.29662216 141 162 216 255
-0.17691536 -0.028571978 0.5363021 -0.9348561 -0.19508688 0.29662266 140 161 215 255
-0.18650627 -0.015631646 0.51458544 -0.9348561 -0.19508755 0.2966223 106 122 157 255
-0.1960972 -0.0026913285 0.49286884 -0.9348561 -0.19508715 0.2966225 43 49 63 255
-0.2056881 0.010249004 0.47115225 -0.9348562 -0.19508733 0.29662243 140 161 215 255
-0.21554223 0.02354443 0.44883966 -0.9348561 -0.19508828 0.2966219 139 160 214 255
-0.22512859 0.03647864 0.42713332 -0.9348561 -0.19508752 0.2966223 19 20 17 255
-0.23471497 0.049412847 0.40542698 -0.9348561 -0.19508755 0.2966223 139 160 214 255
-0.24430135 0.06234704 0.38372067 -0.9348561 -0.1950874 0.2966224 139 160 214 255
-0.2535786 0.07486418 0.36271426 -0.9348561 -0.19508807 0.29662195 21 19 19 255
-0.26251614 0.08692293 0.3424771 -0.9348561 -0.19508724 0.29662248 139 160 214 255
-0.27180195 0.09945159 0.32145137 -0.9348562 -0.19508761 0.29662228 139 160 214 255
-0.28076556 0.11154553 0.30115515 -0.9348561 -0.19508728 0.29662248 137 160 213 255
-0.28989026 0.12385685 0.28049415 -0.9348561 -0.19508776 0.29662216 19 24 29 255
-0.2992719 0.13651483 0.2592514 -0.9348561 -0.19508784 0.29662213 65 75 97 255
-0.30813968 0.14847946 0.23917219 -0.9348561 -0.1950874 0.2966224 137 160 213 255
-0.00597398 -0.2746562 0.88187826 -0.59089726 -0.5564837 0.58409435 180 180 180 255
0.03551562 -0.27742922 0.90028036 -0.77329147 -0.48091176 0.4132119 178 178 178 255
-0.31884897 0.14582933 0.17578691 -0.93868786 0.012180782 -0.34455281 140 140 140 255
-0.30900544 0.15519372 0.16592297 -0.6294432 0.3381791 -0.6995971 145 145 145 255
0.036718667 -0.28272045 0.9082122 -0.91402 -0.35835212 0.19013442 177 177 177 255
0.042331994 -0.28649247 0.9155248 -0.28423074 -0.5977519 0.74960357 178 178 178 255
0.049451217 -0.28370124 0.9140438 0.89713997 -0.08501657 0.43348813 180 180 180 255
0.044182584 -0.27659267 0.90211415 0.89714015 -0.08501945 0.4334875 164 170 175 255
0.16238025 -0.23025163 0.8775266 0.35470992 -0.4785886 0.8032022 133 145 152 255
-0.018556759 -0.26703584 0.8666719 -0.85520065 -0.42196646 0.30095887 191 191 191 255
-0.318003 0.13698518 0.18863896 -0.9583388 -0.27886316 0.06182241 178 178 178 255
-0.2837503 0.16676933 0.15829282 -0.9147638 0.05706208 -0.399939 156 156 156 255
-0.28993833 0.1751184 0.1442813 -0.89713925 0.08501863 -0.4334894 157 157 157 255
-0.2795453 0.1754017 0.14792588 0.30397296 0.5973471 -0.7421434 164 164 164 255
-0.2358071 0.19254996 0.13882732 -0.3547225 0.47859856 -0.8031907 183 183 183 255
-0.1727774 0.21726152 0.12571584 -0.35471597 0.47859472 -0.8031959 214 214 214 255
-0.28299618 0.17784014 0.1428372 0.30396956 0.5973471 -0.74214476 164 164 164 255
-0.16829614 -0.065003365 0.5276186 -0.9140195 -0.35835326 0.19013451 140 161 215 255
-0.09342645 -0.16601962 0.6971452 -0.9140195 -0.3583536 0.19013427 43 43 43 255
-0.055991605 -0.2165277 0.7819085 -0.9140195 -0.35835356 0.19013438 209 209 209 255
-0.24500531 0.038494736 0.35392684 -0.9140195 -0.35835353 0.19013435 16 14 16 255
-0.28150415 0.08773996 0.27128288 -0.9140196 -0.3583531 0.19013464 135 153 202 255
-0.20665981 -0.013242066 0.44075215 -0.9140195 -0.35835332 0.19013447 139 160 215 255
-0.13086131 -0.11551148 0.6123819 -0.9140195 -0.35835326 0.19013451 208 208 208 255
-0.073773175 -0.19253635 0.74164593 -0.9140196 -0.3583531 0.19013464 124 124 124 255
-0.036838934 -0.242369 0.8252758 -0.9140195 -0.3583536 0.19013433 215 215 215 255
-0.112143874 -0.14076555 0.6547636 -0.9140197 -0.3583525 0.19013505 208 208 208 255
-0.15005866 -0.08960989 0.5689136 -0.91401935 -0.35835373 0.19013418 208 208 209 255
-0.18747798 -0.0391227 0.48418537 -0.91401947 -0.35835353 0.19013433 144 162 214 255
-0.22583255 0.012626335 0.3973395 -0.9140196 -0.35835317 0.19013463 63 75 94 255
-0.26325473 0.063117355 0.31260484 -0.9140195 -0.3583533 0.19013451 139 160 214 255
-0.29975358 0.112362586 0.2299609 -0.9140195 -0.35835332 0.19013447 137 160 213 255
-0.027697846 -0.2547024 0.84597385 -0.9140192 -0.3583544 0.1901337 52 52 52 255
-0.046415254 -0.22944838 0.8035922 -0.9140195 -0.35835326 0.19013451 209 209 209 255
-0.06488238 -0.20453203 0.7617773 -0.9140195 -0.3583533 0.1901345 86 86 86 255
-0.083599806 -0.17927796 0.7193956 -0.9140196 -0.35835293 0.19013476 208 208 208 255
-0.10278517 -0.15339255 0.6759544 -0.9140197 -0.3583525 0.19013505 211 211 211 255
-0.12150259 -0.12813848 0.63357276 -0.9140195 -0.35835344 0.1901344 208 208 208 255
-0.14045998 -0.10256067 0.5906477 -0.9140195 -0.3583533 0.19013451 208 208 208 255
-0.1591774 -0.07730663 0.54826605 -0.9140195 -0.35835338 0.19013447 141 162 216 255
-0.17788707 -0.052063048 0.50590193 -0.9140195 -0.3583536 0.1901343 142 162 211 255
-0.19706888 -0.026182398 0.46246877 -0.9140195 -0.35835338 0.19013447 140 161 215 255
-0.21677712 0.00040848553 0.41784364 -0.9140196 -0.35835308 0.19013464 81 98 121 255
-0.23594987 0.026276886 0.37443095 -0.9140195 -0.35835317 0.19013457 139 160 214 255
-0.25413004 0.050806046 0.33326584 -0.9140195 -0.35835353 0.19013436 13 12 12 255
-0.27237946 0.07542865 0.29194388 -0.9140195 -0.3583533 0.19013451 137 160 213 255
-0.29062885 0.100051284 0.25062189 -0.9140195 -0.3583534 0.19013442 4 5 4 255
-0.30887827 0.12467389 0.20929992 -0.9140196 -0.35835338 0.1901345 137 160 213 255
-0.023127303 -0.2608691 0.85632277 -0.9140196 -0.35835293 0.19013476 153 153 153 255
-0.03226839 -0.24853575 0.8356248 -0.9140197 -0.358353 0.19013476 209 209 209 255
-0.041627094 -0.23590869 0.81443393 -0.9140195 -0.35835353 0.19013436 50 50 50 255
-0.051203445 -0.22298801 0.79275036 -0.91401947 -0.35835373 0.19013418 209 209 209 255
-0.06043701 -0.21052986 0.77184284 -0.9140195 -0.3583533 0.1901345 209 209 209 255
-0.06932777 -0.19853419 0.7517116 -0.9140195 -0.3583533 0.1901345 85 85 85 255
-0.07868649 -0.18590719 0.7305207 -0.91401947 -0.35835367 0.19013424 209 209 209 255
-0.088513136 -0.17264879 0.70827043 -0.91401947 -0.35835376 0.19013417 208 208 208 255
-0.09810582 -0.15970606 0.6865498 -0.91401935 -0.35835406 0.19013396 62 62 62 255
-0.10746452 -0.14707905 0.665359 -0.9140195 -0.3583535 0.19013436 42 42 42 255
-0.11682324 -0.13445204 0.64416814 -0.9140195 -0.3583535 0.19013436 208 208 208 255
-0.12618195 -0.12182498 0.6229774 -0.9140195 -0.35835353 0.19013435 208 208 208 255
-0.13566065 -0.10903609 0.6015148 -0.9140195 -0.3583533 0.19013451 208 208 208 255
-0.14525932 -0.09608528 0.57978064 -0.9140195 -0.3583536 0.19013427 208 208 208 255
-0.15461802 -0.083458245 0.5585898 -0.9140196 -0.35835308 0.19013466 140 163 216 255
-0.16372737 -0.07116768 0.5379636 -0.91401947 -0.35835364 0.19013429 141 162 216 255
-0.1730916 -0.05853319 0.5167603 -0.9140197 -0.35835293 0.19013475 140 161 215 255
-0.18268251 -0.045592874 0.49504367 -0.9140197 -0.35835287 0.19013478 78 87 107 255
-0.19227344 -0.032652557 0.47332707 -0.9140196 -0.35835293 0.19013478 140 161 215 255
-0.20186435 -0.019712225 0.45161045 -0.9140195 -0.35835338 0.19013447 140 161 215 255
-0.21171847 -0.0064167976 0.4292979 -0.9140195 -0.3583536 0.19013432 141 162 215 255
-0.22130483 0.0065174103 0.40759158 -0.9140196 -0.35835317 0.19013464 62 68 86 255
-0.23089121 0.019451618 0.38588524 -0.9140195 -0.35835326 0.19013453 139 160 214 255
-0.24047759 0.03238581 0.3641789 -0.9140196 -0.35835317 0.19013464 139 160 214 255
-0.24975485 0.04490295 0.3431725 -0.9140195 -0.35835353 0.19013435 101 112 144 255
-0.25869238 0.0569617 0.32293534 -0.9140195 -0.35835332 0.19013447 137 156 205 255
-0.2679782 0.06949036 0.3019096 -0.9140195 -0.35835317 0.19013458 139 160 214 255
-0.2769418 0.081584305 0.28161338 -0.9140196 -0.35835326 0.19013458 139 162 217 255
-0.2860665 0.09389562 0.26095238 -0.9140196 -0.35835326 0.19013454 125 141 182 255
-0.29544815 0.1065536 0.23970962 -0.9140195 -0.35835317 0.19013458 137 160 213 255
-0.30431592 0.11851823 0.21963042 -0.9140195 -0.35835326 0.19013451 137 160 213 255
0.0039667487 -0.30121142 0.8616645 -0.5432983 -0.6836379 0.48730478 168 168 168 255
0.04358554 -0.29898685 0.8838708 -0.7196947 -0.62408584 0.30423075 169 169 169 255
-0.3088501 0.119118825 0.15545496 -0.8945837 -0.10563989 -0.43423522 140 140 140 255
-0.29980287 0.13061032 0.14721018 -0.61147225 0.2901724 -0.73613966 143 143 143 255
0.0449176 -0.3046225 0.8915404 -0.85805714 -0.50784874 0.07633786 170 170 170 255
0.050397173 -0.30803758 0.89912474 -0.24973188 -0.6899203 0.6794439 172 172 172 255
0.057080552 -0.30408198 0.89853007 0.85756934 0.020690156 0.5139521 170 170 170 255
0.05181192 -0.2969734 0.88660043 0.8575687 0.020684969 0.51395345 159 166 171 255
0.16277285 -0.2313002 0.87672836 0.35471007 -0.47858873 0.8032021 158 173 182 255
-0.008287057 -0.29446977 0.8457892 -0.7997922 -0.5699822 0.18828918 190 190 190 255
-0.3077333 0.10955122 0.16775629 -0.9030685 -0.4265098 -0.050564002 178 178 178 255
-0.27615276 0.14647377 0.14284387 -0.8733723 -0.05350853 -0.48410493 155 155 155 255
-0.2823408 0.15482284 0.12883237 -0.8575669 -0.02069148 -0.513956 157 157 157 255
-0.272462 0.15647966 0.13352248 0.26512375 0.69162214 -0.6718395 160 160 160 255
-0.23140171 0.18078157 0.12986928 -0.35472205 0.47859797 -0.80319124 183 183 183 255
-0.1722311 0.21580215 0.12460497 -0.35472363 0.47860157 -0.8031884 211 211 211 255
-0.27582377 0.15867999 0.12825257 0.26512298 0.69162244 -0.6718395 164 164 164 255
-0.15802643 -0.09243734 0.5067359 -0.85805714 -0.5078487 0.076339126 140 161 215 255
-0.08315674 -0.19345357 0.6762626 -0.8580569 -0.50784904 0.07633884 216 216 216 255
-0.045721903 -0.24396165 0.7610258 -0.8580571 -0.5078488 0.076339014 209 209 209 255
-0.23473561 0.011060759 0.33304417 -0.8580569 -0.50784904 0.07633879 60 64 88 255
-0.27123445 0.06030599 0.25040022 -0.8580571 -0.50784874 0.07633906 10 14 12 255
-0.19639009 -0.040676042 0.41986948 -0.8580571 -0.50784874 0.07633905 139 161 214 255
-0.1205916 -0.14294542 0.5914992 -0.8580571 -0.50784886 0.07633899 208 208 208 255
-0.06350346 -0.2199703 0.7207632 -0.85805714 -0.50784856 0.07633921 111 111 111 255
-0.026569232 -0.269803 0.80439305 -0.85805714 -0.50784856 0.07633921 215 215 215 255
-0.101874165 -0.1681995 0.6338809 -0.85805726 -0.5078484 0.07633936 208 208 208 255
-0.13978896 -0.11704387 0.54803085 -0.8580569 -0.5078491 0.07633875 139 160 217 255
-0.17720827 -0.06655668 0.4633027 -0.8580571 -0.50784874 0.07633903 140 162 216 255
-0.21556285 -0.014807627 0.37645683 -0.858057 -0.5078489 0.07633895 141 162 220 255
-0.25298503 0.03568338 0.29172218 -0.8580571 -0.50784874 0.07633906 139 160 214 255
-0.28948388 0.08492862 0.20907824 -0.8580571 -0.50784874 0.07633905 137 160 213 255
-0.017428145 -0.28213638 0.8250911 -0.8580568 -0.5078493 0.07633861 64 64 64 255
-0.036145553 -0.2568823 0.7827095 -0.858057 -0.50784886 0.076339 209 209 209 255
-0.05461268 -0.231966 0.74089456 -0.8580571 -0.5078487 0.07633911 46 46 46 255
-0.07333009 -0.20671193 0.6985129 -0.85805714 -0.50784856 0.07633921 208 208 208 255
-0.09251546 -0.1808265 0.65507174 -0.85805714 -0.5078485 0.07633926 207 207 207 255
-0.111232884 -0.15557246 0.6126901 -0.85805714 -0.5078485 0.07633926 208 208 208 255
-0.13019028 -0.12999465 0.5697651 -0.85805714 -0.5078485 0.07633926 208 208 208 255
-0.14890769 -0.104740605 0.52738345 -0.85805714 -0.5078485 0.07633926 141 162 216 255
-0.16761735 -0.079496995 0.4850193 -0.8580571 -0.50784874 0.07633903 142 164 217 255
-0.18679917 -0.05361636 0.4415861 -0.8580571 -0.50784886 0.07633899 140 161 215 255
-0.20650741 -0.027025476 0.39696097 -0.8580571 -0.50784874 0.076339066 22 27 28 255
-0.22568017 -0.0011570752 0.3535483 -0.8580571 -0.5078488 0.076339014 139 160 214 255
-0.24386032 0.023372084 0.31238317 -0.8580571 -0.50784874 0.07633906 69 77 98 255
-0.26210973 0.04799469 0.27106118 -0.8580571 -0.5078488 0.07633902 137 160 213 255
-0.28035915 0.07261731 0.22973922 -0.858057 -0.50784886 0.07633898 140 162 215 255
-0.29860857 0.09723992 0.18841726 -0.8580571 -0.50784874 0.07633905 137 160 213 255
-0.012857601 -0.28830308 0.83544016 -0.8580571 -0.5078488 0.076339014 210 210 210 255
-0.021998689 -0.27596968 0.8147421 -0.858057 -0.50784886 0.07633898 209 209 209 255
-0.031357393 -0.26334268 0.7935513 -0.85805714 -0.5078487 0.076339126 102 102 102 255
-0.040933743 -0.250422 0.77186763 -0.8580573 -0.5078482 0.07633949 209 209 209 255
-0.050167307 -0.23796381 0.75096023 -0.8580573 -0.5078482 0.07633949 208 208 208 255
-0.059058055 -0.22596814 0.7308289 -0.8580568 -0.50784934 0.076338574 67 67 67 255
-0.06841679 -0.21334113 0.7096381 -0.85805714 -0.5078487 0.07633913 209 209 209 255
-0.07824342 -0.20008273 0.6873877 -0.8580569 -0.507849 0.07633886 208 208 208 255
-0.08783611 -0.18714003 0.6656672 -0.858057 -0.50784886 0.076339 181 181 181 255
-0.09719481 -0.174513 0.6444763 -0.8580569 -0.50784904 0.07633879 215 215 215 255
-0.10655353 -0.16188599 0.62328553 -0.8580571 -0.5078487 0.07633911 208 208 208 255
-0.115912236 -0.14925896 0.60209465 -0.8580569 -0.507849 0.07633883 208 208 208 255
-0.12539095 -0.13647003 0.58063215 -0.85805726 -0.5078485 0.076339275 208 208 208 255
-0.13498962 -0.12351926 0.558898 -0.85805714 -0.5078485 0.07633922 208 208 208 255
-0.14434832 -0.11089222 0.53770715 -0.858057 -0.5078489 0.07633895 140 163 216 255
-0.15345767 -0.098601654 0.5170809 -0.8580571 -0.5078488 0.076339014 140 161 215 255
-0.16282189 -0.08596717 0.49587762 -0.85805726 -0.5078483 0.076339416 140 161 215 255
-0.17241281 -0.07302685 0.474161 -0.85805726 -0.50784844 0.076339304 140 161 215 255
-0.18200372 -0.060086533 0.4524444 -0.8580571 -0.5078488 0.076339014 140 161 215 255
-0.19159463 -0.047146186 0.43072778 -0.858057 -0.50784886 0.07633897 140 161 215 255
-0.20144875 -0.033850774 0.40841523 -0.8580571 -0.50784874 0.07633905 64 69 92 255
-0.21103513 -0.020916566 0.38670892 -0.8580571 -0.50784874 0.076339066 127 145 194 255
-0.2206215 -0.007982358 0.36500257 -0.858057 -0.5078489 0.07633895 139 160 214 255
-0.23020789 0.0049518496 0.34329623 -0.85805714 -0.50784856 0.07633921 137 154 203 255
-0.23948514 0.017468974 0.32228982 -0.8580571 -0.50784874 0.07633905 67 78 102 255
-0.24842267 0.029527739 0.30205268 -0.858057 -0.50784886 0.076339 137 161 214 255
-0.2577085 0.04205638 0.28102693 -0.85805714 -0.5078488 0.0763391 137 160 213 255
-0.26667207 0.054150343 0.2607307 -0.8580571 -0.50784874 0.07633906 142 162 219 255
-0.2757968 0.06646165 0.24006972 -0.8580571 -0.5078488 0.07633902 123 139 182 255
-0.28517845 0.07911963 0.21882695 -0.8580571 -0.5078488 0.076339036 137 160 213 255
-0.29404622 0.091084264 0.19874775 -0.8580571 -0.50784874 0.076339066 137 160 213 255
0.020063654 -0.3246389 0.8405957 -0.46765116 -0.7941937 0.38801908 160 160 160 255
0.056653038 -0.31800553 0.8667669 -0.6345187 -0.7485658 0.19244567 165 165 165 255
-0.29265904 0.09555423 0.13426287 -0.8244934 -0.20807366 -0.5262281 141 141 141 255
-0.28490114 0.108922295 0.1277057 -0.58291286 0.24843574 -0.77362275 149 149 149 255
0.058193997 -0.32394505 0.8741632 -0.76912147 -0.6378252 -0.04038592 168 168 168 255
0.0634571 -0.3270451 0.88203084 -0.1949038 -0.77005374 0.6074782 161 161 161 255
0.06943466 -0.32206225 0.8823601 0.79467833 0.11260321 0.5964954 163 163 163 255
0.064166024 -0.31495368 0.87043047 0.79468286 0.11259717 0.5964906 155 161 166 255
0.16340846 -0.23222531 0.8758964 0.35467058 -0.4785535 0.8032405 155 169 178 255
0.008342579 -0.31867272 0.8240231 -0.7117362 -0.6986727 0.07271843 187 187 187 255
-0.29110366 0.0853483 0.14599013 -0.8152339 -0.55487716 -0.16584644 178 178 178 255
-0.26385024 0.12856853 0.12674138 -0.8075957 -0.14963825 -0.5704365 159 159 159 255
-0.2700383 0.1369176 0.11272987 -0.7946817 -0.112597525 -0.59649205 157 157 157 255
-0.2609921 0.13978618 0.11850974 0.20541373 0.7726382 -0.6006956 163 163 163 255
-0.22426808 0.17039931 0.120532274 -0.3547224 0.4785982 -0.80319095 182 182 182 255
-0.17134646 0.21451466 0.12344709 -0.35472417 0.47860205 -0.8031879 210 210 210 255
-0.26420948 0.14177652 0.11305092 0.20541401 0.7726384 -0.6006954 162 162 162 255
-0.1413968 -0.11664024 0.48496976 -0.7691221 -0.6378245 -0.04038705 119 134 175 255
-0.06652711 -0.2176565 0.65449643 -0.7691222 -0.6378244 -0.040386986 75 75 75 255
-0.029092267 -0.26816458 0.7392597 -0.76912206 -0.6378245 -0.040387087 209 209 209 255
-0.21810597 -0.013142154 0.311278 -0.7691222 -0.6378244 -0.04038703 90 102 136 255
-0.25460482 0.03610307 0.22863407 -0.7691221 -0.6378245 -0.040387057 136 160 213 255
-0.17976047 -0.064878955 0.39810333 -0.7691222 -0.6378244 -0.04038703 140 161 215 255
-0.103961974 -0.16714835 0.569733 -0.7691221 -0.6378244 -0.040387 208 208 208 255
-0.046873838 -0.24417323 0.69899714 -0.7691222 -0.6378244 -0.040386986 184 184 184 255
-0.009939596 -0.2940059 0.782627 -0.76912206 -0.6378245 -0.040387087 170 170 170 255
-0.08524454 -0.19240242 0.6121148 -0.7691222 -0.63782436 -0.040386964 208 208 208 255
-0.12315932 -0.14124677 0.5262647 -0.7691222 -0.6378244 -0.04038704 141 162 216 255
-0.16057864 -0.090759605 0.44153655 -0.7691221 -0.6378244 -0.04038704 140 161 215 255
-0.19893321 -0.039010555 0.35469067 -0.7691221 -0.6378244 -0.040387057 139 160 214 255
-0.2363554 0.0114804655 0.26995605 -0.7691221 -0.6378244 -0.040387057 139 160 214 255
-0.27285424 0.060725696 0.1873121 -0.76912206 -0.6378245 -0.040387068 137 160 213 255
-0.0007985085 -0.3063393 0.80332506 -0.7691219 -0.6378246 -0.040387247 195 195 195 255
-0.019515917 -0.28108525 0.7609434 -0.7691221 -0.6378245 -0.040387075 209 209 209 255
-0.037983045 -0.25616893 0.7191285 -0.7691221 -0.6378244 -0.040387023 173 173 173 255
-0.056700468 -0.23091486 0.6767467 -0.7691222 -0.6378243 -0.040386952 208 208 208 255
-0.07588583 -0.20502943 0.63330555 -0.76912236 -0.6378242 -0.040386815 208 208 208 255
-0.094603255 -0.17977539 0.5909239 -0.7691222 -0.63782436 -0.040386964 208 208 208 255
-0.11356065 -0.15419754 0.5479989 -0.7691221 -0.6378244 -0.040387057 208 208 208 255
-0.13227805 -0.12894353 0.50561726 -0.7691222 -0.63782436 -0.040386982 141 162 216 255
-0.15098773 -0.10369992 0.46325314 -0.76912206 -0.6378245 -0.040387124 139 163 218 255
-0.17016955 -0.07781929 0.41981995 -0.7691221 -0.6378244 -0.040387042 140 161 215 255
-0.18987778 -0.051228404 0.3751948 -0.7691222 -0.6378244 -0.04038699 63 72 91 255
-0.20905054 -0.025359988 0.33178213 -0.7691222 -0.63782436 -0.04038697 145 167 224 255
-0.2272307 -0.00083082914 0.29061702 -0.76912206 -0.6378245 -0.040387116 140 160 215 255
-0.2454801 0.02379176 0.24929506 -0.76912206 -0.6378245 -0.040387068 6 8 6 255
-0.2637295 0.048414394 0.20797306 -0.76912206 -0.6378245 -0.040387083 137 160 213 255
-0.28197894 0.073037 0.16665111 -0.76912206 -0.6378245 -0.040387087 205 209 215 255
0.0037720352 -0.312506 0.813674 -0.7691221 -0.6378244 -0.04038701 214 214 214 255
-0.0053690523 -0.30017263 0.792976 -0.76912224 -0.6378243 -0.040386904 209 209 209 255
-0.014727756 -0.2875456 0.77178514 -0.7691223 -0.63782424 -0.040386897 225 225 225 255
-0.024304107 -0.2746249 0.75010157 -0.769122 -0.63782454 -0.040387135 209 209 209 255
-0.03353767 -0.26216674 0.72919405 -0.7691222 -0.63782436 -0.040386982 172 172 172 255
-0.042428434 -0.25017107 0.7090628 -0.76912206 -0.6378245 -0.04038711 104 104 104 255
-0.051787153 -0.23754406 0.68787193 -0.7691221 -0.63782454 -0.04038713 209 209 209 255
-0.0616138 -0.22428566 0.6656216 -0.7691222 -0.6378244 -0.040387005 208 208 208 255
-0.07120648 -0.21134296 0.643901 -0.7691221 -0.6378244 -0.040387057 201 201 201 255
-0.080565184 -0.19871593 0.62271017 -0.7691223 -0.63782424 -0.040386897 209 209 209 255
-0.0899239 -0.18608892 0.60151935 -0.76912206 -0.6378245 -0.04038711 208 208 208 255
-0.09928261 -0.17346188 0.5803285 -0.76912206 -0.6378245 -0.04038711 208 208 208 255
-0.10876131 -0.16067296 0.558866 -0.7691222 -0.6378244 -0.040387034 208 208 208 255
-0.11835998 -0.14772215 0.5371318 -0.76912206 -0.6378245 -0.040387064 189 196 213 255
-0.12771869 -0.13509515 0.515941 -0.7691221 -0.6378244 -0.040387027 141 162 216 255
-0.13682804 -0.12280455 0.49531478 -0.7691222 -0.6378243 -0.040386945 140 161 215 255
-0.14619227 -0.110170096 0.47411147 -0.7691222 -0.63782436 -0.040386964 26 26 27 255
-0.15578318 -0.09722975 0.45239484 -0.7691221 -0.6378244 -0.04038701 140 161 215 255
-0.1653741 -0.08428945 0.43067825 -0.7691221 -0.6378245 -0.040387053 140 161 215 255
-0.17496501 -0.071349114 0.40896165 -0.7691221 -0.6378244 -0.04038701 140 161 215 255
-0.18481913 -0.058053687 0.38664907 -0.7691221 -0.6378244 -0.040387042 145 167 221 255
-0.1944055 -0.04511948 0.36494273 -0.7691221 -0.6378244 -0.040387012 139 160 214 255
-0.20399188 -0.032185286 0.3432364 -0.7691221 -0.6378244 -0.040387057 139 160 214 255
-0.21357825 -0.019251078 0.32153007 -0.7691221 -0.6378244 -0.040387 17 17 21 255
-0.22285551 -0.006733954 0.30052367 -0.7691221 -0.63782436 -0.040386993 88 101 132 255
-0.23179305 0.0053248107 0.28028652 -0.76912206 -0.6378245 -0.0403871 139 160 214 255
-0.24107885 0.017853469 0.25926077 -0.76912206 -0.6378245 -0.04038708 142 163 219 255
-0.25004244 0.029947415 0.23896456 -0.76912206 -0.6378245 -0.04038708 12 10 7 255
-0.25916716 0.042258732 0.21830358 -0.76912206 -0.6378245 -0.04038708 137 160 213 255
-0.26854882 0.05491671 0.1970608 -0.76912206 -0.6378245 -0.04038708 137 160 213 255
-0.2774166 0.06688134 0.1769816 -0.76912206 -0.6378245 -0.04038708 137 160 213 255
0.040813223 -0.34303415 0.8204707 -0.36686608 -0.8838988 0.29005554 147 147 147 255
0.07349767 -0.3329389 0.8504293 -0.5210322 -0.8495758 0.08213605 155 155 155 255
-0.27178806 0.077051386 0.11402009 -0.7311073 -0.29119295 -0.61699975 150 150 150 255
-0.26569217 0.091892876 0.10907489 -0.5448627 0.2145683 -0.8106079 151 151 151 255
0.07530783 -0.33911705 0.85756445 -0.6506255 -0.743294 -0.15556449 158 158 158 255
0.08029193 -0.34196976 0.86570275 -0.121848084 -0.8350778 0.53646827 158 158 158 255
0.08535962 -0.33618033 0.86691445 0.7108923 0.18717743 0.6779356 163 163 163 255
0.08009097 -0.32907176 0.8549848 0.7108936 0.18717538 0.67793494 154 160 164 255
0.16422781 -0.23295172 0.87510175 0.35471532 -0.47859332 0.803197 138 152 162 255
0.029778898 -0.33767676 0.80323195 -0.5944138 -0.80309707 -0.04131955 181 181 181 255
-0.26966733 0.066344246 0.125199 -0.69820446 -0.6590408 -0.2795992 178 178 178 255
-0.2479918 0.11450946 0.111360244 -0.71995103 -0.22764847 -0.65562683 159 159 159 255
-0.25417984 0.12285854 0.097348735 -0.71088886 -0.18717752 -0.6779391 165 165 165 255
-0.24620682 0.1266785 0.10416948 0.12757573 0.83732647 -0.5316095 169 169 169 255
-0.21507257 0.16224718 0.11161354 -0.35472164 0.47859758 -0.80319166 180 180 180 255
-0.17020607 0.21350367 0.12234104 -0.35472333 0.4786013 -0.8031887 213 213 213 255
-0.2492382 0.12850395 0.098530255 0.12757401 0.83732575 -0.5316111 163 163 163 255
-0.11996048 -0.1356443 0.46417862 -0.65062636 -0.74329317 -0.15556538 121 135 178 255
-0.045090787 -0.23666056 0.6337053 -0.6506265 -0.7432931 -0.15556529 136 136 136 255
-0.0076559484 -0.28716862 0.71846855 -0.65062636 -0.7432931 -0.1555653 209 209 209 255
-0.19666965 -0.0321462 0.29048687 -0.65062636 -0.74329317 -0.1555654 67 81 103 255
-0.23316848 0.017099008 0.20784295 -0.65062636 -0.7432931 -0.15556537 35 42 51 255
-0.15832415 -0.083883 0.37731218 -0.6506264 -0.7432931 -0.15556535 143 167 216 255
-0.08252565 -0.18615241 0.5489419 -0.6506263 -0.7432932 -0.15556546 208 208 208 255
-0.025437504 -0.26317728 0.67820597 -0.65062636 -0.7432931 -0.1555653 153 153 153 255
0.011496723 -0.31300998 0.7618358 -0.6506264 -0.74329305 -0.15556528 206 206 206 255
-0.06380821 -0.21140648 0.5913236 -0.65062624 -0.7432932 -0.15556547 208 208 208 255
-0.10172299 -0.16025083 0.5054736 -0.65062636 -0.7432932 -0.1555654 141 162 216 255
-0.13914232 -0.10976364 0.42074543 -0.6506265 -0.7432931 -0.15556529 140 161 215 255
-0.1774969 -0.058014616 0.33389956 -0.65062636 -0.74329317 -0.15556538 139 160 214 255
-0.21491908 -0.0075235963 0.24916491 -0.65062636 -0.74329317 -0.15556538 139 160 214 255
-0.2514179 0.041721642 0.16652097 -0.65062636 -0.7432931 -0.15556534 137 160 213 255
0.02063781 -0.32534337 0.7825339 -0.65062654 -0.74329305 -0.1555652 200 200 200 255
0.001920402 -0.3000893 0.74015224 -0.65062636 -0.74329317 -0.1555654 205 205 205 255
-0.016546726 -0.275173 0.6983373 -0.65062624 -0.7432932 -0.15556546 210 210 210 255
-0.035264134 -0.24991892 0.6559556 -0.65062624 -0.7432932 -0.15556547 212 212 212 255
-0.054449506 -0.22403349 0.61251444 -0.65062624 -0.7432932 -0.15556547 131 131 131 255
-0.07316693 -0.19877945 0.5701328 -0.65062624 -0.7432932 -0.15556547 208 208 208 255
-0.09212432 -0.1732016 0.5272078 -0.65062636 -0.74329317 -0.15556537 208 208 208 255
-0.11084173 -0.14794756 0.48482615 -0.65062636 -0.7432931 -0.15556535 140 161 215 255
-0.12955141 -0.122703984 0.44246203 -0.6506265 -0.7432931 -0.15556528 21 23 22 255
-0.14873323 -0.09682335 0.39902884 -0.6506264 -0.74329317 -0.15556532 72 84 108 255
-0.16844144 -0.070232466 0.35440367 -0.65062636 -0.7432931 -0.15556534 139 160 214 255
-0.1876142 -0.04436405 0.310991 -0.6506263 -0.7432932 -0.1555654 139 160 214 255
-0.20579436 -0.019834891 0.26982588 -0.65062636 -0.7432931 -0.15556534 139 160 214 255
-0.22404379 0.0047877133 0.22850393 -0.65062636 -0.74329317 -0.15556538 144 167 223 255
-0.24229321 0.029410332 0.18718195 -0.6506263 -0.7432932 -0.15556543 137 160 213 255
-0.26054263 0.054032944 0.14585999 -0.65062636 -0.74329317 -0.15556538 208 208 208 255
0.025208354 -0.33151007 0.79288286 -0.65062624 -0.7432932 -0.15556546 115 115 115 255
0.016067266 -0.31917667 0.77218485 -0.65062624 -0.7432932 -0.15556546 207 207 207 255
0.0067085624 -0.30654967 0.750994 -0.6506263 -0.7432932 -0.15556544 215 215 215 255
-0.002867788 -0.293629 0.7293104 -0.6506264 -0.74329317 -0.15556532 209 209 209 255
-0.012101352 -0.2811708 0.70840293 -0.65062624 -0.7432932 -0.15556546 209 209 209 255
-0.0209921 -0.2691751 0.68827164 -0.65062636 -0.7432931 -0.1555653 209 209 209 255
-0.030350834 -0.2565481 0.6670808 -0.6506265 -0.7432931 -0.15556534 208 208 208 255
-0.040177472 -0.24328972 0.64483047 -0.6506265 -0.7432931 -0.15556526 137 137 137 255
-0.049770154 -0.23034702 0.6231099 -0.65062624 -0.7432932 -0.15556544 131 131 131 255
-0.05912886 -0.21771999 0.60191905 -0.65062636 -0.74329317 -0.15556538 129 129 129 255
-0.06848758 -0.20509298 0.58072823 -0.65062636 -0.74329317 -0.15556538 208 208 208 255
-0.07784628 -0.19246595 0.5595374 -0.6506264 -0.74329305 -0.15556526 208 208 208 255
-0.087324984 -0.17967702 0.53807485 -0.65062636 -0.7432932 -0.15556541 208 208 208 255
-0.09692366 -0.16672622 0.5163407 -0.65062636 -0.74329317 -0.15556537 141 162 216 255
-0.10628236 -0.15409921 0.49514985 -0.6506263 -0.7432932 -0.15556541 141 162 216 255
-0.11539171 -0.14180861 0.47452366 -0.65062636 -0.7432931 -0.15556534 140 161 215 255
-0.12475594 -0.12917416 0.45332032 -0.6506263 -0.7432932 -0.15556544 66 73 95 255
-0.13434684 -0.11623381 0.43160373 -0.6506263 -0.7432932 -0.15556544 140 161 215 255
-0.14393777 -0.10329349 0.40988714 -0.65062636 -0.74329317 -0.15556535 140 161 215 255
-0.15352869 -0.090353176 0.38817054 -0.65062636 -0.74329317 -0.15556538 135 157 202 255
-0.1633828 -0.077057734 0.36585796 -0.6506263 -0.7432932 -0.15556544 139 160 213 255
-0.17296916 -0.064123526 0.34415162 -0.65062636 -0.74329317 -0.15556538 139 160 214 255
-0.18255556 -0.051189333 0.32244527 -0.65062636 -0.74329317 -0.15556537 139 160 214 255
-0.19214192 -0.03825514 0.30073893 -0.65062636 -0.74329317 -0.15556538 95 110 143 255
-0.20141919 -0.025738 0.27973256 -0.6506263 -0.7432932 -0.1555654 140 162 216 255
-0.21035671 -0.013679251 0.25949538 -0.65062636 -0.74329317 -0.15556538 139 160 214 255
-0.21964252 -0.0011505932 0.23846966 -0.6506263 -0.7432932 -0.1555654 141 162 211 255
-0.22860613 0.010943368 0.21817344 -0.65062636 -0.7432931 -0.15556537 138 160 212 255
-0.23773085 0.023254678 0.19751245 -0.65062636 -0.74329317 -0.1555654 137 160 213 255
-0.2471125 0.035912655 0.17626967 -0.65062636 -0.7432931 -0.15556535 137 160 213 255
-0.25598025 0.04787729 0.15619047 -0.65062636 -0.7432931 -0.15556535 150 168 209 255
3 4267 1537 4314
3 4187 1 4188
3 4108 2 4109
3 4029 3 4030
3 3950 4 3951
3 3871 5 3872
3 3792 6 3793
3 3713 7 3714
3 3634 8 3635
3 3555 9 3556
3 3476 10 3477
3 3397 11 3398
3 3318 12 3319
3 3239 13 3240
3 3160 14 3161
3 3081 15 3082
3 3002 16 3003
3 2923 17 2924
3 2844 18 2845
3 2765 19 2766
3 2686 20 2687
3 2607 21 2608
3 2528 22 2529
3 4977 23 4978
3 4898 24 4899
3 4819 25 4820
3 4740 26 4741
3 4661 27 4662
3 4582 28 4583
3 4503 29 4504
3 3952 261 3953
3 4424 30 4425
3 4345 31 4346
3 4979 280 4980
3 3241 270 3242
3 2531 1539 2576
3 3557 266 3558
3 2846 275 2847
3 4663 284 4664
3 3873 262 3874
3 3162 271 3163
3 2532 279 2533
3 3478 267 3479
3 2767 276 2768
3 4584 285 4585
3 3794 263 3795
3 3083 272 3084
3 4900 281 4901
3 4347 256 4348
3 4110 259 4111
3 3399 268 3400
3 2688 277 2689
3 4505 286 4506
3 3715 264 3716
3 3004 273 3005
3 4821 282 4822
3 4031 260 4032
3 3320 269 3321
3 2609 278 2610
3 4426 287 4427
3 3636 265 3637
3 2925 274 2926
3 4742 283 4743
3 3875 37 3876
3 2769 51 2770
3 3796 38 3797
3 2690 52 2691
3 3717 39 3718
3 2611 53 2612
3 3638 40 3639
3 2534 54 2535
3 3559 41 3560
3 4981 55 4982
3 3480 42 3481
3 4902 56 4903
3 3401 43 3402
3 4823 57 4824
3 3322 44 3323
3 4744 58 4745
3 3243 45 3244
3 4268 32 4269
3 4665 59 4666
3 3164 46 3165
3 4189 33 4190
3 4586 60 4587
3 3085 47 3086
3 4112 34 4113
3 4507 61 4508
3 3006 48 3007
3 4033 35 4034
3 4428 62 4429
3 2927 49 2928
3 3954 36 3955
3 4349 63 4350
3 2848 50 2849
3 18 2848 2845
3 31 4349 4346
3 4 3954 3951
3 17 2927 2924
3 30 4428 4425
3 3 4033 4030
3 16 3006 3003
3 29 4507 4504
3 2 4112 4109
3 15 3085 3082
3 28 4586 4583
3 1 4189 4188
3 14 3164 3161
3 27 4665 4662
3 0 4268 4270
3 13 3243 3240
3 26 4744 4741
3 12 3322 3319
3 25 4823 4820
3 11 3401 3398
3 24 4902 4899
3 10 3480 3477
3 23 4981 4978
3 9 3559 3556
3 22 2534 2529
3 8 3638 3635
3 21 2611 2608
3 7 3717 3714
3 20 2690 2687
3 6 3796 3793
3 19 2769 2766
3 5 3875 3872
3 2612 117 2613
3 3639 104 3640
3 2535 118 2536
3 3560 105 3561
3 4982 119 4983
3 3481 106 3482
3 4903 120 4904
3 3402 107 3403
3 4824 121 4825
3 3323 108 3324
3 4745 122 4746
3 3244 109 3245
3 4269 96 4271
3 4666 123 4667
3 3165 110 3166
3 4190 97 4191
3 4587 124 4588
3 3086 111 3087
3 4113 98 4114
3 4508 125 4509
3 3007 112 3008
3 4034 99 4035
3 4429 126 4430
3 2928 113 2929
3 3955 100 3956
3 4350 127 4351
3 2849 114 2850
3 3876 101 3877
3 2770 115 2771
3 3797 102 3798
3 2691 116 2692
3 3718 103 3719
3 96 4272 4271
3 123 4668 4667
3 110 3167 3166
3 97 4192 4191
3 124 4589 4588
3 111 3088 3087
3 98 4115 4114
3 125 4510 4509
3 112 3009 3008
3 99 4036 4035
3 126 4431 4430
3 113 2930 2929
3 100 3957 3956
3 127 4352 4351
3 114 2851 2850
3 101 3878 3877
3 115 2772 2771
3 102 3799 3798
3 116 2693 2692
3 103 3720 3719
3 117 2614 2613
3 104 3641 3640
3 118 2537 2536
3 105 3562 3561
3 119 4984 4983
3 106 3483 3482
3 120 4905 4904
3 107 3404 3403
3 121 4826 4825
3 108 3325 3324
3 122 4747 4746
3 109 3246 3245
3 4036 163 4037
3 4431 190 4432
3 2930 177 2931
3 3957 164 3958
3 4352 191 4353
3 2851 178 2852
3 3878 165 3879
3 2772 179 2773
3 3799 166 3800
3 2693 180 2694
3 3720 167 3721
3 2614 181 2615
3 3641 168 3642
3 2537 182 2538
3 3562 169 3563
3 4984 183 4985
3 3483 170 3484
3 4905 184 4906
3 3404 171 3405
3 4826 185 4827
3 3325 172 3326
3 4747 186 4748
3 3246 173 3247
3 4272 160 4273
3 4668 187 4669
3 3167 174 3168
3 4192 161 4193
3 4589 188 4590
3 3088 175 3089
3 4115 162 4116
3 4510 189 4511
3 3009 176 3010
3 4267 193 4274
3 4194 194 4187
3 4117 196 4108
3 4038 198 4029
3 3959 200 3950
3 3880 202 3871
3 3801 204 3792
3 3722 206 3713
3 3643 208 3634
3 3564 210 3555
3 3485 212 3476
3 3406 214 3397
3 3327 216 3318
3 3248 218 3239
3 3169 220 3160
3 3090 222 3081
3 3011 224 3002
3 2932 226 2923
3 2853 228 2844
3 2774 230 2765
3 2695 232 2686
3 2616 234 2607
3 2531 236 2528
3 4986 238 4977
3 4907 240 4898
3 4828 242 4819
3 4749 244 4740
3 4670 246 4661
3 4591 248 4582
3 4512 250 4503
3 4433 252 4424
3 4354 254 4345
3 4274 0 4270
3 3564 1541 3603
3 4986 1542 5025
3 3485 1543 3524
3 4907 1544 4946
3 3406 1545 3445
3 4828 1546 4867
3 3327 1547 3366
3 4749 1548 4788
3 3248 1549 3287
3 4354 1536 4393
3 4670 1551 4709
3 3169 1552 3208
3 4194 1553 4235
3 4591 1554 4630
3 3090 1555 3129
3 4117 1556 4156
3 4512 1557 4551
3 3011 1558 3050
3 4038 1559 4077
3 4433 1550 4472
3 2932 1560 2971
3 3959 1561 3998
3 4196 258 4197
3 2853 1562 2892
3 3880 1563 3919
3 2774 1564 2813
3 3801 1565 3840
3 2695 1566 2734
3 3722 1567 3761
3 2616 1538 2655
3 3643 1540 3682
3 3163 303 3171
3 4197 290 4198
3 4585 317 4593
3 3084 304 3092
3 4111 291 4119
3 4506 318 4514
3 3005 305 3013
3 4032 292 4040
3 4427 319 4435
3 2926 306 2934
3 3953 293 3961
3 4348 288 4356
3 2847 307 2855
3 3874 294 3882
3 2768 308 2776
3 3795 295 3803
3 2689 309 2697
3 3716 296 3724
3 2610 310 2618
3 3637 297 3645
3 2533 311 2539
3 3558 298 3566
3 4980 312 4988
3 3479 299 3487
3 4901 313 4909
3 3400 300 3408
3 4822 314 4830
3 3321 301 3329
3 4743 315 4751
3 3242 302 3250
3 4275 289 4276
3 4664 316 4672
3 306 2935 2934
3 293 3962 3961
3 288 4357 4356
3 307 2856 2855
3 294 3883 3882
3 308 2777 2776
3 295 3804 3803
3 309 2698 2697
3 296 3725 3724
3 310 2619 2618
3 297 3646 3645
3 311 2540 2539
3 298 3567 3566
3 312 4989 4988
3 299 3488 3487
3 313 4910 4909
3 300 3409 3408
3 314 4831 4830
3 301 3330 3329
3 315 4752 4751
3 302 3251 3250
3 289 4277 4276
3 316 4673 4672
3 303 3172 3171
3 290 4199 4198
3 317 4594 4593
3 304 3093 3092
3 291 4120 4119
3 318 4515 4514
3 305 3014 3013
3 292 4041 4040
3 319 4436 4435
3 2699 373 2700
3 3726 360 3727
3 2620 374 2621
3 3647 361 3648
3 2541 375 2542
3 3568 362 3569
3 4990 376 4991
3 3489 363 3490
3 4911 377 4912
3 3410 364 3411
3 4832 378 4833
3 3331 365 3332
3 4753 379 4754
3 3252 366 3253
3 4278 353 4279
3 4674 380 4675
3 3173 367 3174
3 4200 354 4201
3 4595 381 4596
3 3094 368 3095
3 4121 355 4122
3 4516 382 4517
3 3015 369 3016
3 4042 356 4043
3 4437 383 4438
3 2936 370 2937
3 3963 357 3964
3 4358 352 4359
3 2857 371 2858
3 3884 358 3885
3 2778 372 2779
3 3805 359 3806
3 4438 415 4439
3 2937 402 2938
3 3964 389 3965
3 4359 384 4360
3 2858 403 2859
3 3885 390 3886
3 2779 404 2780
3 3806 391 3807
3 2700 405 2701
3 3727 392 3728
3 2621 406 2622
3 3648 393 3649
3 2542 407 2543
3 3569 394 3570
3 4991 408 4992
3 3490 395 3491
3 4912 409 4913
3 3411 396 3412
3 4833 410 4834
3 3332 397 3333
3 4754 411 4755
3 3253 398 3254
3 4279 385 4280
3 4675 412 4676
3 3174 399 3175
3 4201 386 4202
3 4596 413 4597
3 3095 400 3096
3 4122 387 4123
3 4517 414 4518
3 3016 401 3017
3 4043 388 4044
3 3096 4992 4360
3 2931 3563 4193
3 4266 419 4281
3 4195 421 4196
3 4118 423 4110
3 4039 425 4031
3 3960 427 3952
3 3881 429 3873
3 3802 431 3794
3 3723 433 3715
3 3644 435 3636
3 3565 437 3557
3 3486 439 3478
3 3407 441 3399
3 3328 443 3320
3 3249 445 3241
3 3170 447 3162
3 3091 449 3083
3 3012 451 3004
3 2933 453 2925
3 2854 455 2846
3 2775 457 2767
3 2696 459 2688
3 2617 461 2609
3 2530 463 2532
3 4987 465 4979
3 4908 467 4900
3 4829 469 4821
3 4750 471 4742
3 4671 473 4663
3 4592 475 4584
3 4513 477 4505
3 4434 479 4426
3 4355 416 4347
3 4281 257 4275
3 3808 483 3805
3 512 2778 2781
3 3887 511 3884
3 542 2857 2860
3 4361 497 4358
3 3966 509 3963
3 540 2936 2939
3 4440 507 4437
3 4045 506 4042
3 537 3015 3018
3 4519 504 4516
3 4124 503 4121
3 534 3094 3097
3 533 4595 4598
3 4203 500 4200
3 3176 499 3173
3 530 4674 4677
3 4282 496 4278
3 3255 495 3252
3 527 4753 4756
3 3334 493 3331
3 525 4832 4835
3 3413 491 3410
3 523 4911 4914
3 3492 489 3489
3 521 4990 4993
3 3571 487 3568
3 519 2541 2544
3 3650 485 3647
3 517 2620 2623
3 3729 482 3726
3 515 2699 2702
3 2698 515 2702
3 3725 516 3729
3 2619 517 2623
3 3646 518 3650
3 2540 519 2544
3 3567 520 3571
3 4989 521 4993
3 3488 522 3492
3 4910 523 4914
3 3409 524 3413
3 4831 525 4835
3 3330 526 3334
3 4752 527 4756
3 3251 528 3255
3 4277 529 4282
3 4673 530 4677
3 3172 531 3176
3 4199 532 4203
3 4594 533 4598
3 3093 534 3097
3 4120 535 4124
3 4515 536 4519
3 3014 537 3018
3 4041 538 4045
3 4436 539 4440
3 2935 540 2939
3 3962 541 3966
3 4357 514 4361
3 2856 542 2860
3 3883 543 3887
3 2777 512 2781
3 3804 513 3808
3 3651 2052 3698
3 2624 2050 2671
3 3730 2079 3777
3 2703 2078 2750
3 3809 2077 3856
3 2782 2076 2829
3 3888 2075 3935
3 2861 2074 2908
3 3967 2073 4014
3 2940 2072 2987
3 4441 2062 4488
3 4046 2071 4093
3 3019 2070 3066
3 4520 2069 4567
3 4125 2068 4172
3 3098 2067 3145
3 4599 2066 4646
3 4204 2065 4251
3 3177 2064 3224
3 4678 2063 4725
3 4362 2048 4409
3 3256 2061 3303
3 4757 2060 4804
3 3335 2059 3382
3 4836 2058 4883
3 3414 2057 3461
3 4915 2056 4962
3 3493 2055 3540
3 4994 2054 5041
3 3572 2053 3619
3 2545 2051 2592
3 4283 2049 4330
3 3652 1796 3690
3 2625 1794 2663
3 3731 1823 3769
3 2704 1822 2742
3 3810 1821 3848
3 2783 1820 2821
3 3889 1819 3927
3 2862 1818 2900
3 3968 1817 4006
3 2941 1816 2979
3 4442 1806 4480
3 4047 1815 4085
3 3020 1814 3058
3 4521 1813 4559
3 4126 1812 4164
3 3099 1811 3137
3 4600 1810 4638
3 4205 1809 4243
3 3178 1808 3216
3 4679 1807 4717
3 4363 1792 4401
3 3257 1805 3295
3 4758 1804 4796
3 3336 1803 3374
3 4837 1802 4875
3 3415 1801 3453
3 4916 1800 4954
3 3494 1799 3532
3 4995 1798 5033
3 3573 1797 3611
3 2546 1795 2584
3 4284 1793 4322
3 3653 1668 3686
3 2626 1666 2659
3 3732 1695 3765
3 2705 1694 2738
3 3811 1693 3844
3 2784 1692 2817
3 3890 1691 3923
3 2863 1690 2896
3 3969 1689 4002
3 2942 1688 2975
3 4443 1678 4476
3 4048 1687 4081
3 3021 1686 3054
3 4522 1685 4555
3 4127 1684 4160
3 3100 1683 3133
3 4601 1682 4634
3 4206 1681 4239
3 3179 1680 3212
3 4680 1679 4713
3 4364 1664 4397
3 3258 1677 3291
3 4759 1676 4792
3 3337 1675 3370
3 4838 1674 4871
3 3416 1673 3449
3 4917 1672 4950
3 3495 1671 3528
3 4996 1670 5029
3 3574 1669 3607
3 2547 1667 2580
3 4285 1665 4318
3 4286 2305 4338
3 2548 2307 2600
3 3575 2309 3627
3 4997 2310 5049
3 3496 2311 3548
3 4918 2312 4970
3 3417 2313 3469
3 4839 2314 4891
3 3338 2315 3390
3 4760 2316 4812
3 3259 2317 3311
3 4365 2304 4417
3 4681 2319 4733
3 3180 2320 3232
3 4207 2321 4259
3 4602 2322 4654
3 3101 2323 3153
3 4128 2324 4180
3 4523 2325 4575
3 3022 2326 3074
3 4049 2327 4101
3 4444 2318 4496
3 2943 2328 2995
3 3970 2329 4022
3 2864 2330 2916
3 3891 2331 3943
3 2785 2332 2837
3 3812 2333 3864
3 2706 2334 2758
3 3733 2335 3785
3 2627 2306 2679
3 3654 2308 3706
3 3655 2436 3710
3 2628 2434 2683
3 3734 2463 3789
3 2707 2462 2762
3 3813 2461 3868
3 2786 2460 2841
3 3892 2459 3947
3 2865 2458 2920
3 3971 2457 4026
3 2944 2456 2999
3 4445 2446 4500
3 4050 2455 4105
3 3023 2454 3078
3 4524 2453 4579
3 4129 2452 4184
3 3102 2451 3157
3 4603 2450 4658
3 4208 2449 4263
3 3181 2448 3236
3 4682 2447 4737
3 4366 2432 4421
3 3260 2445 3315
3 4761 2444 4816
3 3339 2443 3394
3 4840 2442 4895
3 3418 2441 3473
3 4919 2440 4974
3 3497 2439 3552
3 4998 2438 5053
3 3576 2437 3631
3 2549 2435 2604
3 4287 2433 4342
3 4288 2177 4334
3 2550 2179 2596
3 3577 2181 3623
3 4999 2182 5045
3 3498 2183 3544
3 4920 2184 4966
3 3419 2185 3465
3 4841 2186 4887
3 3340 2187 3386
3 4762 2188 4808
3 3261 2189 3307
3 4367 2176 4413
3 4683 2191 4729
3 3182 2192 3228
3 4209 2193 4255
3 4604 2194 4650
3 3103 2195 3149
3 4130 2196 4176
3 4525 2197 4571
3 3024 2198 3070
3 4051 2199 4097
3 4446 2190 4492
3 2945 2200 2991
3 3972 2201 4018
3 2866 2202 2912
3 3893 2203 3939
3 2787 2204 2833
3 3814 2205 3860
3 2708 2206 2754
3 3735 2207 3781
3 2629 2178 2675
3 3656 2180 3702
3 4289 1921 4326
3 2551 1923 2588
3 3578 1925 3615
3 5000 1926 5037
3 3499 1927 3536
3 4921 1928 4958
3 3420 1929 3457
3 4842 1930 4879
3 3341 1931 3378
3 4763 1932 4800
3 3262 1933 3299
3 4368 1920 4405
3 4684 1935 4721
3 3183 1936 3220
3 4210 1937 4247
3 4605 1938 4642
3 3104 1939 3141
3 4131 1940 4168
3 4526 1941 4563
3 3025 1942 3062
3 4052 1943 4089
3 4447 1934 4484
3 2946 1944 2983
3 3973 1945 4010
3 2867 1946 2904
3 3894 1947 3931
3 2788 1948 2825
3 3815 1949 3852
3 2709 1950 2746
3 3736 1951 3773
3 2630 1922 2667
3 3657 1924 3694
3 4290 1729 4320
3 2552 1731 2582
3 3579 1733 3609
3 5001 1734 5031
3 3500 1735 3530
3 4922 1736 4952
3 3421 1737 3451
3 4843 1738 4873
3 3342 1739 3372
3 4764 1740 4794
3 3263 1741 3293
3 4369 1728 4399
3 4685 1743 4715
3 3184 1744 3214
3 4211 1745 4241
3 4606 1746 4636
3 3105 1747 3135
3 4132 1748 4162
3 4527 1749 4557
3 3026 1750 3056
3 4053 1751 4083
3 4448 1742 4478
3 2947 1752 2977
3 3974 1753 4004
3 2868 1754 2898
3 3895 1755 3925
3 2789 1756 2819
3 3816 1757 3846
3 2710 1758 2740
3 3737 1759 3767
3 2631 1730 2661
3 3658 1732 3688
3 3659 1604 3684
3 2632 1602 2657
3 3738 1631 3763
3 2711 1630 2736
3 3817 1629 3842
3 2790 1628 2815
3 3896 1627 3921
3 2869 1626 2894
3 3975 1625 4000
3 2948 1624 2973
3 4449 1614 4474
3 4054 1623 4079
3 3027 1622 3052
3 4528 1621 4553
3 4133 1620 4158
3 3106 1619 3131
3 4607 1618 4632
3 4212 1617 4237
3 3185 1616 3210
3 4686 1615 4711
3 4370 1600 4395
3 3264 1613 3289
3 4765 1612 4790
3 3343 1611 3368
3 4844 1610 4869
3 3422 1609 3447
3 4923 1608 4948
3 3501 1607 3526
3 5002 1606 5027
3 3580 1605 3605
3 2553 1603 2578
3 4291 1601 4316
3 4292 1857 4324
3 2554 1859 2586
3 3581 1861 3613
3 5003 1862 5035
3 3502 1863 3534
3 4924 1864 4956
3 3423 1865 3455
3 4845 1866 4877
3 3344 1867 3376
3 4766 1868 4798
3 3265 1869 3297
3 4371 1856 4403
3 4687 1871 4719
3 3186 1872 3218
3 4213 1873 4245
3 4608 1874 4640
3 3107 1875 3139
3 4134 1876 4166
3 4529 1877 4561
3 3028 1878 3060
3 4055 1879 4087
3 4450 1870 4482
3 2949 1880 2981
3 3976 1881 4008
3 2870 1882 2902
3 3897 1883 3929
3 2791 1884 2823
3 3818 1885 3850
3 2712 1886 2744
3 3739 1887 3771
3 2633 1858 2665
3 3660 1860 3692
3 3661 1988 3696
3 2634 1986 2669
3 3740 2015 3775
3 2713 2014 2748
3 3819 2013 3854
3 2792 2012 2827
3 3898 2011 3933
3 2871 2010 2906
3 3977 2009 4012
3 2950 2008 2985
3 4451 1998 4486
3 4056 2007 4091
3 3029 2006 3064
3 4530 2005 4565
3 4135 2004 4170
3 3108 2003 3143
3 4609 2002 4644
3 4214 2001 4249
3 3187 2000 3222
3 4688 1999 4723
3 4372 1984 4407
3 3266 1997 3301
3 4767 1996 4802
3 3345 1995 3380
3 4846 1994 4881
3 3424 1993 3459
3 4925 1992 4960
3 3503 1991 3538
3 5004 1990 5039
3 3582 1989 3617
3 2555 1987 2590
3 4293 1985 4328
3 4294 2113 4332
3 2556 2115 2594
3 3583 2117 3621
3 5005 2118 5043
3 3504 2119 3542
3 4926 2120 4964
3 3425 2121 3463
3 4847 2122 4885
3 3346 2123 3384
3 4768 2124 4806
3 3267 2125 3305
3 4373 2112 4411
3 4689 2127 4727
3 3188 2128 3226
3 4215 2129 4253
3 4610 2130 4648
3 3109 2131 3147
3 4136 2132 4174
3 4531 2133 4569
3 3030 2134 3068
3 4057 2135 4095
3 4452 2126 4490
3 2951 2136 2989
3 3978 2137 4016
3 2872 2138 2910
3 3899 2139 3937
3 2793 2140 2831
3 3820 2141 3858
3 2714 2142 2752
3 3741 2143 3779
3 2635 2114 2673
3 3662 2116 3700
3 3663 2244 3704
3 2636 2242 2677
3 3742 2271 3783
3 2715 2270 2756
3 3821 2269 3862
3 2794 2268 2835
3 3900 2267 3941
3 2873 2266 2914
3 3979 2265 4020
3 2952 2264 2993
3 4453 2254 4494
3 4058 2263 4099
3 3031 2262 3072
3 4532 2261 4573
3 4137 2260 4178
3 3110 2259 3151
3 4611 2258 4652
3 4216 2257 4257
3 3189 2256 3230
3 4690 2255 4731
3 4374 2240 4415
3 3268 2253 3309
3 4769 2252 4810
3 3347 2251 3388
3 4848 2250 4889
3 3426 2249 3467
3 4927 2248 4968
3 3505 2247 3546
3 5006 2246 5047
3 3584 2245 3625
3 2557 2243 2598
3 4295 2241 4336
3 3664 2372 3708
3 2637 2370 2681
3 3743 2399 3787
3 2716 2398 2760
3 3822 2397 3866
3 2795 2396 2839
3 3901 2395 3945
3 2874 2394 2918
3 3980 2393 4024
3 2953 2392 2997
3 4454 2382 4498
3 4059 2391 4103
3 3032 2390 3076
3 4533 2389 4577
3 4138 2388 4182
3 3111 2387 3155
3 4612 2386 4656
3 4217 2385 4261
3 3190 2384 3234
3 4691 2383 4735
3 4375 2368 4419
3 3269 2381 3313
3 4770 2380 4814
3 3348 2379 3392
3 4849 2378 4893
3 3427 2377 3471
3 4928 2376 4972
3 3506 2375 3550
3 5007 2374 5051
3 3585 2373 3629
3 2558 2371 2602
3 4296 2369 4340
3 4297 2497 4344
3 2559 2499 2606
3 3586 2501 3633
3 5008 2502 5055
3 3507 2503 3554
3 4929 2504 4976
3 3428 2505 3475
3 4850 2506 4897
3 3349 2507 3396
3 4771 2508 4818
3 3270 2509 3317
3 4376 2496 4423
3 4692 2511 4739
3 3191 2512 3238
3 4218 2513 4265
3 4613 2514 4660
3 3112 2515 3159
3 4139 2516 4186
3 4534 2517 4581
3 3033 2518 3080
3 4060 2519 4107
3 4455 2510 4502
3 2954 2520 3001
3 3981 2521 4028
3 2875 2522 2922
3 3902 2523 3949
3 2796 2524 2843
3 3823 2525 3870
3 2717 2526 2764
3 3744 2527 3791
3 2638 2498 2685
3 3665 2500 3712
3 3666 1572 3683
3 2639 1570 2656
3 3745 1599 3762
3 2718 1598 2735
3 3824 1597 3841
3 2797 1596 2814
3 3903 1595 3920
3 2876 1594 2893
3 3982 1593 3999
3 2955 1592 2972
3 4456 1582 4473
3 4061 1591 4078
3 3034 1590 3051
3 4535 1589 4552
3 4140 1588 4157
3 3113 1587 3130
3 4614 1586 4631
3 4219 1585 4236
3 3192 1584 3209
3 4693 1583 4710
3 4377 1568 4394
3 3271 1581 3288
3 4772 1580 4789
3 3350 1579 3367
3 4851 1578 4868
3 3429 1577 3446
3 4930 1576 4947
3 3508 1575 3525
3 5009 1574 5026
3 3587 1573 3604
3 2560 1571 2577
3 4298 1569 4315
3 4299 1633 4317
3 2561 1635 2579
3 3588 1637 3606
3 5010 1638 5028
3 3509 1639 3527
3 4931 1640 4949
3 3430 1641 3448
3 4852 1642 4870
3 3351 1643 3369
3 4773 1644 4791
3 3272 1645 3290
3 4378 1632 4396
3 4694 1647 4712
3 3193 1648 3211
3 4220 1649 4238
3 4615 1650 4633
3 3114 1651 3132
3 4141 1652 4159
3 4536 1653 4554
3 3035 1654 3053
3 4062 1655 4080
3 4457 1646 4475
3 2956 1656 2974
3 3983 1657 4001
3 2877 1658 2895
3 3904 1659 3922
3 2798 1660 2816
3 3825 1661 3843
3 2719 1662 2737
3 3746 1663 3764
3 2640 1634 2658
3 3667 1636 3685
3 4300 1697 4319
3 2562 1699 2581
3 3589 1701 3608
3 5011 1702 5030
3 3510 1703 3529
3 4932 1704 4951
3 3431 1705 3450
3 4853 1706 4872
3 3352 1707 3371
3 4774 1708 4793
3 3273 1709 3292
3 4379 1696 4398
3 4695 1711 4714
3 3194 1712 3213
3 4221 1713 4240
3 4616 1714 4635
3 3115 1715 3134
3 4142 1716 4161
3 4537 1717 4556
3 3036 1718 3055
3 4063 1719 4082
3 4458 1710 4477
3 2957 1720 2976
3 3984 1721 4003
3 2878 1722 2897
3 3905 1723 3924
3 2799 1724 2818
3 3826 1725 3845
3 2720 1726 2739
3 3747 1727 3766
3 2641 1698 2660
3 3668 1700 3687
3 3669 1764 3689
3 2642 1762 2662
3 3748 1791 3768
3 2721 1790 2741
3 3827 1789 3847
3 2800 1788 2820
3 3906 1787 3926
3 2879 1786 2899
3 3985 1785 4005
3 2958 1784 2978
3 4459 1774 4479
3 4064 1783 4084
3 3037 1782 3057
3 4538 1781 4558
3 4143 1780 4163
3 3116 1779 3136
3 4617 1778 4637
3 4222 1777 4242
3 3195 1776 3215
3 4696 1775 4716
3 4380 1760 4400
3 3274 1773 3294
3 4775 1772 4795
3 3353 1771 3373
3 4854 1770 4874
3 3432 1769 3452
3 4933 1768 4953
3 3511 1767 3531
3 5012 1766 5032
3 3590 1765 3610
3 2563 1763 2583
3 4301 1761 4321
3 4302 1825 4323
3 2564 1827 2585
3 3591 1829 3612
3 5013 1830 5034
3 3512 1831 3533
3 4934 1832 4955
3 3433 1833 3454
3 4855 1834 4876
3 3354 1835 3375
3 4776 1836 4797
3 3275 1837 3296
3 4381 1824 4402
3 4697 1839 4718
3 3196 1840 3217
3 4223 1841 4244
3 4618 1842 4639
3 3117 1843 3138
3 4144 1844 4165
3 4539 1845 4560
3 3038 1846 3059
3 4065 1847 4086
3 4460 1838 4481
3 2959 1848 2980
3 3986 1849 4007
3 2880 1850 2901
3 3907 1851 3928
3 2801 1852 2822
3 3828 1853 3849
3 2722 1854 2743
3 3749 1855 3770
3 2643 1826 2664
3 3670 1828 3691
3 3671 1892 3693
3 2644 1890 2666
3 3750 1919 3772
3 2723 1918 2745
3 3829 1917 3851
3 2802 1916 2824
3 3908 1915 3930
3 2881 1914 2903
3 3987 1913 4009
3 2960 1912 2982
3 4461 1902 4483
3 4066 1911 4088
3 3039 1910 3061
3 4540 1909 4562
3 4145 1908 4167
3 3118 1907 3140
3 4619 1906 4641
3 4224 1905 4246
3 3197 1904 3219
3 4698 1903 4720
3 4382 1888 4404
3 3276 1901 3298
3 4777 1900 4799
3 3355 1899 3377
3 4856 1898 4878
3 3434 1897 3456
3 4935 1896 4957
3 3513 1895 3535
3 5014 1894 5036
3 3592 1893 3614
3 2565 1891 2587
3 4303 1889 4325
3 3672 1956 3695
3 2645 1954 2668
3 3751 1983 3774
3 2724 1982 2747
3 3830 1981 3853
3 2803 1980 2826
3 3909 1979 3932
3 2882 1978 2905
3 3988 1977 4011
3 2961 1976 2984
3 4462 1966 4485
3 4067 1975 4090
3 3040 1974 3063
3 4541 1973 4564
3 4146 1972 4169
3 3119 1971 3142
3 4620 1970 4643
3 4225 1969 4248
3 3198 1968 3221
3 4699 1967 4722
3 4383 1952 4406
3 3277 1965 3300
3 4778 1964 4801
3 3356 1963 3379
3 4857 1962 4880
3 3435 1961 3458
3 4936 1960 4959
3 3514 1959 3537
3 5015 1958 5038
3 3593 1957 3616
3 2566 1955 2589
3 4304 1953 4327
3 4305 2017 4329
3 2567 2019 2591
3 3594 2021 3618
3 5016 2022 5040
3 3515 2023 3539
3 4937 2024 4961
3 3436 2025 3460
3 4858 2026 4882
3 3357 2027 3381
3 4779 2028 4803
3 3278 2029 3302
3 4384 2016 4408
3 4700 2031 4724
3 3199 2032 3223
3 4226 2033 4250
3 4621 2034 4645
3 3120 2035 3144
3 4147 2036 4171
3 4542 2037 4566
3 3041 2038 3065
3 4068 2039 4092
3 4463 2030 4487
3 2962 2040 2986
3 3989 2041 4013
3 2883 2042 2907
3 3910 2043 3934
3 2804 2044 2828
3 3831 2045 3855
3 2725 2046 2749
3 3752 2047 3776
3 2646 2018 2670
3 3673 2020 3697
3 4306 2081 4331
3 2568 2083 2593
3 3595 2085 3620
3 5017 2086 5042
3 3516 2087 3541
3 4938 2088 4963
3 3437 2089 3462
3 4859 2090 4884
3 3358 2091 3383
3 4780 2092 4805
3 3279 2093 3304
3 4385 2080 4410
3 4701 2095 4726
3 3200 2096 3225
3 4227 2097 4252
3 4622 2098 4647
3 3121 2099 3146
3 4148 2100 4173
3 4543 2101 4568
3 3042 2102 3067
3 4069 2103 4094
3 4464 2094 4489
3 2963 2104 2988
3 3990 2105 4015
3 2884 2106 2909
3 3911 2107 3936
3 2805 2108 2830
3 3832 2109 3857
3 2726 2110 2751
3 3753 2111 3778
3 2647 2082 2672
3 3674 2084 3699
3 3675 2148 3701
3 2648 2146 2674
3 3754 2175 3780
3 2727 2174 2753
3 3833 2173 3859
3 2806 2172 2832
3 3912 2171 3938
3 2885 2170 2911
3 3991 2169 4017
3 2964 2168 2990
3 4465 2158 4491
3 4070 2167 4096
3 3043 2166 3069
3 4544 2165 4570
3 4149 2164 4175
3 3122 2163 3148
3 4623 2162 4649
3 4228 2161 4254
3 3201 2160 3227
3 4702 2159 4728
3 4386 2144 4412
3 3280 2157 3306
3 4781 2156 4807
3 3359 2155 3385
3 4860 2154 4886
3 3438 2153 3464
3 4939 2152 4965
3 3517 2151 3543
3 5018 2150 5044
3 3596 2149 3622
3 2569 2147 2595
3 4307 2145 4333
3 3676 2212 3703
3 2649 2210 2676
3 3755 2239 3782
3 2728 2238 2755
3 3834 2237 3861
3 2807 2236 2834
3 3913 2235 3940
3 2886 2234 2913
3 3992 2233 4019
3 2965 2232 2992
3 4466 2222 4493
3 4071 2231 4098
3 3044 2230 3071
3 4545 2229 4572
3 4150 2228 4177
3 3123 2227 3150
3 4624 2226 4651
3 4229 2225 4256
3 3202 2224 3229
3 4703 2223 4730
3 4387 2208 4414
3 3281 2221 3308
3 4782 2220 4809
3 3360 2219 3387
3 4861 2218 4888
3 3439 2217 3466
3 4940 2216 4967
3 3518 2215 3545
3 5019 2214 5046
3 3597 2213 3624
3 2570 2211 2597
3 4308 2209 4335
3 4309 2273 4337
3 2571 2275 2599
3 3598 2277 3626
3 5020 2278 5048
3 3519 2279 3547
3 4941 2280 4969
3 3440 2281 3468
3 4862 2282 4890
3 3361 2283 3389
3 4783 2284 4811
3 3282 2285 3310
3 4388 2272 4416
3 4704 2287 4732
3 3203 2288 3231
3 4230 2289 4258
3 4625 2290 4653
3 3124 2291 3152
3 4151 2292 4179
3 4546 2293 4574
3 3045 2294 3073
3 4072 2295 4100
3 4467 2286 4495
3 2966 2296 2994
3 3993 2297 4021
3 2887 2298 2915
3 3914 2299 3942
3 2808 2300 2836
3 3835 2301 3863
3 2729 2302 2757
3 3756 2303 3784
3 2650 2274 2678
3 3677 2276 3705
3 3678 2340 3707
3 2651 2338 2680
3 3757 2367 3786
3 2730 2366 2759
3 3836 2365 3865
3 2809 2364 2838
3 3915 2363 3944
3 2888 2362 2917
3 3994 2361 4023
3 2967 2360 2996
3 4468 2350 4497
3 4073 2359 4102
3 3046 2358 3075
3 4547 2357 4576
3 4152 2356 4181
3 3125 2355 3154
3 4626 2354 4655
3 4231 2353 4260
3 3204 2352 3233
3 4705 2351 4734
3 4389 2336 4418
3 3283 2349 3312
3 4784 2348 4813
3 3362 2347 3391
3 4863 2346 4892
3 3441 2345 3470
3 4942 2344 4971
3 3520 2343 3549
3 5021 2342 5050
3 3599 2341 3628
3 2572 2339 2601
3 4310 2337 4339
3 4311 2401 4341
3 2573 2403 2603
3 3600 2405 3630
3 5022 2406 5052
3 3521 2407 3551
3 4943 2408 4973
3 3442 2409 3472
3 4864 2410 4894
3 3363 2411 3393
3 4785 2412 4815
3 3284 2413 3314
3 4390 2400 4420
3 4706 2415 4736
3 3205 2416 3235
3 4232 2417 4262
3 4627 2418 4657
3 3126 2419 3156
3 4153 2420 4183
3 4548 2421 4578
3 3047 2422 3077
3 4074 2423 4104
3 4469 2414 4499
3 2968 2424 2998
3 3995 2425 4025
3 2889 2426 2919
3 3916 2427 3946
3 2810 2428 2840
3 3837 2429 3867
3 2731 2430 2761
3 3758 2431 3788
3 2652 2402 2682
3 3679 2404 3709
3 4312 2465 4343
3 2574 2467 2605
3 3601 2469 3632
3 5023 2470 5054
3 3522 2471 3553
3 4944 2472 4975
3 3443 2473 3474
3 4865 2474 4896
3 3364 2475 3395
3 4786 2476 4817
3 3285 2477 3316
3 4391 2464 4422
3 4707 2479 4738
3 3206 2480 3237
3 4233 2481 4264
3 4628 2482 4659
3 3127 2483 3158
3 4154 2484 4185
3 4549 2485 4580
3 3048 2486 3079
3 4075 2487 4106
3 4470 2478 4501
3 2969 2488 3000
3 3996 2489 4027
3 2890 2490 2921
3 3917 2491 3948
3 2811 2492 2842
3 3838 2493 3869
3 2732 2494 2763
3 3759 2495 3790
3 2653 2466 2684
3 3680 2468 3711
3 3681 434 3644
3 2654 460 2617
3 3760 432 3723
3 2733 458 2696
3 3839 430 3802
3 2812 456 2775
3 3918 428 3881
3 2891 454 2854
3 3997 426 3960
3 2970 452 2933
3 4471 478 4434
3 4076 424 4039
3 3049 450 3012
3 4550 476 4513
3 4155 422 4118
3 3128 448 3091
3 4629 474 4592
3 4234 420 4195
3 3207 446 3170
3 4708 472 4671
3 4392 417 4355
3 3286 444 3249
3 4787 470 4750
3 3365 442 3328
3 4866 468 4829
3 3444 440 3407
3 4945 466 4908
3 3523 438 3486
3 5024 464 4987
3 3602 436 3565
3 2575 462 2530
3 4313 418 4266
3 3682 1028 3666
3 2655 1026 2639
3 3761 1055 3745
3 2734 1054 2718
3 3840 1053 3824
3 2813 1052 2797
3 3919 1051 3903
3 2892 1050 2876
3 3998 1049 3982
3 2971 1048 2955
3 4472 1038 4456
3 4077 1047 4061
3 3050 1046 3034
3 4551 1045 4535
3 4156 1044 4140
3 3129 1043 3113
3 4630 1042 4614
3 4235 1041 4219
3 3208 1040 3192
3 4709 1039 4693
3 4393 1024 4377
3 3287 1037 3271
3 4788 1036 4772
3 3366 1035 3350
3 4867 1034 4851
3 3445 1033 3429
3 4946 1032 4930
3 3524 1031 3508
3 5025 1030 5009
3 3603 1029 3587
3 2576 1027 2560
3 4314 1025 4298
3 4315 801 4291
3 2577 803 2553
3 3604 805 3580
3 5026 806 5002
3 3525 807 3501
3 4947 808 4923
3 3446 809 3422
3 4868 810 4844
3 3367 811 3343
3 4789 812 4765
3 3288 813 3264
3 4394 800 4370
3 4710 815 4686
3 3209 816 3185
3 4236 817 4212
3 4631 818 4607
3 3130 819 3106
3 4157 820 4133
3 4552 821 4528
3 3051 822 3027
3 4078 823 4054
3 4473 814 4449
3 2972 824 2948
3 3999 825 3975
3 2893 826 2869
3 3920 827 3896
3 2814 828 2790
3 3841 829 3817
3 2735 830 2711
3 3762 831 3738
3 2656 802 2632
3 3683 804 3659
3 4316 1057 4299
3 2578 1059 2561
3 3605 1061 3588
3 5027 1062 5010
3 3526 1063 3509
3 4948 1064 4931
3 3447 1065 3430
3 4869 1066 4852
3 3368 1067 3351
3 4790 1068 4773
3 3289 1069 3272
3 4395 1056 4378
3 4711 1071 4694
3 3210 1072 3193
3 4237 1073 4220
3 4632 1074 4615
3 3131 1075 3114
3 4158 1076 4141
3 4553 1077 4536
3 3052 1078 3035
3 4079 1079 4062
3 4474 1070 4457
3 2973 1080 2956
3 4000 1081 3983
3 2894 1082 2877
3 3921 1083 3904
3 2815 1084 2798
3 3842 1085 3825
3 2736 1086 2719
3 3763 1087 3746
3 2657 1058 2640
3 3684 1060 3667
3 3685 612 3653
3 2658 610 2626
3 3764 639 3732
3 2737 638 2705
3 3843 637 3811
3 2816 636 2784
3 3922 635 3890
3 2895 634 2863
3 4001 633 3969
3 2974 632 2942
3 4475 622 4443
3 4080 631 4048
3 3053 630 3021
3 4554 629 4522
3 4159 628 4127
3 3132 627 3100
3 4633 626 4601
3 4238 625 4206
3 3211 624 3179
3 4712 623 4680
3 4396 608 4364
3 3290 621 3258
3 4791 620 4759
3 3369 619 3337
3 4870 618 4838
3 3448 617 3416
3 4949 616 4917
3 3527 615 3495
3 5028 614 4996
3 3606 613 3574
3 2579 611 2547
3 4317 609 4285
3 4318 1089 4300
3 2580 1091 2562
3 3607 1093 3589
3 5029 1094 5011
3 3528 1095 3510
3 4950 1096 4932
3 3449 1097 3431
3 4871 1098 4853
3 3370 1099 3352
3 4792 1100 4774
3 3291 1101 3273
3 4397 1088 4379
3 4713 1103 4695
3 3212 1104 3194
3 4239 1105 4221
3 4634 1106 4616
3 3133 1107 3115
3 4160 1108 4142
3 4555 1109 4537
3 3054 1110 3036
3 4081 1111 4063
3 4476 1102 4458
3 2975 1112 2957
3 4002 1113 3984
3 2896 1114 2878
3 3923 1115 3905
3 2817 1116 2799
3 3844 1117 3826
3 2738 1118 2720
3 3765 1119 3747
3 2659 1090 2641
3 3686 1092 3668
3 3687 772 3658
3 2660 770 2631
3 3766 799 3737
3 2739 798 2710
3 3845 797 3816
3 2818 796 2789
3 3924 795 3895
3 2897 794 2868
3 4003 793 3974
3 2976 792 2947
3 4477 782 4448
3 4082 791 4053
3 3055 790 3026
3 4556 789 4527
3 4161 788 4132
3 3134 787 3105
3 4635 786 4606
3 4240 785 4211
3 3213 784 3184
3 4714 783 4685
3 4398 768 4369
3 3292 781 3263
3 4793 780 4764
3 3371 779 3342
3 4872 778 4843
3 3450 777 3421
3 4951 776 4922
3 3529 775 3500
3 5030 774 5001
3 3608 773 3579
3 2581 771 2552
3 4319 769 4290
3 3688 1124 3669
3 2661 1122 2642
3 3767 1151 3748
3 2740 1150 2721
3 3846 1149 3827
3 2819 1148 2800
3 3925 1147 3906
3 2898 1146 2879
3 4004 1145 3985
3 2977 1144 2958
3 4478 1134 4459
3 4083 1143 4064
3 3056 1142 3037
3 4557 1141 4538
3 4162 1140 4143
3 3135 1139 3116
3 4636 1138 4617
3 4241 1137 4222
3 3214 1136 3195
3 4715 1135 4696
3 4399 1120 4380
3 3293 1133 3274
3 4794 1132 4775
3 3372 1131 3353
3 4873 1130 4854
3 3451 1129 3432
3 4952 1128 4933
3 3530 1127 3511
3 5031 1126 5012
3 3609 1125 3590
3 2582 1123 2563
3 4320 1121 4301
3 4321 577 4284
3 2583 579 2546
3 3610 581 3573
3 5032 582 4995
3 3531 583 3494
3 4953 584 4916
3 3452 585 3415
3 4874 586 4837
3 3373 587 3336
3 4795 588 4758
3 3294 589 3257
3 4400 576 4363
3 4716 591 4679
3 3215 592 3178
3 4242 593 4205
3 4637 594 4600
3 3136 595 3099
3 4163 596 4126
3 4558 597 4521
3 3057 598 3020
3 4084 599 4047
3 4479 590 4442
3 2978 600 2941
3 4005 601 3968
3 2899 602 2862
3 3926 603 3889
3 2820 604 2783
3 3847 605 3810
3 2741 606 2704
3 3768 607 3731
3 2662 578 2625
3 3689 580 3652
3 4322 1153 4302
3 2584 1155 2564
3 3611 1157 3591
3 5033 1158 5013
3 3532 1159 3512
3 4954 1160 4934
3 3453 1161 3433
3 4875 1162 4855
3 3374 1163 3354
3 4796 1164 4776
3 3295 1165 3275
3 4401 1152 4381
3 4717 1167 4697
3 3216 1168 3196
3 4243 1169 4223
3 4638 1170 4618
3 3137 1171 3117
3 4164 1172 4144
3 4559 1173 4539
3 3058 1174 3038
3 4085 1175 4065
3 4480 1166 4460
3 2979 1176 2959
3 4006 1177 3986
3 2900 1178 2880
3 3927 1179 3907
3 2821 1180 2801
3 3848 1181 3828
3 2742 1182 2722
3 3769 1183 3749
3 2663 1154 2643
3 3690 1156 3670
3 3691 836 3660
3 2664 834 2633
3 3770 863 3739
3 2743 862 2712
3 3849 861 3818
3 2822 860 2791
3 3928 859 3897
3 2901 858 2870
3 4007 857 3976
3 2980 856 2949
3 4481 846 4450
3 4086 855 4055
3 3059 854 3028
3 4560 853 4529
3 4165 852 4134
3 3138 851 3107
3 4639 850 4608
3 4244 849 4213
3 3217 848 3186
3 4718 847 4687
3 4402 832 4371
3 3296 845 3265
3 4797 844 4766
3 3375 843 3344
3 4876 842 4845
3 3454 841 3423
3 4955 840 4924
3 3533 839 3502
3 5034 838 5003
3 3612 837 3581
3 2585 835 2554
3 4323 833 4292
3 3692 1188 3671
3 2665 1186 2644
3 3771 1215 3750
3 2744 1214 2723
3 3850 1213 3829
3 2823 1212 2802
3 3929 1211 3908
3 2902 1210 2881
3 4008 1209 3987
3 2981 1208 2960
3 4482 1198 4461
3 4087 1207 4066
3 3060 1206 3039
3 4561 1205 4540
3 4166 1204 4145
3 3139 1203 3118
3 4640 1202 4619
3 4245 1201 4224
3 3218 1200 3197
3 4719 1199 4698
3 4403 1184 4382
3 3297 1197 3276
3 4798 1196 4777
3 3376 1195 3355
3 4877 1194 4856
3 3455 1193 3434
3 4956 1192 4935
3 3534 1191 3513
3 5035 1190 5014
3 3613 1189 3592
3 2586 1187 2565
3 4324 1185 4303
3 4325 737 4289
3 2587 739 2551
3 3614 741 3578
3 5036 742 5000
3 3535 743 3499
3 4957 744 4921
3 3456 745 3420
3 4878 746 4842
3 3377 747 3341
3 4799 748 4763
3 3298 749 3262
3 4404 736 4368
3 4720 751 4684
3 3219 752 3183
3 4246 753 4210
3 4641 754 4605
3 3140 755 3104
3 4167 756 4131
3 4562 757 4526
3 3061 758 3025
3 4088 759 4052
3 4483 750 4447
3 2982 760 2946
3 4009 761 3973
3 2903 762 2867
3 3930 763 3894
3 2824 764 2788
3 3851 765 3815
3 2745 766 2709
3 3772 767 3736
3 2666 738 2630
3 3693 740 3657
3 3694 1220 3672
3 2667 1218 2645
3 3773 1247 3751
3 2746 1246 2724
3 3852 1245 3830
3 2825 1244 2803
3 3931 1243 3909
3 2904 1242 2882
3 4010 1241 3988
3 2983 1240 2961
3 4484 1230 4462
3 4089 1239 4067
3 3062 1238 3040
3 4563 1237 4541
3 4168 1236 4146
3 3141 1235 3119
3 4642 1234 4620
3 4247 1233 4225
3 3220 1232 3198
3 4721 1231 4699
3 4405 1216 4383
3 3299 1229 3277
3 4800 1228 4778
3 3378 1227 3356
3 4879 1226 4857
3 3457 1225 3435
3 4958 1224 4936
3 3536 1223 3514
3 5037 1222 5015
3 3615 1221 3593
3 2588 1219 2566
3 4326 1217 4304
3 4327 865 4293
3 2589 867 2555
3 3616 869 3582
3 5038 870 5004
3 3537 871 3503
3 4959 872 4925
3 3458 873 3424
3 4880 874 4846
3 3379 875 3345
3 4801 876 4767
3 3300 877 3266
3 4406 864 4372
3 4722 879 4688
3 3221 880 3187
3 4248 881 4214
3 4643 882 4609
3 3142 883 3108
3 4169 884 4135
3 4564 885 4530
3 3063 886 3029
3 4090 887 4056
3 4485 878 4451
3 2984 888 2950
3 4011 889 3977
3 2905 890 2871
3 3932 891 3898
3 2826 892 2792
3 3853 893 3819
3 2747 894 2713
3 3774 895 3740
3 2668 866 2634
3 3695 868 3661
3 4328 1249 4305
3 2590 1251 2567
3 3617 1253 3594
3 5039 1254 5016
3 3538 1255 3515
3 4960 1256 4937
3 3459 1257 3436
3 4881 1258 4858
3 3380 1259 3357
3 4802 1260 4779
3 3301 1261 3278
3 4407 1248 4384
3 4723 1263 4700
3 3222 1264 3199
3 4249 1265 4226
3 4644 1266 4621
3 3143 1267 3120
3 4170 1268 4147
3 4565 1269 4542
3 3064 1270 3041
3 4091 1271 4068
3 4486 1262 4463
3 2985 1272 2962
3 4012 1273 3989
3 2906 1274 2883
3 3933 1275 3910
3 2827 1276 2804
3 3854 1277 3831
3 2748 1278 2725
3 3775 1279 3752
3 2669 1250 2646
3 3696 1252 3673
3 3697 548 3651
3 2670 546 2624
3 3776 575 3730
3 2749 574 2703
3 3855 573 3809
3 2828 572 2782
3 3934 571 3888
3 2907 570 2861
3 4013 569 3967
3 2986 568 2940
3 4487 558 4441
3 4092 567 4046
3 3065 566 3019
3 4566 565 4520
3 4171 564 4125
3 3144 563 3098
3 4645 562 4599
3 4250 561 4204
3 3223 560 3177
3 4724 559 4678
3 4408 544 4362
3 3302 557 3256
3 4803 556 4757
3 3381 555 3335
3 4882 554 4836
3 3460 553 3414
3 4961 552 4915
3 3539 551 3493
3 5040 550 4994
3 3618 549 3572
3 2591 547 2545
3 4329 545 4283
3 4330 1281 4306
3 2592 1283 2568
3 3619 1285 3595
3 5041 1286 5017
3 3540 1287 3516
3 4962 1288 4938
3 3461 1289 3437
3 4883 1290 4859
3 3382 1291 3358
3 4804 1292 4780
3 3303 1293 3279
3 4409 1280 4385
3 4725 1295 4701
3 3224 1296 3200
3 4251 1297 4227
3 4646 1298 4622
3 3145 1299 3121
3 4172 1300 4148
3 4567 1301 4543
3 3066 1302 3042
3 4093 1303 4069
3 4488 1294 4464
3 2987 1304 2963
3 4014 1305 3990
3 2908 1306 2884
3 3935 1307 3911
3 2829 1308 2805
3 3856 1309 3832
3 2750 1310 2726
3 3777 1311 3753
3 2671 1282 2647
3 3698 1284 3674
3 3699 900 3662
3 2672 898 2635
3 3778 927 3741
3 2751 926 2714
3 3857 925 3820
3 2830 924 2793
3 3936 923 3899
3 2909 922 2872
3 4015 921 3978
3 2988 920 2951
3 4489 910 4452
3 4094 919 4057
3 3067 918 3030
3 4568 917 4531
3 4173 916 4136
3 3146 915 3109
3 4647 914 4610
3 4252 913 4215
3 3225 912 3188
3 4726 911 4689
3 4410 896 4373
3 3304 909 3267
3 4805 908 4768
3 3383 907 3346
3 4884 906 4847
3 3462 905 3425
3 4963 904 4926
3 3541 903 3504
3 5042 902 5005
3 3620 901 3583
3 2593 899 2556
3 4331 897 4294
3 3700 1316 3675
3 2673 1314 2648
3 3779 1343 3754
3 2752 1342 2727
3 3858 1341 3833
3 2831 1340 2806
3 3937 1339 3912
3 2910 1338 2885
3 4016 1337 3991
3 2989 1336 2964
3 4490 1326 4465
3 4095 1335 4070
3 3068 1334 3043
3 4569 1333 4544
3 4174 1332 4149
3 3147 1331 3122
3 4648 1330 4623
3 4253 1329 4228
3 3226 1328 3201
3 4727 1327 4702
3 4411 1312 4386
3 3305 1325 3280
3 4806 1324 4781
3 3384 1323 3359
3 4885 1322 4860
3 3463 1321 3438
3 4964 1320 4939
3 3542 1319 3517
3 5043 1318 5018
3 3621 1317 3596
3 2594 1315 2569
3 4332 1313 4307
3 4333 705 4288
3 2595 707 2550
3 3622 709 3577
3 5044 710 4999
3 3543 711 3498
3 4965 712 4920
3 3464 713 3419
3 4886 714 4841
3 3385 715 3340
3 4807 716 4762
3 3306 717 3261
3 4412 704 4367
3 4728 719 4683
3 3227 720 3182
3 4254 721 4209
3 4649 722 4604
3 3148 723 3103
3 4175 724 4130
3 4570 725 4525
3 3069 726 3024
3 4096 727 4051
3 4491 718 4446
3 2990 728 2945
3 4017 729 3972
3 2911 730 2866
3 3938 731 3893
3 2832 732 2787
3 3859 733 3814
3 2753 734 2708
3 3780 735 3735
3 2674 706 2629
3 3701 708 3656
3 3702 1348 3676
3 2675 1346 2649
3 3781 1375 3755
3 2754 1374 2728
3 3860 1373 3834
3 2833 1372 2807
3 3939 1371 3913
3 2912 1370 2886
3 4018 1369 3992
3 2991 1368 2965
3 4492 1358 4466
3 4097 1367 4071
3 3070 1366 3044
3 4571 1365 4545
3 4176 1364 4150
3 3149 1363 3123
3 4650 1362 4624
3 4255 1361 4229
3 3228 1360 3202
3 4729 1359 4703
3 4413 1344 4387
3 3307 1357 3281
3 4808 1356 4782
3 3386 1355 3360
3 4887 1354 4861
3 3465 1353 3439
3 4966 1352 4940
3 3544 1351 3518
3 5045 1350 5019
3 3623 1349 3597
3 2596 1347 2570
3 4334 1345 4308
3 4335 929 4295
3 2597 931 2557
3 3624 933 3584
3 5046 934 5006
3 3545 935 3505
3 4967 936 4927
3 3466 937 3426
3 4888 938 4848
3 3387 939 3347
3 4809 940 4769
3 3308 941 3268
3 4414 928 4374
3 4730 943 4690
3 3229 944 3189
3 4256 945 4216
3 4651 946 4611
3 3150 947 3110
3 4177 948 4137
3 4572 949 4532
3 3071 950 3031
3 4098 951 4058
3 4493 942 4453
3 2992 952 2952
3 4019 953 3979
3 2913 954 2873
3 3940 955 3900
3 2834 956 2794
3 3861 957 3821
3 2755 958 2715
3 3782 959 3742
3 2676 930 2636
3 3703 932 3663
3 4336 1377 4309
3 2598 1379 2571
3 3625 1381 3598
3 5047 1382 5020
3 3546 1383 3519
3 4968 1384 4941
3 3467 1385 3440
3 4889 1386 4862
3 3388 1387 3361
3 4810 1388 4783
3 3309 1389 3282
3 4415 1376 4388
3 4731 1391 4704
3 3230 1392 3203
3 4257 1393 4230
3 4652 1394 4625
3 3151 1395 3124
3 4178 1396 4151
3 4573 1397 4546
3 3072 1398 3045
3 4099 1399 4072
3 4494 1390 4467
3 2993 1400 2966
3 4020 1401 3993
3 2914 1402 2887
3 3941 1403 3914
3 2835 1404 2808
3 3862 1405 3835
3 2756 1406 2729
3 3783 1407 3756
3 2677 1378 2650
3 3704 1380 3677
3 3705 644 3654
3 2678 642 2627
3 3784 671 3733
3 2757 670 2706
3 3863 669 3812
3 2836 668 2785
3 3942 667 3891
3 2915 666 2864
3 4021 665 3970
3 2994 664 2943
3 4495 654 4444
3 4100 663 4049
3 3073 662 3022
3 4574 661 4523
3 4179 660 4128
3 3152 659 3101
3 4653 658 4602
3 4258 657 4207
3 3231 656 3180
3 4732 655 4681
3 4416 640 4365
3 3310 653 3259
3 4811 652 4760
3 3389 651 3338
3 4890 650 4839
3 3468 649 3417
3 4969 648 4918
3 3547 647 3496
3 5048 646 4997
3 3626 645 3575
3 2599 643 2548
3 4337 641 4286
3 3706 1412 3678
3 2679 1410 2651
3 3785 1439 3757
3 2758 1438 2730
3 3864 1437 3836
3 2837 1436 2809
3 3943 1435 3915
3 2916 1434 2888
3 4022 1433 3994
3 2995 1432 2967
3 4496 1422 4468
3 4101 1431 4073
3 3074 1430 3046
3 4575 1429 4547
3 4180 1428 4152
3 3153 1427 3125
3 4654 1426 4626
3 4259 1425 4231
3 3232 1424 3204
3 4733 1423 4705
3 4417 1408 4389
3 3311 1421 3283
3 4812 1420 4784
3 3390 1419 3362
3 4891 1418 4863
3 3469 1417 3441
3 4970 1416 4942
3 3548 1415 3520
3 5049 1414 5021
3 3627 1413 3599
3 2600 1411 2572
3 4338 1409 4310
3 4339 961 4296
3 2601 963 2558
3 3628 965 3585
3 5050 966 5007
3 3549 967 3506
3 4971 968 4928
3 3470 969 3427
3 4892 970 4849
3 3391 971 3348
3 4813 972 4770
3 3312 973 3269
3 4418 960 4375
3 4734 975 4691
3 3233 976 3190
3 4260 977 4217
3 4655 978 4612
3 3154 979 3111
3 4181 980 4138
3 4576 981 4533
3 3075 982 3032
3 4102 983 4059
3 4497 974 4454
3 2996 984 2953
3 4023 985 3980
3 2917 986 2874
3 3944 987 3901
3 2838 988 2795
3 3865 989 3822
3 2759 990 2716
3 3786 991 3743
3 2680 962 2637
3 3707 964 3664
3 4340 1441 4311
3 2602 1443 2573
3 3629 1445 3600
3 5051 1446 5022
3 3550 1447 3521
3 4972 1448 4943
3 3471 1449 3442
3 4893 1450 4864
3 3392 1451 3363
3 4814 1452 4785
3 3313 1453 3284
3 4419 1440 4390
3 4735 1455 4706
3 3234 1456 3205
3 4261 1457 4232
3 4656 1458 4627
3 3155 1459 3126
3 4182 1460 4153
3 4577 1461 4548
3 3076 1462 3047
3 4103 1463 4074
3 4498 1454 4469
3 2997 1464 2968
3 4024 1465 3995
3 2918 1466 2889
3 3945 1467 3916
3 2839 1468 2810
3 3866 1469 3837
3 2760 1470 2731
3 3787 1471 3758
3 2681 1442 2652
3 3708 1444 3679
3 3709 676 3655
3 2682 674 2628
3 3788 703 3734
3 2761 702 2707
3 3867 701 3813
3 2840 700 2786
3 3946 699 3892
3 2919 698 2865
3 4025 697 3971
3 2998 696 2944
3 4499 686 4445
3 4104 695 4050
3 3077 694 3023
3 4578 693 4524
3 4183 692 4129
3 3156 691 3102
3 4657 690 4603
3 4262 689 4208
3 3235 688 3181
3 4736 687 4682
3 4420 672 4366
3 3314 685 3260
3 4815 684 4761
3 3393 683 3339
3 4894 682 4840
3 3472 681 3418
3 4973 680 4919
3 3551 679 3497
3 5052 678 4998
3 3630 677 3576
3 2603 675 2549
3 4341 673 4287
3 4342 1473 4312
3 2604 1475 2574
3 3631 1477 3601
3 5053 1478 5023
3 3552 1479 3522
3 4974 1480 4944
3 3473 1481 3443
3 4895 1482 4865
3 3394 1483 3364
3 4816 1484 4786
3 3315 1485 3285
3 4421 1472 4391
3 4737 1487 4707
3 3236 1488 3206
3 4263 1489 4233
3 4658 1490 4628
3 3157 1491 3127
3 4184 1492 4154
3 4579 1493 4549
3 3078 1494 3048
3 4105 1495 4075
3 4500 1486 4470
3 2999 1496 2969
3 4026 1497 3996
3 2920 1498 2890
3 3947 1499 3917
3 2841 1500 2811
3 3868 1501 3838
3 2762 1502 2732
3 3789 1503 3759
3 2683 1474 2653
3 3710 1476 3680
3 3711 996 3665
3 2684 994 2638
3 3790 1023 3744
3 2763 1022 2717
3 3869 1021 3823
3 2842 1020 2796
3 3948 1019 3902
3 2921 1018 2875
3 4027 1017 3981
3 3000 1016 2954
3 4501 1006 4455
3 4106 1015 4060
3 3079 1014 3033
3 4580 1013 4534
3 4185 1012 4139
3 3158 1011 3112
3 4659 1010 4613
3 4264 1009 4218
3 3237 1008 3191
3 4738 1007 4692
3 4422 992 4376
3 3316 1005 3270
3 4817 1004 4771
3 3395 1003 3349
3 4896 1002 4850
3 3474 1001 3428
3 4975 1000 4929
3 3553 999 3507
3 5054 998 5008
3 3632 997 3586
3 2605 995 2559
3 4343 993 4297
3 3712 1508 3681
3 2685 1506 2654
3 3791 1535 3760
3 2764 1534 2733
3 3870 1533 3839
3 2843 1532 2812
3 3949 1531 3918
3 2922 1530 2891
3 4028 1529 3997
3 3001 1528 2970
3 4502 1518 4471
3 4107 1527 4076
3 3080 1526 3049
3 4581 1525 4550
3 4186 1524 4155
3 3159 1523 3128
3 4660 1522 4629
3 4265 1521 4234
3 3238 1520 3207
3 4739 1519 4708
3 4423 1504 4392
3 3317 1517 3286
3 4818 1516 4787
3 3396 1515 3365
3 4897 1514 4866
3 3475 1513 3444
3 4976 1512 4945
3 3554 1511 3523
3 5055 1510 5024
3 3633 1509 3602
3 2606 1507 2575
3 4344 1505 4313
3 2498 2575 1506
3 2466 2559 994
3 2434 2574 1474
3 2402 2549 674
3 2370 2573 1442
3 2338 2558 962
3 2306 2572 1410
3 2274 2548 642
3 2242 2571 1378
3 2210 2557 930
3 2178 2570 1346
3 2146 2550 706
3 2114 2569 1314
3 2082 2556 898
3 2050 2568 1282
3 2018 2545 546
3 1986 2567 1250
3 1954 2555 866
3 1922 2566 1218
3 1890 2551 738
3 1858 2565 1186
3 1826 2554 834
3 1794 2564 1154
3 1762 2546 578
3 1730 2563 1122
3 1698 2552 770
3 1666 2562 1090
3 1634 2547 610
3 1602 2561 1058
3 1570 2553 802
3 1538 2560 1026
3 1506 2530 460
3 1474 2605 2466
3 1442 2603 2402
3 1410 2601 2338
3 1378 2599 2274
3 1346 2597 2210
3 1314 2595 2146
3 1282 2593 2082
3 1250 2591 2018
3 1218 2589 1954
3 1186 2587 1890
3 1154 2585 1826
3 1122 2583 1762
3 1090 2581 1698
3 1058 2579 1634
3 1026 2577 1570
3 994 2606 2498
3 962 2602 2370
3 930 2598 2242
3 898 2594 2114
3 866 2590 1986
3 834 2586 1858
3 802 2578 1602
3 770 2582 1730
3 738 2588 1922
3 706 2596 2178
3 674 2604 2434
3 642 2600 2306
3 610 2580 1666
3 578 2584 1794
3 546 2592 2050
3 2540 517 342
3 2544 484 517
3 2530 461 460
3 2542 406 374
3 2541 374 484
3 2539 342 310
3 2533 310 278
3 2531 238 239
3 2537 183 151
3 2536 151 119
3 2535 119 55
3 23 2534 73
3 2534 55 73
3 2532 278 461
3 237 2576 1538
3 2528 23 238
3 2526 2654 1534
3 2494 2638 1022
3 2462 2653 1502
3 2430 2628 702
3 2398 2652 1470
3 2366 2637 990
3 2334 2651 1438
3 2302 2627 670
3 2270 2650 1406
3 2238 2636 958
3 2206 2649 1374
3 2174 2629 734
3 2142 2648 1342
3 2110 2635 926
3 2078 2647 1310
3 2046 2624 574
3 2014 2646 1278
3 1982 2634 894
3 1950 2645 1246
3 1918 2630 766
3 1886 2644 1214
3 1854 2633 862
3 1822 2643 1182
3 1790 2625 606
3 1758 2642 1150
3 1726 2631 798
3 1694 2641 1118
3 1662 2626 638
3 1630 2640 1086
3 1598 2632 830
3 1566 2639 1054
3 1534 2617 458
3 1502 2684 2494
3 1470 2682 2430
3 1438 2680 2366
3 1406 2678 2302
3 1374 2676 2238
3 1342 2674 2174
3 1310 2672 2110
3 1278 2670 2046
3 1246 2668 1982
3 1214 2666 1918
3 1182 2664 1854
3 1150 2662 1790
3 1118 2660 1726
3 1086 2658 1662
3 1054 2656 1598
3 1022 2685 2526
3 990 2681 2398
3 958 2677 2270
3 926 2673 2142
3 894 2669 2014
3 862 2665 1886
3 830 2657 1630
3 798 2661 1758
3 766 2667 1950
3 734 2675 2206
3 702 2683 2462
3 670 2679 2334
3 638 2659 1694
3 606 2663 1822
3 574 2671 2078
3 2619 515 341
3 2623 480 515
3 2617 459 458
3 2621 405 373
3 2620 373 480
3 2618 341 309
3 2610 309 277
3 235 2655 1566
3 2616 236 237
3 2614 182 150
3 2613 150 118
3 2612 118 54
3 22 2611 71
3 2611 54 71
3 2609 277 459
3 2607 22 236
3 2524 2733 1532
3 2492 2717 1020
3 2460 2732 1500
3 2428 2707 700
3 2396 2731 1468
3 2364 2716 988
3 2332 2730 1436
3 2300 2706 668
3 2268 2729 1404
3 2236 2715 956
3 2204 2728 1372
3 2172 2708 732
3 2140 2727 1340
3 2108 2714 924
3 2076 2726 1308
3 2044 2703 572
3 2012 2725 1276
3 1980 2713 892
3 1948 2724 1244
3 1916 2709 764
3 1884 2723 1212
3 1852 2712 860
3 1820 2722 1180
3 1788 2704 604
3 1756 2721 1148
3 1724 2710 796
3 1692 2720 1116
3 1660 2705 636
3 1628 2719 1084
3 1596 2711 828
3 1564 2718 1052
3 1532 2696 456
3 1500 2763 2492
3 1468 2761 2428
3 1436 2759 2364
3 1404 2757 2300
3 1372 2755 2236
3 1340 2753 2172
3 1308 2751 2108
3 1276 2749 2044
3 1244 2747 1980
3 1212 2745 1916
3 1180 2743 1852
3 1148 2741 1788
3 1116 2739 1724
3 1084 2737 1660
3 1052 2735 1596
3 1020 2764 2524
3 988 2760 2396
3 956 2756 2268
3 924 2752 2140
3 892 2748 2012
3 860 2744 1884
3 828 2736 1628
3 796 2740 1756
3 764 2746 1948
3 732 2754 2204
3 700 2762 2460
3 668 2758 2332
3 636 2738 1692
3 604 2742 1820
3 572 2750 2076
3 2698 512 340
3 2702 481 512
3 2696 457 456
3 2700 404 372
3 2699 372 481
3 2697 340 308
3 2689 308 276
3 233 2734 1564
3 2695 234 235
3 2693 181 149
3 2692 149 117
3 2691 117 53
3 21 2690 69
3 2690 53 69
3 2688 276 457
3 2686 21 234
3 2522 2812 1530
3 2490 2796 1018
3 2458 2811 1498
3 2426 2786 698
3 2394 2810 1466
3 2362 2795 986
3 2330 2809 1434
3 2298 2785 666
3 2266 2808 1402
3 2234 2794 954
3 2202 2807 1370
3 2170 2787 730
3 2138 2806 1338
3 2106 2793 922
3 2074 2805 1306
3 2042 2782 570
3 2010 2804 1274
3 1978 2792 890
3 1946 2803 1242
3 1914 2788 762
3 1882 2802 1210
3 1850 2791 858
3 1818 2801 1178
3 1786 2783 602
3 1754 2800 1146
3 1722 2789 794
3 1690 2799 1114
3 1658 2784 634
3 1626 2798 1082
3 1594 2790 826
3 1562 2797 1050
3 1530 2775 454
3 1498 2842 2490
3 1466 2840 2426
3 1434 2838 2362
3 1402 2836 2298
3 1370 2834 2234
3 1338 2832 2170
3 1306 2830 2106
3 1274 2828 2042
3 1242 2826 1978
3 1210 2824 1914
3 1178 2822 1850
3 1146 2820 1786
3 1114 2818 1722
3 1082 2816 1658
3 1050 2814 1594
3 1018 2843 2522
3 986 2839 2394
3 954 2835 2266
3 922 2831 2138
3 890 2827 2010
3 858 2823 1882
3 826 2815 1626
3 794 2819 1754
3 762 2825 1946
3 730 2833 2202
3 698 2841 2458
3 666 2837 2330
3 634 2817 1690
3 602 2821 1818
3 570 2829 2074
3 2777 542 339
3 2781 510 542
3 2775 455 454
3 2779 403 371
3 2778 371 510
3 2776 339 307
3 2768 307 275
3 231 2813 1562
3 2774 232 233
3 2772 180 148
3 2771 148 116
3 2770 116 52
3 20 2769 67
3 2769 52 67
3 2767 275 455
3 2765 20 232
3 2520 2891 1528
3 2488 2875 1016
3 2456 2890 1496
3 2424 2865 696
3 2392 2889 1464
3 2360 2874 984
3 2328 2888 1432
3 2296 2864 664
3 2264 2887 1400
3 2232 2873 952
3 2200 2886 1368
3 2168 2866 728
3 2136 2885 1336
3 2104 2872 920
3 2072 2884 1304
3 2040 2861 568
3 2008 2883 1272
3 1976 2871 888
3 1944 2882 1240
3 1912 2867 760
3 1880 2881 1208
3 1848 2870 856
3 1816 2880 1176
3 1784 2862 600
3 1752 2879 1144
3 1720 2868 792
3 1688 2878 1112
3 1656 2863 632
3 1624 2877 1080
3 1592 2869 824
3 1560 2876 1048
3 1528 2854 452
3 1496 2921 2488
3 1464 2919 2424
3 1432 2917 2360
3 1400 2915 2296
3 1368 2913 2232
3 1336 2911 2168
3 1304 2909 2104
3 1272 2907 2040
3 1240 2905 1976
3 1208 2903 1912
3 1176 2901 1848
3 1144 2899 1784
3 1112 2897 1720
3 1080 2895 1656
3 1048 2893 1592
3 1016 2922 2520
3 984 2918 2392
3 952 2914 2264
3 920 2910 2136
3 888 2906 2008
3 856 2902 1880
3 824 2894 1624
3 792 2898 1752
3 760 2904 1944
3 728 2912 2200
3 696 2920 2456
3 664 2916 2328
3 632 2896 1688
3 600 2900 1816
3 568 2908 2072
3 2856 540 338
3 2860 508 540
3 2854 453 452
3 2858 402 370
3 2857 370 508
3 2855 338 306
3 2847 306 274
3 229 2892 1560
3 2853 230 231
3 2851 179 147
3 2850 147 115
3 2849 115 51
3 19 2848 66
3 2848 51 66
3 2846 274 453
3 2844 19 230
3 2518 2970 1526
3 2486 2954 1014
3 2454 2969 1494
3 2422 2944 694
3 2390 2968 1462
3 2358 2953 982
3 2326 2967 1430
3 2294 2943 662
3 2262 2966 1398
3 2230 2952 950
3 2198 2965 1366
3 2166 2945 726
3 2134 2964 1334
3 2102 2951 918
3 2070 2963 1302
3 2038 2940 566
3 2006 2962 1270
3 1974 2950 886
3 1942 2961 1238
3 1910 2946 758
3 1878 2960 1206
3 1846 2949 854
3 1814 2959 1174
3 1782 2941 598
3 1750 2958 1142
3 1718 2947 790
3 1686 2957 1110
3 1654 2942 630
3 1622 2956 1078
3 1590 2948 822
3 1558 2955 1046
3 1526 2933 450
3 1494 3000 2486
3 1462 2998 2422
3 1430 2996 2358
3 1398 2994 2294
3 1366 2992 2230
3 1334 2990 2166
3 1302 2988 2102
3 1270 2986 2038
3 1238 2984 1974
3 1206 2982 1910
3 1174 2980 1846
3 1142 2978 1782
3 1110 2976 1718
3 1078 2974 1654
3 1046 2972 1590
3 1014 3001 2518
3 982 2997 2390
3 950 2993 2262
3 918 2989 2134
3 886 2985 2006
3 854 2981 1878
3 822 2973 1622
3 790 2977 1750
3 758 2983 1942
3 726 2991 2198
3 694 2999 2454
3 662 2995 2326
3 630 2975 1686
3 598 2979 1814
3 566 2987 2070
3 2935 537 337
3 2939 505 537
3 2933 451 450
3 2937 401 369
3 2936 369 505
3 2934 337 305
3 2926 305 273
3 227 2971 1558
3 2932 228 229
3 2930 178 146
3 2929 146 114
3 2928 114 50
3 18 2927 95
3 2927 50 95
3 2925 273 451
3 2923 18 228
3 2515 3049 1523
3 2483 3033 1011
3 2451 3048 1491
3 2419 3023 691
3 2387 3047 1459
3 2355 3032 979
3 2323 3046 1427
3 2291 3022 659
3 2259 3045 1395
3 2227 3031 947
3 2195 3044 1363
3 2163 3024 723
3 2131 3043 1331
3 2099 3030 915
3 2067 3042 1299
3 2035 3019 563
3 2003 3041 1267
3 1971 3029 883
3 1939 3040 1235
3 1907 3025 755
3 1875 3039 1203
3 1843 3028 851
3 1811 3038 1171
3 1779 3020 595
3 1747 3037 1139
3 1715 3026 787
3 1683 3036 1107
3 1651 3021 627
3 1619 3035 1075
3 1587 3027 819
3 1555 3034 1043
3 1523 3012 448
3 1491 3079 2483
3 1459 3077 2419
3 1427 3075 2355
3 1395 3073 2291
3 1363 3071 2227
3 1331 3069 2163
3 1299 3067 2099
3 1267 3065 2035
3 1235 3063 1971
3 1203 3061 1907
3 1171 3059 1843
3 1139 3057 1779
3 1107 3055 1715
3 1075 3053 1651
3 1043 3051 1587
3 1011 3080 2515
3 979 3076 2387
3 947 3072 2259
3 915 3068 2131
3 883 3064 2003
3 851 3060 1875
3 819 3052 1619
3 787 3056 1747
3 755 3062 1939
3 723 3070 2195
3 691 3078 2451
3 659 3074 2323
3 627 3054 1683
3 595 3058 1811
3 563 3066 2067
3 3014 534 336
3 3018 502 534
3 3012 449 448
3 3016 400 368
3 3015 368 502
3 3013 336 304
3 3005 304 272
3 225 3050 1555
3 3011 226 227
3 3009 177 145
3 3008 145 113
3 3007 113 49
3 17 3006 92
3 3006 49 92
3 3004 272 449
3 3002 17 226
3 2512 3128 1520
3 2480 3112 1008
3 2448 3127 1488
3 2416 3102 688
3 2384 3126 1456
3 2352 3111 976
3 2320 3125 1424
3 2288 3101 656
3 2256 3124 1392
3 2224 3110 944
3 2192 3123 1360
3 2160 3103 720
3 2128 3122 1328
3 2096 3109 912
3 2064 3121 1296
3 2032 3098 560
3 2000 3120 1264
3 1968 3108 880
3 1936 3119 1232
3 1904 3104 752
3 1872 3118 1200
3 1840 3107 848
3 1808 3117 1168
3 1776 3099 592
3 1744 3116 1136
3 1712 3105 784
3 1680 3115 1104
3 1648 3100 624
3 1616 3114 1072
3 1584 3106 816
3 1552 3113 1040
3 1520 3091 446
3 1488 3158 2480
3 1456 3156 2416
3 1424 3154 2352
3 1392 3152 2288
3 1360 3150 2224
3 1328 3148 2160
3 1296 3146 2096
3 1264 3144 2032
3 1232 3142 1968
3 1200 3140 1904
3 1168 3138 1840
3 1136 3136 1776
3 1104 3134 1712
3 1072 3132 1648
3 1040 3130 1584
3 1008 3159 2512
3 976 3155 2384
3 944 3151 2256
3 912 3147 2128
3 880 3143 2000
3 848 3139 1872
3 816 3131 1616
3 784 3135 1744
3 752 3141 1936
3 720 3149 2192
3 688 3157 2448
3 656 3153 2320
3 624 3133 1680
3 592 3137 1808
3 560 3145 2064
3 3093 531 335
3 3097 499 531
3 3091 447 446
3 3095 399 367
3 3094 367 499
3 3092 335 303
3 3084 303 271
3 223 3129 1552
3 3090 224 225
3 3088 176 144
3 3087 144 112
3 3086 112 48
3 16 3085 89
3 3085 48 89
3 3083 271 447
3 3081 16 224
3 2509 3207 1517
3 2477 3191 1005
3 2445 3206 1485
3 2413 3181 685
3 2381 3205 1453
3 2349 3190 973
3 2317 3204 1421
3 2285 3180 653
3 2253 3203 1389
3 2221 3189 941
3 2189 3202 1357
3 2157 3182 717
3 2125 3201 1325
3 2093 3188 909
3 2061 3200 1293
3 2029 3177 557
3 1997 3199 1261
3 1965 3187 877
3 1933 3198 1229
3 1901 3183 749
3 1869 3197 1197
3 1837 3186 845
3 1805 3196 1165
3 1773 3178 589
3 1741 3195 1133
3 1709 3184 781
3 1677 3194 1101
3 1645 3179 621
3 1613 3193 1069
3 1581 3185 813
3 1549 3192 1037
3 1517 3170 444
3 1485 3237 2477
3 1453 3235 2413
3 1421 3233 2349
3 1389 3231 2285
3 1357 3229 2221
3 1325 3227 2157
3 1293 3225 2093
3 1261 3223 2029
3 1229 3221 1965
3 1197 3219 1901
3 1165 3217 1837
3 1133 3215 1773
3 1101 3213 1709
3 1069 3211 1645
3 1037 3209 1581
3 1005 3238 2509
3 973 3234 2381
3 941 3230 2253
3 909 3226 2125
3 877 3222 1997
3 845 3218 1869
3 813 3210 1613
3 781 3214 1741
3 749 3220 1933
3 717 3228 2189
3 685 3236 2445
3 653 3232 2317
3 621 3212 1677
3 589 3216 1805
3 557 3224 2061
3 3172 528 334
3 3176 495 528
3 3170 445 444
3 3174 398 366
3 3173 366 495
3 3171 334 302
3 3163 302 270
3 221 3208 1549
3 3169 222 223
3 3167 175 143
3 3166 143 111
3 3165 111 47
3 15 3164 86
3 3164 47 86
3 3162 270 445
3 3160 15 222
3 2507 3286 1515
3 2475 3270 1003
3 2443 3285 1483
3 2411 3260 683
3 2379 3284 1451
3 2347 3269 971
3 2315 3283 1419
3 2283 3259 651
3 2251 3282 1387
3 2219 3268 939
3 2187 3281 1355
3 2155 3261 715
3 2123 3280 1323
3 2091 3267 907
3 2059 3279 1291
3 2027 3256 555
3 1995 3278 1259
3 1963 3266 875
3 1931 3277 1227
3 1899 3262 747
3 1867 3276 1195
3 1835 3265 843
3 1803 3275 1163
3 1771 3257 587
3 1739 3274 1131
3 1707 3263 779
3 1675 3273 1099
3 1643 3258 619
3 1611 3272 1067
3 1579 3264 811
3 1547 3271 1035
3 1515 3249 442
3 1483 3316 2475
3 1451 3314 2411
3 1419 3312 2347
3 1387 3310 2283
3 1355 3308 2219
3 1323 3306 2155
3 1291 3304 2091
3 1259 3302 2027
3 1227 3300 1963
3 1195 3298 1899
3 1163 3296 1835
3 1131 3294 1771
3 1099 3292 1707
3 1067 3290 1643
3 1035 3288 1579
3 1003 3317 2507
3 971 3313 2379
3 939 3309 2251
3 907 3305 2123
3 875 3301 1995
3 843 3297 1867
3 811 3289 1611
3 779 3293 1739
3 747 3299 1931
3 715 3307 2187
3 683 3315 2443
3 651 3311 2315
3 619 3291 1675
3 587 3295 1803
3 555 3303 2059
3 3251 526 333
3 3255 493 526
3 3249 443 442
3 3253 397 365
3 3252 365 493
3 3250 333 301
3 3242 301 269
3 219 3287 1547
3 3248 220 221
3 3246 174 142
3 3245 142 110
3 3244 110 46
3 14 3243 82
3 3243 46 82
3 3241 269 443
3 3239 14 220
3 2505 3365 1513
3 2473 3349 1001
3 2441 3364 1481
3 2409 3339 681
3 2377 3363 1449
3 2345 3348 969
3 2313 3362 1417
3 2281 3338 649
3 2249 3361 1385
3 2217 3347 937
3 2185 3360 1353
3 2153 3340 713
3 2121 3359 1321
3 2089 3346 905
3 2057 3358 1289
3 2025 3335 553
3 1993 3357 1257
3 1961 3345 873
3 1929 3356 1225
3 1897 3341 745
3 1865 3355 1193
3 1833 3344 841
3 1801 3354 1161
3 1769 3336 585
3 1737 3353 1129
3 1705 3342 777
3 1673 3352 1097
3 1641 3337 617
3 1609 3351 1065
3 1577 3343 809
3 1545 3350 1033
3 1513 3328 440
3 1481 3395 2473
3 1449 3393 2409
3 1417 3391 2345
3 1385 3389 2281
3 1353 3387 2217
3 1321 3385 2153
3 1289 3383 2089
3 1257 3381 2025
3 1225 3379 1961
3 1193 3377 1897
3 1161 3375 1833
3 1129 3373 1769
3 1097 3371 1705
3 1065 3369 1641
3 1033 3367 1577
3 1001 3396 2505
3 969 3392 2377
3 937 3388 2249
3 905 3384 2121
3 873 3380 1993
3 841 3376 1865
3 809 3368 1609
3 777 3372 1737
3 745 3378 1929
3 713 3386 2185
3 681 3394 2441
3 649 3390 2313
3 617 3370 1673
3 585 3374 1801
3 553 3382 2057
3 3330 524 332
3 524 3331 491
3 3328 441 440
3 3332 396 364
3 3331 364 491
3 3329 332 300
3 3321 300 268
3 217 3366 1545
3 3327 218 219
3 3325 173 141
3 3324 141 109
3 3323 109 45
3 13 3322 80
3 3322 45 80
3 3320 268 441
3 3318 13 218
3 2503 3444 1511
3 2471 3428 999
3 2439 3443 1479
3 2407 3418 679
3 2375 3442 1447
3 2343 3427 967
3 2311 3441 1415
3 2279 3417 647
3 2247 3440 1383
3 2215 3426 935
3 2183 3439 1351
3 2151 3419 711
3 2119 3438 1319
3 2087 3425 903
3 2055 3437 1287
3 2023 3414 551
3 1991 3436 1255
3 1959 3424 871
3 1927 3435 1223
3 1895 3420 743
3 1863 3434 1191
3 1831 3423 839
3 1799 3433 1159
3 1767 3415 583
3 1735 3432 1127
3 1703 3421 775
3 1671 3431 1095
3 1639 3416 615
3 1607 3430 1063
3 1575 3422 807
3 1543 3429 1031
3 1511 3407 438
3 1479 3474 2471
3 1447 3472 2407
3 1415 3470 2343
3 1383 3468 2279
3 1351 3466 2215
3 1319 3464 2151
3 1287 3462 2087
3 1255 3460 2023
3 1223 3458 1959
3 1191 3456 1895
3 1159 3454 1831
3 1127 3452 1767
3 1095 3450 1703
3 1063 3448 1639
3 1031 3446 1575
3 999 3475 2503
3 967 3471 2375
3 935 3467 2247
3 903 3463 2119
3 871 3459 1991
3 839 3455 1863
3 807 3447 1607
3 775 3451 1735
3 743 3457 1927
3 711 3465 2183
3 679 3473 2439
3 647 3469 2311
3 615 3449 1671
3 583 3453 1799
3 551 3461 2055
3 3409 522 331
3 522 3410 489
3 3407 439 438
3 3411 395 363
3 3410 363 489
3 3408 331 299
3 3400 299 267
3 215 3445 1543
3 3406 216 217
3 3404 172 140
3 3403 140 108
3 3402 108 44
3 12 3401 78
3 3401 44 78
3 3399 267 439
3 3397 12 216
3 2501 3523 1509
3 2469 3507 997
3 2437 3522 1477
3 2405 3497 677
3 2373 3521 1445
3 2341 3506 965
3 2309 3520 1413
3 2277 3496 645
3 2245 3519 1381
3 2213 3505 933
3 2181 3518 1349
3 2149 3498 709
3 2117 3517 1317
3 2085 3504 901
3 2053 3516 1285
3 2021 3493 549
3 1989 3515 1253
3 1957 3503 869
3 1925 3514 1221
3 1893 3499 741
3 1861 3513 1189
3 1829 3502 837
3 1797 3512 1157
3 1765 3494 581
3 1733 3511 1125
3 1701 3500 773
3 1669 3510 1093
3 1637 3495 613
3 1605 3509 1061
3 1573 3501 805
3 1541 3508 1029
3 1509 3486 436
3 1477 3553 2469
3 1445 3551 2405
3 1413 3549 2341
3 1381 3547 2277
3 1349 3545 2213
3 1317 3543 2149
3 1285 3541 2085
3 1253 3539 2021
3 1221 3537 1957
3 1189 3535 1893
3 1157 3533 1829
3 1125 3531 1765
3 1093 3529 1701
3 1061 3527 1637
3 1029 3525 1573
3 997 3554 2501
3 965 3550 2373
3 933 3546 2245
3 901 3542 2117
3 869 3538 1989
3 837 3534 1861
3 805 3526 1605
3 773 3530 1733
3 741 3536 1925
3 709 3544 2181
3 677 3552 2437
3 645 3548 2309
3 613 3528 1669
3 581 3532 1797
3 549 3540 2053
3 3488 520 330
3 520 3489 487
3 3486 437 436
3 3490 394 362
3 3489 362 487
3 3487 330 298
3 3479 298 266
3 213 3524 1541
3 3485 214 215
3 3483 171 139
3 3482 139 107
3 3481 107 43
3 11 3480 76
3 3480 43 76
3 3478 266 437
3 3476 11 214
3 2500 3602 1508
3 2468 3586 996
3 2436 3601 1476
3 2404 3576 676
3 2372 3600 1444
3 2340 3585 964
3 2308 3599 1412
3 2276 3575 644
3 2244 3598 1380
3 2212 3584 932
3 2180 3597 1348
3 2148 3577 708
3 2116 3596 1316
3 2084 3583 900
3 2052 3595 1284
3 2020 3572 548
3 1988 3594 1252
3 1956 3582 868
3 1924 3593 1220
3 1892 3578 740
3 1860 3592 1188
3 1828 3581 836
3 1796 3591 1156
3 1764 3573 580
3 1732 3590 1124
3 1700 3579 772
3 1668 3589 1092
3 1636 3574 612
3 1604 3588 1060
3 1572 3580 804
3 1540 3587 1028
3 1508 3565 434
3 1476 3632 2468
3 1444 3630 2404
3 1412 3628 2340
3 1380 3626 2276
3 1348 3624 2212
3 1316 3622 2148
3 1284 3620 2084
3 1252 3618 2020
3 1220 3616 1956
3 1188 3614 1892
3 1156 3612 1828
3 1124 3610 1764
3 1092 3608 1700
3 1060 3606 1636
3 1028 3604 1572
3 996 3633 2500
3 964 3629 2372
3 932 3625 2244
3 900 3621 2116
3 868 3617 1988
3 836 3613 1860
3 804 3605 1604
3 772 3609 1732
3 740 3615 1924
3 708 3623 2180
3 676 3631 2436
3 644 3627 2308
3 612 3607 1668
3 580 3611 1796
3 548 3619 2052
3 3567 518 329
3 518 3568 485
3 3565 435 434
3 3569 393 361
3 3568 361 485
3 3566 329 297
3 3558 297 265
3 211 3603 1540
3 3564 212 213
3 3562 170 138
3 3561 138 106
3 3560 106 42
3 10 3559 74
3 3559 42 74
3 3557 265 435
3 3555 10 212
3 2527 3681 1535
3 2495 3665 1023
3 2463 3680 1503
3 2431 3655 703
3 2399 3679 1471
3 2367 3664 991
3 2335 3678 1439
3 2303 3654 671
3 2271 3677 1407
3 2239 3663 959
3 2207 3676 1375
3 2175 3656 735
3 2143 3675 1343
3 2111 3662 927
3 2079 3674 1311
3 2047 3651 575
3 2015 3673 1279
3 1983 3661 895
3 1951 3672 1247
3 1919 3657 767
3 1887 3671 1215
3 1855 3660 863
3 1823 3670 1183
3 1791 3652 607
3 1759 3669 1151
3 1727 3658 799
3 1695 3668 1119
3 1663 3653 639
3 1631 3667 1087
3 1599 3659 831
3 1567 3666 1055
3 1535 3644 432
3 1503 3711 2495
3 1471 3709 2431
3 1439 3707 2367
3 1407 3705 2303
3 1375 3703 2239
3 1343 3701 2175
3 1311 3699 2111
3 1279 3697 2047
3 1247 3695 1983
3 1215 3693 1919
3 1183 3691 1855
3 1151 3689 1791
3 1119 3687 1727
3 1087 3685 1663
3 1055 3683 1599
3 1023 3712 2527
3 991 3708 2399
3 959 3704 2271
3 927 3700 2143
3 895 3696 2015
3 863 3692 1887
3 831 3684 1631
3 799 3688 1759
3 767 3694 1951
3 735 3702 2207
3 703 3710 2463
3 671 3706 2335
3 639 3686 1695
3 607 3690 1823
3 575 3698 2079
3 3646 516 328
3 516 3647 482
3 3644 433 432
3 3648 392 360
3 3647 360 482
3 3645 328 296
3 3637 296 264
3 209 3682 1567
3 3643 210 211
3 3641 169 137
3 3640 137 105
3 3639 105 41
3 9 3638 72
3 3638 41 72
3 3636 264 433
3 3634 9 210
3 2525 3760 1533
3 2493 3744 1021
3 2461 3759 1501
3 2429 3734 701
3 2397 3758 1469
3 2365 3743 989
3 2333 3757 1437
3 2301 3733 669
3 2269 3756 1405
3 2237 3742 957
3 2205 3755 1373
3 2173 3735 733
3 2141 3754 1341
3 2109 3741 925
3 2077 3753 1309
3 2045 3730 573
3 2013 3752 1277
3 1981 3740 893
3 1949 3751 1245
3 1917 3736 765
3 1885 3750 1213
3 1853 3739 861
3 1821 3749 1181
3 1789 3731 605
3 1757 3748 1149
3 1725 3737 797
3 1693 3747 1117
3 1661 3732 637
3 1629 3746 1085
3 1597 3738 829
3 1565 3745 1053
3 1533 3723 430
3 1501 3790 2493
3 1469 3788 2429
3 1437 3786 2365
3 1405 3784 2301
3 1373 3782 2237
3 1341 3780 2173
3 1309 3778 2109
3 1277 3776 2045
3 1245 3774 1981
3 1213 3772 1917
3 1181 3770 1853
3 1149 3768 1789
3 1117 3766 1725
3 1085 3764 1661
3 1053 3762 1597
3 1021 3791 2525
3 989 3787 2397
3 957 3783 2269
3 925 3779 2141
3 893 3775 2013
3 861 3771 1885
3 829 3763 1629
3 797 3767 1757
3 765 3773 1949
3 733 3781 2205
3 701 3789 2461
3 669 3785 2333
3 637 3765 1693
3 605 3769 1821
3 573 3777 2077
3 3725 513 327
3 513 3726 483
3 3723 431 430
3 3727 391 359
3 3726 359 483
3 3724 327 295
3 3716 295 263
3 207 3761 1565
3 3722 208 209
3 3720 168 136
3 3719 136 104
3 3718 104 40
3 8 3717 70
3 3717 40 70
3 3715 263 431
3 3713 8 208
3 2523 3839 1531
3 2491 3823 1019
3 2459 3838 1499
3 2427 3813 699
3 2395 3837 1467
3 2363 3822 987
3 2331 3836 1435
3 2299 3812 667
3 2267 3835 1403
3 2235 3821 955
3 2203 3834 1371
3 2171 3814 731
3 2139 3833 1339
3 2107 3820 923
3 2075 3832 1307
3 2043 3809 571
3 2011 3831 1275
3 1979 3819 891
3 1947 3830 1243
3 1915 3815 763
3 1883 3829 1211
3 1851 3818 859
3 1819 3828 1179
3 1787 3810 603
3 1755 3827 1147
3 1723 3816 795
3 1691 3826 1115
3 1659 3811 635
3 1627 3825 1083
3 1595 3817 827
3 1563 3824 1051
3 1531 3802 428
3 1499 3869 2491
3 1467 3867 2427
3 1435 3865 2363
3 1403 3863 2299
3 1371 3861 2235
3 1339 3859 2171
3 1307 3857 2107
3 1275 3855 2043
3 1243 3853 1979
3 1211 3851 1915
3 1179 3849 1851
3 1147 3847 1787
3 1115 3845 1723
3 1083 3843 1659
3 1051 3841 1595
3 1019 3870 2523
3 987 3866 2395
3 955 3862 2267
3 923 3858 2139
3 891 3854 2011
3 859 3850 1883
3 827 3842 1627
3 795 3846 1755
3 763 3852 1947
3 731 3860 2203
3 699 3868 2459
3 667 3864 2331
3 635 3844 1691
3 603 3848 1819
3 571 3856 2075
3 3804 543 326
3 543 3805 511
3 3802 429 428
3 3806 390 358
3 3805 358 511
3 3803 326 294
3 3795 294 262
3 205 3840 1563
3 3801 206 207
3 3799 167 135
3 3798 135 103
3 3797 103 39
3 7 3796 68
3 3796 39 68
3 3794 262 429
3 3792 7 206
3 2521 3918 1529
3 2489 3902 1017
3 2457 3917 1497
3 2425 3892 697
3 2393 3916 1465
3 2361 3901 985
3 2329 3915 1433
3 2297 3891 665
3 2265 3914 1401
3 2233 3900 953
3 2201 3913 1369
3 2169 3893 729
3 2137 3912 1337
3 2105 3899 921
3 2073 3911 1305
3 2041 3888 569
3 2009 3910 1273
3 1977 3898 889
3 1945 3909 1241
3 1913 3894 761
3 1881 3908 1209
3 1849 3897 857
3 1817 3907 1177
3 1785 3889 601
3 1753 3906 1145
3 1721 3895 793
3 1689 3905 1113
3 1657 3890 633
3 1625 3904 1081
3 1593 3896 825
3 1561 3903 1049
3 1529 3881 426
3 1497 3948 2489
3 1465 3946 2425
3 1433 3944 2361
3 1401 3942 2297
3 1369 3940 2233
3 1337 3938 2169
3 1305 3936 2105
3 1273 3934 2041
3 1241 3932 1977
3 1209 3930 1913
3 1177 3928 1849
3 1145 3926 1785
3 1113 3924 1721
3 1081 3922 1657
3 1049 3920 1593
3 1017 3949 2521
3 985 3945 2393
3 953 3941 2265
3 921 3937 2137
3 889 3933 2009
3 857 3929 1881
3 825 3921 1625
3 793 3925 1753
3 761 3931 1945
3 729 3939 2201
3 697 3947 2457
3 665 3943 2329
3 633 3923 1689
3 601 3927 1817
3 569 3935 2073
3 3883 541 325
3 541 3884 509
3 3881 427 426
3 3885 389 357
3 3884 357 509
3 3882 325 293
3 3874 293 261
3 203 3919 1561
3 3880 204 205
3 3878 166 134
3 3877 134 102
3 3876 102 38
3 6 3875 65
3 3875 38 65
3 3873 261 427
3 3871 6 204
3 2519 3997 1527
3 2487 3981 1015
3 2455 3996 1495
3 2423 3971 695
3 2391 3995 1463
3 2359 3980 983
3 2327 3994 1431
3 2295 3970 663
3 2263 3993 1399
3 2231 3979 951
3 2199 3992 1367
3 2167 3972 727
3 2135 3991 1335
3 2103 3978 919
3 2071 3990 1303
3 2039 3967 567
3 2007 3989 1271
3 1975 3977 887
3 1943 3988 1239
3 1911 3973 759
3 1879 3987 1207
3 1847 3976 855
3 1815 3986 1175
3 1783 3968 599
3 1751 3985 1143
3 1719 3974 791
3 1687 3984 1111
3 1655 3969 631
3 1623 3983 1079
3 1591 3975 823
3 1559 3982 1047
3 1527 3960 424
3 1495 4027 2487
3 1463 4025 2423
3 1431 4023 2359
3 1399 4021 2295
3 1367 4019 2231
3 1335 4017 2167
3 1303 4015 2103
3 1271 4013 2039
3 1239 4011 1975
3 1207 4009 1911
3 1175 4007 1847
3 1143 4005 1783
3 1111 4003 1719
3 1079 4001 1655
3 1047 3999 1591
3 1015 4028 2519
3 983 4024 2391
3 951 4020 2263
3 919 4016 2135
3 887 4012 2007
3 855 4008 1879
3 823 4000 1623
3 791 4004 1751
3 759 4010 1943
3 727 4018 2199
3 695 4026 2455
3 663 4022 2327
3 631 4002 1687
3 599 4006 1815
3 567 4014 2071
3 3962 538 324
3 538 3963 506
3 3960 425 424
3 3964 388 356
3 3963 356 506
3 3961 324 292
3 3953 292 260
3 201 3998 1559
3 3959 202 203
3 3957 165 133
3 3956 133 101
3 3955 101 37
3 5 3954 64
3 3954 37 64
3 3952 260 425
3 3950 5 202
3 2516 4076 1524
3 2484 4060 1012
3 2452 4075 1492
3 2420 4050 692
3 2388 4074 1460
3 2356 4059 980
3 2324 4073 1428
3 2292 4049 660
3 2260 4072 1396
3 2228 4058 948
3 2196 4071 1364
3 2164 4051 724
3 2132 4070 1332
3 2100 4057 916
3 2068 4069 1300
3 2036 4046 564
3 2004 4068 1268
3 1972 4056 884
3 1940 4067 1236
3 1908 4052 756
3 1876 4066 1204
3 1844 4055 852
3 1812 4065 1172
3 1780 4047 596
3 1748 4064 1140
3 1716 4053 788
3 1684 4063 1108
3 1652 4048 628
3 1620 4062 1076
3 1588 4054 820
3 1556 4061 1044
3 1524 4039 422
3 1492 4106 2484
3 1460 4104 2420
3 1428 4102 2356
3 1396 4100 2292
3 1364 4098 2228
3 1332 4096 2164
3 1300 4094 2100
3 1268 4092 2036
3 1236 4090 1972
3 1204 4088 1908
3 1172 4086 1844
3 1140 4084 1780
3 1108 4082 1716
3 1076 4080 1652
3 1044 4078 1588
3 1012 4107 2516
3 980 4103 2388
3 948 4099 2260
3 916 4095 2132
3 884 4091 2004
3 852 4087 1876
3 820 4079 1620
3 788 4083 1748
3 756 4089 1940
3 724 4097 2196
3 692 4105 2452
3 660 4101 2324
3 628 4081 1684
3 596 4085 1812
3 564 4093 2068
3 4041 535 323
3 535 4042 503
3 4039 423 422
3 4043 387 355
3 4042 355 503
3 4040 323 291
3 4032 291 259
3 199 4077 1556
3 4038 200 201
3 4036 164 132
3 4035 132 100
3 4034 100 36
3 4 4033 93
3 4033 36 93
3 4031 259 423
3 4029 4 200
3 2513 4155 1521
3 2481 4139 1009
3 2449 4154 1489
3 2417 4129 689
3 2385 4153 1457
3 2353 4138 977
3 2321 4152 1425
3 2289 4128 657
3 2257 4151 1393
3 2225 4137 945
3 2193 4150 1361
3 2161 4130 721
3 2129 4149 1329
3 2097 4136 913
3 2065 4148 1297
3 2033 4125 561
3 2001 4147 1265
3 1969 4135 881
3 1937 4146 1233
3 1905 4131 753
3 1873 4145 1201
3 1841 4134 849
3 1809 4144 1169
3 1777 4126 593
3 1745 4143 1137
3 1713 4132 785
3 1681 4142 1105
3 1649 4127 625
3 1617 4141 1073
3 1585 4133 817
3 1553 4140 1041
3 1521 4118 420
3 1489 4185 2481
3 1457 4183 2417
3 1425 4181 2353
3 1393 4179 2289
3 1361 4177 2225
3 1329 4175 2161
3 1297 4173 2097
3 1265 4171 2033
3 1233 4169 1969
3 1201 4167 1905
3 1169 4165 1841
3 1137 4163 1777
3 1105 4161 1713
3 1073 4159 1649
3 1041 4157 1585
3 1009 4186 2513
3 977 4182 2385
3 945 4178 2257
3 913 4174 2129
3 881 4170 2001
3 849 4166 1873
3 817 4158 1617
3 785 4162 1745
3 753 4168 1937
3 721 4176 2193
3 689 4184 2449
3 657 4180 2321
3 625 4160 1681
3 593 4164 1809
3 561 4172 2065
3 4120 532 322
3 532 4121 500
3 4118 421 420
3 4122 386 354
3 4121 354 500
3 4119 322 290
3 4111 290 258
3 197 4156 1553
3 4117 198 199
3 4115 163 131
3 4114 131 99
3 4113 99 35
3 3 4112 90
3 4112 35 90
3 4110 258 421
3 4108 3 198
3 2497 4234 1505
3 2465 4218 993
3 2433 4233 1473
3 2401 4208 673
3 2369 4232 1441
3 2337 4217 961
3 2305 4231 1409
3 2273 4207 641
3 2241 4230 1377
3 2209 4216 929
3 2177 4229 1345
3 2145 4209 705
3 2113 4228 1313
3 2081 4215 897
3 2049 4227 1281
3 2017 4204 545
3 1985 4226 1249
3 1953 4214 865
3 1921 4225 1217
3 1889 4210 737
3 1857 4224 1185
3 1825 4213 833
3 1793 4223 1153
3 1761 4205 577
3 1729 4222 1121
3 1697 4211 769
3 1665 4221 1089
3 1633 4206 609
3 1601 4220 1057
3 1569 4212 801
3 1537 4219 1025
3 1505 4195 418
3 1473 4264 2465
3 1441 4262 2401
3 1409 4260 2337
3 1377 4258 2273
3 1345 4256 2209
3 1313 4254 2145
3 1281 4252 2081
3 1249 4250 2017
3 1217 4248 1953
3 1185 4246 1889
3 1153 4244 1825
3 1121 4242 1761
3 1089 4240 1697
3 1057 4238 1633
3 1025 4236 1569
3 993 4265 2497
3 961 4261 2369
3 929 4257 2241
3 897 4253 2113
3 865 4249 1985
3 833 4245 1857
3 801 4237 1601
3 769 4241 1729
3 737 4247 1921
3 705 4255 2177
3 673 4263 2433
3 641 4259 2305
3 609 4239 1665
3 577 4243 1793
3 545 4251 2049
3 4199 529 321
3 529 4200 496
3 4195 419 418
3 4201 385 353
3 4200 353 496
3 4198 321 289
3 4197 289 257
3 4196 257 419
3 195 4235 1537
3 4194 196 197
3 4192 162 130
3 4191 130 98
3 4190 98 34
3 2 4189 87
3 4189 34 87
3 4187 2 196
3 2496 4313 1504
3 2464 4297 992
3 2432 4312 1472
3 2400 4287 672
3 2368 4311 1440
3 2336 4296 960
3 2304 4310 1408
3 2272 4286 640
3 2240 4309 1376
3 2208 4295 928
3 2176 4308 1344
3 2144 4288 704
3 2112 4307 1312
3 2080 4294 896
3 2048 4306 1280
3 2016 4283 544
3 1984 4305 1248
3 1952 4293 864
3 1920 4304 1216
3 1888 4289 736
3 1856 4303 1184
3 1824 4292 832
3 1792 4302 1152
3 1760 4284 576
3 1728 4301 1120
3 1696 4290 768
3 1664 4300 1088
3 1632 4285 608
3 1600 4299 1056
3 1568 4291 800
3 1536 4298 1024
3 1504 4266 417
3 1472 4343 2464
3 1440 4341 2400
3 1408 4339 2336
3 1376 4337 2272
3 1344 4335 2208
3 1312 4333 2144
3 1280 4331 2080
3 1248 4329 2016
3 1216 4327 1952
3 1184 4325 1888
3 1152 4323 1824
3 1120 4321 1760
3 1088 4319 1696
3 1056 4317 1632
3 1024 4315 1568
3 992 4344 2496
3 960 4340 2368
3 928 4336 2240
3 896 4332 2112
3 864 4328 1984
3 832 4324 1856
3 800 4316 1600
3 768 4320 1728
3 736 4326 1920
3 704 4334 2176
3 672 4342 2432
3 640 4338 2304
3 608 4318 1664
3 576 4322 1792
3 544 4330 2048
3 4277 514 320
3 514 4278 497
3 4281 256 416
3 4266 416 417
3 4279 384 352
3 4278 352 497
3 4276 320 288
3 4275 288 256
3 4274 1 194
3 4267 194 195
3 4272 161 129
3 4271 129 97
3 4269 97 33
3 1 4268 84
3 4268 33 84
3 192 4314 1536
3 2510 4392 1518
3 2478 4376 1006
3 2446 4391 1486
3 2414 4366 686
3 2382 4390 1454
3 2350 4375 974
3 2318 4389 1422
3 2286 4365 654
3 2254 4388 1390
3 2222 4374 942
3 2190 4387 1358
3 2158 4367 718
3 2126 4386 1326
3 2094 4373 910
3 2062 4385 1294
3 2030 4362 558
3 1998 4384 1262
3 1966 4372 878
3 1934 4383 1230
3 1902 4368 750
3 1870 4382 1198
3 1838 4371 846
3 1806 4381 1166
3 1774 4363 590
3 1742 4380 1134
3 1710 4369 782
3 1678 4379 1102
3 1646 4364 622
3 1614 4378 1070
3 1582 4370 814
3 1550 4377 1038
3 1518 4355 478
3 1486 4422 2478
3 1454 4420 2414
3 1422 4418 2350
3 1390 4416 2286
3 1358 4414 2222
3 1326 4412 2158
3 1294 4410 2094
3 1262 4408 2030
3 1230 4406 1966
3 1198 4404 1902
3 1166 4402 1838
3 1134 4400 1774
3 1102 4398 1710
3 1070 4396 1646
3 1038 4394 1582
3 1006 4423 2510
3 974 4419 2382
3 942 4415 2254
3 910 4411 2126
3 878 4407 1998
3 846 4403 1870
3 814 4395 1614
3 782 4399 1742
3 750 4405 1934
3 718 4413 2190
3 686 4421 2446
3 654 4417 2318
3 622 4397 1678
3 590 4401 1806
3 558 4409 2062
3 4357 539 351
3 539 4358 507
3 4355 479 478
3 4359 415 383
3 4358 383 507
3 4356 351 319
3 4348 319 287
3 255 4393 1550
3 4354 193 192
3 4352 160 128
3 4351 128 96
3 4350 96 32
3 0 4349 83
3 4349 32 83
3 4347 287 479
3 4345 0 193
3 2517 4471 1525
3 2485 4455 1013
3 2453 4470 1493
3 2421 4445 693
3 2389 4469 1461
3 2357 4454 981
3 2325 4468 1429
3 2293 4444 661
3 2261 4467 1397
3 2229 4453 949
3 2197 4466 1365
3 2165 4446 725
3 2133 4465 1333
3 2101 4452 917
3 2069 4464 1301
3 2037 4441 565
3 2005 4463 1269
3 1973 4451 885
3 1941 4462 1237
3 1909 4447 757
3 1877 4461 1205
3 1845 4450 853
3 1813 4460 1173
3 1781 4442 597
3 1749 4459 1141
3 1717 4448 789
3 1685 4458 1109
3 1653 4443 629
3 1621 4457 1077
3 1589 4449 821
3 1557 4456 1045
3 1525 4434 476
3 1493 4501 2485
3 1461 4499 2421
3 1429 4497 2357
3 1397 4495 2293
3 1365 4493 2229
3 1333 4491 2165
3 1301 4489 2101
3 1269 4487 2037
3 1237 4485 1973
3 1205 4483 1909
3 1173 4481 1845
3 1141 4479 1781
3 1109 4477 1717
3 1077 4475 1653
3 1045 4473 1589
3 1013 4502 2517
3 981 4498 2389
3 949 4494 2261
3 917 4490 2133
3 885 4486 2005
3 853 4482 1877
3 821 4474 1621
3 789 4478 1749
3 757 4484 1941
3 725 4492 2197
3 693 4500 2453
3 661 4496 2325
3 629 4476 1685
3 597 4480 1813
3 565 4488 2069
3 4436 536 350
3 4440 504 536
3 4434 477 476
3 4438 414 382
3 4437 382 504
3 4435 350 318
3 4427 318 286
3 253 4472 1557
3 4433 254 255
3 4431 191 159
3 4430 159 127
3 4429 127 63
3 31 4428 94
3 4428 63 94
3 4426 286 477
3 4424 31 254
3 2514 4550 1522
3 2482 4534 1010
3 2450 4549 1490
3 2418 4524 690
3 2386 4548 1458
3 2354 4533 978
3 2322 4547 1426
3 2290 4523 658
3 2258 4546 1394
3 2226 4532 946
3 2194 4545 1362
3 2162 4525 722
3 2130 4544 1330
3 2098 4531 914
3 2066 4543 1298
3 2034 4520 562
3 2002 4542 1266
3 1970 4530 882
3 1938 4541 1234
3 1906 4526 754
3 1874 4540 1202
3 1842 4529 850
3 1810 4539 1170
3 1778 4521 594
3 1746 4538 1138
3 1714 4527 786
3 1682 4537 1106
3 1650 4522 626
3 1618 4536 1074
3 1586 4528 818
3 1554 4535 1042
3 1522 4513 474
3 1490 4580 2482
3 1458 4578 2418
3 1426 4576 2354
3 1394 4574 2290
3 1362 4572 2226
3 1330 4570 2162
3 1298 4568 2098
3 1266 4566 2034
3 1234 4564 1970
3 1202 4562 1906
3 1170 4560 1842
3 1138 4558 1778
3 1106 4556 1714
3 1074 4554 1650
3 1042 4552 1586
3 1010 4581 2514
3 978 4577 2386
3 946 4573 2258
3 914 4569 2130
3 882 4565 2002
3 850 4561 1874
3 818 4553 1618
3 786 4557 1746
3 754 4563 1938
3 722 4571 2194
3 690 4579 2450
3 658 4575 2322
3 626 4555 1682
3 594 4559 1810
3 562 4567 2066
3 4515 533 349
3 4519 501 533
3 4513 475 474
3 4517 413 381
3 4516 381 501
3 4514 349 317
3 4506 317 285
3 251 4551 1554
3 4512 252 253
3 4510 190 158
3 4509 158 126
3 4508 126 62
3 30 4507 91
3 4507 62 91
3 4505 285 475
3 4503 30 252
3 2511 4629 1519
3 2479 4613 1007
3 2447 4628 1487
3 2415 4603 687
3 2383 4627 1455
3 2351 4612 975
3 2319 4626 1423
3 2287 4602 655
3 2255 4625 1391
3 2223 4611 943
3 2191 4624 1359
3 2159 4604 719
3 2127 4623 1327
3 2095 4610 911
3 2063 4622 1295
3 2031 4599 559
3 1999 4621 1263
3 1967 4609 879
3 1935 4620 1231
3 1903 4605 751
3 1871 4619 1199
3 1839 4608 847
3 1807 4618 1167
3 1775 4600 591
3 1743 4617 1135
3 1711 4606 783
3 1679 4616 1103
3 1647 4601 623
3 1615 4615 1071
3 1583 4607 815
3 1551 4614 1039
3 1519 4592 472
3 1487 4659 2479
3 1455 4657 2415
3 1423 4655 2351
3 1391 4653 2287
3 1359 4651 2223
3 1327 4649 2159
3 1295 4647 2095
3 1263 4645 2031
3 1231 4643 1967
3 1199 4641 1903
3 1167 4639 1839
3 1135 4637 1775
3 1103 4635 1711
3 1071 4633 1647
3 1039 4631 1583
3 1007 4660 2511
3 975 4656 2383
3 943 4652 2255
3 911 4648 2127
3 879 4644 1999
3 847 4640 1871
3 815 4632 1615
3 783 4636 1743
3 751 4642 1935
3 719 4650 2191
3 687 4658 2447
3 655 4654 2319
3 623 4634 1679
3 591 4638 1807
3 559 4646 2063
3 4594 530 348
3 4598 498 530
3 4592 473 472
3 4596 412 380
3 4595 380 498
3 4593 348 316
3 4585 316 284
3 249 4630 1551
3 4591 250 251
3 4589 189 157
3 4588 157 125
3 4587 125 61
3 29 4586 88
3 4586 61 88
3 4584 284 473
3 4582 29 250
3 2508 4708 1516
3 2476 4692 1004
3 2444 4707 1484
3 2412 4682 684
3 2380 4706 1452
3 2348 4691 972
3 2316 4705 1420
3 2284 4681 652
3 2252 4704 1388
3 2220 4690 940
3 2188 4703 1356
3 2156 4683 716
3 2124 4702 1324
3 2092 4689 908
3 2060 4701 1292
3 2028 4678 556
3 1996 4700 1260
3 1964 4688 876
3 1932 4699 1228
3 1900 4684 748
3 1868 4698 1196
3 1836 4687 844
3 1804 4697 1164
3 1772 4679 588
3 1740 4696 1132
3 1708 4685 780
3 1676 4695 1100
3 1644 4680 620
3 1612 4694 1068
3 1580 4686 812
3 1548 4693 1036
3 1516 4671 470
3 1484 4738 2476
3 1452 4736 2412
3 1420 4734 2348
3 1388 4732 2284
3 1356 4730 2220
3 1324 4728 2156
3 1292 4726 2092
3 1260 4724 2028
3 1228 4722 1964
3 1196 4720 1900
3 1164 4718 1836
3 1132 4716 1772
3 1100 4714 1708
3 1068 4712 1644
3 1036 4710 1580
3 1004 4739 2508
3 972 4735 2380
3 940 4731 2252
3 908 4727 2124
3 876 4723 1996
3 844 4719 1868
3 812 4711 1612
3 780 4715 1740
3 748 4721 1932
3 716 4729 2188
3 684 4737 2444
3 652 4733 2316
3 620 4713 1676
3 588 4717 1804
3 556 4725 2060
3 4673 527 347
3 4677 494 527
3 4671 471 470
3 4675 411 379
3 4674 379 494
3 4672 347 315
3 4664 315 283
3 247 4709 1548
3 4670 248 249
3 4668 188 156
3 4667 156 124
3 4666 124 60
3 28 4665 85
3 4665 60 85
3 4663 283 471
3 4661 28 248
3 2506 4787 1514
3 2474 4771 1002
3 2442 4786 1482
3 2410 4761 682
3 2378 4785 1450
3 2346 4770 970
3 2314 4784 1418
3 2282 4760 650
3 2250 4783 1386
3 2218 4769 938
3 2186 4782 1354
3 2154 4762 714
3 2122 4781 1322
3 2090 4768 906
3 2058 4780 1290
3 2026 4757 554
3 1994 4779 1258
3 1962 4767 874
3 1930 4778 1226
3 1898 4763 746
3 1866 4777 1194
3 1834 4766 842
3 1802 4776 1162
3 1770 4758 586
3 1738 4775 1130
3 1706 4764 778
3 1674 4774 1098
3 1642 4759 618
3 1610 4773 1066
3 1578 4765 810
3 1546 4772 1034
3 1514 4750 468
3 1482 4817 2474
3 1450 4815 2410
3 1418 4813 2346
3 1386 4811 2282
3 1354 4809 2218
3 1322 4807 2154
3 1290 4805 2090
3 1258 4803 2026
3 1226 4801 1962
3 1194 4799 1898
3 1162 4797 1834
3 1130 4795 1770
3 1098 4793 1706
3 1066 4791 1642
3 1034 4789 1578
3 1002 4818 2506
3 970 4814 2378
3 938 4810 2250
3 906 4806 2122
3 874 4802 1994
3 842 4798 1866
3 810 4790 1610
3 778 4794 1738
3 746 4800 1930
3 714 4808 2186
3 682 4816 2442
3 650 4812 2314
3 618 4792 1674
3 586 4796 1802
3 554 4804 2058
3 4752 525 346
3 4756 492 525
3 4750 469 468
3 4754 410 378
3 4753 378 492
3 4751 346 314
3 4743 314 282
3 245 4788 1546
3 4749 246 247
3 4747 187 155
3 4746 155 123
3 4745 123 59
3 27 4744 81
3 4744 59 81
3 4742 282 469
3 4740 27 246
3 2504 4866 1512
3 2472 4850 1000
3 2440 4865 1480
3 2408 4840 680
3 2376 4864 1448
3 2344 4849 968
3 2312 4863 1416
3 2280 4839 648
3 2248 4862 1384
3 2216 4848 936
3 2184 4861 1352
3 2152 4841 712
3 2120 4860 1320
3 2088 4847 904
3 2056 4859 1288
3 2024 4836 552
3 1992 4858 1256
3 1960 4846 872
3 1928 4857 1224
3 1896 4842 744
3 1864 4856 1192
3 1832 4845 840
3 1800 4855 1160
3 1768 4837 584
3 1736 4854 1128
3 1704 4843 776
3 1672 4853 1096
3 1640 4838 616
3 1608 4852 1064
3 1576 4844 808
3 1544 4851 1032
3 1512 4829 466
3 1480 4896 2472
3 1448 4894 2408
3 1416 4892 2344
3 1384 4890 2280
3 1352 4888 2216
3 1320 4886 2152
3 1288 4884 2088
3 1256 4882 2024
3 1224 4880 1960
3 1192 4878 1896
3 1160 4876 1832
3 1128 4874 1768
3 1096 4872 1704
3 1064 4870 1640
3 1032 4868 1576
3 1000 4897 2504
3 968 4893 2376
3 936 4889 2248
3 904 4885 2120
3 872 4881 1992
3 840 4877 1864
3 808 4869 1608
3 776 4873 1736
3 744 4879 1928
3 712 4887 2184
3 680 4895 2440
3 648 4891 2312
3 616 4871 1672
3 584 4875 1800
3 552 4883 2056
3 4831 523 345
3 4835 490 523
3 4829 467 466
3 4833 409 377
3 4832 377 490
3 4830 345 313
3 4822 313 281
3 243 4867 1544
3 4828 244 245
3 4826 186 154
3 4825 154 122
3 4824 122 58
3 26 4823 79
3 4823 58 79
3 4821 281 467
3 4819 26 244
3 2502 4945 1510
3 2470 4929 998
3 2438 4944 1478
3 2406 4919 678
3 2374 4943 1446
3 2342 4928 966
3 2310 4942 1414
3 2278 4918 646
3 2246 4941 1382
3 2214 4927 934
3 2182 4940 1350
3 2150 4920 710
3 2118 4939 1318
3 2086 4926 902
3 2054 4938 1286
3 2022 4915 550
3 1990 4937 1254
3 1958 4925 870
3 1926 4936 1222
3 1894 4921 742
3 1862 4935 1190
3 1830 4924 838
3 1798 4934 1158
3 1766 4916 582
3 1734 4933 1126
3 1702 4922 774
3 1670 4932 1094
3 1638 4917 614
3 1606 4931 1062
3 1574 4923 806
3 1542 4930 1030
3 1510 4908 464
3 1478 4975 2470
3 1446 4973 2406
3 1414 4971 2342
3 1382 4969 2278
3 1350 4967 2214
3 1318 4965 2150
3 1286 4963 2086
3 1254 4961 2022
3 1222 4959 1958
3 1190 4957 1894
3 1158 4955 1830
3 1126 4953 1766
3 1094 4951 1702
3 1062 4949 1638
3 1030 4947 1574
3 998 4976 2502
3 966 4972 2374
3 934 4968 2246
3 902 4964 2118
3 870 4960 1990
3 838 4956 1862
3 806 4948 1606
3 774 4952 1734
3 742 4958 1926
3 710 4966 2182
3 678 4974 2438
3 646 4970 2310
3 614 4950 1670
3 582 4954 1798
3 550 4962 2054
3 4910 521 344
3 4914 488 521
3 4908 465 464
3 4912 408 376
3 4911 376 488
3 4909 344 312
3 4901 312 280
3 241 4946 1542
3 4907 242 243
3 4905 185 153
3 4904 153 121
3 4903 121 57
3 25 4902 77
3 4902 57 77
3 4900 280 465
3 4898 25 242
3 2499 5024 1507
3 2467 5008 995
3 2435 5023 1475
3 2403 4998 675
3 2371 5022 1443
3 2339 5007 963
3 2307 5021 1411
3 2275 4997 643
3 2243 5020 1379
3 2211 5006 931
3 2179 5019 1347
3 2147 4999 707
3 2115 5018 1315
3 2083 5005 899
3 2051 5017 1283
3 2019 4994 547
3 1987 5016 1251
3 1955 5004 867
3 1923 5015 1219
3 1891 5000 739
3 1859 5014 1187
3 1827 5003 835
3 1795 5013 1155
3 1763 4995 579
3 1731 5012 1123
3 1699 5001 771
3 1667 5011 1091
3 1635 4996 611
3 1603 5010 1059
3 1571 5002 803
3 1539 5009 1027
3 1507 4987 462
3 1475 5054 2467
3 1443 5052 2403
3 1411 5050 2339
3 1379 5048 2275
3 1347 5046 2211
3 1315 5044 2147
3 1283 5042 2083
3 1251 5040 2019
3 1219 5038 1955
3 1187 5036 1891
3 1155 5034 1827
3 1123 5032 1763
3 1091 5030 1699
3 1059 5028 1635
3 1027 5026 1571
3 995 5055 2499
3 963 5051 2371
3 931 5047 2243
3 899 5043 2115
3 867 5039 1987
3 835 5035 1859
3 803 5027 1603
3 771 5031 1731
3 739 5037 1923
3 707 5045 2179
3 675 5053 2435
3 643 5049 2307
3 611 5029 1667
3 579 5033 1795
3 547 5041 2051
3 4989 519 343
3 4993 486 519
3 4987 463 462
3 4991 407 375
3 4990 375 486
3 4988 343 311
3 4980 311 279
3 239 5025 1539
3 4986 240 241
3 4984 184 152
3 4983 152 120
3 4982 120 56
3 24 4981 75
3 4981 56 75
3 4979 279 463
3 4977 24 240
3 4267 195 1537
3 4187 194 1
3 4108 196 2
3 4029 198 3
3 3950 200 4
3 3871 202 5
3 3792 204 6
3 3713 206 7
3 3634 208 8
3 3555 210 9
3 3476 212 10
3 3397 214 11
3 3318 216 12
3 3239 218 13
3 3160 220 14
3 3081 222 15
3 3002 224 16
3 2923 226 17
3 2844 228 18
3 2765 230 19
3 2686 232 20
3 2607 234 21
3 2528 236 22
3 4977 238 23
3 4898 240 24
3 4819 242 25
3 4740 244 26
3 4661 246 27
3 4582 248 28
3 4503 250 29
3 3952 427 261
3 4424 252 30
3 4345 254 31
3 4979 465 280
3 3241 445 270
3 2531 239 1539
3 3557 437 266
3 2846 455 275
3 4663 473 284
3 3873 429 262
3 3162 447 271
3 2532 463 279
3 3478 439 267
3 2767 457 276
3 4584 475 285
3 3794 431 263
3 3083 449 272
3 4900 467 281
3 4347 416 256
3 4110 423 259
3 3399 441 268
3 2688 459 277
3 4505 477 286
3 3715 433 264
3 3004 451 273
3 4821 469 282
3 4031 425 260
3 3320 443 269
3 2609 461 278
3 4426 479 287
3 3636 435 265
3 2925 453 274
3 4742 471 283
3 3875 64 37
3 2769 66 51
3 3796 65 38
3 2690 67 52
3 3717 68 39
3 2611 69 53
3 3638 70 40
3 2534 71 54
3 3559 72 41
3 4981 73 55
3 3480 74 42
3 4902 75 56
3 3401 76 43
3 4823 77 57
3 3322 78 44
3 4744 79 58
3 3243 80 45
3 4268 83 32
3 4665 81 59
3 3164 82 46
3 4189 84 33
3 4586 85 60
3 3085 86 47
3 4112 87 34
3 4507 88 61
3 3006 89 48
3 4033 90 35
3 4428 91 62
3 2927 92 49
3 3954 93 36
3 4349 94 63
3 2848 95 50
3 18 95 2848
3 31 94 4349
3 4 93 3954
3 17 92 2927
3 30 91 4428
3 3 90 4033
3 16 89 3006
3 29 88 4507
3 2 87 4112
3 15 86 3085
3 28 85 4586
3 1 84 4189
3 14 82 3164
3 27 81 4665
3 0 83 4268
3 13 80 3243
3 26 79 4744
3 12 78 3322
3 25 77 4823
3 11 76 3401
3 24 75 4902
3 10 74 3480
3 23 73 4981
3 9 72 3559
3 22 71 2534
3 8 70 3638
3 21 69 2611
3 7 68 3717
3 20 67 2690
3 6 65 3796
3 19 66 2769
3 5 64 3875
3 2612 53 117
3 3639 40 104
3 2535 54 118
3 3560 41 105
3 4982 55 119
3 3481 42 106
3 4903 56 120
3 3402 43 107
3 4824 57 121
3 3323 44 108
3 4745 58 122
3 3244 45 109
3 4269 32 96
3 4666 59 123
3 3165 46 110
3 4190 33 97
3 4587 60 124
3 3086 47 111
3 4113 34 98
3 4508 61 125
3 3007 48 112
3 4034 35 99
3 4429 62 126
3 2928 49 113
3 3955 36 100
3 4350 63 127
3 2849 50 114
3 3876 37 101
3 2770 51 115
3 3797 38 102
3 2691 52 116
3 3718 39 103
3 96 128 4272
3 123 155 4668
3 110 142 3167
3 97 129 4192
3 124 156 4589
3 111 143 3088
3 98 130 4115
3 125 157 4510
3 112 144 3009
3 99 131 4036
3 126 158 4431
3 113 145 2930
3 100 132 3957
3 127 159 4352
3 114 146 2851
3 101 133 3878
3 115 147 2772
3 102 134 3799
3 116 148 2693
3 103 135 3720
3 117 149 2614
3 104 136 3641
3 118 150 2537
3 105 137 3562
3 119 151 4984
3 106 138 3483
3 120 152 4905
3 107 139 3404
3 121 153 4826
3 108 140 3325
3 122 154 4747
3 109 141 3246
3 4036 131 163
3 4431 158 190
3 2930 145 177
3 3957 132 164
3 4352 159 191
3 2851 146 178
3 3878 133 165
3 2772 147 179
3 3799 134 166
3 2693 148 180
3 3720 135 167
3 2614 149 181
3 3641 136 168
3 2537 150 182
3 3562 137 169
3 4984 151 183
3 3483 138 170
3 4905 152 184
3 3404 139 171
3 4826 153 185
3 3325 140 172
3 4747 154 186
3 3246 141 173
3 4272 128 160
3 4668 155 187
3 3167 142 174
3 4192 129 161
3 4589 156 188
3 3088 143 175
3 4115 130 162
3 4510 157 189
3 3009 144 176
3 4267 192 193
3 4194 195 194
3 4117 197 196
3 4038 199 198
3 3959 201 200
3 3880 203 202
3 3801 205 204
3 3722 207 206
3 3643 209 208
3 3564 211 210
3 3485 213 212
3 3406 215 214
3 3327 217 216
3 3248 219 218
3 3169 221 220
3 3090 223 222
3 3011 225 224
3 2932 227 226
3 2853 229 228
3 2774 231 230
3 2695 233 232
3 2616 235 234
3 2531 237 236
3 4986 239 238
3 4907 241 240
3 4828 243 242
3 4749 245 244
3 4670 247 246
3 4591 249 248
3 4512 251 250
3 4433 253 252
3 4354 255 254
3 4274 193 0
3 3564 213 1541
3 4986 241 1542
3 3485 215 1543
3 4907 243 1544
3 3406 217 1545
3 4828 245 1546
3 3327 219 1547
3 4749 247 1548
3 3248 221 1549
3 4354 192 1536
3 4670 249 1551
3 3169 223 1552
3 4194 197 1553
3 4591 251 1554
3 3090 225 1555
3 4117 199 1556
3 4512 253 1557
3 3011 227 1558
3 4038 201 1559
3 4433 255 1550
3 2932 229 1560
3 3959 203 1561
3 4196 421 258
3 2853 231 1562
3 3880 205 1563
3 2774 233 1564
3 3801 207 1565
3 2695 235 1566
3 3722 209 1567
3 2616 237 1538
3 3643 211 1540
3 3163 271 303
3 4197 258 290
3 4585 285 317
3 3084 272 304
3 4111 259 291
3 4506 286 318
3 3005 273 305
3 4032 260 292
3 4427 287 319
3 2926 274 306
3 3953 261 293
3 4348 256 288
3 2847 275 307
3 3874 262 294
3 2768 276 308
3 3795 263 295
3 2689 277 309
3 3716 264 296
3 2610 278 310
3 3637 265 297
3 2533 279 311
3 3558 266 298
3 4980 280 312
3 3479 267 299
3 4901 281 313
3 3400 268 300
3 4822 282 314
3 3321 269 301
3 4743 283 315
3 3242 270 302
3 4275 257 289
3 4664 284 316
3 306 338 2935
3 293 325 3962
3 288 320 4357
3 307 339 2856
3 294 326 3883
3 308 340 2777
3 295 327 3804
3 309 341 2698
3 296 328 3725
3 310 342 2619
3 297 329 3646
3 311 343 2540
3 298 330 3567
3 312 344 4989
3 299 331 3488
3 313 345 4910
3 300 332 3409
3 314 346 4831
3 301 333 3330
3 315 347 4752
3 302 334 3251
3 289 321 4277
3 316 348 4673
3 303 335 3172
3 290 322 4199
3 317 349 4594
3 304 336 3093
3 291 323 4120
3 318 350 4515
3 305 337 3014
3 292 324 4041
3 319 351 4436
3 2699 480 373
3 3726 482 360
3 2620 484 374
3 3647 485 361
3 2541 486 375
3 3568 487 362
3 4990 488 376
3 3489 489 363
3 4911 490 377
3 3410 491 364
3 4832 492 378
3 3331 493 365
3 4753 494 379
3 3252 495 366
3 4278 496 353
3 4674 498 380
3 3173 499 367
3 4200 500 354
3 4595 501 381
3 3094 502 368
3 4121 503 355
3 4516 504 382
3 3015 505 369
3 4042 506 356
3 4437 507 383
3 2936 508 370
3 3963 509 357
3 4358 497 352
3 2857 510 371
3 3884 511 358
3 2778 481 372
3 3805 483 359
3 4438 383 415
3 2937 370 402
3 3964 357 389
3 4359 352 384
3 2858 371 403
3 3885 358 390
3 2779 372 404
3 3806 359 391
3 2700 373 405
3 3727 360 392
3 2621 374 406
3 3648 361 393
3 2542 375 407
3 3569 362 394
3 4991 376 408
3 3490 363 395
3 4912 377 409
3 3411 364 396
3 4833 378 410
3 3332 365 397
3 4754 379 411
3 3253 366 398
3 4279 353 385
3 4675 380 412
3 3174 367 399
3 4201 354 386
3 4596 381 413
3 3095 368 400
3 4122 355 387
3 4517 382 414
3 3016 369 401
3 4043 356 388
3 4360 384 4280
3 4280 385 4202
3 4202 386 4123
3 4123 387 4044
3 4044 388 3965
3 3965 389 3886
3 3886 390 3807
3 3807 391 3728
3 3728 392 3649
3 3649 393 3570
3 3570 394 3491
3 3491 395 3412
3 3412 396 3333
3 3333 397 3254
3 3254 398 3175
3 3175 399 3096
3 3096 400 3017
3 3017 401 2938
3 2938 402 2859
3 2859 403 2780
3 2780 404 2701
3 2701 405 2622
3 2622 406 2543
3 2543 407 4992
3 4992 408 4913
3 4913 409 4834
3 4834 410 4755
3 4755 411 4676
3 4676 412 4597
3 4597 413 4518
3 4518 414 4439
3 4439 415 4360
3 4360 4280 4202
3 4202 4123 4044
3 4044 3965 3886
3 3886 3807 3728
3 3728 3649 3570
3 3570 3491 3412
3 3412 3333 3254
3 3254 3175 3096
3 3096 3017 2938
3 2938 2859 2780
3 2780 2701 2622
3 2622 2543 4992
3 4992 4913 4834
3 4834 4755 4676
3 4676 4597 4518
3 4518 4439 4360
3 4360 4202 4044
3 4044 3886 3728
3 3728 3570 3412
3 3412 3254 3096
3 3096 2938 2780
3 2780 2622 4992
3 4992 4834 4676
3 4676 4518 4360
3 4360 4044 3728
3 3728 3412 3096
3 3096 2780 4992
3 4992 4676 4360
3 4360 3728 3096
3 4193 161 4273
3 4273 160 4353
3 4353 191 4432
3 4432 190 4511
3 4511 189 4590
3 4590 188 4669
3 4669 187 4748
3 4748 186 4827
3 4827 185 4906
3 4906 184 4985
3 4985 183 2538
3 2538 182 2615
3 2615 181 2694
3 2694 180 2773
3 2773 179 2852
3 2852 178 2931
3 2931 177 3010
3 3010 176 3089
3 3089 175 3168
3 3168 174 3247
3 3247 173 3326
3 3326 172 3405
3 3405 171 3484
3 3484 170 3563
3 3563 169 3642
3 3642 168 3721
3 3721 167 3800
3 3800 166 3879
3 3879 165 3958
3 3958 164 4037
3 4037 163 4116
3 4116 162 4193
3 4193 4273 4353
3 4353 4432 4511
3 4511 4590 4669
3 4669 4748 4827
3 4827 4906 4985
3 4985 2538 2615
3 2615 2694 2773
3 2773 2852 2931
3 2931 3010 3089
3 3089 3168 3247
3 3247 3326 3405
3 3405 3484 3563
3 3563 3642 3721
3 3721 3800 3879
3 3879 3958 4037
3 4037 4116 4193
3 4193 4353 4511
3 4511 4669 4827
3 4827 4985 2615
3 2615 2773 2931
3 2931 3089 3247
3 3247 3405 3563
3 3563 3721 3879
3 3879 4037 4193
3 4193 4511 4827
3 4827 2615 2931
3 2931 3247 3563
3 3563 3879 4193
3 4193 4827 2931
3 4266 418 419
3 4195 420 421
3 4118 422 423
3 4039 424 425
3 3960 426 427
3 3881 428 429
3 3802 430 431
3 3723 432 433
3 3644 434 435
3 3565 436 437
3 3486 438 439
3 3407 440 441
3 3328 442 443
3 3249 444 445
3 3170 446 447
3 3091 448 449
3 3012 450 451
3 2933 452 453
3 2854 454 455
3 2775 456 457
3 2696 458 459
3 2617 460 461
3 2530 462 463
3 4987 464 465
3 4908 466 467
3 4829 468 469
3 4750 470 471
3 4671 472 473
3 4592 474 475
3 4513 476 477
3 4434 478 479
3 4355 417 416
3 4281 419 257
3 3808 513 483
3 512 481 2778
3 3887 543 511
3 542 510 2857
3 4361 514 497
3 3966 541 509
3 540 508 2936
3 4440 539 507
3 4045 538 506
3 537 505 3015
3 4519 536 504
3 4124 535 503
3 534 502 3094
3 533 501 4595
3 4203 532 500
3 3176 531 499
3 530 498 4674
3 4282 529 496
3 3255 528 495
3 527 494 4753
3 3334 526 493
3 525 492 4832
3 3413 524 491
3 523 490 4911
3 3492 522 489
3 521 488 4990
3 3571 520 487
3 519 486 2541
3 3650 518 485
3 517 484 2620
3 3729 516 482
3 515 480 2699
3 2698 341 515
3 3725 328 516
3 2619 342 517
3 3646 329 518
3 2540 343 519
3 3567 330 520
3 4989 344 521
3 3488 331 522
3 4910 345 523
3 3409 332 524
3 4831 346 525
3 3330 333 526
3 4752 347 527
3 3251 334 528
3 4277 321 529
3 4673 348 530
3 3172 335 531
3 4199 322 532
3 4594 349 533
3 3093 336 534
3 4120 323 535
3 4515 350 536
3 3014 337 537
3 4041 324 538
3 4436 351 539
3 2935 338 540
3 3962 325 541
3 4357 320 514
3 2856 339 542
3 3883 326 543
3 2777 340 512
3 3804 327 513
3 3651 548 2052
3 2624 546 2050
3 3730 575 2079
3 2703 574 2078
3 3809 573 2077
3 2782 572 2076
3 3888 571 2075
3 2861 570 2074
3 3967 569 2073
3 2940 568 2072
3 4441 558 2062
3 4046 567 2071
3 3019 566 2070
3 4520 565 2069
3 4125 564 2068
3 3098 563 2067
3 4599 562 2066
3 4204 561 2065
3 3177 560 2064
3 4678 559 2063
3 4362 544 2048
3 3256 557 2061
3 4757 556 2060
3 3335 555 2059
3 4836 554 2058
3 3414 553 2057
3 4915 552 2056
3 3493 551 2055
3 4994 550 2054
3 3572 549 2053
3 2545 547 2051
3 4283 545 2049
3 3652 580 1796
3 2625 578 1794
3 3731 607 1823
3 2704 606 1822
3 3810 605 1821
3 2783 604 1820
3 3889 603 1819
3 2862 602 1818
3 3968 601 1817
3 2941 600 1816
3 4442 590 1806
3 4047 599 1815
3 3020 598 1814
3 4521 597 1813
3 4126 596 1812
3 3099 595 1811
3 4600 594 1810
3 4205 593 1809
3 3178 592 1808
3 4679 591 1807
3 4363 576 1792
3 3257 589 1805
3 4758 588 1804
3 3336 587 1803
3 4837 586 1802
3 3415 585 1801
3 4916 584 1800
3 3494 583 1799
3 4995 582 1798
3 3573 581 1797
3 2546 579 1795
3 4284 577 1793
3 3653 612 1668
3 2626 610 1666
3 3732 639 1695
3 2705 638 1694
3 3811 637 1693
3 2784 636 1692
3 3890 635 1691
3 2863 634 1690
3 3969 633 1689
3 2942 632 1688
3 4443 622 1678
3 4048 631 1687
3 3021 630 1686
3 4522 629 1685
3 4127 628 1684
3 3100 627 1683
3 4601 626 1682
3 4206 625 1681
3 3179 624 1680
3 4680 623 1679
3 4364 608 1664
3 3258 621 1677
3 4759 620 1676
3 3337 619 1675
3 4838 618 1674
3 3416 617 1673
3 4917 616 1672
3 3495 615 1671
3 4996 614 1670
3 3574 613 1669
3 2547 611 1667
3 4285 609 1665
3 4286 641 2305
3 2548 643 2307
3 3575 645 2309
3 4997 646 2310
3 3496 647 2311
3 4918 648 2312
3 3417 649 2313
3 4839 650 2314
3 3338 651 2315
3 4760 652 2316
3 3259 653 2317
3 4365 640 2304
3 4681 655 2319
3 3180 656 2320
3 4207 657 2321
3 4602 658 2322
3 3101 659 2323
3 4128 660 2324
3 4523 661 2325
3 3022 662 2326
3 4049 663 2327
3 4444 654 2318
3 2943 664 2328
3 3970 665 2329
3 2864 666 2330
3 3891 667 2331
3 2785 668 2332
3 3812 669 2333
3 2706 670 2334
3 3733 671 2335
3 2627 642 2306
3 3654 644 2308
3 3655 676 2436
3 2628 674 2434
3 3734 703 2463
3 2707 702 2462
3 3813 701 2461
3 2786 700 2460
3 3892 699 2459
3 2865 698 2458
3 3971 697 2457
3 2944 696 2456
3 4445 686 2446
3 4050 695 2455
3 3023 694 2454
3 4524 693 2453
3 4129 692 2452
3 3102 691 2451
3 4603 690 2450
3 4208 689 2449
3 3181 688 2448
3 4682 687 2447
3 4366 672 2432
3 3260 685 2445
3 4761 684 2444
3 3339 683 2443
3 4840 682 2442
3 3418 681 2441
3 4919 680 2440
3 3497 679 2439
3 4998 678 2438
3 3576 677 2437
3 2549 675 2435
3 4287 673 2433
3 4288 705 2177
3 2550 707 2179
3 3577 709 2181
3 4999 710 2182
3 3498 711 2183
3 4920 712 2184
3 3419 713 2185
3 4841 714 2186
3 3340 715 2187
3 4762 716 2188
3 3261 717 2189
3 4367 704 2176
3 4683 719 2191
3 3182 720 2192
3 4209 721 2193
3 4604 722 2194
3 3103 723 2195
3 4130 724 2196
3 4525 725 2197
3 3024 726 2198
3 4051 727 2199
3 4446 718 2190
3 2945 728 2200
3 3972 729 2201
3 2866 730 2202
3 3893 731 2203
3 2787 732 2204
3 3814 733 2205
3 2708 734 2206
3 3735 735 2207
3 2629 706 2178
3 3656 708 2180
3 4289 737 1921
3 2551 739 1923
3 3578 741 1925
3 5000 742 1926
3 3499 743 1927
3 4921 744 1928
3 3420 745 1929
3 4842 746 1930
3 3341 747 1931
3 4763 748 1932
3 3262 749 1933
3 4368 736 1920
3 4684 751 1935
3 3183 752 1936
3 4210 753 1937
3 4605 754 1938
3 3104 755 1939
3 4131 756 1940
3 4526 757 1941
3 3025 758 1942
3 4052 759 1943
3 4447 750 1934
3 2946 760 1944
3 3973 761 1945
3 2867 762 1946
3 3894 763 1947
3 2788 764 1948
3 3815 765 1949
3 2709 766 1950
3 3736 767 1951
3 2630 738 1922
3 3657 740 1924
3 4290 769 1729
3 2552 771 1731
3 3579 773 1733
3 5001 774 1734
3 3500 775 1735
3 4922 776 1736
3 3421 777 1737
3 4843 778 1738
3 3342 779 1739
3 4764 780 1740
3 3263 781 1741
3 4369 768 1728
3 4685 783 1743
3 3184 784 1744
3 4211 785 1745
3 4606 786 1746
3 3105 787 1747
3 4132 788 1748
3 4527 789 1749
3 3026 790 1750
3 4053 791 1751
3 4448 782 1742
3 2947 792 1752
3 3974 793 1753
3 2868 794 1754
3 3895 795 1755
3 2789 796 1756
3 3816 797 1757
3 2710 798 1758
3 3737 799 1759
3 2631 770 1730
3 3658 772 1732
3 3659 804 1604
3 2632 802 1602
3 3738 831 1631
3 2711 830 1630
3 3817 829 1629
3 2790 828 1628
3 3896 827 1627
3 2869 826 1626
3 3975 825 1625
3 2948 824 1624
3 4449 814 1614
3 4054 823 1623
3 3027 822 1622
3 4528 821 1621
3 4133 820 1620
3 3106 819 1619
3 4607 818 1618
3 4212 817 1617
3 3185 816 1616
3 4686 815 1615
3 4370 800 1600
3 3264 813 1613
3 4765 812 1612
3 3343 811 1611
3 4844 810 1610
3 3422 809 1609
3 4923 808 1608
3 3501 807 1607
3 5002 806 1606
3 3580 805 1605
3 2553 803 1603
3 4291 801 1601
3 4292 833 1857
3 2554 835 1859
3 3581 837 1861
3 5003 838 1862
3 3502 839 1863
3 4924 840 1864
3 3423 841 1865
3 4845 842 1866
3 3344 843 1867
3 4766 844 1868
3 3265 845 1869
3 4371 832 1856
3 4687 847 1871
3 3186 848 1872
3 4213 849 1873
3 4608 850 1874
3 3107 851 1875
3 4134 852 1876
3 4529 853 1877
3 3028 854 1878
3 4055 855 1879
3 4450 846 1870
3 2949 856 1880
3 3976 857 1881
3 2870 858 1882
3 3897 859 1883
3 2791 860 1884
3 3818 861 1885
3 2712 862 1886
3 3739 863 1887
3 2633 834 1858
3 3660 836 1860
3 3661 868 1988
3 2634 866 1986
3 3740 895 2015
3 2713 894 2014
3 3819 893 2013
3 2792 892 2012
3 3898 891 2011
3 2871 890 2010
3 3977 889 2009
3 2950 888 2008
3 4451 878 1998
3 4056 887 2007
3 3029 886 2006
3 4530 885 2005
3 4135 884 2004
3 3108 883 2003
3 4609 882 2002
3 4214 881 2001
3 3187 880 2000
3 4688 879 1999
3 4372 864 1984
3 3266 877 1997
3 4767 876 1996
3 3345 875 1995
3 4846 874 1994
3 3424 873 1993
3 4925 872 1992
3 3503 871 1991
3 5004 870 1990
3 3582 869 1989
3 2555 867 1987
3 4293 865 1985
3 4294 897 2113
3 2556 899 2115
3 3583 901 2117
3 5005 902 2118
3 3504 903 2119
3 4926 904 2120
3 3425 905 2121
3 4847 906 2122
3 3346 907 2123
3 4768 908 2124
3 3267 909 2125
3 4373 896 2112
3 4689 911 2127
3 3188 912 2128
3 4215 913 2129
3 4610 914 2130
3 3109 915 2131
3 4136 916 2132
3 4531 917 2133
3 3030 918 2134
3 4057 919 2135
3 4452 910 2126
3 2951 920 2136
3 3978 921 2137
3 2872 922 2138
3 3899 923 2139
3 2793 924 2140
3 3820 925 2141
3 2714 926 2142
3 3741 927 2143
3 2635 898 2114
3 3662 900 2116
3 3663 932 2244
3 2636 930 2242
3 3742 959 2271
3 2715 958 2270
3 3821 957 2269
3 2794 956 2268
3 3900 955 2267
3 2873 954 2266
3 3979 953 2265
3 2952 952 2264
3 4453 942 2254
3 4058 951 2263
3 3031 950 2262
3 4532 949 2261
3 4137 948 2260
3 3110 947 2259
3 4611 946 2258
3 4216 945 2257
3 3189 944 2256
3 4690 943 2255
3 4374 928 2240
3 3268 941 2253
3 4769 940 2252
3 3347 939 2251
3 4848 938 2250
3 3426 937 2249
3 4927 936 2248
3 3505 935 2247
3 5006 934 2246
3 3584 933 2245
3 2557 931 2243
3 4295 929 2241
3 3664 964 2372
3 2637 962 2370
3 3743 991 2399
3 2716 990 2398
3 3822 989 2397
3 2795 988 2396
3 3901 987 2395
3 2874 986 2394
3 3980 985 2393
3 2953 984 2392
3 4454 974 2382
3 4059 983 2391
3 3032 982 2390
3 4533 981 2389
3 4138 980 2388
3 3111 979 2387
3 4612 978 2386
3 4217 977 2385
3 3190 976 2384
3 4691 975 2383
3 4375 960 2368
3 3269 973 2381
3 4770 972 2380
3 3348 971 2379
3 4849 970 2378
3 3427 969 2377
3 4928 968 2376
3 3506 967 2375
3 5007 966 2374
3 3585 965 2373
3 2558 963 2371
3 4296 961 2369
3 4297 993 2497
3 2559 995 2499
3 3586 997 2501
3 5008 998 2502
3 3507 999 2503
3 4929 1000 2504
3 3428 1001 2505
3 4850 1002 2506
3 3349 1003 2507
3 4771 1004 2508
3 3270 1005 2509
3 4376 992 2496
3 4692 1007 2511
3 3191 1008 2512
3 4218 1009 2513
3 4613 1010 2514
3 3112 1011 2515
3 4139 1012 2516
3 4534 1013 2517
3 3033 1014 2518
3 4060 1015 2519
3 4455 1006 2510
3 2954 1016 2520
3 3981 1017 2521
3 2875 1018 2522
3 3902 1019 2523
3 2796 1020 2524
3 3823 1021 2525
3 2717 1022 2526
3 3744 1023 2527
3 2638 994 2498
3 3665 996 2500
3 3666 1028 1572
3 2639 1026 1570
3 3745 1055 1599
3 2718 1054 1598
3 3824 1053 1597
3 2797 1052 1596
3 3903 1051 1595
3 2876 1050 1594
3 3982 1049 1593
3 2955 1048 1592
3 4456 1038 1582
3 4061 1047 1591
3 3034 1046 1590
3 4535 1045 1589
3 4140 1044 1588
3 3113 1043 1587
3 4614 1042 1586
3 4219 1041 1585
3 3192 1040 1584
3 4693 1039 1583
3 4377 1024 1568
3 3271 1037 1581
3 4772 1036 1580
3 3350 1035 1579
3 4851 1034 1578
3 3429 1033 1577
3 4930 1032 1576
3 3508 1031 1575
3 5009 1030 1574
3 3587 1029 1573
3 2560 1027 1571
3 4298 1025 1569
3 4299 1057 1633
3 2561 1059 1635
3 3588 1061 1637
3 5010 1062 1638
3 3509 1063 1639
3 4931 1064 1640
3 3430 1065 1641
3 4852 1066 1642
3 3351 1067 1643
3 4773 1068 1644
3 3272 1069 1645
3 4378 1056 1632
3 4694 1071 1647
3 3193 1072 1648
3 4220 1073 1649
3 4615 1074 1650
3 3114 1075 1651
3 4141 1076 1652
3 4536 1077 1653
3 3035 1078 1654
3 4062 1079 1655
3 4457 1070 1646
3 2956 1080 1656
3 3983 1081 1657
3 2877 1082 1658
3 3904 1083 1659
3 2798 1084 1660
3 3825 1085 1661
3 2719 1086 1662
3 3746 1087 1663
3 2640 1058 1634
3 3667 1060 1636
3 4300 1089 1697
3 2562 1091 1699
3 3589 1093 1701
3 5011 1094 1702
3 3510 1095 1703
3 4932 1096 1704
3 3431 1097 1705
3 4853 1098 1706
3 3352 1099 1707
3 4774 1100 1708
3 3273 1101 1709
3 4379 1088 1696
3 4695 1103 1711
3 3194 1104 1712
3 4221 1105 1713
3 4616 1106 1714
3 3115 1107 1715
3 4142 1108 1716
3 4537 1109 1717
3 3036 1110 1718
3 4063 1111 1719
3 4458 1102 1710
3 2957 1112 1720
3 3984 1113 1721
3 2878 1114 1722
3 3905 1115 1723
3 2799 1116 1724
3 3826 1117 1725
3 2720 1118 1726
3 3747 1119 1727
3 2641 1090 1698
3 3668 1092 1700
3 3669 1124 1764
3 2642 1122 1762
3 3748 1151 1791
3 2721 1150 1790
3 3827 1149 1789
3 2800 1148 1788
3 3906 1147 1787
3 2879 1146 1786
3 3985 1145 1785
3 2958 1144 1784
3 4459 1134 1774
3 4064 1143 1783
3 3037 1142 1782
3 4538 1141 1781
3 4143 1140 1780
3 3116 1139 1779
3 4617 1138 1778
3 4222 1137 1777
3 3195 1136 1776
3 4696 1135 1775
3 4380 1120 1760
3 3274 1133 1773
3 4775 1132 1772
3 3353 1131 1771
3 4854 1130 1770
3 3432 1129 1769
3 4933 1128 1768
3 3511 1127 1767
3 5012 1126 1766
3 3590 1125 1765
3 2563 1123 1763
3 4301 1121 1761
3 4302 1153 1825
3 2564 1155 1827
3 3591 1157 1829
3 5013 1158 1830
3 3512 1159 1831
3 4934 1160 1832
3 3433 1161 1833
3 4855 1162 1834
3 3354 1163 1835
3 4776 1164 1836
3 3275 1165 1837
3 4381 1152 1824
3 4697 1167 1839
3 3196 1168 1840
3 4223 1169 1841
3 4618 1170 1842
3 3117 1171 1843
3 4144 1172 1844
3 4539 1173 1845
3 3038 1174 1846
3 4065 1175 1847
3 4460 1166 1838
3 2959 1176 1848
3 3986 1177 1849
3 2880 1178 1850
3 3907 1179 1851
3 2801 1180 1852
3 3828 1181 1853
3 2722 1182 1854
3 3749 1183 1855
3 2643 1154 1826
3 3670 1156 1828
3 3671 1188 1892
3 2644 1186 1890
3 3750 1215 1919
3 2723 1214 1918
3 3829 1213 1917
3 2802 1212 1916
3 3908 1211 1915
3 2881 1210 1914
3 3987 1209 1913
3 2960 1208 1912
3 4461 1198 1902
3 4066 1207 1911
3 3039 1206 1910
3 4540 1205 1909
3 4145 1204 1908
3 3118 1203 1907
3 4619 1202 1906
3 4224 1201 1905
3 3197 1200 1904
3 4698 1199 1903
3 4382 1184 1888
3 3276 1197 1901
3 4777 1196 1900
3 3355 1195 1899
3 4856 1194 1898
3 3434 1193 1897
3 4935 1192 1896
3 3513 1191 1895
3 5014 1190 1894
3 3592 1189 1893
3 2565 1187 1891
3 4303 1185 1889
3 3672 1220 1956
3 2645 1218 1954
3 3751 1247 1983
3 2724 1246 1982
3 3830 1245 1981
3 2803 1244 1980
3 3909 1243 1979
3 2882 1242 1978
3 3988 1241 1977
3 2961 1240 1976
3 4462 1230 1966
3 4067 1239 1975
3 3040 1238 1974
3 4541 1237 1973
3 4146 1236 1972
3 3119 1235 1971
3 4620 1234 1970
3 4225 1233 1969
3 3198 1232 1968
3 4699 1231 1967
3 4383 1216 1952
3 3277 1229 1965
3 4778 1228 1964
3 3356 1227 1963
3 4857 1226 1962
3 3435 1225 1961
3 4936 1224 1960
3 3514 1223 1959
3 5015 1222 1958
3 3593 1221 1957
3 2566 1219 1955
3 4304 1217 1953
3 4305 1249 2017
3 2567 1251 2019
3 3594 1253 2021
3 5016 1254 2022
3 3515 1255 2023
3 4937 1256 2024
3 3436 1257 2025
3 4858 1258 2026
3 3357 1259 2027
3 4779 1260 2028
3 3278 1261 2029
3 4384 1248 2016
3 4700 1263 2031
3 3199 1264 2032
3 4226 1265 2033
3 4621 1266 2034
3 3120 1267 2035
3 4147 1268 2036
3 4542 1269 2037
3 3041 1270 2038
3 4068 1271 2039
3 4463 1262 2030
3 2962 1272 2040
3 3989 1273 2041
3 2883 1274 2042
3 3910 1275 2043
3 2804 1276 2044
3 3831 1277 2045
3 2725 1278 2046
3 3752 1279 2047
3 2646 1250 2018
3 3673 1252 2020
3 4306 1281 2081
3 2568 1283 2083
3 3595 1285 2085
3 5017 1286 2086
3 3516 1287 2087
3 4938 1288 2088
3 3437 1289 2089
3 4859 1290 2090
3 3358 1291 2091
3 4780 1292 2092
3 3279 1293 2093
3 4385 1280 2080
3 4701 1295 2095
3 3200 1296 2096
3 4227 1297 2097
3 4622 1298 2098
3 3121 1299 2099
3 4148 1300 2100
3 4543 1301 2101
3 3042 1302 2102
3 4069 1303 2103
3 4464 1294 2094
3 2963 1304 2104
3 3990 1305 2105
3 2884 1306 2106
3 3911 1307 2107
3 2805 1308 2108
3 3832 1309 2109
3 2726 1310 2110
3 3753 1311 2111
3 2647 1282 2082
3 3674 1284 2084
3 3675 1316 2148
3 2648 1314 2146
3 3754 1343 2175
3 2727 1342 2174
3 3833 1341 2173
3 2806 1340 2172
3 3912 1339 2171
3 2885 1338 2170
3 3991 1337 2169
3 2964 1336 2168
3 4465 1326 2158
3 4070 1335 2167
3 3043 1334 2166
3 4544 1333 2165
3 4149 1332 2164
3 3122 1331 2163
3 4623 1330 2162
3 4228 1329 2161
3 3201 1328 2160
3 4702 1327 2159
3 4386 1312 2144
3 3280 1325 2157
3 4781 1324 2156
3 3359 1323 2155
3 4860 1322 2154
3 3438 1321 2153
3 4939 1320 2152
3 3517 1319 2151
3 5018 1318 2150
3 3596 1317 2149
3 2569 1315 2147
3 4307 1313 2145
3 3676 1348 2212
3 2649 1346 2210
3 3755 1375 2239
3 2728 1374 2238
3 3834 1373 2237
3 2807 1372 2236
3 3913 1371 2235
3 2886 1370 2234
3 3992 1369 2233
3 2965 1368 2232
3 4466 1358 2222
3 4071 1367 2231
3 3044 1366 2230
3 4545 1365 2229
3 4150 1364 2228
3 3123 1363 2227
3 4624 1362 2226
3 4229 1361 2225
3 3202 1360 2224
3 4703 1359 2223
3 4387 1344 2208
3 3281 1357 2221
3 4782 1356 2220
3 3360 1355 2219
3 4861 1354 2218
3 3439 1353 2217
3 4940 1352 2216
3 3518 1351 2215
3 5019 1350 2214
3 3597 1349 2213
3 2570 1347 2211
3 4308 1345 2209
3 4309 1377 2273
3 2571 1379 2275
3 3598 1381 2277
3 5020 1382 2278
3 3519 1383 2279
3 4941 1384 2280
3 3440 1385 2281
3 4862 1386 2282
3 3361 1387 2283
3 4783 1388 2284
3 3282 1389 2285
3 4388 1376 2272
3 4704 1391 2287
3 3203 1392 2288
3 4230 1393 2289
3 4625 1394 2290
3 3124 1395 2291
3 4151 1396 2292
3 4546 1397 2293
3 3045 1398 2294
3 4072 1399 2295
3 4467 1390 2286
3 2966 1400 2296
3 3993 1401 2297
3 2887 1402 2298
3 3914 1403 2299
3 2808 1404 2300
3 3835 1405 2301
3 2729 1406 2302
3 3756 1407 2303
3 2650 1378 2274
3 3677 1380 2276
3 3678 1412 2340
3 2651 1410 2338
3 3757 1439 2367
3 2730 1438 2366
3 3836 1437 2365
3 2809 1436 2364
3 3915 1435 2363
3 2888 1434 2362
3 3994 1433 2361
3 2967 1432 2360
3 4468 1422 2350
3 4073 1431 2359
3 3046 1430 2358
3 4547 1429 2357
3 4152 1428 2356
3 3125 1427 2355
3 4626 1426 2354
3 4231 1425 2353
3 3204 1424 2352
3 4705 1423 2351
3 4389 1408 2336
3 3283 1421 2349
3 4784 1420 2348
3 3362 1419 2347
3 4863 1418 2346
3 3441 1417 2345
3 4942 1416 2344
3 3520 1415 2343
3 5021 1414 2342
3 3599 1413 2341
3 2572 1411 2339
3 4310 1409 2337
3 4311 1441 2401
3 2573 1443 2403
3 3600 1445 2405
3 5022 1446 2406
3 3521 1447 2407
3 4943 1448 2408
3 3442 1449 2409
3 4864 1450 2410
3 3363 1451 2411
3 4785 1452 2412
3 3284 1453 2413
3 4390 1440 2400
3 4706 1455 2415
3 3205 1456 2416
3 4232 1457 2417
3 4627 1458 2418
3 3126 1459 2419
3 4153 1460 2420
3 4548 1461 2421
3 3047 1462 2422
3 4074 1463 2423
3 4469 1454 2414
3 2968 1464 2424
3 3995 1465 2425
3 2889 1466 2426
3 3916 1467 2427
3 2810 1468 2428
3 3837 1469 2429
3 2731 1470 2430
3 3758 1471 2431
3 2652 1442 2402
3 3679 1444 2404
3 4312 1473 2465
3 2574 1475 2467
3 3601 1477 2469
3 5023 1478 2470
3 3522 1479 2471
3 4944 1480 2472
3 3443 1481 2473
3 4865 1482 2474
3 3364 1483 2475
3 4786 1484 2476
3 3285 1485 2477
3 4391 1472 2464
3 4707 1487 2479
3 3206 1488 2480
3 4233 1489 2481
3 4628 1490 2482
3 3127 1491 2483
3 4154 1492 2484
3 4549 1493 2485
3 3048 1494 2486
3 4075 1495 2487
3 4470 1486 2478
3 2969 1496 2488
3 3996 1497 2489
3 2890 1498 2490
3 3917 1499 2491
3 2811 1500 2492
3 3838 1501 2493
3 2732 1502 2494
3 3759 1503 2495
3 2653 1474 2466
3 3680 1476 2468
3 3681 1508 434
3 2654 1506 460
3 3760 1535 432
3 2733 1534 458
3 3839 1533 430
3 2812 1532 456
3 3918 1531 428
3 2891 1530 454
3 3997 1529 426
3 2970 1528 452
3 4471 1518 478
3 4076 1527 424
3 3049 1526 450
3 4550 1525 476
3 4155 1524 422
3 3128 1523 448
3 4629 1522 474
3 4234 1521 420
3 3207 1520 446
3 4708 1519 472
3 4392 1504 417
3 3286 1517 444
3 4787 1516 470
3 3365 1515 442
3 4866 1514 468
3 3444 1513 440
3 4945 1512 466
3 3523 1511 438
3 5024 1510 464
3 3602 1509 436
3 2575 1507 462
3 4313 1505 418
3 3682 1540 1028
3 2655 1538 1026
3 3761 1567 1055
3 2734 1566 1054
3 3840 1565 1053
3 2813 1564 1052
3 3919 1563 1051
3 2892 1562 1050
3 3998 1561 1049
3 2971 1560 1048
3 4472 1550 1038
3 4077 1559 1047
3 3050 1558 1046
3 4551 1557 1045
3 4156 1556 1044
3 3129 1555 1043
3 4630 1554 1042
3 4235 1553 1041
3 3208 1552 1040
3 4709 1551 1039
3 4393 1536 1024
3 3287 1549 1037
3 4788 1548 1036
3 3366 1547 1035
3 4867 1546 1034
3 3445 1545 1033
3 4946 1544 1032
3 3524 1543 1031
3 5025 1542 1030
3 3603 1541 1029
3 2576 1539 1027
3 4314 1537 1025
3 4315 1569 801
3 2577 1571 803
3 3604 1573 805
3 5026 1574 806
3 3525 1575 807
3 4947 1576 808
3 3446 1577 809
3 4868 1578 810
3 3367 1579 811
3 4789 1580 812
3 3288 1581 813
3 4394 1568 800
3 4710 1583 815
3 3209 1584 816
3 4236 1585 817
3 4631 1586 818
3 3130 1587 819
3 4157 1588 820
3 4552 1589 821
3 3051 1590 822
3 4078 1591 823
3 4473 1582 814
3 2972 1592 824
3 3999 1593 825
3 2893 1594 826
3 3920 1595 827
3 2814 1596 828
3 3841 1597 829
3 2735 1598 830
3 3762 1599 831
3 2656 1570 802
3 3683 1572 804
3 4316 1601 1057
3 2578 1603 1059
3 3605 1605 1061
3 5027 1606 1062
3 3526 1607 1063
3 4948 1608 1064
3 3447 1609 1065
3 4869 1610 1066
3 3368 1611 1067
3 4790 1612 1068
3 3289 1613 1069
3 4395 1600 1056
3 4711 1615 1071
3 3210 1616 1072
3 4237 1617 1073
3 4632 1618 1074
3 3131 1619 1075
3 4158 1620 1076
3 4553 1621 1077
3 3052 1622 1078
3 4079 1623 1079
3 4474 1614 1070
3 2973 1624 1080
3 4000 1625 1081
3 2894 1626 1082
3 3921 1627 1083
3 2815 1628 1084
3 3842 1629 1085
3 2736 1630 1086
3 3763 1631 1087
3 2657 1602 1058
3 3684 1604 1060
3 3685 1636 612
3 2658 1634 610
3 3764 1663 639
3 2737 1662 638
3 3843 1661 637
3 2816 1660 636
3 3922 1659 635
3 2895 1658 634
3 4001 1657 633
3 2974 1656 632
3 4475 1646 622
3 4080 1655 631
3 3053 1654 630
3 4554 1653 629
3 4159 1652 628
3 3132 1651 627
3 4633 1650 626
3 4238 1649 625
3 3211 1648 624
3 4712 1647 623
3 4396 1632 608
3 3290 1645 621
3 4791 1644 620
3 3369 1643 619
3 4870 1642 618
3 3448 1641 617
3 4949 1640 616
3 3527 1639 615
3 5028 1638 614
3 3606 1637 613
3 2579 1635 611
3 4317 1633 609
3 4318 1665 1089
3 2580 1667 1091
3 3607 1669 1093
3 5029 1670 1094
3 3528 1671 1095
3 4950 1672 1096
3 3449 1673 1097
3 4871 1674 1098
3 3370 1675 1099
3 4792 1676 1100
3 3291 1677 1101
3 4397 1664 1088
3 4713 1679 1103
3 3212 1680 1104
3 4239 1681 1105
3 4634 1682 1106
3 3133 1683 1107
3 4160 1684 1108
3 4555 1685 1109
3 3054 1686 1110
3 4081 1687 1111
3 4476 1678 1102
3 2975 1688 1112
3 4002 1689 1113
3 2896 1690 1114
3 3923 1691 1115
3 2817 1692 1116
3 3844 1693 1117
3 2738 1694 1118
3 3765 1695 1119
3 2659 1666 1090
3 3686 1668 1092
3 3687 1700 772
3 2660 1698 770
3 3766 1727 799
3 2739 1726 798
3 3845 1725 797
3 2818 1724 796
3 3924 1723 795
3 2897 1722 794
3 4003 1721 793
3 2976 1720 792
3 4477 1710 782
3 4082 1719 791
3 3055 1718 790
3 4556 1717 789
3 4161 1716 788
3 3134 1715 787
3 4635 1714 786
3 4240 1713 785
3 3213 1712 784
3 4714 1711 783
3 4398 1696 768
3 3292 1709 781
3 4793 1708 780
3 3371 1707 779
3 4872 1706 778
3 3450 1705 777
3 4951 1704 776
3 3529 1703 775
3 5030 1702 774
3 3608 1701 773
3 2581 1699 771
3 4319 1697 769
3 3688 1732 1124
3 2661 1730 1122
3 3767 1759 1151
3 2740 1758 1150
3 3846 1757 1149
3 2819 1756 1148
3 3925 1755 1147
3 2898 1754 1146
3 4004 1753 1145
3 2977 1752 1144
3 4478 1742 1134
3 4083 1751 1143
3 3056 1750 1142
3 4557 1749 1141
3 4162 1748 1140
3 3135 1747 1139
3 4636 1746 1138
3 4241 1745 1137
3 3214 1744 1136
3 4715 1743 1135
3 4399 1728 1120
3 3293 1741 1133
3 4794 1740 1132
3 3372 1739 1131
3 4873 1738 1130
3 3451 1737 1129
3 4952 1736 1128
3 3530 1735 1127
3 5031 1734 1126
3 3609 1733 1125
3 2582 1731 1123
3 4320 1729 1121
3 4321 1761 577
3 2583 1763 579
3 3610 1765 581
3 5032 1766 582
3 3531 1767 583
3 4953 1768 584
3 3452 1769 585
3 4874 1770 586
3 3373 1771 587
3 4795 1772 588
3 3294 1773 589
3 4400 1760 576
3 4716 1775 591
3 3215 1776 592
3 4242 1777 593
3 4637 1778 594
3 3136 1779 595
3 4163 1780 596
3 4558 1781 597
3 3057 1782 598
3 4084 1783 599
3 4479 1774 590
3 2978 1784 600
3 4005 1785 601
3 2899 1786 602
3 3926 1787 603
3 2820 1788 604
3 3847 1789 605
3 2741 1790 606
3 3768 1791 607
3 2662 1762 578
3 3689 1764 580
3 4322 1793 1153
3 2584 1795 1155
3 3611 1797 1157
3 5033 1798 1158
3 3532 1799 1159
3 4954 1800 1160
3 3453 1801 1161
3 4875 1802 1162
3 3374 1803 1163
3 4796 1804 1164
3 3295 1805 1165
3 4401 1792 1152
3 4717 1807 1167
3 3216 1808 1168
3 4243 1809 1169
3 4638 1810 1170
3 3137 1811 1171
3 4164 1812 1172
3 4559 1813 1173
3 3058 1814 1174
3 4085 1815 1175
3 4480 1806 1166
3 2979 1816 1176
3 4006 1817 1177
3 2900 1818 1178
3 3927 1819 1179
3 2821 1820 1180
3 3848 1821 1181
3 2742 1822 1182
3 3769 1823 1183
3 2663 1794 1154
3 3690 1796 1156
3 3691 1828 836
3 2664 1826 834
3 3770 1855 863
3 2743 1854 862
3 3849 1853 861
3 2822 1852 860
3 3928 1851 859
3 2901 1850 858
3 4007 1849 857
3 2980 1848 856
3 4481 1838 846
3 4086 1847 855
3 3059 1846 854
3 4560 1845 853
3 4165 1844 852
3 3138 1843 851
3 4639 1842 850
3 4244 1841 849
3 3217 1840 848
3 4718 1839 847
3 4402 1824 832
3 3296 1837 845
3 4797 1836 844
3 3375 1835 843
3 4876 1834 842
3 3454 1833 841
3 4955 1832 840
3 3533 1831 839
3 5034 1830 838
3 3612 1829 837
3 2585 1827 835
3 4323 1825 833
3 3692 1860 1188
3 2665 1858 1186
3 3771 1887 1215
3 2744 1886 1214
3 3850 1885 1213
3 2823 1884 1212
3 3929 1883 1211
3 2902 1882 1210
3 4008 1881 1209
3 2981 1880 1208
3 4482 1870 1198
3 4087 1879 1207
3 3060 1878 1206
3 4561 1877 1205
3 4166 1876 1204
3 3139 1875 1203
3 4640 1874 1202
3 4245 1873 1201
3 3218 1872 1200
3 4719 1871 1199
3 4403 1856 1184
3 3297 1869 1197
3 4798 1868 1196
3 3376 1867 1195
3 4877 1866 1194
3 3455 1865 1193
3 4956 1864 1192
3 3534 1863 1191
3 5035 1862 1190
3 3613 1861 1189
3 2586 1859 1187
3 4324 1857 1185
3 4325 1889 737
3 2587 1891 739
3 3614 1893 741
3 5036 1894 742
3 3535 1895 743
3 4957 1896 744
3 3456 1897 745
3 4878 1898 746
3 3377 1899 747
3 4799 1900 748
3 3298 1901 749
3 4404 1888 736
3 4720 1903 751
3 3219 1904 752
3 4246 1905 753
3 4641 1906 754
3 3140 1907 755
3 4167 1908 756
3 4562 1909 757
3 3061 1910 758
3 4088 1911 759
3 4483 1902 750
3 2982 1912 760
3 4009 1913 761
3 2903 1914 762
3 3930 1915 763
3 2824 1916 764
3 3851 1917 765
3 2745 1918 766
3 3772 1919 767
3 2666 1890 738
3 3693 1892 740
3 3694 1924 1220
3 2667 1922 1218
3 3773 1951 1247
3 2746 1950 1246
3 3852 1949 1245
3 2825 1948 1244
3 3931 1947 1243
3 2904 1946 1242
3 4010 1945 1241
3 2983 1944 1240
3 4484 1934 1230
3 4089 1943 1239
3 3062 1942 1238
3 4563 1941 1237
3 4168 1940 1236
3 3141 1939 1235
3 4642 1938 1234
3 4247 1937 1233
3 3220 1936 1232
3 4721 1935 1231
3 4405 1920 1216
3 3299 1933 1229
3 4800 1932 1228
3 3378 1931 1227
3 4879 1930 1226
3 3457 1929 1225
3 4958 1928 1224
3 3536 1927 1223
3 5037 1926 1222
3 3615 1925 1221
3 2588 1923 1219
3 4326 1921 1217
3 4327 1953 865
3 2589 1955 867
3 3616 1957 869
3 5038 1958 870
3 3537 1959 871
3 4959 1960 872
3 3458 1961 873
3 4880 1962 874
3 3379 1963 875
3 4801 1964 876
3 3300 1965 877
3 4406 1952 864
3 4722 1967 879
3 3221 1968 880
3 4248 1969 881
3 4643 1970 882
3 3142 1971 883
3 4169 1972 884
3 4564 1973 885
3 3063 1974 886
3 4090 1975 887
3 4485 1966 878
3 2984 1976 888
3 4011 1977 889
3 2905 1978 890
3 3932 1979 891
3 2826 1980 892
3 3853 1981 893
3 2747 1982 894
3 3774 1983 895
3 2668 1954 866
3 3695 1956 868
3 4328 1985 1249
3 2590 1987 1251
3 3617 1989 1253
3 5039 1990 1254
3 3538 1991 1255
3 4960 1992 1256
3 3459 1993 1257
3 4881 1994 1258
3 3380 1995 1259
3 4802 1996 1260
3 3301 1997 1261
3 4407 1984 1248
3 4723 1999 1263
3 3222 2000 1264
3 4249 2001 1265
3 4644 2002 1266
3 3143 2003 1267
3 4170 2004 1268
3 4565 2005 1269
3 3064 2006 1270
3 4091 2007 1271
3 4486 1998 1262
3 2985 2008 1272
3 4012 2009 1273
3 2906 2010 1274
3 3933 2011 1275
3 2827 2012 1276
3 3854 2013 1277
3 2748 2014 1278
3 3775 2015 1279
3 2669 1986 1250
3 3696 1988 1252
3 3697 2020 548
3 2670 2018 546
3 3776 2047 575
3 2749 2046 574
3 3855 2045 573
3 2828 2044 572
3 3934 2043 571
3 2907 2042 570
3 4013 2041 569
3 2986 2040 568
3 4487 2030 558
3 4092 2039 567
3 3065 2038 566
3 4566 2037 565
3 4171 2036 564
3 3144 2035 563
3 4645 2034 562
3 4250 2033 561
3 3223 2032 560
3 4724 2031 559
3 4408 2016 544
3 3302 2029 557
3 4803 2028 556
3 3381 2027 555
3 4882 2026 554
3 3460 2025 553
3 4961 2024 552
3 3539 2023 551
3 5040 2022 550
3 3618 2021 549
3 2591 2019 547
3 4329 2017 545
3 4330 2049 1281
3 2592 2051 1283
3 3619 2053 1285
3 5041 2054 1286
3 3540 2055 1287
3 4962 2056 1288
3 3461 2057 1289
3 4883 2058 1290
3 3382 2059 1291
3 4804 2060 1292
3 3303 2061 1293
3 4409 2048 1280
3 4725 2063 1295
3 3224 2064 1296
3 4251 2065 1297
3 4646 2066 1298
3 3145 2067 1299
3 4172 2068 1300
3 4567 2069 1301
3 3066 2070 1302
3 4093 2071 1303
3 4488 2062 1294
3 2987 2072 1304
3 4014 2073 1305
3 2908 2074 1306
3 3935 2075 1307
3 2829 2076 1308
3 3856 2077 1309
3 2750 2078 1310
3 3777 2079 1311
3 2671 2050 1282
3 3698 2052 1284
3 3699 2084 900
3 2672 2082 898
3 3778 2111 927
3 2751 2110 926
3 3857 2109 925
3 2830 2108 924
3 3936 2107 923
3 2909 2106 922
3 4015 2105 921
3 2988 2104 920
3 4489 2094 910
3 4094 2103 919
3 3067 2102 918
3 4568 2101 917
3 4173 2100 916
3 3146 2099 915
3 4647 2098 914
3 4252 2097 913
3 3225 2096 912
3 4726 2095 911
3 4410 2080 896
3 3304 2093 909
3 4805 2092 908
3 3383 2091 907
3 4884 2090 906
3 3462 2089 905
3 4963 2088 904
3 3541 2087 903
3 5042 2086 902
3 3620 2085 901
3 2593 2083 899
3 4331 2081 897
3 3700 2116 1316
3 2673 2114 1314
3 3779 2143 1343
3 2752 2142 1342
3 3858 2141 1341
3 2831 2140 1340
3 3937 2139 1339
3 2910 2138 1338
3 4016 2137 1337
3 2989 2136 1336
3 4490 2126 1326
3 4095 2135 1335
3 3068 2134 1334
3 4569 2133 1333
3 4174 2132 1332
3 3147 2131 1331
3 4648 2130 1330
3 4253 2129 1329
3 3226 2128 1328
3 4727 2127 1327
3 4411 2112 1312
3 3305 2125 1325
3 4806 2124 1324
3 3384 2123 1323
3 4885 2122 1322
3 3463 2121 1321
3 4964 2120 1320
3 3542 2119 1319
3 5043 2118 1318
3 3621 2117 1317
3 2594 2115 1315
3 4332 2113 1313
3 4333 2145 705
3 2595 2147 707
3 3622 2149 709
3 5044 2150 710
3 3543 2151 711
3 4965 2152 712
3 3464 2153 713
3 4886 2154 714
3 3385 2155 715
3 4807 2156 716
3 3306 2157 717
3 4412 2144 704
3 4728 2159 719
3 3227 2160 720
3 4254 2161 721
3 4649 2162 722
3 3148 2163 723
3 4175 2164 724
3 4570 2165 725
3 3069 2166 726
3 4096 2167 727
3 4491 2158 718
3 2990 2168 728
3 4017 2169 729
3 2911 2170 730
3 3938 2171 731
3 2832 2172 732
3 3859 2173 733
3 2753 2174 734
3 3780 2175 735
3 2674 2146 706
3 3701 2148 708
3 3702 2180 1348
3 2675 2178 1346
3 3781 2207 1375
3 2754 2206 1374
3 3860 2205 1373
3 2833 2204 1372
3 3939 2203 1371
3 2912 2202 1370
3 4018 2201 1369
3 2991 2200 1368
3 4492 2190 1358
3 4097 2199 1367
3 3070 2198 1366
3 4571 2197 1365
3 4176 2196 1364
3 3149 2195 1363
3 4650 2194 1362
3 4255 2193 1361
3 3228 2192 1360
3 4729 2191 1359
3 4413 2176 1344
3 3307 2189 1357
3 4808 2188 1356
3 3386 2187 1355
3 4887 2186 1354
3 3465 2185 1353
3 4966 2184 1352
3 3544 2183 1351
3 5045 2182 1350
3 3623 2181 1349
3 2596 2179 1347
3 4334 2177 1345
3 4335 2209 929
3 2597 2211 931
3 3624 2213 933
3 5046 2214 934
3 3545 2215 935
3 4967 2216 936
3 3466 2217 937
3 4888 2218 938
3 3387 2219 939
3 4809 2220 940
3 3308 2221 941
3 4414 2208 928
3 4730 2223 943
3 3229 2224 944
3 4256 2225 945
3 4651 2226 946
3 3150 2227 947
3 4177 2228 948
3 4572 2229 949
3 3071 2230 950
3 4098 2231 951
3 4493 2222 942
3 2992 2232 952
3 4019 2233 953
3 2913 2234 954
3 3940 2235 955
3 2834 2236 956
3 3861 2237 957
3 2755 2238 958
3 3782 2239 959
3 2676 2210 930
3 3703 2212 932
3 4336 2241 1377
3 2598 2243 1379
3 3625 2245 1381
3 5047 2246 1382
3 3546 2247 1383
3 4968 2248 1384
3 3467 2249 1385
3 4889 2250 1386
3 3388 2251 1387
3 4810 2252 1388
3 3309 2253 1389
3 4415 2240 1376
3 4731 2255 1391
3 3230 2256 1392
3 4257 2257 1393
3 4652 2258 1394
3 3151 2259 1395
3 4178 2260 1396
3 4573 2261 1397
3 3072 2262 1398
3 4099 2263 1399
3 4494 2254 1390
3 2993 2264 1400
3 4020 2265 1401
3 2914 2266 1402
3 3941 2267 1403
3 2835 2268 1404
3 3862 2269 1405
3 2756 2270 1406
3 3783 2271 1407
3 2677 2242 1378
3 3704 2244 1380
3 3705 2276 644
3 2678 2274 642
3 3784 2303 671
3 2757 2302 670
3 3863 2301 669
3 2836 2300 668
3 3942 2299 667
3 2915 2298 666
3 4021 2297 665
3 2994 2296 664
3 4495 2286 654
3 4100 2295 663
3 3073 2294 662
3 4574 2293 661
3 4179 2292 660
3 3152 2291 659
3 4653 2290 658
3 4258 2289 657
3 3231 2288 656
3 4732 2287 655
3 4416 2272 640
3 3310 2285 653
3 4811 2284 652
3 3389 2283 651
3 4890 2282 650
3 3468 2281 649
3 4969 2280 648
3 3547 2279 647
3 5048 2278 646
3 3626 2277 645
3 2599 2275 643
3 4337 2273 641
3 3706 2308 1412
3 2679 2306 1410
3 3785 2335 1439
3 2758 2334 1438
3 3864 2333 1437
3 2837 2332 1436
3 3943 2331 1435
3 2916 2330 1434
3 4022 2329 1433
3 2995 2328 1432
3 4496 2318 1422
3 4101 2327 1431
3 3074 2326 1430
3 4575 2325 1429
3 4180 2324 1428
3 3153 2323 1427
3 4654 2322 1426
3 4259 2321 1425
3 3232 2320 1424
3 4733 2319 1423
3 4417 2304 1408
3 3311 2317 1421
3 4812 2316 1420
3 3390 2315 1419
3 4891 2314 1418
3 3469 2313 1417
3 4970 2312 1416
3 3548 2311 1415
3 5049 2310 1414
3 3627 2309 1413
3 2600 2307 1411
3 4338 2305 1409
3 4339 2337 961
3 2601 2339 963
3 3628 2341 965
3 5050 2342 966
3 3549 2343 967
3 4971 2344 968
3 3470 2345 969
3 4892 2346 970
3 3391 2347 971
3 4813 2348 972
3 3312 2349 973
3 4418 2336 960
3 4734 2351 975
3 3233 2352 976
3 4260 2353 977
3 4655 2354 978
3 3154 2355 979
3 4181 2356 980
3 4576 2357 981
3 3075 2358 982
3 4102 2359 983
3 4497 2350 974
3 2996 2360 984
3 4023 2361 985
3 2917 2362 986
3 3944 2363 987
3 2838 2364 988
3 3865 2365 989
3 2759 2366 990
3 3786 2367 991
3 2680 2338 962
3 3707 2340 964
3 4340 2369 1441
3 2602 2371 1443
3 3629 2373 1445
3 5051 2374 1446
3 3550 2375 1447
3 4972 2376 1448
3 3471 2377 1449
3 4893 2378 1450
3 3392 2379 1451
3 4814 2380 1452
3 3313 2381 1453
3 4419 2368 1440
3 4735 2383 1455
3 3234 2384 1456
3 4261 2385 1457
3 4656 2386 1458
3 3155 2387 1459
3 4182 2388 1460
3 4577 2389 1461
3 3076 2390 1462
3 4103 2391 1463
3 4498 2382 1454
3 2997 2392 1464
3 4024 2393 1465
3 2918 2394 1466
3 3945 2395 1467
3 2839 2396 1468
3 3866 2397 1469
3 2760 2398 1470
3 3787 2399 1471
3 2681 2370 1442
3 3708 2372 1444
3 3709 2404 676
3 2682 2402 674
3 3788 2431 703
3 2761 2430 702
3 3867 2429 701
3 2840 2428 700
3 3946 2427 699
3 2919 2426 698
3 4025 2425 697
3 2998 2424 696
3 4499 2414 686
3 4104 2423 695
3 3077 2422 694
3 4578 2421 693
3 4183 2420 692
3 3156 2419 691
3 4657 2418 690
3 4262 2417 689
3 3235 2416 688
3 4736 2415 687
3 4420 2400 672
3 3314 2413 685
3 4815 2412 684
3 3393 2411 683
3 4894 2410 682
3 3472 2409 681
3 4973 2408 680
3 3551 2407 679
3 5052 2406 678
3 3630 2405 677
3 2603 2403 675
3 4341 2401 673
3 4342 2433 1473
3 2604 2435 1475
3 3631 2437 1477
3 5053 2438 1478
3 3552 2439 1479
3 4974 2440 1480
3 3473 2441 1481
3 4895 2442 1482
3 3394 2443 1483
3 4816 2444 1484
3 3315 2445 1485
3 4421 2432 1472
3 4737 2447 1487
3 3236 2448 1488
3 4263 2449 1489
3 4658 2450 1490
3 3157 2451 1491
3 4184 2452 1492
3 4579 2453 1493
3 3078 2454 1494
3 4105 2455 1495
3 4500 2446 1486
3 2999 2456 1496
3 4026 2457 1497
3 2920 2458 1498
3 3947 2459 1499
3 2841 2460 1500
3 3868 2461 1501
3 2762 2462 1502
3 3789 2463 1503
3 2683 2434 1474
3 3710 2436 1476
3 3711 2468 996
3 2684 2466 994
3 3790 2495 1023
3 2763 2494 1022
3 3869 2493 1021
3 2842 2492 1020
3 3948 2491 1019
3 2921 2490 1018
3 4027 2489 1017
3 3000 2488 1016
3 4501 2478 1006
3 4106 2487 1015
3 3079 2486 1014
3 4580 2485 1013
3 4185 2484 1012
3 3158 2483 1011
3 4659 2482 1010
3 4264 2481 1009
3 3237 2480 1008
3 4738 2479 1007
3 4422 2464 992
3 3316 2477 1005
3 4817 2476 1004
3 3395 2475 1003
3 4896 2474 1002
3 3474 2473 1001
3 4975 2472 1000
3 3553 2471 999
3 5054 2470 998
3 3632 2469 997
3 2605 2467 995
3 4343 2465 993
3 3712 2500 1508
3 2685 2498 1506
3 3791 2527 1535
3 2764 2526 1534
3 3870 2525 1533
3 2843 2524 1532
3 3949 2523 1531
3 2922 2522 1530
3 4028 2521 1529
3 3001 2520 1528
3 4502 2510 1518
3 4107 2519 1527
3 3080 2518 1526
3 4581 2517 1525
3 4186 2516 1524
3 3159 2515 1523
3 4660 2514 1522
3 4265 2513 1521
3 3238 2512 1520
3 4739 2511 1519
3 4423 2496 1504
3 3317 2509 1517
3 4818 2508 1516
3 3396 2507 1515
3 4897 2506 1514
3 3475 2505 1513
3 4976 2504 1512
3 3554 2503 1511
3 5055 2502 1510
3 3633 2501 1509
3 2606 2499 1507
3 4344 2497 1505
3 2498 2606 2575
3 2466 2605 2559
3 2434 2604 2574
3 2402 2603 2549
3 2370 2602 2573
3 2338 2601 2558
3 2306 2600 2572
3 2274 2599 2548
3 2242 2598 2571
3 2210 2597 2557
3 2178 2596 2570
3 2146 2595 2550
3 2114 2594 2569
3 2082 2593 2556
3 2050 2592 2568
3 2018 2591 2545
3 1986 2590 2567
3 1954 2589 2555
3 1922 2588 2566
3 1890 2587 2551
3 1858 2586 2565
3 1826 2585 2554
3 1794 2584 2564
3 1762 2583 2546
3 1730 2582 2563
3 1698 2581 2552
3 1666 2580 2562
3 1634 2579 2547
3 1602 2578 2561
3 1570 2577 2553
3 1538 2576 2560
3 1506 2575 2530
3 1474 2574 2605
3 1442 2573 2603
3 1410 2572 2601
3 1378 2571 2599
3 1346 2570 2597
3 1314 2569 2595
3 1282 2568 2593
3 1250 2567 2591
3 1218 2566 2589
3 1186 2565 2587
3 1154 2564 2585
3 1122 2563 2583
3 1090 2562 2581
3 1058 2561 2579
3 1026 2560 2577
3 994 2559 2606
3 962 2558 2602
3 930 2557 2598
3 898 2556 2594
3 866 2555 2590
3 834 2554 2586
3 802 2553 2578
3 770 2552 2582
3 738 2551 2588
3 706 2550 2596
3 674 2549 2604
3 642 2548 2600
3 610 2547 2580
3 578 2546 2584
3 546 2545 2592
3 2540 2544 517
3 2544 2541 484
3 2530 2532 461
3 2542 2543 406
3 2541 2542 374
3 2539 2540 342
3 2533 2539 310
3 2531 2528 238
3 2537 2538 183
3 2536 2537 151
3 2535 2536 119
3 23 2529 2534
3 2534 2535 55
3 2532 2533 278
3 237 2531 2576
3 2528 2529 23
3 2526 2685 2654
3 2494 2684 2638
3 2462 2683 2653
3 2430 2682 2628
3 2398 2681 2652
3 2366 2680 2637
3 2334 2679 2651
3 2302 2678 2627
3 2270 2677 2650
3 2238 2676 2636
3 2206 2675 2649
3 2174 2674 2629
3 2142 2673 2648
3 2110 2672 2635
3 2078 2671 2647
3 2046 2670 2624
3 2014 2669 2646
3 1982 2668 2634
3 1950 2667 2645
3 1918 2666 2630
3 1886 2665 2644
3 1854 2664 2633
3 1822 2663 2643
3 1790 2662 2625
3 1758 2661 2642
3 1726 2660 2631
3 1694 2659 2641
3 1662 2658 2626
3 1630 2657 2640
3 1598 2656 2632
3 1566 2655 2639
3 1534 2654 2617
3 1502 2653 2684
3 1470 2652 2682
3 1438 2651 2680
3 1406 2650 2678
3 1374 2649 2676
3 1342 2648 2674
3 1310 2647 2672
3 1278 2646 2670
3 1246 2645 2668
3 1214 2644 2666
3 1182 2643 2664
3 1150 2642 2662
3 1118 2641 2660
3 1086 2640 2658
3 1054 2639 2656
3 1022 2638 2685
3 990 2637 2681
3 958 2636 2677
3 926 2635 2673
3 894 2634 2669
3 862 2633 2665
3 830 2632 2657
3 798 2631 2661
3 766 2630 2667
3 734 2629 2675
3 702 2628 2683
3 670 2627 2679
3 638 2626 2659
3 606 2625 2663
3 574 2624 2671
3 2619 2623 515
3 2623 2620 480
3 2617 2609 459
3 2621 2622 405
3 2620 2621 373
3 2618 2619 341
3 2610 2618 309
3 235 2616 2655
3 2616 2607 236
3 2614 2615 182
3 2613 2614 150
3 2612 2613 118
3 22 2608 2611
3 2611 2612 54
3 2609 2610 277
3 2607 2608 22
3 2524 2764 2733
3 2492 2763 2717
3 2460 2762 2732
3 2428 2761 2707
3 2396 2760 2731
3 2364 2759 2716
3 2332 2758 2730
3 2300 2757 2706
3 2268 2756 2729
3 2236 2755 2715
3 2204 2754 2728
3 2172 2753 2708
3 2140 2752 2727
3 2108 2751 2714
3 2076 2750 2726
3 2044 2749 2703
3 2012 2748 2725
3 1980 2747 2713
3 1948 2746 2724
3 1916 2745 2709
3 1884 2744 2723
3 1852 2743 2712
3 1820 2742 2722
3 1788 2741 2704
3 1756 2740 2721
3 1724 2739 2710
3 1692 2738 2720
3 1660 2737 2705
3 1628 2736 2719
3 1596 2735 2711
3 1564 2734 2718
3 1532 2733 2696
3 1500 2732 2763
3 1468 2731 2761
3 1436 2730 2759
3 1404 2729 2757
3 1372 2728 2755
3 1340 2727 2753
3 1308 2726 2751
3 1276 2725 2749
3 1244 2724 2747
3 1212 2723 2745
3 1180 2722 2743
3 1148 2721 2741
3 1116 2720 2739
3 1084 2719 2737
3 1052 2718 2735
3 1020 2717 2764
3 988 2716 2760
3 956 2715 2756
3 924 2714 2752
3 892 2713 2748
3 860 2712 2744
3 828 2711 2736
3 796 2710 2740
3 764 2709 2746
3 732 2708 2754
3 700 2707 2762
3 668 2706 2758
3 636 2705 2738
3 604 2704 2742
3 572 2703 2750
3 2698 2702 512
3 2702 2699 481
3 2696 2688 457
3 2700 2701 404
3 2699 2700 372
3 2697 2698 340
3 2689 2697 308
3 233 2695 2734
3 2695 2686 234
3 2693 2694 181
3 2692 2693 149
3 2691 2692 117
3 21 2687 2690
3 2690 2691 53
3 2688 2689 276
3 2686 2687 21
3 2522 2843 2812
3 2490 2842 2796
3 2458 2841 2811
3 2426 2840 2786
3 2394 2839 2810
3 2362 2838 2795
3 2330 2837 2809
3 2298 2836 2785
3 2266 2835 2808
3 2234 2834 2794
3 2202 2833 2807
3 2170 2832 2787
3 2138 2831 2806
3 2106 2830 2793
3 2074 2829 2805
3 2042 2828 2782
3 2010 2827 2804
3 1978 2826 2792
3 1946 2825 2803
3 1914 2824 2788
3 1882 2823 2802
3 1850 2822 2791
3 1818 2821 2801
3 1786 2820 2783
3 1754 2819 2800
3 1722 2818 2789
3 1690 2817 2799
3 1658 2816 2784
3 1626 2815 2798
3 1594 2814 2790
3 1562 2813 2797
3 1530 2812 2775
3 1498 2811 2842
3 1466 2810 2840
3 1434 2809 2838
3 1402 2808 2836
3 1370 2807 2834
3 1338 2806 2832
3 1306 2805 2830
3 1274 2804 2828
3 1242 2803 2826
3 1210 2802 2824
3 1178 2801 2822
3 1146 2800 2820
3 1114 2799 2818
3 1082 2798 2816
3 1050 2797 2814
3 1018 2796 2843
3 986 2795 2839
3 954 2794 2835
3 922 2793 2831
3 890 2792 2827
3 858 2791 2823
3 826 2790 2815
3 794 2789 2819
3 762 2788 2825
3 730 2787 2833
3 698 2786 2841
3 666 2785 2837
3 634 2784 2817
3 602 2783 2821
3 570 2782 2829
3 2777 2781 542
3 2781 2778 510
3 2775 2767 455
3 2779 2780 403
3 2778 2779 371
3 2776 2777 339
3 2768 2776 307
3 231 2774 2813
3 2774 2765 232
3 2772 2773 180
3 2771 2772 148
3 2770 2771 116
3 20 2766 2769
3 2769 2770 52
3 2767 2768 275
3 2765 2766 20
3 2520 2922 2891
3 2488 2921 2875
3 2456 2920 2890
3 2424 2919 2865
3 2392 2918 2889
3 2360 2917 2874
3 2328 2916 2888
3 2296 2915 2864
3 2264 2914 2887
3 2232 2913 2873
3 2200 2912 2886
3 2168 2911 2866
3 2136 2910 2885
3 2104 2909 2872
3 2072 2908 2884
3 2040 2907 2861
3 2008 2906 2883
3 1976 2905 2871
3 1944 2904 2882
3 1912 2903 2867
3 1880 2902 2881
3 1848 2901 2870
3 1816 2900 2880
3 1784 2899 2862
3 1752 2898 2879
3 1720 2897 2868
3 1688 2896 2878
3 1656 2895 2863
3 1624 2894 2877
3 1592 2893 2869
3 1560 2892 2876
3 1528 2891 2854
3 1496 2890 2921
3 1464 2889 2919
3 1432 2888 2917
3 1400 2887 2915
3 1368 2886 2913
3 1336 2885 2911
3 1304 2884 2909
3 1272 2883 2907
3 1240 2882 2905
3 1208 2881 2903
3 1176 2880 2901
3 1144 2879 2899
3 1112 2878 2897
3 1080 2877 2895
3 1048 2876 2893
3 1016 2875 2922
3 984 2874 2918
3 952 2873 2914
3 920 2872 2910
3 888 2871 2906
3 856 2870 2902
3 824 2869 2894
3 792 2868 2898
3 760 2867 2904
3 728 2866 2912
3 696 2865 2920
3 664 2864 2916
3 632 2863 2896
3 600 2862 2900
3 568 2861 2908
3 2856 2860 540
3 2860 2857 508
3 2854 2846 453
3 2858 2859 402
3 2857 2858 370
3 2855 2856 338
3 2847 2855 306
3 229 2853 2892
3 2853 2844 230
3 2851 2852 179
3 2850 2851 147
3 2849 2850 115
3 19 2845 2848
3 2848 2849 51
3 2846 2847 274
3 2844 2845 19
3 2518 3001 2970
3 2486 3000 2954
3 2454 2999 2969
3 2422 2998 2944
3 2390 2997 2968
3 2358 2996 2953
3 2326 2995 2967
3 2294 2994 2943
3 2262 2993 2966
3 2230 2992 2952
3 2198 2991 2965
3 2166 2990 2945
3 2134 2989 2964
3 2102 2988 2951
3 2070 2987 2963
3 2038 2986 2940
3 2006 2985 2962
3 1974 2984 2950
3 1942 2983 2961
3 1910 2982 2946
3 1878 2981 2960
3 1846 2980 2949
3 1814 2979 2959
3 1782 2978 2941
3 1750 2977 2958
3 1718 2976 2947
3 1686 2975 2957
3 1654 2974 2942
3 1622 2973 2956
3 1590 2972 2948
3 1558 2971 2955
3 1526 2970 2933
3 1494 2969 3000
3 1462 2968 2998
3 1430 2967 2996
3 1398 2966 2994
3 1366 2965 2992
3 1334 2964 2990
3 1302 2963 2988
3 1270 2962 2986
3 1238 2961 2984
3 1206 2960 2982
3 1174 2959 2980
3 1142 2958 2978
3 1110 2957 2976
3 1078 2956 2974
3 1046 2955 2972
3 1014 2954 3001
3 982 2953 2997
3 950 2952 2993
3 918 2951 2989
3 886 2950 2985
3 854 2949 2981
3 822 2948 2973
3 790 2947 2977
3 758 2946 2983
3 726 2945 2991
3 694 2944 2999
3 662 2943 2995
3 630 2942 2975
3 598 2941 2979
3 566 2940 2987
3 2935 2939 537
3 2939 2936 505
3 2933 2925 451
3 2937 2938 401
3 2936 2937 369
3 2934 2935 337
3 2926 2934 305
3 227 2932 2971
3 2932 2923 228
3 2930 2931 178
3 2929 2930 146
3 2928 2929 114
3 18 2924 2927
3 2927 2928 50
3 2925 2926 273
3 2923 2924 18
3 2515 3080 3049
3 2483 3079 3033
3 2451 3078 3048
3 2419 3077 3023
3 2387 3076 3047
3 2355 3075 3032
3 2323 3074 3046
3 2291 3073 3022
3 2259 3072 3045
3 2227 3071 3031
3 2195 3070 3044
3 2163 3069 3024
3 2131 3068 3043
3 2099 3067 3030
3 2067 3066 3042
3 2035 3065 3019
3 2003 3064 3041
3 1971 3063 3029
3 1939 3062 3040
3 1907 3061 3025
3 1875 3060 3039
3 1843 3059 3028
3 1811 3058 3038
3 1779 3057 3020
3 1747 3056 3037
3 1715 3055 3026
3 1683 3054 3036
3 1651 3053 3021
3 1619 3052 3035
3 1587 3051 3027
3 1555 3050 3034
3 1523 3049 3012
3 1491 3048 3079
3 1459 3047 3077
3 1427 3046 3075
3 1395 3045 3073
3 1363 3044 3071
3 1331 3043 3069
3 1299 3042 3067
3 1267 3041 3065
3 1235 3040 3063
3 1203 3039 3061
3 1171 3038 3059
3 1139 3037 3057
3 1107 3036 3055
3 1075 3035 3053
3 1043 3034 3051
3 1011 3033 3080
3 979 3032 3076
3 947 3031 3072
3 915 3030 3068
3 883 3029 3064
3 851 3028 3060
3 819 3027 3052
3 787 3026 3056
3 755 3025 3062
3 723 3024 3070
3 691 3023 3078
3 659 3022 3074
3 627 3021 3054
3 595 3020 3058
3 563 3019 3066
3 3014 3018 534
3 3018 3015 502
3 3012 3004 449
3 3016 3017 400
3 3015 3016 368
3 3013 3014 336
3 3005 3013 304
3 225 3011 3050
3 3011 3002 226
3 3009 3010 177
3 3008 3009 145
3 3007 3008 113
3 17 3003 3006
3 3006 3007 49
3 3004 3005 272
3 3002 3003 17
3 2512 3159 3128
3 2480 3158 3112
3 2448 3157 3127
3 2416 3156 3102
3 2384 3155 3126
3 2352 3154 3111
3 2320 3153 3125
3 2288 3152 3101
3 2256 3151 3124
3 2224 3150 3110
3 2192 3149 3123
3 2160 3148 3103
3 2128 3147 3122
3 2096 3146 3109
3 2064 3145 3121
3 2032 3144 3098
3 2000 3143 3120
3 1968 3142 3108
3 1936 3141 3119
3 1904 3140 3104
3 1872 3139 3118
3 1840 3138 3107
3 1808 3137 3117
3 1776 3136 3099
3 1744 3135 3116
3 1712 3134 3105
3 1680 3133 3115
3 1648 3132 3100
3 1616 3131 3114
3 1584 3130 3106
3 1552 3129 3113
3 1520 3128 3091
3 1488 3127 3158
3 1456 3126 3156
3 1424 3125 3154
3 1392 3124 3152
3 1360 3123 3150
3 1328 3122 3148
3 1296 3121 3146
3 1264 3120 3144
3 1232 3119 3142
3 1200 3118 3140
3 1168 3117 3138
3 1136 3116 3136
3 1104 3115 3134
3 1072 3114 3132
3 1040 3113 3130
3 1008 3112 3159
3 976 3111 3155
3 944 3110 3151
3 912 3109 3147
3 880 3108 3143
3 848 3107 3139
3 816 3106 3131
3 784 3105 3135
3 752 3104 3141
3 720 3103 3149
3 688 3102 3157
3 656 3101 3153
3 624 3100 3133
3 592 3099 3137
3 560 3098 3145
3 3093 3097 531
3 3097 3094 499
3 3091 3083 447
3 3095 3096 399
3 3094 3095 367
3 3092 3093 335
3 3084 3092 303
3 223 3090 3129
3 3090 3081 224
3 3088 3089 176
3 3087 3088 144
3 3086 3087 112
3 16 3082 3085
3 3085 3086 48
3 3083 3084 271
3 3081 3082 16
3 2509 3238 3207
3 2477 3237 3191
3 2445 3236 3206
3 2413 3235 3181
3 2381 3234 3205
3 2349 3233 3190
3 2317 3232 3204
3 2285 3231 3180
3 2253 3230 3203
3 2221 3229 3189
3 2189 3228 3202
3 2157 3227 3182
3 2125 3226 3201
3 2093 3225 3188
3 2061 3224 3200
3 2029 3223 3177
3 1997 3222 3199
3 1965 3221 3187
3 1933 3220 3198
3 1901 3219 3183
3 1869 3218 3197
3 1837 3217 3186
3 1805 3216 3196
3 1773 3215 3178
3 1741 3214 3195
3 1709 3213 3184
3 1677 3212 3194
3 1645 3211 3179
3 1613 3210 3193
3 1581 3209 3185
3 1549 3208 3192
3 1517 3207 3170
3 1485 3206 3237
3 1453 3205 3235
3 1421 3204 3233
3 1389 3203 3231
3 1357 3202 3229
3 1325 3201 3227
3 1293 3200 3225
3 1261 3199 3223
3 1229 3198 3221
3 1197 3197 3219
3 1165 3196 3217
3 1133 3195 3215
3 1101 3194 3213
3 1069 3193 3211
3 1037 3192 3209
3 1005 3191 3238
3 973 3190 3234
3 941 3189 3230
3 909 3188 3226
3 877 3187 3222
3 845 3186 3218
3 813 3185 3210
3 781 3184 3214
3 749 3183 3220
3 717 3182 3228
3 685 3181 3236
3 653 3180 3232
3 621 3179 3212
3 589 3178 3216
3 557 3177 3224
3 3172 3176 528
3 3176 3173 495
3 3170 3162 445
3 3174 3175 398
3 3173 3174 366
3 3171 3172 334
3 3163 3171 302
3 221 3169 3208
3 3169 3160 222
3 3167 3168 175
3 3166 3167 143
3 3165 3166 111
3 15 3161 3164
3 3164 3165 47
3 3162 3163 270
3 3160 3161 15
3 2507 3317 3286
3 2475 3316 3270
3 2443 3315 3285
3 2411 3314 3260
3 2379 3313 3284
3 2347 3312 3269
3 2315 3311 3283
3 2283 3310 3259
3 2251 3309 3282
3 2219 3308 3268
3 2187 3307 3281
3 2155 3306 3261
3 2123 3305 3280
3 2091 3304 3267
3 2059 3303 3279
3 2027 3302 3256
3 1995 3301 3278
3 1963 3300 3266
3 1931 3299 3277
3 1899 3298 3262
3 1867 3297 3276
3 1835 3296 3265
3 1803 3295 3275
3 1771 3294 3257
3 1739 3293 3274
3 1707 3292 3263
3 1675 3291 3273
3 1643 3290 3258
3 1611 3289 3272
3 1579 3288 3264
3 1547 3287 3271
3 1515 3286 3249
3 1483 3285 3316
3 1451 3284 3314
3 1419 3283 3312
3 1387 3282 3310
3 1355 3281 3308
3 1323 3280 3306
3 1291 3279 3304
3 1259 3278 3302
3 1227 3277 3300
3 1195 3276 3298
3 1163 3275 3296
3 1131 3274 3294
3 1099 3273 3292
3 1067 3272 3290
3 1035 3271 3288
3 1003 3270 3317
3 971 3269 3313
3 939 3268 3309
3 907 3267 3305
3 875 3266 3301
3 843 3265 3297
3 811 3264 3289
3 779 3263 3293
3 747 3262 3299
3 715 3261 3307
3 683 3260 3315
3 651 3259 3311
3 619 3258 3291
3 587 3257 3295
3 555 3256 3303
3 3251 3255 526
3 3255 3252 493
3 3249 3241 443
3 3253 3254 397
3 3252 3253 365
3 3250 3251 333
3 3242 3250 301
3 219 3248 3287
3 3248 3239 220
3 3246 3247 174
3 3245 3246 142
3 3244 3245 110
3 14 3240 3243
3 3243 3244 46
3 3241 3242 269
3 3239 3240 14
3 2505 3396 3365
3 2473 3395 3349
3 2441 3394 3364
3 2409 3393 3339
3 2377 3392 3363
3 2345 3391 3348
3 2313 3390 3362
3 2281 3389 3338
3 2249 3388 3361
3 2217 3387 3347
3 2185 3386 3360
3 2153 3385 3340
3 2121 3384 3359
3 2089 3383 3346
3 2057 3382 3358
3 2025 3381 3335
3 1993 3380 3357
3 1961 3379 3345
3 1929 3378 3356
3 1897 3377 3341
3 1865 3376 3355
3 1833 3375 3344
3 1801 3374 3354
3 1769 3373 3336
3 1737 3372 3353
3 1705 3371 3342
3 1673 3370 3352
3 1641 3369 3337
3 1609 3368 3351
3 1577 3367 3343
3 1545 3366 3350
3 1513 3365 3328
3 1481 3364 3395
3 1449 3363 3393
3 1417 3362 3391
3 1385 3361 3389
3 1353 3360 3387
3 1321 3359 3385
3 1289 3358 3383
3 1257 3357 3381
3 1225 3356 3379
3 1193 3355 3377
3 1161 3354 3375
3 1129 3353 3373
3 1097 3352 3371
3 1065 3351 3369
3 1033 3350 3367
3 1001 3349 3396
3 969 3348 3392
3 937 3347 3388
3 905 3346 3384
3 873 3345 3380
3 841 3344 3376
3 809 3343 3368
3 777 3342 3372
3 745 3341 3378
3 713 3340 3386
3 681 3339 3394
3 649 3338 3390
3 617 3337 3370
3 585 3336 3374
3 553 3335 3382
3 3330 3334 524
3 524 3334 3331
3 3328 3320 441
3 3332 3333 396
3 3331 3332 364
3 3329 3330 332
3 3321 3329 300
3 217 3327 3366
3 3327 3318 218
3 3325 3326 173
3 3324 3325 141
3 3323 3324 109
3 13 3319 3322
3 3322 3323 45
3 3320 3321 268
3 3318 3319 13
3 2503 3475 3444
3 2471 3474 3428
3 2439 3473 3443
3 2407 3472 3418
3 2375 3471 3442
3 2343 3470 3427
3 2311 3469 3441
3 2279 3468 3417
3 2247 3467 3440
3 2215 3466 3426
3 2183 3465 3439
3 2151 3464 3419
3 2119 3463 3438
3 2087 3462 3425
3 2055 3461 3437
3 2023 3460 3414
3 1991 3459 3436
3 1959 3458 3424
3 1927 3457 3435
3 1895 3456 3420
3 1863 3455 3434
3 1831 3454 3423
3 1799 3453 3433
3 1767 3452 3415
3 1735 3451 3432
3 1703 3450 3421
3 1671 3449 3431
3 1639 3448 3416
3 1607 3447 3430
3 1575 3446 3422
3 1543 3445 3429
3 1511 3444 3407
3 1479 3443 3474
3 1447 3442 3472
3 1415 3441 3470
3 1383 3440 3468
3 1351 3439 3466
3 1319 3438 3464
3 1287 3437 3462
3 1255 3436 3460
3 1223 3435 3458
3 1191 3434 3456
3 1159 3433 3454
3 1127 3432 3452
3 1095 3431 3450
3 1063 3430 3448
3 1031 3429 3446
3 999 3428 3475
3 967 3427 3471
3 935 3426 3467
3 903 3425 3463
3 871 3424 3459
3 839 3423 3455
3 807 3422 3447
3 775 3421 3451
3 743 3420 3457
3 711 3419 3465
3 679 3418 3473
3 647 3417 3469
3 615 3416 3449
3 583 3415 3453
3 551 3414 3461
3 3409 3413 522
3 522 3413 3410
3 3407 3399 439
3 3411 3412 395
3 3410 3411 363
3 3408 3409 331
3 3400 3408 299
3 215 3406 3445
3 3406 3397 216
3 3404 3405 172
3 3403 3404 140
3 3402 3403 108
3 12 3398 3401
3 3401 3402 44
3 3399 3400 267
3 3397 3398 12
3 2501 3554 3523
3 2469 3553 3507
3 2437 3552 3522
3 2405 3551 3497
3 2373 3550 3521
3 2341 3549 3506
3 2309 3548 3520
3 2277 3547 3496
3 2245 3546 3519
3 2213 3545 3505
3 2181 3544 3518
3 2149 3543 3498
3 2117 3542 3517
3 2085 3541 3504
3 2053 3540 3516
3 2021 3539 3493
3 1989 3538 3515
3 1957 3537 3503
3 1925 3536 3514
3 1893 3535 3499
3 1861 3534 3513
3 1829 3533 3502
3 1797 3532 3512
3 1765 3531 3494
3 1733 3530 3511
3 1701 3529 3500
3 1669 3528 3510
3 1637 3527 3495
3 1605 3526 3509
3 1573 3525 3501
3 1541 3524 3508
3 1509 3523 3486
3 1477 3522 3553
3 1445 3521 3551
3 1413 3520 3549
3 1381 3519 3547
3 1349 3518 3545
3 1317 3517 3543
3 1285 3516 3541
3 1253 3515 3539
3 1221 3514 3537
3 1189 3513 3535
3 1157 3512 3533
3 1125 3511 3531
3 1093 3510 3529
3 1061 3509 3527
3 1029 3508 3525
3 997 3507 3554
3 965 3506 3550
3 933 3505 3546
3 901 3504 3542
3 869 3503 3538
3 837 3502 3534
3 805 3501 3526
3 773 3500 3530
3 741 3499 3536
3 709 3498 3544
3 677 3497 3552
3 645 3496 3548
3 613 3495 3528
3 581 3494 3532
3 549 3493 3540
3 3488 3492 520
3 520 3492 3489
3 3486 3478 437
3 3490 3491 394
3 3489 3490 362
3 3487 3488 330
3 3479 3487 298
3 213 3485 3524
3 3485 3476 214
3 3483 3484 171
3 3482 3483 139
3 3481 3482 107
3 11 3477 3480
3 3480 3481 43
3 3478 3479 266
3 3476 3477 11
3 2500 3633 3602
3 2468 3632 3586
3 2436 3631 3601
3 2404 3630 3576
3 2372 3629 3600
3 2340 3628 3585
3 2308 3627 3599
3 2276 3626 3575
3 2244 3625 3598
3 2212 3624 3584
3 2180 3623 3597
3 2148 3622 3577
3 2116 3621 3596
3 2084 3620 3583
3 2052 3619 3595
3 2020 3618 3572
3 1988 3617 3594
3 1956 3616 3582
3 1924 3615 3593
3 1892 3614 3578
3 1860 3613 3592
3 1828 3612 3581
3 1796 3611 3591
3 1764 3610 3573
3 1732 3609 3590
3 1700 3608 3579
3 1668 3607 3589
3 1636 3606 3574
3 1604 3605 3588
3 1572 3604 3580
3 1540 3603 3587
3 1508 3602 3565
3 1476 3601 3632
3 1444 3600 3630
3 1412 3599 3628
3 1380 3598 3626
3 1348 3597 3624
3 1316 3596 3622
3 1284 3595 3620
3 1252 3594 3618
3 1220 3593 3616
3 1188 3592 3614
3 1156 3591 3612
3 1124 3590 3610
3 1092 3589 3608
3 1060 3588 3606
3 1028 3587 3604
3 996 3586 3633
3 964 3585 3629
3 932 3584 3625
3 900 3583 3621
3 868 3582 3617
3 836 3581 3613
3 804 3580 3605
3 772 3579 3609
3 740 3578 3615
3 708 3577 3623
3 676 3576 3631
3 644 3575 3627
3 612 3574 3607
3 580 3573 3611
3 548 3572 3619
3 3567 3571 518
3 518 3571 3568
3 3565 3557 435
3 3569 3570 393
3 3568 3569 361
3 3566 3567 329
3 3558 3566 297
3 211 3564 3603
3 3564 3555 212
3 3562 3563 170
3 3561 3562 138
3 3560 3561 106
3 10 3556 3559
3 3559 3560 42
3 3557 3558 265
3 3555 3556 10
3 2527 3712 3681
3 2495 3711 3665
3 2463 3710 3680
3 2431 3709 3655
3 2399 3708 3679
3 2367 3707 3664
3 2335 3706 3678
3 2303 3705 3654
3 2271 3704 3677
3 2239 3703 3663
3 2207 3702 3676
3 2175 3701 3656
3 2143 3700 3675
3 2111 3699 3662
3 2079 3698 3674
3 2047 3697 3651
3 2015 3696 3673
3 1983 3695 3661
3 1951 3694 3672
3 1919 3693 3657
3 1887 3692 3671
3 1855 3691 3660
3 1823 3690 3670
3 1791 3689 3652
3 1759 3688 3669
3 1727 3687 3658
3 1695 3686 3668
3 1663 3685 3653
3 1631 3684 3667
3 1599 3683 3659
3 1567 3682 3666
3 1535 3681 3644
3 1503 3680 3711
3 1471 3679 3709
3 1439 3678 3707
3 1407 3677 3705
3 1375 3676 3703
3 1343 3675 3701
3 1311 3674 3699
3 1279 3673 3697
3 1247 3672 3695
3 1215 3671 3693
3 1183 3670 3691
3 1151 3669 3689
3 1119 3668 3687
3 1087 3667 3685
3 1055 3666 3683
3 1023 3665 3712
3 991 3664 3708
3 959 3663 3704
3 927 3662 3700
3 895 3661 3696
3 863 3660 3692
3 831 3659 3684
3 799 3658 3688
3 767 3657 3694
3 735 3656 3702
3 703 3655 3710
3 671 3654 3706
3 639 3653 3686
3 607 3652 3690
3 575 3651 3698
3 3646 3650 516
3 516 3650 3647
3 3644 3636 433
3 3648 3649 392
3 3647 3648 360
3 3645 3646 328
3 3637 3645 296
3 209 3643 3682
3 3643 3634 210
3 3641 3642 169
3 3640 3641 137
3 3639 3640 105
3 9 3635 3638
3 3638 3639 41
3 3636 3637 264
3 3634 3635 9
3 2525 3791 3760
3 2493 3790 3744
3 2461 3789 3759
3 2429 3788 3734
3 2397 3787 3758
3 2365 3786 3743
3 2333 3785 3757
3 2301 3784 3733
3 2269 3783 3756
3 2237 3782 3742
3 2205 3781 3755
3 2173 3780 3735
3 2141 3779 3754
3 2109 3778 3741
3 2077 3777 3753
3 2045 3776 3730
3 2013 3775 3752
3 1981 3774 3740
3 1949 3773 3751
3 1917 3772 3736
3 1885 3771 3750
3 1853 3770 3739
3 1821 3769 3749
3 1789 3768 3731
3 1757 3767 3748
3 1725 3766 3737
3 1693 3765 3747
3 1661 3764 3732
3 1629 3763 3746
3 1597 3762 3738
3 1565 3761 3745
3 1533 3760 3723
3 1501 3759 3790
3 1469 3758 3788
3 1437 3757 3786
3 1405 3756 3784
3 1373 3755 3782
3 1341 3754 3780
3 1309 3753 3778
3 1277 3752 3776
3 1245 3751 3774
3 1213 3750 3772
3 1181 3749 3770
3 1149 3748 3768
3 1117 3747 3766
3 1085 3746 3764
3 1053 3745 3762
3 1021 3744 3791
3 989 3743 3787
3 957 3742 3783
3 925 3741 3779
3 893 3740 3775
3 861 3739 3771
3 829 3738 3763
3 797 3737 3767
3 765 3736 3773
3 733 3735 3781
3 701 3734 3789
3 669 3733 3785
3 637 3732 3765
3 605 3731 3769
3 573 3730 3777
3 3725 3729 513
3 513 3729 3726
3 3723 3715 431
3 3727 3728 391
3 3726 3727 359
3 3724 3725 327
3 3716 3724 295
3 207 3722 3761
3 3722 3713 208
3 3720 3721 168
3 3719 3720 136
3 3718 3719 104
3 8 3714 3717
3 3717 3718 40
3 3715 3716 263
3 3713 3714 8
3 2523 3870 3839
3 2491 3869 3823
3 2459 3868 3838
3 2427 3867 3813
3 2395 3866 3837
3 2363 3865 3822
3 2331 3864 3836
3 2299 3863 3812
3 2267 3862 3835
3 2235 3861 3821
3 2203 3860 3834
3 2171 3859 3814
3 2139 3858 3833
3 2107 3857 3820
3 2075 3856 3832
3 2043 3855 3809
3 2011 3854 3831
3 1979 3853 3819
3 1947 3852 3830
3 1915 3851 3815
3 1883 3850 3829
3 1851 3849 3818
3 1819 3848 3828
3 1787 3847 3810
3 1755 3846 3827
3 1723 3845 3816
3 1691 3844 3826
3 1659 3843 3811
3 1627 3842 3825
3 1595 3841 3817
3 1563 3840 3824
3 1531 3839 3802
3 1499 3838 3869
3 1467 3837 3867
3 1435 3836 3865
3 1403 3835 3863
3 1371 3834 3861
3 1339 3833 3859
3 1307 3832 3857
3 1275 3831 3855
3 1243 3830 3853
3 1211 3829 3851
3 1179 3828 3849
3 1147 3827 3847
3 1115 3826 3845
3 1083 3825 3843
3 1051 3824 3841
3 1019 3823 3870
3 987 3822 3866
3 955 3821 3862
3 923 3820 3858
3 891 3819 3854
3 859 3818 3850
3 827 3817 3842
3 795 3816 3846
3 763 3815 3852
3 731 3814 3860
3 699 3813 3868
3 667 3812 3864
3 635 3811 3844
3 603 3810 3848
3 571 3809 3856
3 3804 3808 543
3 543 3808 3805
3 3802 3794 429
3 3806 3807 390
3 3805 3806 358
3 3803 3804 326
3 3795 3803 294
3 205 3801 3840
3 3801 3792 206
3 3799 3800 167
3 3798 3799 135
3 3797 3798 103
3 7 3793 3796
3 3796 3797 39
3 3794 3795 262
3 3792 3793 7
3 2521 3949 3918
3 2489 3948 3902
3 2457 3947 3917
3 2425 3946 3892
3 2393 3945 3916
3 2361 3944 3901
3 2329 3943 3915
3 2297 3942 3891
3 2265 3941 3914
3 2233 3940 3900
3 2201 3939 3913
3 2169 3938 3893
3 2137 3937 3912
3 2105 3936 3899
3 2073 3935 3911
3 2041 3934 3888
3 2009 3933 3910
3 1977 3932 3898
3 1945 3931 3909
3 1913 3930 3894
3 1881 3929 3908
3 1849 3928 3897
3 1817 3927 3907
3 1785 3926 3889
3 1753 3925 3906
3 1721 3924 3895
3 1689 3923 3905
3 1657 3922 3890
3 1625 3921 3904
3 1593 3920 3896
3 1561 3919 3903
3 1529 3918 3881
3 1497 3917 3948
3 1465 3916 3946
3 1433 3915 3944
3 1401 3914 3942
3 1369 3913 3940
3 1337 3912 3938
3 1305 3911 3936
3 1273 3910 3934
3 1241 3909 3932
3 1209 3908 3930
3 1177 3907 3928
3 1145 3906 3926
3 1113 3905 3924
3 1081 3904 3922
3 1049 3903 3920
3 1017 3902 3949
3 985 3901 3945
3 953 3900 3941
3 921 3899 3937
3 889 3898 3933
3 857 3897 3929
3 825 3896 3921
3 793 3895 3925
3 761 3894 3931
3 729 3893 3939
3 697 3892 3947
3 665 3891 3943
3 633 3890 3923
3 601 3889 3927
3 569 3888 3935
3 3883 3887 541
3 541 3887 3884
3 3881 3873 427
3 3885 3886 389
3 3884 3885 357
3 3882 3883 325
3 3874 3882 293
3 203 3880 3919
3 3880 3871 204
3 3878 3879 166
3 3877 3878 134
3 3876 3877 102
3 6 3872 3875
3 3875 3876 38
3 3873 3874 261
3 3871 3872 6
3 2519 4028 3997
3 2487 4027 3981
3 2455 4026 3996
3 2423 4025 3971
3 2391 4024 3995
3 2359 4023 3980
3 2327 4022 3994
3 2295 4021 3970
3 2263 4020 3993
3 2231 4019 3979
3 2199 4018 3992
3 2167 4017 3972
3 2135 4016 3991
3 2103 4015 3978
3 2071 4014 3990
3 2039 4013 3967
3 2007 4012 3989
3 1975 4011 3977
3 1943 4010 3988
3 1911 4009 3973
3 1879 4008 3987
3 1847 4007 3976
3 1815 4006 3986
3 1783 4005 3968
3 1751 4004 3985
3 1719 4003 3974
3 1687 4002 3984
3 1655 4001 3969
3 1623 4000 3983
3 1591 3999 3975
3 1559 3998 3982
3 1527 3997 3960
3 1495 3996 4027
3 1463 3995 4025
3 1431 3994 4023
3 1399 3993 4021
3 1367 3992 4019
3 1335 3991 4017
3 1303 3990 4015
3 1271 3989 4013
3 1239 3988 4011
3 1207 3987 4009
3 1175 3986 4007
3 1143 3985 4005
3 1111 3984 4003
3 1079 3983 4001
3 1047 3982 3999
3 1015 3981 4028
3 983 3980 4024
3 951 3979 4020
3 919 3978 4016
3 887 3977 4012
3 855 3976 4008
3 823 3975 4000
3 791 3974 4004
3 759 3973 4010
3 727 3972 4018
3 695 3971 4026
3 663 3970 4022
3 631 3969 4002
3 599 3968 4006
3 567 3967 4014
3 3962 3966 538
3 538 3966 3963
3 3960 3952 425
3 3964 3965 388
3 3963 3964 356
3 3961 3962 324
3 3953 3961 292
3 201 3959 3998
3 3959 3950 202
3 3957 3958 165
3 3956 3957 133
3 3955 3956 101
3 5 3951 3954
3 3954 3955 37
3 3952 3953 260
3 3950 3951 5
3 2516 4107 4076
3 2484 4106 4060
3 2452 4105 4075
3 2420 4104 4050
3 2388 4103 4074
3 2356 4102 4059
3 2324 4101 4073
3 2292 4100 4049
3 2260 4099 4072
3 2228 4098 4058
3 2196 4097 4071
3 2164 4096 4051
3 2132 4095 4070
3 2100 4094 4057
3 2068 4093 4069
3 2036 4092 4046
3 2004 4091 4068
3 1972 4090 4056
3 1940 4089 4067
3 1908 4088 4052
3 1876 4087 4066
3 1844 4086 4055
3 1812 4085 4065
3 1780 4084 4047
3 1748 4083 4064
3 1716 4082 4053
3 1684 4081 4063
3 1652 4080 4048
3 1620 4079 4062
3 1588 4078 4054
3 1556 4077 4061
3 1524 4076 4039
3 1492 4075 4106
3 1460 4074 4104
3 1428 4073 4102
3 1396 4072 4100
3 1364 4071 4098
3 1332 4070 4096
3 1300 4069 4094
3 1268 4068 4092
3 1236 4067 4090
3 1204 4066 4088
3 1172 4065 4086
3 1140 4064 4084
3 1108 4063 4082
3 1076 4062 4080
3 1044 4061 4078
3 1012 4060 4107
3 980 4059 4103
3 948 4058 4099
3 916 4057 4095
3 884 4056 4091
3 852 4055 4087
3 820 4054 4079
3 788 4053 4083
3 756 4052 4089
3 724 4051 4097
3 692 4050 4105
3 660 4049 4101
3 628 4048 4081
3 596 4047 4085
3 564 4046 4093
3 4041 4045 535
3 535 4045 4042
3 4039 4031 423
3 4043 4044 387
3 4042 4043 355
3 4040 4041 323
3 4032 4040 291
3 199 4038 4077
3 4038 4029 200
3 4036 4037 164
3 4035 4036 132
3 4034 4035 100
3 4 4030 4033
3 4033 4034 36
3 4031 4032 259
3 4029 4030 4
3 2513 4186 4155
3 2481 4185 4139
3 2449 4184 4154
3 2417 4183 4129
3 2385 4182 4153
3 2353 4181 4138
3 2321 4180 4152
3 2289 4179 4128
3 2257 4178 4151
3 2225 4177 4137
3 2193 4176 4150
3 2161 4175 4130
3 2129 4174 4149
3 2097 4173 4136
3 2065 4172 4148
3 2033 4171 4125
3 2001 4170 4147
3 1969 4169 4135
3 1937 4168 4146
3 1905 4167 4131
3 1873 4166 4145
3 1841 4165 4134
3 1809 4164 4144
3 1777 4163 4126
3 1745 4162 4143
3 1713 4161 4132
3 1681 4160 4142
3 1649 4159 4127
3 1617 4158 4141
3 1585 4157 4133
3 1553 4156 4140
3 1521 4155 4118
3 1489 4154 4185
3 1457 4153 4183
3 1425 4152 4181
3 1393 4151 4179
3 1361 4150 4177
3 1329 4149 4175
3 1297 4148 4173
3 1265 4147 4171
3 1233 4146 4169
3 1201 4145 4167
3 1169 4144 4165
3 1137 4143 4163
3 1105 4142 4161
3 1073 4141 4159
3 1041 4140 4157
3 1009 4139 4186
3 977 4138 4182
3 945 4137 4178
3 913 4136 4174
3 881 4135 4170
3 849 4134 4166
3 817 4133 4158
3 785 4132 4162
3 753 4131 4168
3 721 4130 4176
3 689 4129 4184
3 657 4128 4180
3 625 4127 4160
3 593 4126 4164
3 561 4125 4172
3 4120 4124 532
3 532 4124 4121
3 4118 4110 421
3 4122 4123 386
3 4121 4122 354
3 4119 4120 322
3 4111 4119 290
3 197 4117 4156
3 4117 4108 198
3 4115 4116 163
3 4114 4115 131
3 4113 4114 99
3 3 4109 4112
3 4112 4113 35
3 4110 4111 258
3 4108 4109 3
3 2497 4265 4234
3 2465 4264 4218
3 2433 4263 4233
3 2401 4262 4208
3 2369 4261 4232
3 2337 4260 4217
3 2305 4259 4231
3 2273 4258 4207
3 2241 4257 4230
3 2209 4256 4216
3 2177 4255 4229
3 2145 4254 4209
3 2113 4253 4228
3 2081 4252 4215
3 2049 4251 4227
3 2017 4250 4204
3 1985 4249 4226
3 1953 4248 4214
3 1921 4247 4225
3 1889 4246 4210
3 1857 4245 4224
3 1825 4244 4213
3 1793 4243 4223
3 1761 4242 4205
3 1729 4241 4222
3 1697 4240 4211
3 1665 4239 4221
3 1633 4238 4206
3 1601 4237 4220
3 1569 4236 4212
3 1537 4235 4219
3 1505 4234 4195
3 1473 4233 4264
3 1441 4232 4262
3 1409 4231 4260
3 1377 4230 4258
3 1345 4229 4256
3 1313 4228 4254
3 1281 4227 4252
3 1249 4226 4250
3 1217 4225 4248
3 1185 4224 4246
3 1153 4223 4244
3 1121 4222 4242
3 1089 4221 4240
3 1057 4220 4238
3 1025 4219 4236
3 993 4218 4265
3 961 4217 4261
3 929 4216 4257
3 897 4215 4253
3 865 4214 4249
3 833 4213 4245
3 801 4212 4237
3 769 4211 4241
3 737 4210 4247
3 705 4209 4255
3 673 4208 4263
3 641 4207 4259
3 609 4206 4239
3 577 4205 4243
3 545 4204 4251
3 4199 4203 529
3 529 4203 4200
3 4195 4196 419
3 4201 4202 385
3 4200 4201 353
3 4198 4199 321
3 4197 4198 289
3 4196 4197 257
3 195 4194 4235
3 4194 4187 196
3 4192 4193 162
3 4191 4192 130
3 4190 4191 98
3 2 4188 4189
3 4189 4190 34
3 4187 4188 2
3 2496 4344 4313
3 2464 4343 4297
3 2432 4342 4312
3 2400 4341 4287
3 2368 4340 4311
3 2336 4339 4296
3 2304 4338 4310
3 2272 4337 4286
3 2240 4336 4309
3 2208 4335 4295
3 2176 4334 4308
3 2144 4333 4288
3 2112 4332 4307
3 2080 4331 4294
3 2048 4330 4306
3 2016 4329 4283
3 1984 4328 4305
3 1952 4327 4293
3 1920 4326 4304
3 1888 4325 4289
3 1856 4324 4303
3 1824 4323 4292
3 1792 4322 4302
3 1760 4321 4284
3 1728 4320 4301
3 1696 4319 4290
3 1664 4318 4300
3 1632 4317 4285
3 1600 4316 4299
3 1568 4315 4291
3 1536 4314 4298
3 1504 4313 4266
3 1472 4312 4343
3 1440 4311 4341
3 1408 4310 4339
3 1376 4309 4337
3 1344 4308 4335
3 1312 4307 4333
3 1280 4306 4331
3 1248 4305 4329
3 1216 4304 4327
3 1184 4303 4325
3 1152 4302 4323
3 1120 4301 4321
3 1088 4300 4319
3 1056 4299 4317
3 1024 4298 4315
3 992 4297 4344
3 960 4296 4340
3 928 4295 4336
3 896 4294 4332
3 864 4293 4328
3 832 4292 4324
3 800 4291 4316
3 768 4290 4320
3 736 4289 4326
3 704 4288 4334
3 672 4287 4342
3 640 4286 4338
3 608 4285 4318
3 576 4284 4322
3 544 4283 4330
3 4277 4282 514
3 514 4282 4278
3 4281 4275 256
3 4266 4281 416
3 4279 4280 384
3 4278 4279 352
3 4276 4277 320
3 4275 4276 288
3 4274 4270 1
3 4267 4274 194
3 4272 4273 161
3 4271 4272 129
3 4269 4271 97
3 1 4270 4268
3 4268 4269 33
3 192 4267 4314
3 2510 4423 4392
3 2478 4422 4376
3 2446 4421 4391
3 2414 4420 4366
3 2382 4419 4390
3 2350 4418 4375
3 2318 4417 4389
3 2286 4416 4365
3 2254 4415 4388
3 2222 4414 4374
3 2190 4413 4387
3 2158 4412 4367
3 2126 4411 4386
3 2094 4410 4373
3 2062 4409 4385
3 2030 4408 4362
3 1998 4407 4384
3 1966 4406 4372
3 1934 4405 4383
3 1902 4404 4368
3 1870 4403 4382
3 1838 4402 4371
3 1806 4401 4381
3 1774 4400 4363
3 1742 4399 4380
3 1710 4398 4369
3 1678 4397 4379
3 1646 4396 4364
3 1614 4395 4378
3 1582 4394 4370
3 1550 4393 4377
3 1518 4392 4355
3 1486 4391 4422
3 1454 4390 4420
3 1422 4389 4418
3 1390 4388 4416
3 1358 4387 4414
3 1326 4386 4412
3 1294 4385 4410
3 1262 4384 4408
3 1230 4383 4406
3 1198 4382 4404
3 1166 4381 4402
3 1134 4380 4400
3 1102 4379 4398
3 1070 4378 4396
3 1038 4377 4394
3 1006 4376 4423
3 974 4375 4419
3 942 4374 4415
3 910 4373 4411
3 878 4372 4407
3 846 4371 4403
3 814 4370 4395
3 782 4369 4399
3 750 4368 4405
3 718 4367 4413
3 686 4366 4421
3 654 4365 4417
3 622 4364 4397
3 590 4363 4401
3 558 4362 4409
3 4357 4361 539
3 539 4361 4358
3 4355 4347 479
3 4359 4360 415
3 4358 4359 383
3 4356 4357 351
3 4348 4356 319
3 255 4354 4393
3 4354 4345 193
3 4352 4353 160
3 4351 4352 128
3 4350 4351 96
3 0 4346 4349
3 4349 4350 32
3 4347 4348 287
3 4345 4346 0
3 2517 4502 4471
3 2485 4501 4455
3 2453 4500 4470
3 2421 4499 4445
3 2389 4498 4469
3 2357 4497 4454
3 2325 4496 4468
3 2293 4495 4444
3 2261 4494 4467
3 2229 4493 4453
3 2197 4492 4466
3 2165 4491 4446
3 2133 4490 4465
3 2101 4489 4452
3 2069 4488 4464
3 2037 4487 4441
3 2005 4486 4463
3 1973 4485 4451
3 1941 4484 4462
3 1909 4483 4447
3 1877 4482 4461
3 1845 4481 4450
3 1813 4480 4460
3 1781 4479 4442
3 1749 4478 4459
3 1717 4477 4448
3 1685 4476 4458
3 1653 4475 4443
3 1621 4474 4457
3 1589 4473 4449
3 1557 4472 4456
3 1525 4471 4434
3 1493 4470 4501
3 1461 4469 4499
3 1429 4468 4497
3 1397 4467 4495
3 1365 4466 4493
3 1333 4465 4491
3 1301 4464 4489
3 1269 4463 4487
3 1237 4462 4485
3 1205 4461 4483
3 1173 4460 4481
3 1141 4459 4479
3 1109 4458 4477
3 1077 4457 4475
3 1045 4456 4473
3 1013 4455 4502
3 981 4454 4498
3 949 4453 4494
3 917 4452 4490
3 885 4451 4486
3 853 4450 4482
3 821 4449 4474
3 789 4448 4478
3 757 4447 4484
3 725 4446 4492
3 693 4445 4500
3 661 4444 4496
3 629 4443 4476
3 597 4442 4480
3 565 4441 4488
3 4436 4440 536
3 4440 4437 504
3 4434 4426 477
3 4438 4439 414
3 4437 4438 382
3 4435 4436 350
3 4427 4435 318
3 253 4433 4472
3 4433 4424 254
3 4431 4432 191
3 4430 4431 159
3 4429 4430 127
3 31 4425 4428
3 4428 4429 63
3 4426 4427 286
3 4424 4425 31
3 2514 4581 4550
3 2482 4580 4534
3 2450 4579 4549
3 2418 4578 4524
3 2386 4577 4548
3 2354 4576 4533
3 2322 4575 4547
3 2290 4574 4523
3 2258 4573 4546
3 2226 4572 4532
3 2194 4571 4545
3 2162 4570 4525
3 2130 4569 4544
3 2098 4568 4531
3 2066 4567 4543
3 2034 4566 4520
3 2002 4565 4542
3 1970 4564 4530
3 1938 4563 4541
3 1906 4562 4526
3 1874 4561 4540
3 1842 4560 4529
3 1810 4559 4539
3 1778 4558 4521
3 1746 4557 4538
3 1714 4556 4527
3 1682 4555 4537
3 1650 4554 4522
3 1618 4553 4536
3 1586 4552 4528
3 1554 4551 4535
3 1522 4550 4513
3 1490 4549 4580
3 1458 4548 4578
3 1426 4547 4576
3 1394 4546 4574
3 1362 4545 4572
3 1330 4544 4570
3 1298 4543 4568
3 1266 4542 4566
3 1234 4541 4564
3 1202 4540 4562
3 1170 4539 4560
3 1138 4538 4558
3 1106 4537 4556
3 1074 4536 4554
3 1042 4535 4552
3 1010 4534 4581
3 978 4533 4577
3 946 4532 4573
3 914 4531 4569
3 882 4530 4565
3 850 4529 4561
3 818 4528 4553
3 786 4527 4557
3 754 4526 4563
3 722 4525 4571
3 690 4524 4579
3 658 4523 4575
3 626 4522 4555
3 594 4521 4559
3 562 4520 4567
3 4515 4519 533
3 4519 4516 501
3 4513 4505 475
3 4517 4518 413
3 4516 4517 381
3 4514 4515 349
3 4506 4514 317
3 251 4512 4551
3 4512 4503 252
3 4510 4511 190
3 4509 4510 158
3 4508 4509 126
3 30 4504 4507
3 4507 4508 62
3 4505 4506 285
3 4503 4504 30
3 2511 4660 4629
3 2479 4659 4613
3 2447 4658 4628
3 2415 4657 4603
3 2383 4656 4627
3 2351 4655 4612
3 2319 4654 4626
3 2287 4653 4602
3 2255 4652 4625
3 2223 4651 4611
3 2191 4650 4624
3 2159 4649 4604
3 2127 4648 4623
3 2095 4647 4610
3 2063 4646 4622
3 2031 4645 4599
3 1999 4644 4621
3 1967 4643 4609
3 1935 4642 4620
3 1903 4641 4605
3 1871 4640 4619
3 1839 4639 4608
3 1807 4638 4618
3 1775 4637 4600
3 1743 4636 4617
3 1711 4635 4606
3 1679 4634 4616
3 1647 4633 4601
3 1615 4632 4615
3 1583 4631 4607
3 1551 4630 4614
3 1519 4629 4592
3 1487 4628 4659
3 1455 4627 4657
3 1423 4626 4655
3 1391 4625 4653
3 1359 4624 4651
3 1327 4623 4649
3 1295 4622 4647
3 1263 4621 4645
3 1231 4620 4643
3 1199 4619 4641
3 1167 4618 4639
3 1135 4617 4637
3 1103 4616 4635
3 1071 4615 4633
3 1039 4614 4631
3 1007 4613 4660
3 975 4612 4656
3 943 4611 4652
3 911 4610 4648
3 879 4609 4644
3 847 4608 4640
3 815 4607 4632
3 783 4606 4636
3 751 4605 4642
3 719 4604 4650
3 687 4603 4658
3 655 4602 4654
3 623 4601 4634
3 591 4600 4638
3 559 4599 4646
3 4594 4598 530
3 4598 4595 498
3 4592 4584 473
3 4596 4597 412
3 4595 4596 380
3 4593 4594 348
3 4585 4593 316
3 249 4591 4630
3 4591 4582 250
3 4589 4590 189
3 4588 4589 157
3 4587 4588 125
3 29 4583 4586
3 4586 4587 61
3 4584 4585 284
3 4582 4583 29
3 2508 4739 4708
3 2476 4738 4692
3 2444 4737 4707
3 2412 4736 4682
3 2380 4735 4706
3 2348 4734 4691
3 2316 4733 4705
3 2284 4732 4681
3 2252 4731 4704
3 2220 4730 4690
3 2188 4729 4703
3 2156 4728 4683
3 2124 4727 4702
3 2092 4726 4689
3 2060 4725 4701
3 2028 4724 4678
3 1996 4723 4700
3 1964 4722 4688
3 1932 4721 4699
3 1900 4720 4684
3 1868 4719 4698
3 1836 4718 4687
3 1804 4717 4697
3 1772 4716 4679
3 1740 4715 4696
3 1708 4714 4685
3 1676 4713 4695
3 1644 4712 4680
3 1612 4711 4694
3 1580 4710 4686
3 1548 4709 4693
3 1516 4708 4671
3 1484 4707 4738
3 1452 4706 4736
3 1420 4705 4734
3 1388 4704 4732
3 1356 4703 4730
3 1324 4702 4728
3 1292 4701 4726
3 1260 4700 4724
3 1228 4699 4722
3 1196 4698 4720
3 1164 4697 4718
3 1132 4696 4716
3 1100 4695 4714
3 1068 4694 4712
3 1036 4693 4710
3 1004 4692 4739
3 972 4691 4735
3 940 4690 4731
3 908 4689 4727
3 876 4688 4723
3 844 4687 4719
3 812 4686 4711
3 780 4685 4715
3 748 4684 4721
3 716 4683 4729
3 684 4682 4737
3 652 4681 4733
3 620 4680 4713
3 588 4679 4717
3 556 4678 4725
3 4673 4677 527
3 4677 4674 494
3 4671 4663 471
3 4675 4676 411
3 4674 4675 379
3 4672 4673 347
3 4664 4672 315
3 247 4670 4709
3 4670 4661 248
3 4668 4669 188
3 4667 4668 156
3 4666 4667 124
3 28 4662 4665
3 4665 4666 60
3 4663 4664 283
3 4661 4662 28
3 2506 4818 4787
3 2474 4817 4771
3 2442 4816 4786
3 2410 4815 4761
3 2378 4814 4785
3 2346 4813 4770
3 2314 4812 4784
3 2282 4811 4760
3 2250 4810 4783
3 2218 4809 4769
3 2186 4808 4782
3 2154 4807 4762
3 2122 4806 4781
3 2090 4805 4768
3 2058 4804 4780
3 2026 4803 4757
3 1994 4802 4779
3 1962 4801 4767
3 1930 4800 4778
3 1898 4799 4763
3 1866 4798 4777
3 1834 4797 4766
3 1802 4796 4776
3 1770 4795 4758
3 1738 4794 4775
3 1706 4793 4764
3 1674 4792 4774
3 1642 4791 4759
3 1610 4790 4773
3 1578 4789 4765
3 1546 4788 4772
3 1514 4787 4750
3 1482 4786 4817
3 1450 4785 4815
3 1418 4784 4813
3 1386 4783 4811
3 1354 4782 4809
3 1322 4781 4807
3 1290 4780 4805
3 1258 4779 4803
3 1226 4778 4801
3 1194 4777 4799
3 1162 4776 4797
3 1130 4775 4795
3 1098 4774 4793
3 1066 4773 4791
3 1034 4772 4789
3 1002 4771 4818
3 970 4770 4814
3 938 4769 4810
3 906 4768 4806
3 874 4767 4802
3 842 4766 4798
3 810 4765 4790
3 778 4764 4794
3 746 4763 4800
3 714 4762 4808
3 682 4761 4816
3 650 4760 4812
3 618 4759 4792
3 586 4758 4796
3 554 4757 4804
3 4752 4756 525
3 4756 4753 492
3 4750 4742 469
3 4754 4755 410
3 4753 4754 378
3 4751 4752 346
3 4743 4751 314
3 245 4749 4788
3 4749 4740 246
3 4747 4748 187
3 4746 4747 155
3 4745 4746 123
3 27 4741 4744
3 4744 4745 59
3 4742 4743 282
3 4740 4741 27
3 2504 4897 4866
3 2472 4896 4850
3 2440 4895 4865
3 2408 4894 4840
3 2376 4893 4864
3 2344 4892 4849
3 2312 4891 4863
3 2280 4890 4839
3 2248 4889 4862
3 2216 4888 4848
3 2184 4887 4861
3 2152 4886 4841
3 2120 4885 4860
3 2088 4884 4847
3 2056 4883 4859
3 2024 4882 4836
3 1992 4881 4858
3 1960 4880 4846
3 1928 4879 4857
3 1896 4878 4842
3 1864 4877 4856
3 1832 4876 4845
3 1800 4875 4855
3 1768 4874 4837
3 1736 4873 4854
3 1704 4872 4843
3 1672 4871 4853
3 1640 4870 4838
3 1608 4869 4852
3 1576 4868 4844
3 1544 4867 4851
3 1512 4866 4829
3 1480 4865 4896
3 1448 4864 4894
3 1416 4863 4892
3 1384 4862 4890
3 1352 4861 4888
3 1320 4860 4886
3 1288 4859 4884
3 1256 4858 4882
3 1224 4857 4880
3 1192 4856 4878
3 1160 4855 4876
3 1128 4854 4874
3 1096 4853 4872
3 1064 4852 4870
3 1032 4851 4868
3 1000 4850 4897
3 968 4849 4893
3 936 4848 4889
3 904 4847 4885
3 872 4846 4881
3 840 4845 4877
3 808 4844 4869
3 776 4843 4873
3 744 4842 4879
3 712 4841 4887
3 680 4840 4895
3 648 4839 4891
3 616 4838 4871
3 584 4837 4875
3 552 4836 4883
3 4831 4835 523
3 4835 4832 490
3 4829 4821 467
3 4833 4834 409
3 4832 4833 377
3 4830 4831 345
3 4822 4830 313
3 243 4828 4867
3 4828 4819 244
3 4826 4827 186
3 4825 4826 154
3 4824 4825 122
3 26 4820 4823
3 4823 4824 58
3 4821 4822 281
3 4819 4820 26
3 2502 4976 4945
3 2470 4975 4929
3 2438 4974 4944
3 2406 4973 4919
3 2374 4972 4943
3 2342 4971 4928
3 2310 4970 4942
3 2278 4969 4918
3 2246 4968 4941
3 2214 4967 4927
3 2182 4966 4940
3 2150 4965 4920
3 2118 4964 4939
3 2086 4963 4926
3 2054 4962 4938
3 2022 4961 4915
3 1990 4960 4937
3 1958 4959 4925
3 1926 4958 4936
3 1894 4957 4921
3 1862 4956 4935
3 1830 4955 4924
3 1798 4954 4934
3 1766 4953 4916
3 1734 4952 4933
3 1702 4951 4922
3 1670 4950 4932
3 1638 4949 4917
3 1606 4948 4931
3 1574 4947 4923
3 1542 4946 4930
3 1510 4945 4908
3 1478 4944 4975
3 1446 4943 4973
3 1414 4942 4971
3 1382 4941 4969
3 1350 4940 4967
3 1318 4939 4965
3 1286 4938 4963
3 1254 4937 4961
3 1222 4936 4959
3 1190 4935 4957
3 1158 4934 4955
3 1126 4933 4953
3 1094 4932 4951
3 1062 4931 4949
3 1030 4930 4947
3 998 4929 4976
3 966 4928 4972
3 934 4927 4968
3 902 4926 4964
3 870 4925 4960
3 838 4924 4956
3 806 4923 4948
3 774 4922 4952
3 742 4921 4958
3 710 4920 4966
3 678 4919 4974
3 646 4918 4970
3 614 4917 4950
3 582 4916 4954
3 550 4915 4962
3 4910 4914 521
3 4914 4911 488
3 4908 4900 465
3 4912 4913 408
3 4911 4912 376
3 4909 4910 344
3 4901 4909 312
3 241 4907 4946
3 4907 4898 242
3 4905 4906 185
3 4904 4905 153
3 4903 4904 121
3 25 4899 4902
3 4902 4903 57
3 4900 4901 280
3 4898 4899 25
3 2499 5055 5024
3 2467 5054 5008
3 2435 5053 5023
3 2403 5052 4998
3 2371 5051 5022
3 2339 5050 5007
3 2307 5049 5021
3 2275 5048 4997
3 2243 5047 5020
3 2211 5046 5006
3 2179 5045 5019
3 2147 5044 4999
3 2115 5043 5018
3 2083 5042 5005
3 2051 5041 5017
3 2019 5040 4994
3 1987 5039 5016
3 1955 5038 5004
3 1923 5037 5015
3 1891 5036 5000
3 1859 5035 5014
3 1827 5034 5003
3 1795 5033 5013
3 1763 5032 4995
3 1731 5031 5012
3 1699 5030 5001
3 1667 5029 5011
3 1635 5028 4996
3 1603 5027 5010
3 1571 5026 5002
3 1539 5025 5009
3 1507 5024 4987
3 1475 5023 5054
3 1443 5022 5052
3 1411 5021 5050
3 1379 5020 5048
3 1347 5019 5046
3 1315 5018 5044
3 1283 5017 5042
3 1251 5016 5040
3 1219 5015 5038
3 1187 5014 5036
3 1155 5013 5034
3 1123 5012 5032
3 1091 5011 5030
3 1059 5010 5028
3 1027 5009 5026
3 995 5008 5055
3 963 5007 5051
3 931 5006 5047
3 899 5005 5043
3 867 5004 5039
3 835 5003 5035
3 803 5002 5027
3 771 5001 5031
3 739 5000 5037
3 707 4999 5045
3 675 4998 5053
3 643 4997 5049
3 611 4996 5029
3 579 4995 5033
3 547 4994 5041
3 4989 4993 519
3 4993 4990 486
3 4987 4979 463
3 4991 4992 407
3 4990 4991 375
3 4988 4989 343
3 4980 4988 311
3 239 4986 5025
3 4986 4977 240
3 4984 4985 184
3 4983 4984 152
3 4982 4983 120
3 24 4978 4981
3 4981 4982 56
3 4979 4980 279
3 4977 4978 24
